[2026-07-24 05:15:02] [MotusApiImporter] sync() STARTED — dealerId=14, sourceRef=https://www.motusvw.co.za/midrand/showroom/
[2026-07-24 05:15:02] [MotusApiImporter] Time budget: 35s, dealerNameFilter="Motus VW Midrand"
[2026-07-24 05:15:03] [MotusApiImporter] crawlDealership() returned 119 row(s) before dealer-name filtering.
[2026-07-24 05:15:03] [MotusApiImporter] After filterByDealerName(): 119 row(s) remain.
[2026-07-24 05:15:03] [MotusApiImporter] --- Processing row 0 (stock/sku: 1446776) ---
[2026-07-24 05:15:03] [MotusApiImporter] parseVehicle() OK — make=VOLKSWAGEN, model=POLO, source_url=https://www.motusvw.co.za/midrand/showroom/625-vwmdf852273/5/, image_urls count=1
[2026-07-24 05:15:05] [MotusApiImporter] Detail page fetched OK for stock #1446776 (https://www.motusvw.co.za/midrand/showroom/625-vwmdf852273/5/) but MotusShowroomParser found no vehicle node in it — the page's markup may not match what this parser expects (e.g. a bot-challenge/interstitial page instead of the real vehicle page).
[2026-07-24 05:15:05] [MotusApiImporter] After enrichFromDetailPage() — engine_capacity_cc=NULL, image_urls count=1
[2026-07-24 05:15:05] [MotusApiImporter] findExistingCar() -> EXISTING car id=1419
[2026-07-24 05:15:05] [MotusApiImporter] updateCar() completed for existing id=1419.
[2026-07-24 05:15:05] [MotusApiImporter] --- Processing row 1 (stock/sku: 1446299) ---
[2026-07-24 05:15:05] [MotusApiImporter] parseVehicle() OK — make=VOLKSWAGEN, model=GOLF 8, source_url=https://www.motusvw.co.za/midrand/showroom/625-vwmdf888609/1/, image_urls count=1
[2026-07-24 05:15:07] [MotusApiImporter] Detail page fetched OK for stock #1446299 (https://www.motusvw.co.za/midrand/showroom/625-vwmdf888609/1/) but MotusShowroomParser found no vehicle node in it — the page's markup may not match what this parser expects (e.g. a bot-challenge/interstitial page instead of the real vehicle page).
[2026-07-24 05:15:07] [MotusApiImporter] After enrichFromDetailPage() — engine_capacity_cc=NULL, image_urls count=1
[2026-07-24 05:15:07] [MotusApiImporter] findExistingCar() -> EXISTING car id=1420
[2026-07-24 05:15:07] [MotusApiImporter] updateCar() completed for existing id=1420.
[2026-07-24 05:15:07] [MotusApiImporter] --- Processing row 2 (stock/sku: 1446532) ---
[2026-07-24 05:15:07] [MotusApiImporter] parseVehicle() OK — make=VOLKSWAGEN, model=POLO, source_url=https://www.motusvw.co.za/midrand/showroom/625-vwmdf883395/1/, image_urls count=1
[2026-07-24 05:15:09] [MotusApiImporter] Detail page fetched OK for stock #1446532 (https://www.motusvw.co.za/midrand/showroom/625-vwmdf883395/1/) but MotusShowroomParser found no vehicle node in it — the page's markup may not match what this parser expects (e.g. a bot-challenge/interstitial page instead of the real vehicle page).
[2026-07-24 05:15:09] [MotusApiImporter] After enrichFromDetailPage() — engine_capacity_cc=NULL, image_urls count=1
[2026-07-24 05:15:09] [MotusApiImporter] findExistingCar() -> EXISTING car id=1421
[2026-07-24 05:15:09] [MotusApiImporter] updateCar() completed for existing id=1421.
[2026-07-24 05:15:09] [MotusApiImporter] --- Processing row 3 (stock/sku: 1446295) ---
[2026-07-24 05:15:09] [MotusApiImporter] parseVehicle() OK — make=VOLKSWAGEN, model=POLO, source_url=https://www.motusvw.co.za/midrand/showroom/625-vwmdf888735/1/, image_urls count=1
[2026-07-24 05:15:10] [MotusApiImporter] Detail page fetched OK for stock #1446295 (https://www.motusvw.co.za/midrand/showroom/625-vwmdf888735/1/) but MotusShowroomParser found no vehicle node in it — the page's markup may not match what this parser expects (e.g. a bot-challenge/interstitial page instead of the real vehicle page).
[2026-07-24 05:15:10] [MotusApiImporter] After enrichFromDetailPage() — engine_capacity_cc=NULL, image_urls count=1
[2026-07-24 05:15:10] [MotusApiImporter] findExistingCar() -> EXISTING car id=1422
[2026-07-24 05:15:10] [MotusApiImporter] updateCar() completed for existing id=1422.
[2026-07-24 05:15:10] [MotusApiImporter] --- Processing row 4 (stock/sku: 1446601) ---
[2026-07-24 05:15:10] [MotusApiImporter] parseVehicle() OK — make=VOLKSWAGEN, model=POLO, source_url=https://www.motusvw.co.za/midrand/showroom/625-bm030used887224/1/, image_urls count=1
[2026-07-24 05:15:12] [MotusApiImporter] Detail page fetched OK for stock #1446601 (https://www.motusvw.co.za/midrand/showroom/625-bm030used887224/1/) but MotusShowroomParser found no vehicle node in it — the page's markup may not match what this parser expects (e.g. a bot-challenge/interstitial page instead of the real vehicle page).
[2026-07-24 05:15:12] [MotusApiImporter] After enrichFromDetailPage() — engine_capacity_cc=NULL, image_urls count=1
[2026-07-24 05:15:12] [MotusApiImporter] findExistingCar() -> EXISTING car id=1423
[2026-07-24 05:15:12] [MotusApiImporter] updateCar() completed for existing id=1423.
[2026-07-24 05:15:12] [MotusApiImporter] --- Processing row 5 (stock/sku: 1446065) ---
[2026-07-24 05:15:12] [MotusApiImporter] parseVehicle() OK — make=VOLKSWAGEN, model=POLO, source_url=https://www.motusvw.co.za/midrand/showroom/625-vwmdf890975/1/, image_urls count=1
[2026-07-24 05:15:14] [MotusApiImporter] Detail page fetched OK for stock #1446065 (https://www.motusvw.co.za/midrand/showroom/625-vwmdf890975/1/) but MotusShowroomParser found no vehicle node in it — the page's markup may not match what this parser expects (e.g. a bot-challenge/interstitial page instead of the real vehicle page).
[2026-07-24 05:15:14] [MotusApiImporter] After enrichFromDetailPage() — engine_capacity_cc=NULL, image_urls count=1
[2026-07-24 05:15:14] [MotusApiImporter] findExistingCar() -> EXISTING car id=1424
[2026-07-24 05:15:14] [MotusApiImporter] updateCar() completed for existing id=1424.
[2026-07-24 05:15:14] [MotusApiImporter] --- Processing row 6 (stock/sku: 1446370) ---
[2026-07-24 05:15:14] [MotusApiImporter] parseVehicle() OK — make=VOLKSWAGEN, model=POLO, source_url=https://www.motusvw.co.za/midrand/showroom/625-vwmdf887435/1/, image_urls count=1
[2026-07-24 05:15:16] [MotusApiImporter] Detail page fetched OK for stock #1446370 (https://www.motusvw.co.za/midrand/showroom/625-vwmdf887435/1/) but MotusShowroomParser found no vehicle node in it — the page's markup may not match what this parser expects (e.g. a bot-challenge/interstitial page instead of the real vehicle page).
[2026-07-24 05:15:16] [MotusApiImporter] After enrichFromDetailPage() — engine_capacity_cc=NULL, image_urls count=1
[2026-07-24 05:15:16] [MotusApiImporter] findExistingCar() -> EXISTING car id=1425
[2026-07-24 05:15:16] [MotusApiImporter] updateCar() completed for existing id=1425.
[2026-07-24 05:15:16] [MotusApiImporter] --- Processing row 7 (stock/sku: 1446517) ---
[2026-07-24 05:15:16] [MotusApiImporter] parseVehicle() OK — make=VOLKSWAGEN, model=POLO VIVO, source_url=https://www.motusvw.co.za/midrand/showroom/625-vwmdf884987/1/, image_urls count=1
[2026-07-24 05:15:17] [MotusApiImporter] Detail page fetched OK for stock #1446517 (https://www.motusvw.co.za/midrand/showroom/625-vwmdf884987/1/) but MotusShowroomParser found no vehicle node in it — the page's markup may not match what this parser expects (e.g. a bot-challenge/interstitial page instead of the real vehicle page).
[2026-07-24 05:15:17] [MotusApiImporter] After enrichFromDetailPage() — engine_capacity_cc=NULL, image_urls count=1
[2026-07-24 05:15:17] [MotusApiImporter] findExistingCar() -> EXISTING car id=1426
[2026-07-24 05:15:17] [MotusApiImporter] updateCar() completed for existing id=1426.
[2026-07-24 05:15:17] [MotusApiImporter] --- Processing row 8 (stock/sku: 1446115) ---
[2026-07-24 05:15:17] [MotusApiImporter] parseVehicle() OK — make=VOLKSWAGEN, model=POLO VIVO, source_url=https://www.motusvw.co.za/midrand/showroom/625-vwmdf891042/2/, image_urls count=1
[2026-07-24 05:15:19] [MotusApiImporter] Detail page fetched OK for stock #1446115 (https://www.motusvw.co.za/midrand/showroom/625-vwmdf891042/2/) but MotusShowroomParser found no vehicle node in it — the page's markup may not match what this parser expects (e.g. a bot-challenge/interstitial page instead of the real vehicle page).
[2026-07-24 05:15:19] [MotusApiImporter] After enrichFromDetailPage() — engine_capacity_cc=NULL, image_urls count=1
[2026-07-24 05:15:19] [MotusApiImporter] findExistingCar() -> EXISTING car id=1427
[2026-07-24 05:15:19] [MotusApiImporter] updateCar() completed for existing id=1427.
[2026-07-24 05:15:19] [MotusApiImporter] --- Processing row 9 (stock/sku: 1446589) ---
[2026-07-24 05:15:19] [MotusApiImporter] parseVehicle() OK — make=VOLKSWAGEN, model=POLO VIVO, source_url=https://www.motusvw.co.za/midrand/showroom/625-vwmdf875588/1/, image_urls count=1
[2026-07-24 05:15:20] [MotusApiImporter] Detail page fetched OK for stock #1446589 (https://www.motusvw.co.za/midrand/showroom/625-vwmdf875588/1/) but MotusShowroomParser found no vehicle node in it — the page's markup may not match what this parser expects (e.g. a bot-challenge/interstitial page instead of the real vehicle page).
[2026-07-24 05:15:20] [MotusApiImporter] After enrichFromDetailPage() — engine_capacity_cc=NULL, image_urls count=1
[2026-07-24 05:15:20] [MotusApiImporter] findExistingCar() -> EXISTING car id=1428
[2026-07-24 05:15:20] [MotusApiImporter] updateCar() completed for existing id=1428.
[2026-07-24 05:15:20] [MotusApiImporter] --- Processing row 10 (stock/sku: 1446083) ---
[2026-07-24 05:15:20] [MotusApiImporter] parseVehicle() OK — make=VOLKSWAGEN, model=T-CROSS, source_url=https://www.motusvw.co.za/midrand/showroom/625-vwmdf891215/1/, image_urls count=1
[2026-07-24 05:15:21] [MotusApiImporter] Detail page fetched OK for stock #1446083 (https://www.motusvw.co.za/midrand/showroom/625-vwmdf891215/1/) but MotusShowroomParser found no vehicle node in it — the page's markup may not match what this parser expects (e.g. a bot-challenge/interstitial page instead of the real vehicle page).
[2026-07-24 05:15:21] [MotusApiImporter] After enrichFromDetailPage() — engine_capacity_cc=NULL, image_urls count=1
[2026-07-24 05:15:21] [MotusApiImporter] findExistingCar() -> EXISTING car id=1429
[2026-07-24 05:15:21] [MotusApiImporter] updateCar() completed for existing id=1429.
[2026-07-24 05:15:21] [MotusApiImporter] --- Processing row 11 (stock/sku: 1446395) ---
[2026-07-24 05:15:21] [MotusApiImporter] parseVehicle() OK — make=VOLKSWAGEN, model=T-CROSS, source_url=https://www.motusvw.co.za/midrand/showroom/625-vwmdf886830/1/, image_urls count=1
[2026-07-24 05:15:23] [MotusApiImporter] Detail page fetched OK for stock #1446395 (https://www.motusvw.co.za/midrand/showroom/625-vwmdf886830/1/) but MotusShowroomParser found no vehicle node in it — the page's markup may not match what this parser expects (e.g. a bot-challenge/interstitial page instead of the real vehicle page).
[2026-07-24 05:15:23] [MotusApiImporter] After enrichFromDetailPage() — engine_capacity_cc=NULL, image_urls count=1
[2026-07-24 05:15:23] [MotusApiImporter] findExistingCar() -> EXISTING car id=1430
[2026-07-24 05:15:23] [MotusApiImporter] updateCar() completed for existing id=1430.
[2026-07-24 05:15:23] [MotusApiImporter] --- Processing row 12 (stock/sku: 1446535) ---
[2026-07-24 05:15:23] [MotusApiImporter] parseVehicle() OK — make=VOLKSWAGEN, model=T-ROC, source_url=https://www.motusvw.co.za/midrand/showroom/625-vwmdf883338/1/, image_urls count=1
[2026-07-24 05:15:25] [MotusApiImporter] Detail page fetched OK for stock #1446535 (https://www.motusvw.co.za/midrand/showroom/625-vwmdf883338/1/) but MotusShowroomParser found no vehicle node in it — the page's markup may not match what this parser expects (e.g. a bot-challenge/interstitial page instead of the real vehicle page).
[2026-07-24 05:15:25] [MotusApiImporter] After enrichFromDetailPage() — engine_capacity_cc=NULL, image_urls count=1
[2026-07-24 05:15:25] [MotusApiImporter] findExistingCar() -> EXISTING car id=1431
[2026-07-24 05:15:25] [MotusApiImporter] updateCar() completed for existing id=1431.
[2026-07-24 05:15:25] [MotusApiImporter] --- Processing row 13 (stock/sku: 1446315) ---
[2026-07-24 05:15:25] [MotusApiImporter] parseVehicle() OK — make=VOLKSWAGEN, model=T-ROC, source_url=https://www.motusvw.co.za/midrand/showroom/625-vwmdf888464/1/, image_urls count=1
[2026-07-24 05:15:27] [MotusApiImporter] Detail page fetched OK for stock #1446315 (https://www.motusvw.co.za/midrand/showroom/625-vwmdf888464/1/) but MotusShowroomParser found no vehicle node in it — the page's markup may not match what this parser expects (e.g. a bot-challenge/interstitial page instead of the real vehicle page).
[2026-07-24 05:15:27] [MotusApiImporter] After enrichFromDetailPage() — engine_capacity_cc=NULL, image_urls count=1
[2026-07-24 05:15:27] [MotusApiImporter] findExistingCar() -> EXISTING car id=1432
[2026-07-24 05:15:27] [MotusApiImporter] updateCar() completed for existing id=1432.
[2026-07-24 05:15:27] [MotusApiImporter] --- Processing row 14 (stock/sku: 1446599) ---
[2026-07-24 05:15:27] [MotusApiImporter] parseVehicle() OK — make=VOLKSWAGEN, model=TIGUAN, source_url=https://www.motusvw.co.za/midrand/showroom/625-vwmdf875100/1/, image_urls count=1
[2026-07-24 05:15:28] [MotusApiImporter] Detail page fetched OK for stock #1446599 (https://www.motusvw.co.za/midrand/showroom/625-vwmdf875100/1/) but MotusShowroomParser found no vehicle node in it — the page's markup may not match what this parser expects (e.g. a bot-challenge/interstitial page instead of the real vehicle page).
[2026-07-24 05:15:28] [MotusApiImporter] After enrichFromDetailPage() — engine_capacity_cc=NULL, image_urls count=1
[2026-07-24 05:15:28] [MotusApiImporter] findExistingCar() -> EXISTING car id=1433
[2026-07-24 05:15:28] [MotusApiImporter] updateCar() completed for existing id=1433.
[2026-07-24 05:15:28] [MotusApiImporter] --- Processing row 15 (stock/sku: 1446192) ---
[2026-07-24 05:15:28] [MotusApiImporter] parseVehicle() OK — make=VOLKSWAGEN, model=TIGUAN, source_url=https://www.motusvw.co.za/midrand/showroom/625-vwmdf890088/2/, image_urls count=1
[2026-07-24 05:15:29] [MotusApiImporter] Detail page fetched OK for stock #1446192 (https://www.motusvw.co.za/midrand/showroom/625-vwmdf890088/2/) but MotusShowroomParser found no vehicle node in it — the page's markup may not match what this parser expects (e.g. a bot-challenge/interstitial page instead of the real vehicle page).
[2026-07-24 05:15:29] [MotusApiImporter] After enrichFromDetailPage() — engine_capacity_cc=NULL, image_urls count=1
[2026-07-24 05:15:29] [MotusApiImporter] findExistingCar() -> EXISTING car id=1434
[2026-07-24 05:15:29] [MotusApiImporter] updateCar() completed for existing id=1434.
[2026-07-24 05:15:29] [MotusApiImporter] --- Processing row 16 (stock/sku: 1446143) ---
[2026-07-24 05:15:29] [MotusApiImporter] parseVehicle() OK — make=VOLKSWAGEN, model=TIGUAN, source_url=https://www.motusvw.co.za/midrand/showroom/625-vwmdf890778/1/, image_urls count=1
[2026-07-24 05:15:30] [MotusApiImporter] Detail page fetched OK for stock #1446143 (https://www.motusvw.co.za/midrand/showroom/625-vwmdf890778/1/) but MotusShowroomParser found no vehicle node in it — the page's markup may not match what this parser expects (e.g. a bot-challenge/interstitial page instead of the real vehicle page).
[2026-07-24 05:15:30] [MotusApiImporter] After enrichFromDetailPage() — engine_capacity_cc=NULL, image_urls count=1
[2026-07-24 05:15:30] [MotusApiImporter] findExistingCar() -> EXISTING car id=1435
[2026-07-24 05:15:30] [MotusApiImporter] updateCar() completed for existing id=1435.
[2026-07-24 05:15:30] [MotusApiImporter] --- Processing row 17 (stock/sku: 1446000) ---
[2026-07-24 05:15:30] [MotusApiImporter] parseVehicle() OK — make=VOLKSWAGEN, model=GOLF, source_url=https://www.motusvw.co.za/midrand/showroom/625-vwmdf892223/0/, image_urls count=1
[2026-07-24 05:15:32] [MotusApiImporter] Detail page fetched OK for stock #1446000 (https://www.motusvw.co.za/midrand/showroom/625-vwmdf892223/0/) but MotusShowroomParser found no vehicle node in it — the page's markup may not match what this parser expects (e.g. a bot-challenge/interstitial page instead of the real vehicle page).
[2026-07-24 05:15:32] [MotusApiImporter] After enrichFromDetailPage() — engine_capacity_cc=NULL, image_urls count=1
[2026-07-24 05:15:32] [MotusApiImporter] findExistingCar() -> EXISTING car id=1436
[2026-07-24 05:15:32] [MotusApiImporter] updateCar() completed for existing id=1436.
[2026-07-24 05:15:32] [MotusApiImporter] --- Processing row 18 (stock/sku: 1445980) ---
[2026-07-24 05:15:32] [MotusApiImporter] parseVehicle() OK — make=VOLKSWAGEN, model=GOLF 8, source_url=https://www.motusvw.co.za/midrand/showroom/625-vwmdf892557/0/, image_urls count=1
[2026-07-24 05:15:34] [MotusApiImporter] Detail page fetched OK for stock #1445980 (https://www.motusvw.co.za/midrand/showroom/625-vwmdf892557/0/) but MotusShowroomParser found no vehicle node in it — the page's markup may not match what this parser expects (e.g. a bot-challenge/interstitial page instead of the real vehicle page).
[2026-07-24 05:15:34] [MotusApiImporter] After enrichFromDetailPage() — engine_capacity_cc=NULL, image_urls count=1
[2026-07-24 05:15:34] [MotusApiImporter] findExistingCar() -> EXISTING car id=1437
[2026-07-24 05:15:34] [MotusApiImporter] updateCar() completed for existing id=1437.
[2026-07-24 05:15:34] [MotusApiImporter] --- Processing row 19 (stock/sku: 1446122) ---
[2026-07-24 05:15:34] [MotusApiImporter] parseVehicle() OK — make=VOLKSWAGEN, model=GOLF 8, source_url=https://www.motusvw.co.za/midrand/showroom/625-vwmdf890926/0/, image_urls count=1
[2026-07-24 05:15:35] [MotusApiImporter] Detail page fetched OK for stock #1446122 (https://www.motusvw.co.za/midrand/showroom/625-vwmdf890926/0/) but MotusShowroomParser found no vehicle node in it — the page's markup may not match what this parser expects (e.g. a bot-challenge/interstitial page instead of the real vehicle page).
[2026-07-24 05:15:35] [MotusApiImporter] After enrichFromDetailPage() — engine_capacity_cc=NULL, image_urls count=1
[2026-07-24 05:15:35] [MotusApiImporter] findExistingCar() -> EXISTING car id=1438
[2026-07-24 05:15:35] [MotusApiImporter] updateCar() completed for existing id=1438.
[2026-07-24 05:15:35] [MotusApiImporter] --- Processing row 20 (stock/sku: 1446022) ---
[2026-07-24 05:15:35] [MotusApiImporter] parseVehicle() OK — make=VOLKSWAGEN, model=GOLF 8, source_url=https://www.motusvw.co.za/midrand/showroom/625-vwmdf892077/0/, image_urls count=1
[2026-07-24 05:15:36] [MotusApiImporter] Detail page fetched OK for stock #1446022 (https://www.motusvw.co.za/midrand/showroom/625-vwmdf892077/0/) but MotusShowroomParser found no vehicle node in it — the page's markup may not match what this parser expects (e.g. a bot-challenge/interstitial page instead of the real vehicle page).
[2026-07-24 05:15:36] [MotusApiImporter] After enrichFromDetailPage() — engine_capacity_cc=NULL, image_urls count=1
[2026-07-24 05:15:36] [MotusApiImporter] findExistingCar() -> EXISTING car id=1439
[2026-07-24 05:15:36] [MotusApiImporter] updateCar() completed for existing id=1439.
[2026-07-24 05:15:36] [MotusApiImporter] --- Processing row 21 (stock/sku: 1446049) ---
[2026-07-24 05:15:36] [MotusApiImporter] parseVehicle() OK — make=VOLKSWAGEN, model=GOLF 8, source_url=https://www.motusvw.co.za/midrand/showroom/625-vwmdf892214/0/, image_urls count=1
[2026-07-24 05:15:37] [MotusApiImporter] Detail page fetched OK for stock #1446049 (https://www.motusvw.co.za/midrand/showroom/625-vwmdf892214/0/) but MotusShowroomParser found no vehicle node in it — the page's markup may not match what this parser expects (e.g. a bot-challenge/interstitial page instead of the real vehicle page).
[2026-07-24 05:15:37] [MotusApiImporter] After enrichFromDetailPage() — engine_capacity_cc=NULL, image_urls count=1
[2026-07-24 05:15:37] [MotusApiImporter] findExistingCar() -> EXISTING car id=1440
[2026-07-24 05:15:37] [MotusApiImporter] updateCar() completed for existing id=1440.
[2026-07-24 05:15:37] [MotusApiImporter] --- Processing row 22 (stock/sku: 1446001) ---
[2026-07-24 05:15:37] [MotusApiImporter] parseVehicle() OK — make=VOLKSWAGEN, model=GOLF 8, source_url=https://www.motusvw.co.za/midrand/showroom/625-vwmdf892266/0/, image_urls count=1
[2026-07-24 05:15:37] [MotusApiImporter] Skipped detail-page fetch for stock #1446001 — time budget already exhausted.
[2026-07-24 05:15:37] [MotusApiImporter] After enrichFromDetailPage() — engine_capacity_cc=NULL, image_urls count=1
[2026-07-24 05:15:37] [MotusApiImporter] findExistingCar() -> EXISTING car id=1441
[2026-07-24 05:15:37] [MotusApiImporter] updateCar() completed for existing id=1441.
[2026-07-24 05:15:37] [MotusApiImporter] --- Processing row 23 (stock/sku: 1446356) ---
[2026-07-24 05:15:37] [MotusApiImporter] parseVehicle() OK — make=VOLKSWAGEN, model=POLO, source_url=https://www.motusvw.co.za/midrand/showroom/625-vwmdf887866/0/, image_urls count=1
[2026-07-24 05:15:37] [MotusApiImporter] Skipped detail-page fetch for stock #1446356 — time budget already exhausted.
[2026-07-24 05:15:37] [MotusApiImporter] After enrichFromDetailPage() — engine_capacity_cc=NULL, image_urls count=1
[2026-07-24 05:15:37] [MotusApiImporter] findExistingCar() -> EXISTING car id=1442
[2026-07-24 05:15:37] [MotusApiImporter] updateCar() completed for existing id=1442.
[2026-07-24 05:15:37] [MotusApiImporter] --- Processing row 24 (stock/sku: 1446129) ---
[2026-07-24 05:15:37] [MotusApiImporter] parseVehicle() OK — make=VOLKSWAGEN, model=POLO, source_url=https://www.motusvw.co.za/midrand/showroom/625-vwmdf890824/0/, image_urls count=1
[2026-07-24 05:15:37] [MotusApiImporter] Skipped detail-page fetch for stock #1446129 — time budget already exhausted.
[2026-07-24 05:15:37] [MotusApiImporter] After enrichFromDetailPage() — engine_capacity_cc=NULL, image_urls count=1
[2026-07-24 05:15:37] [MotusApiImporter] findExistingCar() -> EXISTING car id=1443
[2026-07-24 05:15:37] [MotusApiImporter] updateCar() completed for existing id=1443.
[2026-07-24 05:15:37] [MotusApiImporter] --- Processing row 25 (stock/sku: 1445964) ---
[2026-07-24 05:15:37] [MotusApiImporter] parseVehicle() OK — make=VOLKSWAGEN, model=POLO, source_url=https://www.motusvw.co.za/midrand/showroom/625-vwmdf892733/0/, image_urls count=1
[2026-07-24 05:15:37] [MotusApiImporter] Skipped detail-page fetch for stock #1445964 — time budget already exhausted.
[2026-07-24 05:15:37] [MotusApiImporter] After enrichFromDetailPage() — engine_capacity_cc=NULL, image_urls count=1
[2026-07-24 05:15:37] [MotusApiImporter] findExistingCar() -> EXISTING car id=1444
[2026-07-24 05:15:37] [MotusApiImporter] updateCar() completed for existing id=1444.
[2026-07-24 05:15:37] [MotusApiImporter] --- Processing row 26 (stock/sku: 1446127) ---
[2026-07-24 05:15:37] [MotusApiImporter] parseVehicle() OK — make=VOLKSWAGEN, model=POLO, source_url=https://www.motusvw.co.za/midrand/showroom/625-vwmdf890793/0/, image_urls count=1
[2026-07-24 05:15:37] [MotusApiImporter] Skipped detail-page fetch for stock #1446127 — time budget already exhausted.
[2026-07-24 05:15:37] [MotusApiImporter] After enrichFromDetailPage() — engine_capacity_cc=NULL, image_urls count=1
[2026-07-24 05:15:37] [MotusApiImporter] findExistingCar() -> EXISTING car id=1445
[2026-07-24 05:15:37] [MotusApiImporter] updateCar() completed for existing id=1445.
[2026-07-24 05:15:37] [MotusApiImporter] --- Processing row 27 (stock/sku: 1446009) ---
[2026-07-24 05:15:37] [MotusApiImporter] parseVehicle() OK — make=VOLKSWAGEN, model=POLO, source_url=https://www.motusvw.co.za/midrand/showroom/625-vwmdf892148/0/, image_urls count=1
[2026-07-24 05:15:37] [MotusApiImporter] Skipped detail-page fetch for stock #1446009 — time budget already exhausted.
[2026-07-24 05:15:37] [MotusApiImporter] After enrichFromDetailPage() — engine_capacity_cc=NULL, image_urls count=1
[2026-07-24 05:15:37] [MotusApiImporter] findExistingCar() -> EXISTING car id=1446
[2026-07-24 05:15:37] [MotusApiImporter] updateCar() completed for existing id=1446.
[2026-07-24 05:15:37] [MotusApiImporter] --- Processing row 28 (stock/sku: 1445944) ---
[2026-07-24 05:15:37] [MotusApiImporter] parseVehicle() OK — make=VOLKSWAGEN, model=POLO, source_url=https://www.motusvw.co.za/midrand/showroom/625-vwmdf893079/0/, image_urls count=1
[2026-07-24 05:15:37] [MotusApiImporter] Skipped detail-page fetch for stock #1445944 — time budget already exhausted.
[2026-07-24 05:15:37] [MotusApiImporter] After enrichFromDetailPage() — engine_capacity_cc=NULL, image_urls count=1
[2026-07-24 05:15:37] [MotusApiImporter] findExistingCar() -> EXISTING car id=1447
[2026-07-24 05:15:37] [MotusApiImporter] updateCar() completed for existing id=1447.
[2026-07-24 05:15:37] [MotusApiImporter] --- Processing row 29 (stock/sku: 1445929) ---
[2026-07-24 05:15:37] [MotusApiImporter] parseVehicle() OK — make=VOLKSWAGEN, model=POLO, source_url=https://www.motusvw.co.za/midrand/showroom/625-vwmdf893255/0/, image_urls count=1
[2026-07-24 05:15:37] [MotusApiImporter] Skipped detail-page fetch for stock #1445929 — time budget already exhausted.
[2026-07-24 05:15:37] [MotusApiImporter] After enrichFromDetailPage() — engine_capacity_cc=NULL, image_urls count=1
[2026-07-24 05:15:37] [MotusApiImporter] findExistingCar() -> EXISTING car id=1448
[2026-07-24 05:15:37] [MotusApiImporter] updateCar() completed for existing id=1448.
[2026-07-24 05:15:37] [MotusApiImporter] --- Processing row 30 (stock/sku: 1445930) ---
[2026-07-24 05:15:37] [MotusApiImporter] parseVehicle() OK — make=VOLKSWAGEN, model=POLO, source_url=https://www.motusvw.co.za/midrand/showroom/625-vwmdf893267/0/, image_urls count=1
[2026-07-24 05:15:37] [MotusApiImporter] Skipped detail-page fetch for stock #1445930 — time budget already exhausted.
[2026-07-24 05:15:37] [MotusApiImporter] After enrichFromDetailPage() — engine_capacity_cc=NULL, image_urls count=1
[2026-07-24 05:15:37] [MotusApiImporter] findExistingCar() -> EXISTING car id=1449
[2026-07-24 05:15:37] [MotusApiImporter] updateCar() completed for existing id=1449.
[2026-07-24 05:15:37] [MotusApiImporter] --- Processing row 31 (stock/sku: 1446008) ---
[2026-07-24 05:15:37] [MotusApiImporter] parseVehicle() OK — make=VOLKSWAGEN, model=POLO, source_url=https://www.motusvw.co.za/midrand/showroom/625-vwmdf892145/0/, image_urls count=1
[2026-07-24 05:15:37] [MotusApiImporter] Skipped detail-page fetch for stock #1446008 — time budget already exhausted.
[2026-07-24 05:15:37] [MotusApiImporter] After enrichFromDetailPage() — engine_capacity_cc=NULL, image_urls count=1
[2026-07-24 05:15:37] [MotusApiImporter] findExistingCar() -> EXISTING car id=1450
[2026-07-24 05:15:37] [MotusApiImporter] updateCar() completed for existing id=1450.
[2026-07-24 05:15:37] [MotusApiImporter] --- Processing row 32 (stock/sku: 1445928) ---
[2026-07-24 05:15:37] [MotusApiImporter] parseVehicle() OK — make=VOLKSWAGEN, model=POLO, source_url=https://www.motusvw.co.za/midrand/showroom/625-vwmdf893252/0/, image_urls count=1
[2026-07-24 05:15:37] [MotusApiImporter] Skipped detail-page fetch for stock #1445928 — time budget already exhausted.
[2026-07-24 05:15:37] [MotusApiImporter] After enrichFromDetailPage() — engine_capacity_cc=NULL, image_urls count=1
[2026-07-24 05:15:37] [MotusApiImporter] findExistingCar() -> EXISTING car id=1451
[2026-07-24 05:15:37] [MotusApiImporter] updateCar() completed for existing id=1451.
[2026-07-24 05:15:37] [MotusApiImporter] --- Processing row 33 (stock/sku: 1445915) ---
[2026-07-24 05:15:37] [MotusApiImporter] parseVehicle() OK — make=VOLKSWAGEN, model=POLO, source_url=https://www.motusvw.co.za/midrand/showroom/625-vwmdf893516/0/, image_urls count=1
[2026-07-24 05:15:37] [MotusApiImporter] Skipped detail-page fetch for stock #1445915 — time budget already exhausted.
[2026-07-24 05:15:37] [MotusApiImporter] After enrichFromDetailPage() — engine_capacity_cc=NULL, image_urls count=1
[2026-07-24 05:15:37] [MotusApiImporter] findExistingCar() -> EXISTING car id=1452
[2026-07-24 05:15:37] [MotusApiImporter] updateCar() completed for existing id=1452.
[2026-07-24 05:15:37] [MotusApiImporter] --- Processing row 34 (stock/sku: 1445966) ---
[2026-07-24 05:15:37] [MotusApiImporter] parseVehicle() OK — make=VOLKSWAGEN, model=POLO, source_url=https://www.motusvw.co.za/midrand/showroom/625-vwmdf892527/0/, image_urls count=1
[2026-07-24 05:15:37] [MotusApiImporter] Skipped detail-page fetch for stock #1445966 — time budget already exhausted.
[2026-07-24 05:15:37] [MotusApiImporter] After enrichFromDetailPage() — engine_capacity_cc=NULL, image_urls count=1
[2026-07-24 05:15:37] [MotusApiImporter] findExistingCar() -> EXISTING car id=1453
[2026-07-24 05:15:37] [MotusApiImporter] updateCar() completed for existing id=1453.
[2026-07-24 05:15:37] [MotusApiImporter] --- Processing row 35 (stock/sku: 1445835) ---
[2026-07-24 05:15:37] [MotusApiImporter] parseVehicle() OK — make=VOLKSWAGEN, model=POLO, source_url=https://www.motusvw.co.za/midrand/showroom/625-vwmdf894547/0/, image_urls count=1
[2026-07-24 05:15:37] [MotusApiImporter] Skipped detail-page fetch for stock #1445835 — time budget already exhausted.
[2026-07-24 05:15:37] [MotusApiImporter] After enrichFromDetailPage() — engine_capacity_cc=NULL, image_urls count=1
[2026-07-24 05:15:37] [MotusApiImporter] findExistingCar() -> EXISTING car id=1454
[2026-07-24 05:15:37] [MotusApiImporter] updateCar() completed for existing id=1454.
[2026-07-24 05:15:37] [MotusApiImporter] --- Processing row 36 (stock/sku: 1445857) ---
[2026-07-24 05:15:37] [MotusApiImporter] parseVehicle() OK — make=VOLKSWAGEN, model=POLO VIVO, source_url=https://www.motusvw.co.za/midrand/showroom/625-vwmdf894310/0/, image_urls count=1
[2026-07-24 05:15:37] [MotusApiImporter] Skipped detail-page fetch for stock #1445857 — time budget already exhausted.
[2026-07-24 05:15:37] [MotusApiImporter] After enrichFromDetailPage() — engine_capacity_cc=NULL, image_urls count=1
[2026-07-24 05:15:37] [MotusApiImporter] findExistingCar() -> EXISTING car id=1455
[2026-07-24 05:15:37] [MotusApiImporter] updateCar() completed for existing id=1455.
[2026-07-24 05:15:37] [MotusApiImporter] --- Processing row 37 (stock/sku: 1445858) ---
[2026-07-24 05:15:37] [MotusApiImporter] parseVehicle() OK — make=VOLKSWAGEN, model=POLO VIVO, source_url=https://www.motusvw.co.za/midrand/showroom/625-vwmdf894316/0/, image_urls count=1
[2026-07-24 05:15:37] [MotusApiImporter] Skipped detail-page fetch for stock #1445858 — time budget already exhausted.
[2026-07-24 05:15:37] [MotusApiImporter] After enrichFromDetailPage() — engine_capacity_cc=NULL, image_urls count=1
[2026-07-24 05:15:37] [MotusApiImporter] findExistingCar() -> EXISTING car id=1456
[2026-07-24 05:15:37] [MotusApiImporter] updateCar() completed for existing id=1456.
[2026-07-24 05:15:37] [MotusApiImporter] --- Processing row 38 (stock/sku: 1446130) ---
[2026-07-24 05:15:37] [MotusApiImporter] parseVehicle() OK — make=VOLKSWAGEN, model=POLO VIVO, source_url=https://www.motusvw.co.za/midrand/showroom/625-vwmdf890905/0/, image_urls count=1
[2026-07-24 05:15:37] [MotusApiImporter] Skipped detail-page fetch for stock #1446130 — time budget already exhausted.
[2026-07-24 05:15:37] [MotusApiImporter] After enrichFromDetailPage() — engine_capacity_cc=NULL, image_urls count=1
[2026-07-24 05:15:37] [MotusApiImporter] findExistingCar() -> EXISTING car id=1457
[2026-07-24 05:15:37] [MotusApiImporter] updateCar() completed for existing id=1457.
[2026-07-24 05:15:37] [MotusApiImporter] --- Processing row 39 (stock/sku: 1445963) ---
[2026-07-24 05:15:37] [MotusApiImporter] parseVehicle() OK — make=VOLKSWAGEN, model=T-CROSS, source_url=https://www.motusvw.co.za/midrand/showroom/625-vwmdf892729/0/, image_urls count=1
[2026-07-24 05:15:37] [MotusApiImporter] Skipped detail-page fetch for stock #1445963 — time budget already exhausted.
[2026-07-24 05:15:37] [MotusApiImporter] After enrichFromDetailPage() — engine_capacity_cc=NULL, image_urls count=1
[2026-07-24 05:15:37] [MotusApiImporter] findExistingCar() -> EXISTING car id=1458
[2026-07-24 05:15:37] [MotusApiImporter] updateCar() completed for existing id=1458.
[2026-07-24 05:15:37] [MotusApiImporter] --- Processing row 40 (stock/sku: 1445833) ---
[2026-07-24 05:15:37] [MotusApiImporter] parseVehicle() OK — make=VOLKSWAGEN, model=T-CROSS, source_url=https://www.motusvw.co.za/midrand/showroom/625-vwmdf895060/0/, image_urls count=1
[2026-07-24 05:15:37] [MotusApiImporter] Skipped detail-page fetch for stock #1445833 — time budget already exhausted.
[2026-07-24 05:15:37] [MotusApiImporter] After enrichFromDetailPage() — engine_capacity_cc=NULL, image_urls count=1
[2026-07-24 05:15:37] [MotusApiImporter] findExistingCar() -> EXISTING car id=1459
[2026-07-24 05:15:37] [MotusApiImporter] updateCar() completed for existing id=1459.
[2026-07-24 05:15:37] [MotusApiImporter] --- Processing row 41 (stock/sku: 1445916) ---
[2026-07-24 05:15:37] [MotusApiImporter] parseVehicle() OK — make=VOLKSWAGEN, model=T-CROSS, source_url=https://www.motusvw.co.za/midrand/showroom/625-vwmdf893597/0/, image_urls count=1
[2026-07-24 05:15:37] [MotusApiImporter] Skipped detail-page fetch for stock #1445916 — time budget already exhausted.
[2026-07-24 05:15:37] [MotusApiImporter] After enrichFromDetailPage() — engine_capacity_cc=NULL, image_urls count=1
[2026-07-24 05:15:37] [MotusApiImporter] findExistingCar() -> EXISTING car id=1460
[2026-07-24 05:15:37] [MotusApiImporter] updateCar() completed for existing id=1460.
[2026-07-24 05:15:37] [MotusApiImporter] --- Processing row 42 (stock/sku: 1445895) ---
[2026-07-24 05:15:37] [MotusApiImporter] parseVehicle() OK — make=VOLKSWAGEN, model=T-CROSS, source_url=https://www.motusvw.co.za/midrand/showroom/625-vwmdf894000/0/, image_urls count=1
[2026-07-24 05:15:37] [MotusApiImporter] Skipped detail-page fetch for stock #1445895 — time budget already exhausted.
[2026-07-24 05:15:37] [MotusApiImporter] After enrichFromDetailPage() — engine_capacity_cc=NULL, image_urls count=1
[2026-07-24 05:15:37] [MotusApiImporter] findExistingCar() -> EXISTING car id=1461
[2026-07-24 05:15:37] [MotusApiImporter] updateCar() completed for existing id=1461.
[2026-07-24 05:15:37] [MotusApiImporter] --- Processing row 43 (stock/sku: 1445907) ---
[2026-07-24 05:15:37] [MotusApiImporter] parseVehicle() OK — make=VOLKSWAGEN, model=TIGUAN, source_url=https://www.motusvw.co.za/midrand/showroom/625-vwmdf893709/0/, image_urls count=1
[2026-07-24 05:15:37] [MotusApiImporter] Skipped detail-page fetch for stock #1445907 — time budget already exhausted.
[2026-07-24 05:15:37] [MotusApiImporter] After enrichFromDetailPage() — engine_capacity_cc=NULL, image_urls count=1
[2026-07-24 05:15:37] [MotusApiImporter] findExistingCar() -> EXISTING car id=1462
[2026-07-24 05:15:37] [MotusApiImporter] updateCar() completed for existing id=1462.
[2026-07-24 05:15:37] [MotusApiImporter] --- Processing row 44 (stock/sku: 1446283) ---
[2026-07-24 05:15:37] [MotusApiImporter] parseVehicle() OK — make=VOLKSWAGEN, model=TIGUAN, source_url=https://www.motusvw.co.za/midrand/showroom/625-vwmdf888104/0/, image_urls count=1
[2026-07-24 05:15:37] [MotusApiImporter] Skipped detail-page fetch for stock #1446283 — time budget already exhausted.
[2026-07-24 05:15:37] [MotusApiImporter] After enrichFromDetailPage() — engine_capacity_cc=NULL, image_urls count=1
[2026-07-24 05:15:37] [MotusApiImporter] findExistingCar() -> EXISTING car id=1463
[2026-07-24 05:15:37] [MotusApiImporter] updateCar() completed for existing id=1463.
[2026-07-24 05:15:37] [MotusApiImporter] --- Processing row 45 (stock/sku: 1446223) ---
[2026-07-24 05:15:37] [MotusApiImporter] parseVehicle() OK — make=JEEP, model=RENEGADE, source_url=https://www.motusvw.co.za/midrand/showroom/625-vwmdf889687/1/, image_urls count=1
[2026-07-24 05:15:37] [MotusApiImporter] Skipped detail-page fetch for stock #1446223 — time budget already exhausted.
[2026-07-24 05:15:37] [MotusApiImporter] After enrichFromDetailPage() — engine_capacity_cc=NULL, image_urls count=1
[2026-07-24 05:15:37] [MotusApiImporter] findExistingCar() -> EXISTING car id=1464
[2026-07-24 05:15:37] [MotusApiImporter] updateCar() completed for existing id=1464.
[2026-07-24 05:15:37] [MotusApiImporter] --- Processing row 46 (stock/sku: 1445923) ---
[2026-07-24 05:15:37] [MotusApiImporter] parseVehicle() OK — make=BMW, model=2 SERIES, source_url=https://www.motusvw.co.za/midrand/showroom/625-vwmdf893379/1/, image_urls count=1
[2026-07-24 05:15:37] [MotusApiImporter] Skipped detail-page fetch for stock #1445923 — time budget already exhausted.
[2026-07-24 05:15:37] [MotusApiImporter] After enrichFromDetailPage() — engine_capacity_cc=NULL, image_urls count=1
[2026-07-24 05:15:37] [MotusApiImporter] findExistingCar() -> EXISTING car id=1465
[2026-07-24 05:15:37] [MotusApiImporter] updateCar() completed for existing id=1465.
[2026-07-24 05:15:37] [MotusApiImporter] --- Processing row 47 (stock/sku: 1445943) ---
[2026-07-24 05:15:37] [MotusApiImporter] parseVehicle() OK — make=FORD, model=ECOSPORT, source_url=https://www.motusvw.co.za/midrand/showroom/625-vwmdf893075/1/, image_urls count=1
[2026-07-24 05:15:37] [MotusApiImporter] Skipped detail-page fetch for stock #1445943 — time budget already exhausted.
[2026-07-24 05:15:37] [MotusApiImporter] After enrichFromDetailPage() — engine_capacity_cc=NULL, image_urls count=1
[2026-07-24 05:15:37] [MotusApiImporter] findExistingCar() -> EXISTING car id=1466
[2026-07-24 05:15:37] [MotusApiImporter] updateCar() completed for existing id=1466.
[2026-07-24 05:15:37] [MotusApiImporter] --- Processing row 48 (stock/sku: 1446850) ---
[2026-07-24 05:15:37] [MotusApiImporter] parseVehicle() OK — make=VOLKSWAGEN, model=POLO, source_url=https://www.motusvw.co.za/midrand/showroom/625-vwmdf258260/1/, image_urls count=1
[2026-07-24 05:15:37] [MotusApiImporter] Skipped detail-page fetch for stock #1446850 — time budget already exhausted.
[2026-07-24 05:15:37] [MotusApiImporter] After enrichFromDetailPage() — engine_capacity_cc=NULL, image_urls count=1
[2026-07-24 05:15:37] [MotusApiImporter] findExistingCar() -> EXISTING car id=1467
[2026-07-24 05:15:37] [MotusApiImporter] updateCar() completed for existing id=1467.
[2026-07-24 05:15:37] [MotusApiImporter] --- Processing row 49 (stock/sku: 1446505) ---
[2026-07-24 05:15:37] [MotusApiImporter] parseVehicle() OK — make=VOLKSWAGEN, model=POLO VIVO, source_url=https://www.motusvw.co.za/midrand/showroom/625-vwmdf608385/2/, image_urls count=1
[2026-07-24 05:15:37] [MotusApiImporter] Skipped detail-page fetch for stock #1446505 — time budget already exhausted.
[2026-07-24 05:15:37] [MotusApiImporter] After enrichFromDetailPage() — engine_capacity_cc=NULL, image_urls count=1
[2026-07-24 05:15:37] [MotusApiImporter] findExistingCar() -> EXISTING car id=1468
[2026-07-24 05:15:37] [MotusApiImporter] updateCar() completed for existing id=1468.
[2026-07-24 05:15:37] [MotusApiImporter] --- Processing row 50 (stock/sku: 1446800) ---
[2026-07-24 05:15:37] [MotusApiImporter] parseVehicle() OK — make=VOLKSWAGEN, model=TIGUAN, source_url=https://www.motusvw.co.za/midrand/showroom/625-vwmdf829969/1/, image_urls count=1
[2026-07-24 05:15:37] [MotusApiImporter] Skipped detail-page fetch for stock #1446800 — time budget already exhausted.
[2026-07-24 05:15:37] [MotusApiImporter] After enrichFromDetailPage() — engine_capacity_cc=NULL, image_urls count=1
[2026-07-24 05:15:37] [MotusApiImporter] findExistingCar() -> EXISTING car id=1469
[2026-07-24 05:15:37] [MotusApiImporter] updateCar() completed for existing id=1469.
[2026-07-24 05:15:37] [MotusApiImporter] --- Processing row 51 (stock/sku: 1446792) ---
[2026-07-24 05:15:37] [MotusApiImporter] parseVehicle() OK — make=VOLKSWAGEN, model=TIGUAN ALLSPACE, source_url=https://www.motusvw.co.za/midrand/showroom/625-vwmdf838290/1/, image_urls count=1
[2026-07-24 05:15:37] [MotusApiImporter] Skipped detail-page fetch for stock #1446792 — time budget already exhausted.
[2026-07-24 05:15:37] [MotusApiImporter] After enrichFromDetailPage() — engine_capacity_cc=NULL, image_urls count=1
[2026-07-24 05:15:37] [MotusApiImporter] findExistingCar() -> EXISTING car id=1470
[2026-07-24 05:15:37] [MotusApiImporter] updateCar() completed for existing id=1470.
[2026-07-24 05:15:37] [MotusApiImporter] --- Processing row 52 (stock/sku: 1446153) ---
[2026-07-24 05:15:37] [MotusApiImporter] parseVehicle() OK — make=VOLKSWAGEN, model=TIGUAN, source_url=https://www.motusvw.co.za/midrand/showroom/625-vwmdf762579/1/, image_urls count=1
[2026-07-24 05:15:37] [MotusApiImporter] Skipped detail-page fetch for stock #1446153 — time budget already exhausted.
[2026-07-24 05:15:37] [MotusApiImporter] After enrichFromDetailPage() — engine_capacity_cc=NULL, image_urls count=1
[2026-07-24 05:15:37] [MotusApiImporter] findExistingCar() -> EXISTING car id=1471
[2026-07-24 05:15:37] [MotusApiImporter] updateCar() completed for existing id=1471.
[2026-07-24 05:15:37] [MotusApiImporter] --- Processing row 53 (stock/sku: 1446811) ---
[2026-07-24 05:15:37] [MotusApiImporter] parseVehicle() OK — make=FORD, model=ECOSPORT, source_url=https://www.motusvw.co.za/midrand/showroom/625-vwmdf889981/1/, image_urls count=1
[2026-07-24 05:15:37] [MotusApiImporter] Skipped detail-page fetch for stock #1446811 — time budget already exhausted.
[2026-07-24 05:15:37] [MotusApiImporter] After enrichFromDetailPage() — engine_capacity_cc=NULL, image_urls count=1
[2026-07-24 05:15:37] [MotusApiImporter] findExistingCar() -> EXISTING car id=1472
[2026-07-24 05:15:37] [MotusApiImporter] updateCar() completed for existing id=1472.
[2026-07-24 05:15:37] [MotusApiImporter] --- Processing row 54 (stock/sku: 1445937) ---
[2026-07-24 05:15:37] [MotusApiImporter] parseVehicle() OK — make=FORD, model=FIGO, source_url=https://www.motusvw.co.za/midrand/showroom/625-vwmdf893195/1/, image_urls count=1
[2026-07-24 05:15:37] [MotusApiImporter] Skipped detail-page fetch for stock #1445937 — time budget already exhausted.
[2026-07-24 05:15:37] [MotusApiImporter] After enrichFromDetailPage() — engine_capacity_cc=NULL, image_urls count=1
[2026-07-24 05:15:37] [MotusApiImporter] findExistingCar() -> EXISTING car id=1473
[2026-07-24 05:15:37] [MotusApiImporter] updateCar() completed for existing id=1473.
[2026-07-24 05:15:37] [MotusApiImporter] --- Processing row 55 (stock/sku: 1446382) ---
[2026-07-24 05:15:37] [MotusApiImporter] parseVehicle() OK — make=VOLKSWAGEN, model=AMAROK, source_url=https://www.motusvw.co.za/midrand/showroom/625-vwmdf421690/1/, image_urls count=1
[2026-07-24 05:15:37] [MotusApiImporter] Skipped detail-page fetch for stock #1446382 — time budget already exhausted.
[2026-07-24 05:15:37] [MotusApiImporter] After enrichFromDetailPage() — engine_capacity_cc=NULL, image_urls count=1
[2026-07-24 05:15:37] [MotusApiImporter] findExistingCar() -> EXISTING car id=1474
[2026-07-24 05:15:37] [MotusApiImporter] updateCar() completed for existing id=1474.
[2026-07-24 05:15:37] [MotusApiImporter] --- Processing row 56 (stock/sku: 1446801) ---
[2026-07-24 05:15:37] [MotusApiImporter] parseVehicle() OK — make=VOLKSWAGEN, model=T-CROSS, source_url=https://www.motusvw.co.za/midrand/showroom/625-vwmdf423363/2/, image_urls count=1
[2026-07-24 05:15:37] [MotusApiImporter] Skipped detail-page fetch for stock #1446801 — time budget already exhausted.
[2026-07-24 05:15:37] [MotusApiImporter] After enrichFromDetailPage() — engine_capacity_cc=NULL, image_urls count=1
[2026-07-24 05:15:37] [MotusApiImporter] findExistingCar() -> EXISTING car id=1475
[2026-07-24 05:15:37] [MotusApiImporter] updateCar() completed for existing id=1475.
[2026-07-24 05:15:37] [MotusApiImporter] --- Processing row 57 (stock/sku: 1446410) ---
[2026-07-24 05:15:37] [MotusApiImporter] parseVehicle() OK — make=VOLKSWAGEN, model=TRANSPORTER, source_url=https://www.motusvw.co.za/midrand/showroom/625-vwmdf886408/4/, image_urls count=1
[2026-07-24 05:15:37] [MotusApiImporter] Skipped detail-page fetch for stock #1446410 — time budget already exhausted.
[2026-07-24 05:15:37] [MotusApiImporter] After enrichFromDetailPage() — engine_capacity_cc=NULL, image_urls count=1
[2026-07-24 05:15:37] [MotusApiImporter] findExistingCar() -> EXISTING car id=1476
[2026-07-24 05:15:37] [MotusApiImporter] updateCar() completed for existing id=1476.
[2026-07-24 05:15:37] [MotusApiImporter] --- Processing row 58 (stock/sku: 1445899) ---
[2026-07-24 05:15:37] [MotusApiImporter] parseVehicle() OK — make=VOLKSWAGEN, model=TRANSPORTER, source_url=https://www.motusvw.co.za/midrand/showroom/625-vwmdf893863/1/, image_urls count=1
[2026-07-24 05:15:37] [MotusApiImporter] Skipped detail-page fetch for stock #1445899 — time budget already exhausted.
[2026-07-24 05:15:37] [MotusApiImporter] After enrichFromDetailPage() — engine_capacity_cc=NULL, image_urls count=1
[2026-07-24 05:15:37] [MotusApiImporter] findExistingCar() -> EXISTING car id=1477
[2026-07-24 05:15:37] [MotusApiImporter] updateCar() completed for existing id=1477.
[2026-07-24 05:15:37] [MotusApiImporter] --- Processing row 59 (stock/sku: 1446142) ---
[2026-07-24 05:15:37] [MotusApiImporter] parseVehicle() OK — make=BMW, model=4 SERIES, source_url=https://www.motusvw.co.za/midrand/showroom/625-vwmdf890748/1/, image_urls count=1
[2026-07-24 05:15:37] [MotusApiImporter] Skipped detail-page fetch for stock #1446142 — time budget already exhausted.
[2026-07-24 05:15:37] [MotusApiImporter] After enrichFromDetailPage() — engine_capacity_cc=NULL, image_urls count=1
[2026-07-24 05:15:37] [MotusApiImporter] findExistingCar() -> EXISTING car id=1478
[2026-07-24 05:15:37] [MotusApiImporter] updateCar() completed for existing id=1478.
[2026-07-24 05:15:37] [MotusApiImporter] --- Processing row 60 (stock/sku: 1446010) ---
[2026-07-24 05:15:37] [MotusApiImporter] parseVehicle() OK — make=JAGUAR, model=F-PACE, source_url=https://www.motusvw.co.za/midrand/showroom/625-vwmdf892204/1/, image_urls count=1
[2026-07-24 05:15:38] [MotusApiImporter] Skipped detail-page fetch for stock #1446010 — time budget already exhausted.
[2026-07-24 05:15:38] [MotusApiImporter] After enrichFromDetailPage() — engine_capacity_cc=NULL, image_urls count=1
[2026-07-24 05:15:38] [MotusApiImporter] findExistingCar() -> EXISTING car id=1479
[2026-07-24 05:15:38] [MotusApiImporter] updateCar() completed for existing id=1479.
[2026-07-24 05:15:38] [MotusApiImporter] --- Processing row 61 (stock/sku: 1448883) ---
[2026-07-24 05:15:38] [MotusApiImporter] parseVehicle() OK — make=KIA, model=RIO, source_url=https://www.motusvw.co.za/midrand/showroom/625-vwmvusc894215/1/, image_urls count=1
[2026-07-24 05:15:38] [MotusApiImporter] Skipped detail-page fetch for stock #1448883 — time budget already exhausted.
[2026-07-24 05:15:38] [MotusApiImporter] After enrichFromDetailPage() — engine_capacity_cc=NULL, image_urls count=1
[2026-07-24 05:15:38] [MotusApiImporter] findExistingCar() -> EXISTING car id=1539
[2026-07-24 05:15:38] [MotusApiImporter] updateCar() completed for existing id=1539.
[2026-07-24 05:15:38] [MotusApiImporter] --- Processing row 62 (stock/sku: 1445715) ---
[2026-07-24 05:15:38] [MotusApiImporter] parseVehicle() OK — make=RENAULT, model=CLIO, source_url=https://www.motusvw.co.za/midrand/showroom/625-vwmdf896334/1/, image_urls count=1
[2026-07-24 05:15:38] [MotusApiImporter] Skipped detail-page fetch for stock #1445715 — time budget already exhausted.
[2026-07-24 05:15:38] [MotusApiImporter] After enrichFromDetailPage() — engine_capacity_cc=NULL, image_urls count=1
[2026-07-24 05:15:38] [MotusApiImporter] findExistingCar() -> EXISTING car id=1481
[2026-07-24 05:15:38] [MotusApiImporter] updateCar() completed for existing id=1481.
[2026-07-24 05:15:38] [MotusApiImporter] --- Processing row 63 (stock/sku: 1445883) ---
[2026-07-24 05:15:38] [MotusApiImporter] parseVehicle() OK — make=VOLKSWAGEN, model=POLO VIVO, source_url=https://www.motusvw.co.za/midrand/showroom/625-vwmdf894125/2/, image_urls count=1
[2026-07-24 05:15:38] [MotusApiImporter] Skipped detail-page fetch for stock #1445883 — time budget already exhausted.
[2026-07-24 05:15:38] [MotusApiImporter] After enrichFromDetailPage() — engine_capacity_cc=NULL, image_urls count=1
[2026-07-24 05:15:38] [MotusApiImporter] findExistingCar() -> EXISTING car id=1482
[2026-07-24 05:15:38] [MotusApiImporter] updateCar() completed for existing id=1482.
[2026-07-24 05:15:38] [MotusApiImporter] --- Processing row 64 (stock/sku: 1445714) ---
[2026-07-24 05:15:38] [MotusApiImporter] parseVehicle() OK — make=VOLKSWAGEN, model=POLO VIVO, source_url=https://www.motusvw.co.za/midrand/showroom/625-vwmdf896260/1/, image_urls count=1
[2026-07-24 05:15:38] [MotusApiImporter] Skipped detail-page fetch for stock #1445714 — time budget already exhausted.
[2026-07-24 05:15:38] [MotusApiImporter] After enrichFromDetailPage() — engine_capacity_cc=NULL, image_urls count=1
[2026-07-24 05:15:38] [MotusApiImporter] findExistingCar() -> EXISTING car id=1483
[2026-07-24 05:15:38] [MotusApiImporter] updateCar() completed for existing id=1483.
[2026-07-24 05:15:38] [MotusApiImporter] --- Processing row 65 (stock/sku: 1446735) ---
[2026-07-24 05:15:38] [MotusApiImporter] parseVehicle() OK — make=VOLKSWAGEN, model=TAIGO, source_url=https://www.motusvw.co.za/midrand/showroom/625-vwmdf861673/2/, image_urls count=1
[2026-07-24 05:15:38] [MotusApiImporter] Skipped detail-page fetch for stock #1446735 — time budget already exhausted.
[2026-07-24 05:15:38] [MotusApiImporter] After enrichFromDetailPage() — engine_capacity_cc=NULL, image_urls count=1
[2026-07-24 05:15:38] [MotusApiImporter] findExistingCar() -> EXISTING car id=1485
[2026-07-24 05:15:38] [MotusApiImporter] updateCar() completed for existing id=1485.
[2026-07-24 05:15:38] [MotusApiImporter] --- Processing row 66 (stock/sku: 1445959) ---
[2026-07-24 05:15:38] [MotusApiImporter] parseVehicle() OK — make=VOLKSWAGEN, model=TRANSPORTER, source_url=https://www.motusvw.co.za/midrand/showroom/625-vwmdf425954/1/, image_urls count=1
[2026-07-24 05:15:38] [MotusApiImporter] Skipped detail-page fetch for stock #1445959 — time budget already exhausted.
[2026-07-24 05:15:38] [MotusApiImporter] After enrichFromDetailPage() — engine_capacity_cc=NULL, image_urls count=1
[2026-07-24 05:15:38] [MotusApiImporter] findExistingCar() -> EXISTING car id=1486
[2026-07-24 05:15:38] [MotusApiImporter] updateCar() completed for existing id=1486.
[2026-07-24 05:15:38] [MotusApiImporter] --- Processing row 67 (stock/sku: 1446051) ---
[2026-07-24 05:15:38] [MotusApiImporter] parseVehicle() OK — make=VOLKSWAGEN, model=AMAROK, source_url=https://www.motusvw.co.za/midrand/showroom/625-vwmdf891606/1/, image_urls count=1
[2026-07-24 05:15:38] [MotusApiImporter] Skipped detail-page fetch for stock #1446051 — time budget already exhausted.
[2026-07-24 05:15:38] [MotusApiImporter] After enrichFromDetailPage() — engine_capacity_cc=NULL, image_urls count=1
[2026-07-24 05:15:38] [MotusApiImporter] findExistingCar() -> EXISTING car id=1487
[2026-07-24 05:15:38] [MotusApiImporter] updateCar() completed for existing id=1487.
[2026-07-24 05:15:38] [MotusApiImporter] --- Processing row 68 (stock/sku: 1446086) ---
[2026-07-24 05:15:38] [MotusApiImporter] parseVehicle() OK — make=VOLKSWAGEN, model=POLO, source_url=https://www.motusvw.co.za/midrand/showroom/625-vwmdf891191/1/, image_urls count=1
[2026-07-24 05:15:38] [MotusApiImporter] Skipped detail-page fetch for stock #1446086 — time budget already exhausted.
[2026-07-24 05:15:38] [MotusApiImporter] After enrichFromDetailPage() — engine_capacity_cc=NULL, image_urls count=1
[2026-07-24 05:15:38] [MotusApiImporter] findExistingCar() -> EXISTING car id=1489
[2026-07-24 05:15:38] [MotusApiImporter] updateCar() completed for existing id=1489.
[2026-07-24 05:15:38] [MotusApiImporter] --- Processing row 69 (stock/sku: 1446654) ---
[2026-07-24 05:15:38] [MotusApiImporter] parseVehicle() OK — make=AUDI, model=Q2, source_url=https://www.motusvw.co.za/midrand/showroom/625-vwmdf872129/1/, image_urls count=1
[2026-07-24 05:15:38] [MotusApiImporter] Skipped detail-page fetch for stock #1446654 — time budget already exhausted.
[2026-07-24 05:15:38] [MotusApiImporter] After enrichFromDetailPage() — engine_capacity_cc=NULL, image_urls count=1
[2026-07-24 05:15:38] [MotusApiImporter] findExistingCar() -> EXISTING car id=1490
[2026-07-24 05:15:38] [MotusApiImporter] updateCar() completed for existing id=1490.
[2026-07-24 05:15:38] [MotusApiImporter] --- Processing row 70 (stock/sku: 1449184) ---
[2026-07-24 05:15:38] [MotusApiImporter] parseVehicle() OK — make=FORD, model=RANGER, source_url=https://www.motusvw.co.za/midrand/showroom/625-vwmdf895758/1/, image_urls count=1
[2026-07-24 05:15:38] [MotusApiImporter] Skipped detail-page fetch for stock #1449184 — time budget already exhausted.
[2026-07-24 05:15:38] [MotusApiImporter] After enrichFromDetailPage() — engine_capacity_cc=NULL, image_urls count=1
[2026-07-24 05:15:38] [MotusApiImporter] findExistingCar() -> EXISTING car id=1588
[2026-07-24 05:15:38] [MotusApiImporter] updateCar() completed for existing id=1588.
[2026-07-24 05:15:38] [MotusApiImporter] --- Processing row 71 (stock/sku: 1448032) ---
[2026-07-24 05:15:38] [MotusApiImporter] parseVehicle() OK — make=HYUNDAI, model=GRAND CRETA, source_url=https://www.motusvw.co.za/midrand/showroom/625-vwmvusc853094/1/, image_urls count=1
[2026-07-24 05:15:38] [MotusApiImporter] Skipped detail-page fetch for stock #1448032 — time budget already exhausted.
[2026-07-24 05:15:38] [MotusApiImporter] After enrichFromDetailPage() — engine_capacity_cc=NULL, image_urls count=1
[2026-07-24 05:15:38] [MotusApiImporter] findExistingCar() -> EXISTING car id=1491
[2026-07-24 05:15:38] [MotusApiImporter] updateCar() completed for existing id=1491.
[2026-07-24 05:15:38] [MotusApiImporter] --- Processing row 72 (stock/sku: 1446809) ---
[2026-07-24 05:15:38] [MotusApiImporter] parseVehicle() OK — make=KIA, model=PICANTO, source_url=https://www.motusvw.co.za/midrand/showroom/625-vwmdf894445/1/, image_urls count=1
[2026-07-24 05:15:38] [MotusApiImporter] Skipped detail-page fetch for stock #1446809 — time budget already exhausted.
[2026-07-24 05:15:38] [MotusApiImporter] After enrichFromDetailPage() — engine_capacity_cc=NULL, image_urls count=1
[2026-07-24 05:15:38] [MotusApiImporter] findExistingCar() -> EXISTING car id=1492
[2026-07-24 05:15:38] [MotusApiImporter] updateCar() completed for existing id=1492.
[2026-07-24 05:15:38] [MotusApiImporter] --- Processing row 73 (stock/sku: 1446810) ---
[2026-07-24 05:15:38] [MotusApiImporter] parseVehicle() OK — make=NISSAN, model=MAGNITE, source_url=https://www.motusvw.co.za/midrand/showroom/625-vwmdf894838/1/, image_urls count=1
[2026-07-24 05:15:38] [MotusApiImporter] Skipped detail-page fetch for stock #1446810 — time budget already exhausted.
[2026-07-24 05:15:38] [MotusApiImporter] After enrichFromDetailPage() — engine_capacity_cc=NULL, image_urls count=1
[2026-07-24 05:15:38] [MotusApiImporter] findExistingCar() -> EXISTING car id=1493
[2026-07-24 05:15:38] [MotusApiImporter] updateCar() completed for existing id=1493.
[2026-07-24 05:15:38] [MotusApiImporter] --- Processing row 74 (stock/sku: 1446523) ---
[2026-07-24 05:15:38] [MotusApiImporter] parseVehicle() OK — make=TOYOTA, model=COROLLA CROSS, source_url=https://www.motusvw.co.za/midrand/showroom/625-bm037used896315/1/, image_urls count=1
[2026-07-24 05:15:38] [MotusApiImporter] Skipped detail-page fetch for stock #1446523 — time budget already exhausted.
[2026-07-24 05:15:38] [MotusApiImporter] After enrichFromDetailPage() — engine_capacity_cc=NULL, image_urls count=1
[2026-07-24 05:15:38] [MotusApiImporter] findExistingCar() -> EXISTING car id=1494
[2026-07-24 05:15:38] [MotusApiImporter] updateCar() completed for existing id=1494.
[2026-07-24 05:15:38] [MotusApiImporter] --- Processing row 75 (stock/sku: 1445994) ---
[2026-07-24 05:15:38] [MotusApiImporter] parseVehicle() OK — make=TOYOTA, model=HILUX, source_url=https://www.motusvw.co.za/midrand/showroom/625-vwmdf892356/1/, image_urls count=1
[2026-07-24 05:15:38] [MotusApiImporter] Skipped detail-page fetch for stock #1445994 — time budget already exhausted.
[2026-07-24 05:15:38] [MotusApiImporter] After enrichFromDetailPage() — engine_capacity_cc=NULL, image_urls count=1
[2026-07-24 05:15:38] [MotusApiImporter] findExistingCar() -> EXISTING car id=1495
[2026-07-24 05:15:38] [MotusApiImporter] updateCar() completed for existing id=1495.
[2026-07-24 05:15:38] [MotusApiImporter] --- Processing row 76 (stock/sku: 1446028) ---
[2026-07-24 05:15:38] [MotusApiImporter] parseVehicle() OK — make=VOLKSWAGEN, model=AMAROK, source_url=https://www.motusvw.co.za/midrand/showroom/625-vwmdf850170/1/, image_urls count=1
[2026-07-24 05:15:38] [MotusApiImporter] Skipped detail-page fetch for stock #1446028 — time budget already exhausted.
[2026-07-24 05:15:38] [MotusApiImporter] After enrichFromDetailPage() — engine_capacity_cc=NULL, image_urls count=1
[2026-07-24 05:15:38] [MotusApiImporter] findExistingCar() -> EXISTING car id=1496
[2026-07-24 05:15:38] [MotusApiImporter] updateCar() completed for existing id=1496.
[2026-07-24 05:15:38] [MotusApiImporter] --- Processing row 77 (stock/sku: 1445881) ---
[2026-07-24 05:15:38] [MotusApiImporter] parseVehicle() OK — make=VOLKSWAGEN, model=POLO, source_url=https://www.motusvw.co.za/midrand/showroom/625-vwmdf894037/1/, image_urls count=1
[2026-07-24 05:15:38] [MotusApiImporter] Skipped detail-page fetch for stock #1445881 — time budget already exhausted.
[2026-07-24 05:15:38] [MotusApiImporter] After enrichFromDetailPage() — engine_capacity_cc=NULL, image_urls count=1
[2026-07-24 05:15:38] [MotusApiImporter] findExistingCar() -> EXISTING car id=1497
[2026-07-24 05:15:38] [MotusApiImporter] updateCar() completed for existing id=1497.
[2026-07-24 05:15:38] [MotusApiImporter] --- Processing row 78 (stock/sku: 1446323) ---
[2026-07-24 05:15:38] [MotusApiImporter] parseVehicle() OK — make=VOLKSWAGEN, model=POLO, source_url=https://www.motusvw.co.za/midrand/showroom/625-vwmdf888345/1/, image_urls count=1
[2026-07-24 05:15:38] [MotusApiImporter] Skipped detail-page fetch for stock #1446323 — time budget already exhausted.
[2026-07-24 05:15:38] [MotusApiImporter] After enrichFromDetailPage() — engine_capacity_cc=NULL, image_urls count=1
[2026-07-24 05:15:38] [MotusApiImporter] findExistingCar() -> EXISTING car id=1498
[2026-07-24 05:15:38] [MotusApiImporter] updateCar() completed for existing id=1498.
[2026-07-24 05:15:38] [MotusApiImporter] --- Processing row 79 (stock/sku: 1446790) ---
[2026-07-24 05:15:38] [MotusApiImporter] parseVehicle() OK — make=VOLKSWAGEN, model=T-CROSS, source_url=https://www.motusvw.co.za/midrand/showroom/625-vwmdf839567/1/, image_urls count=1
[2026-07-24 05:15:38] [MotusApiImporter] Skipped detail-page fetch for stock #1446790 — time budget already exhausted.
[2026-07-24 05:15:38] [MotusApiImporter] After enrichFromDetailPage() — engine_capacity_cc=NULL, image_urls count=1
[2026-07-24 05:15:38] [MotusApiImporter] findExistingCar() -> EXISTING car id=1499
[2026-07-24 05:15:38] [MotusApiImporter] updateCar() completed for existing id=1499.
[2026-07-24 05:15:38] [MotusApiImporter] --- Processing row 80 (stock/sku: 1446786) ---
[2026-07-24 05:15:38] [MotusApiImporter] parseVehicle() OK — make=VOLKSWAGEN, model=T-CROSS, source_url=https://www.motusvw.co.za/midrand/showroom/625-vwmdf843717/8/, image_urls count=1
[2026-07-24 05:15:38] [MotusApiImporter] Skipped detail-page fetch for stock #1446786 — time budget already exhausted.
[2026-07-24 05:15:38] [MotusApiImporter] After enrichFromDetailPage() — engine_capacity_cc=NULL, image_urls count=1
[2026-07-24 05:15:38] [MotusApiImporter] findExistingCar() -> EXISTING car id=1500
[2026-07-24 05:15:38] [MotusApiImporter] updateCar() completed for existing id=1500.
[2026-07-24 05:15:38] [MotusApiImporter] --- Processing row 81 (stock/sku: 1445882) ---
[2026-07-24 05:15:38] [MotusApiImporter] parseVehicle() OK — make=VOLKSWAGEN, model=T-ROC, source_url=https://www.motusvw.co.za/midrand/showroom/625-vwmdf894108/1/, image_urls count=1
[2026-07-24 05:15:38] [MotusApiImporter] Skipped detail-page fetch for stock #1445882 — time budget already exhausted.
[2026-07-24 05:15:38] [MotusApiImporter] After enrichFromDetailPage() — engine_capacity_cc=NULL, image_urls count=1
[2026-07-24 05:15:38] [MotusApiImporter] findExistingCar() -> EXISTING car id=1501
[2026-07-24 05:15:38] [MotusApiImporter] updateCar() completed for existing id=1501.
[2026-07-24 05:15:38] [MotusApiImporter] --- Processing row 82 (stock/sku: 1445751) ---
[2026-07-24 05:15:38] [MotusApiImporter] parseVehicle() OK — make=VOLKSWAGEN, model=TAIGO, source_url=https://www.motusvw.co.za/midrand/showroom/625-vwmdf874038/1/, image_urls count=1
[2026-07-24 05:15:38] [MotusApiImporter] Skipped detail-page fetch for stock #1445751 — time budget already exhausted.
[2026-07-24 05:15:38] [MotusApiImporter] After enrichFromDetailPage() — engine_capacity_cc=NULL, image_urls count=1
[2026-07-24 05:15:38] [MotusApiImporter] findExistingCar() -> EXISTING car id=1502
[2026-07-24 05:15:38] [MotusApiImporter] updateCar() completed for existing id=1502.
[2026-07-24 05:15:38] [MotusApiImporter] --- Processing row 83 (stock/sku: 1446249) ---
[2026-07-24 05:15:38] [MotusApiImporter] parseVehicle() OK — make=SUZUKI, model=SWIFT, source_url=https://www.motusvw.co.za/midrand/showroom/625-vwmdf889410/1/, image_urls count=1
[2026-07-24 05:15:38] [MotusApiImporter] Skipped detail-page fetch for stock #1446249 — time budget already exhausted.
[2026-07-24 05:15:38] [MotusApiImporter] After enrichFromDetailPage() — engine_capacity_cc=NULL, image_urls count=1
[2026-07-24 05:15:38] [MotusApiImporter] findExistingCar() -> EXISTING car id=1503
[2026-07-24 05:15:38] [MotusApiImporter] updateCar() completed for existing id=1503.
[2026-07-24 05:15:38] [MotusApiImporter] --- Processing row 84 (stock/sku: 1445799) ---
[2026-07-24 05:15:38] [MotusApiImporter] parseVehicle() OK — make=SUZUKI, model=SWIFT, source_url=https://www.motusvw.co.za/midrand/showroom/625-vwmdf895482/1/, image_urls count=1
[2026-07-24 05:15:38] [MotusApiImporter] Skipped detail-page fetch for stock #1445799 — time budget already exhausted.
[2026-07-24 05:15:38] [MotusApiImporter] After enrichFromDetailPage() — engine_capacity_cc=NULL, image_urls count=1
[2026-07-24 05:15:38] [MotusApiImporter] findExistingCar() -> EXISTING car id=1504
[2026-07-24 05:15:38] [MotusApiImporter] updateCar() completed for existing id=1504.
[2026-07-24 05:15:38] [MotusApiImporter] --- Processing row 85 (stock/sku: 1445871) ---
[2026-07-24 05:15:38] [MotusApiImporter] parseVehicle() OK — make=SUZUKI, model=SWIFT, source_url=https://www.motusvw.co.za/midrand/showroom/625-vwmdf894155/1/, image_urls count=1
[2026-07-24 05:15:38] [MotusApiImporter] Skipped detail-page fetch for stock #1445871 — time budget already exhausted.
[2026-07-24 05:15:38] [MotusApiImporter] After enrichFromDetailPage() — engine_capacity_cc=NULL, image_urls count=1
[2026-07-24 05:15:38] [MotusApiImporter] findExistingCar() -> EXISTING car id=1505
[2026-07-24 05:15:38] [MotusApiImporter] updateCar() completed for existing id=1505.
[2026-07-24 05:15:38] [MotusApiImporter] --- Processing row 86 (stock/sku: 1445800) ---
[2026-07-24 05:15:38] [MotusApiImporter] parseVehicle() OK — make=SUZUKI, model=SWIFT, source_url=https://www.motusvw.co.za/midrand/showroom/625-vwmdf895483/1/, image_urls count=1
[2026-07-24 05:15:38] [MotusApiImporter] Skipped detail-page fetch for stock #1445800 — time budget already exhausted.
[2026-07-24 05:15:38] [MotusApiImporter] After enrichFromDetailPage() — engine_capacity_cc=NULL, image_urls count=1
[2026-07-24 05:15:38] [MotusApiImporter] findExistingCar() -> EXISTING car id=1506
[2026-07-24 05:15:38] [MotusApiImporter] updateCar() completed for existing id=1506.
[2026-07-24 05:15:38] [MotusApiImporter] --- Processing row 87 (stock/sku: 1446293) ---
[2026-07-24 05:15:38] [MotusApiImporter] parseVehicle() OK — make=TOYOTA, model=STARLET, source_url=https://www.motusvw.co.za/midrand/showroom/625-vwmdf888699/1/, image_urls count=1
[2026-07-24 05:15:38] [MotusApiImporter] Skipped detail-page fetch for stock #1446293 — time budget already exhausted.
[2026-07-24 05:15:38] [MotusApiImporter] After enrichFromDetailPage() — engine_capacity_cc=NULL, image_urls count=1
[2026-07-24 05:15:38] [MotusApiImporter] findExistingCar() -> EXISTING car id=1507
[2026-07-24 05:15:38] [MotusApiImporter] updateCar() completed for existing id=1507.
[2026-07-24 05:15:38] [MotusApiImporter] --- Processing row 88 (stock/sku: 1446743) ---
[2026-07-24 05:15:38] [MotusApiImporter] parseVehicle() OK — make=VOLKSWAGEN, model=AMAROK, source_url=https://www.motusvw.co.za/midrand/showroom/625-vwmdf861452/1/, image_urls count=1
[2026-07-24 05:15:38] [MotusApiImporter] Skipped detail-page fetch for stock #1446743 — time budget already exhausted.
[2026-07-24 05:15:38] [MotusApiImporter] After enrichFromDetailPage() — engine_capacity_cc=NULL, image_urls count=1
[2026-07-24 05:15:38] [MotusApiImporter] findExistingCar() -> EXISTING car id=1508
[2026-07-24 05:15:38] [MotusApiImporter] updateCar() completed for existing id=1508.
[2026-07-24 05:15:38] [MotusApiImporter] --- Processing row 89 (stock/sku: 1446558) ---
[2026-07-24 05:15:38] [MotusApiImporter] parseVehicle() OK — make=VOLKSWAGEN, model=POLO, source_url=https://www.motusvw.co.za/midrand/showroom/625-vwmdf876638/1/, image_urls count=1
[2026-07-24 05:15:38] [MotusApiImporter] Skipped detail-page fetch for stock #1446558 — time budget already exhausted.
[2026-07-24 05:15:38] [MotusApiImporter] After enrichFromDetailPage() — engine_capacity_cc=NULL, image_urls count=1
[2026-07-24 05:15:38] [MotusApiImporter] findExistingCar() -> EXISTING car id=1509
[2026-07-24 05:15:38] [MotusApiImporter] updateCar() completed for existing id=1509.
[2026-07-24 05:15:38] [MotusApiImporter] --- Processing row 90 (stock/sku: 1446729) ---
[2026-07-24 05:15:38] [MotusApiImporter] parseVehicle() OK — make=VOLKSWAGEN, model=POLO, source_url=https://www.motusvw.co.za/midrand/showroom/625-vwmdf864742/3/, image_urls count=1
[2026-07-24 05:15:38] [MotusApiImporter] Skipped detail-page fetch for stock #1446729 — time budget already exhausted.
[2026-07-24 05:15:38] [MotusApiImporter] After enrichFromDetailPage() — engine_capacity_cc=NULL, image_urls count=1
[2026-07-24 05:15:38] [MotusApiImporter] findExistingCar() -> EXISTING car id=1510
[2026-07-24 05:15:38] [MotusApiImporter] updateCar() completed for existing id=1510.
[2026-07-24 05:15:38] [MotusApiImporter] --- Processing row 91 (stock/sku: 1446763) ---
[2026-07-24 05:15:38] [MotusApiImporter] parseVehicle() OK — make=VOLKSWAGEN, model=POLO VIVO, source_url=https://www.motusvw.co.za/midrand/showroom/625-vwmdf858161/1/, image_urls count=1
[2026-07-24 05:15:38] [MotusApiImporter] Skipped detail-page fetch for stock #1446763 — time budget already exhausted.
[2026-07-24 05:15:38] [MotusApiImporter] After enrichFromDetailPage() — engine_capacity_cc=NULL, image_urls count=1
[2026-07-24 05:15:38] [MotusApiImporter] findExistingCar() -> EXISTING car id=1511
[2026-07-24 05:15:38] [MotusApiImporter] updateCar() completed for existing id=1511.
[2026-07-24 05:15:38] [MotusApiImporter] --- Processing row 92 (stock/sku: 1446755) ---
[2026-07-24 05:15:38] [MotusApiImporter] parseVehicle() OK — make=VOLKSWAGEN, model=POLO VIVO, source_url=https://www.motusvw.co.za/midrand/showroom/625-vwmdf859179/4/, image_urls count=1
[2026-07-24 05:15:38] [MotusApiImporter] Skipped detail-page fetch for stock #1446755 — time budget already exhausted.
[2026-07-24 05:15:38] [MotusApiImporter] After enrichFromDetailPage() — engine_capacity_cc=NULL, image_urls count=1
[2026-07-24 05:15:38] [MotusApiImporter] findExistingCar() -> EXISTING car id=1512
[2026-07-24 05:15:38] [MotusApiImporter] updateCar() completed for existing id=1512.
[2026-07-24 05:15:38] [MotusApiImporter] --- Processing row 93 (stock/sku: 1446746) ---
[2026-07-24 05:15:38] [MotusApiImporter] parseVehicle() OK — make=VOLKSWAGEN, model=POLO VIVO, source_url=https://www.motusvw.co.za/midrand/showroom/625-vwmdf860907/1/, image_urls count=1
[2026-07-24 05:15:38] [MotusApiImporter] Skipped detail-page fetch for stock #1446746 — time budget already exhausted.
[2026-07-24 05:15:38] [MotusApiImporter] After enrichFromDetailPage() — engine_capacity_cc=NULL, image_urls count=1
[2026-07-24 05:15:38] [MotusApiImporter] findExistingCar() -> EXISTING car id=1513
[2026-07-24 05:15:38] [MotusApiImporter] updateCar() completed for existing id=1513.
[2026-07-24 05:15:38] [MotusApiImporter] --- Processing row 94 (stock/sku: 1446711) ---
[2026-07-24 05:15:38] [MotusApiImporter] parseVehicle() OK — make=VOLKSWAGEN, model=POLO VIVO, source_url=https://www.motusvw.co.za/midrand/showroom/625-vwmdf868173/2/, image_urls count=1
[2026-07-24 05:15:38] [MotusApiImporter] Skipped detail-page fetch for stock #1446711 — time budget already exhausted.
[2026-07-24 05:15:38] [MotusApiImporter] After enrichFromDetailPage() — engine_capacity_cc=NULL, image_urls count=1
[2026-07-24 05:15:38] [MotusApiImporter] findExistingCar() -> EXISTING car id=1514
[2026-07-24 05:15:38] [MotusApiImporter] updateCar() completed for existing id=1514.
[2026-07-24 05:15:38] [MotusApiImporter] --- Processing row 95 (stock/sku: 1446694) ---
[2026-07-24 05:15:38] [MotusApiImporter] parseVehicle() OK — make=VOLKSWAGEN, model=POLO VIVO, source_url=https://www.motusvw.co.za/midrand/showroom/625-vwmdf869665/2/, image_urls count=1
[2026-07-24 05:15:38] [MotusApiImporter] Skipped detail-page fetch for stock #1446694 — time budget already exhausted.
[2026-07-24 05:15:38] [MotusApiImporter] After enrichFromDetailPage() — engine_capacity_cc=NULL, image_urls count=1
[2026-07-24 05:15:38] [MotusApiImporter] findExistingCar() -> EXISTING car id=1515
[2026-07-24 05:15:38] [MotusApiImporter] updateCar() completed for existing id=1515.
[2026-07-24 05:15:38] [MotusApiImporter] --- Processing row 96 (stock/sku: 1446751) ---
[2026-07-24 05:15:38] [MotusApiImporter] parseVehicle() OK — make=VOLKSWAGEN, model=T-CROSS, source_url=https://www.motusvw.co.za/midrand/showroom/625-vwmdf860129/3/, image_urls count=1
[2026-07-24 05:15:38] [MotusApiImporter] Skipped detail-page fetch for stock #1446751 — time budget already exhausted.
[2026-07-24 05:15:38] [MotusApiImporter] After enrichFromDetailPage() — engine_capacity_cc=NULL, image_urls count=1
[2026-07-24 05:15:38] [MotusApiImporter] findExistingCar() -> EXISTING car id=1516
[2026-07-24 05:15:38] [MotusApiImporter] updateCar() completed for existing id=1516.
[2026-07-24 05:15:38] [MotusApiImporter] --- Processing row 97 (stock/sku: 1446720) ---
[2026-07-24 05:15:38] [MotusApiImporter] parseVehicle() OK — make=VOLKSWAGEN, model=TAIGO, source_url=https://www.motusvw.co.za/midrand/showroom/625-vwmdf859177/2/, image_urls count=1
[2026-07-24 05:15:38] [MotusApiImporter] Skipped detail-page fetch for stock #1446720 — time budget already exhausted.
[2026-07-24 05:15:38] [MotusApiImporter] After enrichFromDetailPage() — engine_capacity_cc=NULL, image_urls count=1
[2026-07-24 05:15:38] [MotusApiImporter] findExistingCar() -> EXISTING car id=1517
[2026-07-24 05:15:38] [MotusApiImporter] updateCar() completed for existing id=1517.
[2026-07-24 05:15:38] [MotusApiImporter] --- Processing row 98 (stock/sku: 1446118) ---
[2026-07-24 05:15:38] [MotusApiImporter] parseVehicle() OK — make=MG, model=HS, source_url=https://www.motusvw.co.za/midrand/showroom/625-vwmdf890989/1/, image_urls count=1
[2026-07-24 05:15:38] [MotusApiImporter] Skipped detail-page fetch for stock #1446118 — time budget already exhausted.
[2026-07-24 05:15:38] [MotusApiImporter] After enrichFromDetailPage() — engine_capacity_cc=NULL, image_urls count=1
[2026-07-24 05:15:38] [MotusApiImporter] findExistingCar() -> EXISTING car id=1518
[2026-07-24 05:15:38] [MotusApiImporter] updateCar() completed for existing id=1518.
[2026-07-24 05:15:38] [MotusApiImporter] --- Processing row 99 (stock/sku: 1446119) ---
[2026-07-24 05:15:38] [MotusApiImporter] parseVehicle() OK — make=MG, model=MG3, source_url=https://www.motusvw.co.za/midrand/showroom/625-vwmdf890997/1/, image_urls count=1
[2026-07-24 05:15:38] [MotusApiImporter] Skipped detail-page fetch for stock #1446119 — time budget already exhausted.
[2026-07-24 05:15:38] [MotusApiImporter] After enrichFromDetailPage() — engine_capacity_cc=NULL, image_urls count=1
[2026-07-24 05:15:38] [MotusApiImporter] findExistingCar() -> EXISTING car id=1519
[2026-07-24 05:15:38] [MotusApiImporter] updateCar() completed for existing id=1519.
[2026-07-24 05:15:38] [MotusApiImporter] --- Processing row 100 (stock/sku: 1446188) ---
[2026-07-24 05:15:38] [MotusApiImporter] parseVehicle() OK — make=TATA, model=TIAGO, source_url=https://www.motusvw.co.za/midrand/showroom/625-vwmdf891531/1/, image_urls count=1
[2026-07-24 05:15:38] [MotusApiImporter] Skipped detail-page fetch for stock #1446188 — time budget already exhausted.
[2026-07-24 05:15:38] [MotusApiImporter] After enrichFromDetailPage() — engine_capacity_cc=NULL, image_urls count=1
[2026-07-24 05:15:38] [MotusApiImporter] findExistingCar() -> EXISTING car id=1520
[2026-07-24 05:15:38] [MotusApiImporter] updateCar() completed for existing id=1520.
[2026-07-24 05:15:38] [MotusApiImporter] --- Processing row 101 (stock/sku: 1446482) ---
[2026-07-24 05:15:38] [MotusApiImporter] parseVehicle() OK — make=VOLKSWAGEN, model=AMAROK, source_url=https://www.motusvw.co.za/midrand/showroom/625-vwmdf885078/1/, image_urls count=1
[2026-07-24 05:15:38] [MotusApiImporter] Skipped detail-page fetch for stock #1446482 — time budget already exhausted.
[2026-07-24 05:15:38] [MotusApiImporter] After enrichFromDetailPage() — engine_capacity_cc=NULL, image_urls count=1
[2026-07-24 05:15:38] [MotusApiImporter] findExistingCar() -> EXISTING car id=1521
[2026-07-24 05:15:38] [MotusApiImporter] updateCar() completed for existing id=1521.
[2026-07-24 05:15:38] [MotusApiImporter] --- Processing row 102 (stock/sku: 1446648) ---
[2026-07-24 05:15:38] [MotusApiImporter] parseVehicle() OK — make=VOLKSWAGEN, model=CADDY, source_url=https://www.motusvw.co.za/midrand/showroom/625-vwmdf872377/1/, image_urls count=1
[2026-07-24 05:15:38] [MotusApiImporter] Skipped detail-page fetch for stock #1446648 — time budget already exhausted.
[2026-07-24 05:15:38] [MotusApiImporter] After enrichFromDetailPage() — engine_capacity_cc=NULL, image_urls count=1
[2026-07-24 05:15:38] [MotusApiImporter] findExistingCar() -> EXISTING car id=1522
[2026-07-24 05:15:38] [MotusApiImporter] updateCar() completed for existing id=1522.
[2026-07-24 05:15:38] [MotusApiImporter] --- Processing row 103 (stock/sku: 1445922) ---
[2026-07-24 05:15:38] [MotusApiImporter] parseVehicle() OK — make=VOLKSWAGEN, model=POLO VIVO, source_url=https://www.motusvw.co.za/midrand/showroom/625-vwmdf893350/1/, image_urls count=1
[2026-07-24 05:15:38] [MotusApiImporter] Skipped detail-page fetch for stock #1445922 — time budget already exhausted.
[2026-07-24 05:15:38] [MotusApiImporter] After enrichFromDetailPage() — engine_capacity_cc=NULL, image_urls count=1
[2026-07-24 05:15:38] [MotusApiImporter] findExistingCar() -> EXISTING car id=1523
[2026-07-24 05:15:38] [MotusApiImporter] updateCar() completed for existing id=1523.
[2026-07-24 05:15:38] [MotusApiImporter] --- Processing row 104 (stock/sku: 1446628) ---
[2026-07-24 05:15:38] [MotusApiImporter] parseVehicle() OK — make=VOLKSWAGEN, model=POLO VIVO, source_url=https://www.motusvw.co.za/midrand/showroom/625-vwmdf873548/2/, image_urls count=1
[2026-07-24 05:15:38] [MotusApiImporter] Skipped detail-page fetch for stock #1446628 — time budget already exhausted.
[2026-07-24 05:15:38] [MotusApiImporter] After enrichFromDetailPage() — engine_capacity_cc=NULL, image_urls count=1
[2026-07-24 05:15:38] [MotusApiImporter] findExistingCar() -> EXISTING car id=1525
[2026-07-24 05:15:38] [MotusApiImporter] updateCar() completed for existing id=1525.
[2026-07-24 05:15:38] [MotusApiImporter] --- Processing row 105 (stock/sku: 1446506) ---
[2026-07-24 05:15:38] [MotusApiImporter] parseVehicle() OK — make=VOLKSWAGEN, model=POLO VIVO, source_url=https://www.motusvw.co.za/midrand/showroom/625-vwmdf884657/2/, image_urls count=1
[2026-07-24 05:15:38] [MotusApiImporter] Skipped detail-page fetch for stock #1446506 — time budget already exhausted.
[2026-07-24 05:15:38] [MotusApiImporter] After enrichFromDetailPage() — engine_capacity_cc=NULL, image_urls count=1
[2026-07-24 05:15:38] [MotusApiImporter] findExistingCar() -> EXISTING car id=1526
[2026-07-24 05:15:38] [MotusApiImporter] updateCar() completed for existing id=1526.
[2026-07-24 05:15:38] [MotusApiImporter] --- Processing row 106 (stock/sku: 1446432) ---
[2026-07-24 05:15:38] [MotusApiImporter] parseVehicle() OK — make=VOLKSWAGEN, model=POLO VIVO, source_url=https://www.motusvw.co.za/midrand/showroom/625-vwmdf886086/1/, image_urls count=1
[2026-07-24 05:15:38] [MotusApiImporter] Skipped detail-page fetch for stock #1446432 — time budget already exhausted.
[2026-07-24 05:15:38] [MotusApiImporter] After enrichFromDetailPage() — engine_capacity_cc=NULL, image_urls count=1
[2026-07-24 05:15:38] [MotusApiImporter] findExistingCar() -> EXISTING car id=1527
[2026-07-24 05:15:38] [MotusApiImporter] updateCar() completed for existing id=1527.
[2026-07-24 05:15:38] [MotusApiImporter] --- Processing row 107 (stock/sku: 1446409) ---
[2026-07-24 05:15:38] [MotusApiImporter] parseVehicle() OK — make=VOLKSWAGEN, model=POLO VIVO, source_url=https://www.motusvw.co.za/midrand/showroom/625-vwmdf886385/1/, image_urls count=1
[2026-07-24 05:15:38] [MotusApiImporter] Skipped detail-page fetch for stock #1446409 — time budget already exhausted.
[2026-07-24 05:15:38] [MotusApiImporter] After enrichFromDetailPage() — engine_capacity_cc=NULL, image_urls count=1
[2026-07-24 05:15:38] [MotusApiImporter] findExistingCar() -> EXISTING car id=1528
[2026-07-24 05:15:38] [MotusApiImporter] updateCar() completed for existing id=1528.
[2026-07-24 05:15:38] [MotusApiImporter] --- Processing row 108 (stock/sku: 1446322) ---
[2026-07-24 05:15:38] [MotusApiImporter] parseVehicle() OK — make=VOLKSWAGEN, model=POLO VIVO, source_url=https://www.motusvw.co.za/midrand/showroom/625-vwmdf888339/1/, image_urls count=1
[2026-07-24 05:15:38] [MotusApiImporter] Skipped detail-page fetch for stock #1446322 — time budget already exhausted.
[2026-07-24 05:15:38] [MotusApiImporter] After enrichFromDetailPage() — engine_capacity_cc=NULL, image_urls count=1
[2026-07-24 05:15:38] [MotusApiImporter] findExistingCar() -> EXISTING car id=1529
[2026-07-24 05:15:38] [MotusApiImporter] updateCar() completed for existing id=1529.
[2026-07-24 05:15:38] [MotusApiImporter] --- Processing row 109 (stock/sku: 1446321) ---
[2026-07-24 05:15:38] [MotusApiImporter] parseVehicle() OK — make=VOLKSWAGEN, model=POLO VIVO, source_url=https://www.motusvw.co.za/midrand/showroom/625-vwmdf888337/1/, image_urls count=1
[2026-07-24 05:15:38] [MotusApiImporter] Skipped detail-page fetch for stock #1446321 — time budget already exhausted.
[2026-07-24 05:15:38] [MotusApiImporter] After enrichFromDetailPage() — engine_capacity_cc=NULL, image_urls count=1
[2026-07-24 05:15:38] [MotusApiImporter] findExistingCar() -> EXISTING car id=1530
[2026-07-24 05:15:38] [MotusApiImporter] updateCar() completed for existing id=1530.
[2026-07-24 05:15:38] [MotusApiImporter] --- Processing row 110 (stock/sku: 1446314) ---
[2026-07-24 05:15:38] [MotusApiImporter] parseVehicle() OK — make=VOLKSWAGEN, model=POLO VIVO, source_url=https://www.motusvw.co.za/midrand/showroom/625-vwmdf888462/1/, image_urls count=1
[2026-07-24 05:15:38] [MotusApiImporter] Skipped detail-page fetch for stock #1446314 — time budget already exhausted.
[2026-07-24 05:15:38] [MotusApiImporter] After enrichFromDetailPage() — engine_capacity_cc=NULL, image_urls count=1
[2026-07-24 05:15:38] [MotusApiImporter] findExistingCar() -> EXISTING car id=1531
[2026-07-24 05:15:38] [MotusApiImporter] updateCar() completed for existing id=1531.
[2026-07-24 05:15:38] [MotusApiImporter] --- Processing row 111 (stock/sku: 1446181) ---
[2026-07-24 05:15:38] [MotusApiImporter] parseVehicle() OK — make=VOLKSWAGEN, model=POLO VIVO, source_url=https://www.motusvw.co.za/midrand/showroom/625-vwmdf890179/3/, image_urls count=1
[2026-07-24 05:15:38] [MotusApiImporter] Skipped detail-page fetch for stock #1446181 — time budget already exhausted.
[2026-07-24 05:15:38] [MotusApiImporter] After enrichFromDetailPage() — engine_capacity_cc=NULL, image_urls count=1
[2026-07-24 05:15:38] [MotusApiImporter] findExistingCar() -> EXISTING car id=1532
[2026-07-24 05:15:38] [MotusApiImporter] updateCar() completed for existing id=1532.
[2026-07-24 05:15:38] [MotusApiImporter] --- Processing row 112 (stock/sku: 1449179) ---
[2026-07-24 05:15:38] [MotusApiImporter] parseVehicle() OK — make=VOLKSWAGEN, model=POLO VIVO, source_url=https://www.motusvw.co.za/midrand/showroom/625-vwmdf875858/2/, image_urls count=1
[2026-07-24 05:15:38] [MotusApiImporter] Skipped detail-page fetch for stock #1449179 — time budget already exhausted.
[2026-07-24 05:15:38] [MotusApiImporter] After enrichFromDetailPage() — engine_capacity_cc=NULL, image_urls count=1
[2026-07-24 05:15:38] [MotusApiImporter] findExistingCar() -> EXISTING car id=1589
[2026-07-24 05:15:38] [MotusApiImporter] updateCar() completed for existing id=1589.
[2026-07-24 05:15:38] [MotusApiImporter] --- Processing row 113 (stock/sku: 1446179) ---
[2026-07-24 05:15:38] [MotusApiImporter] parseVehicle() OK — make=VOLKSWAGEN, model=POLO VIVO, source_url=https://www.motusvw.co.za/midrand/showroom/625-vwmdf890169/1/, image_urls count=1
[2026-07-24 05:15:38] [MotusApiImporter] Skipped detail-page fetch for stock #1446179 — time budget already exhausted.
[2026-07-24 05:15:38] [MotusApiImporter] After enrichFromDetailPage() — engine_capacity_cc=NULL, image_urls count=1
[2026-07-24 05:15:38] [MotusApiImporter] findExistingCar() -> EXISTING car id=1533
[2026-07-24 05:15:38] [MotusApiImporter] updateCar() completed for existing id=1533.
[2026-07-24 05:15:38] [MotusApiImporter] --- Processing row 114 (stock/sku: 1446333) ---
[2026-07-24 05:15:38] [MotusApiImporter] parseVehicle() OK — make=VOLKSWAGEN, model=POLO VIVO, source_url=https://www.motusvw.co.za/midrand/showroom/625-vwmdf888093/1/, image_urls count=1
[2026-07-24 05:15:38] [MotusApiImporter] Skipped detail-page fetch for stock #1446333 — time budget already exhausted.
[2026-07-24 05:15:38] [MotusApiImporter] After enrichFromDetailPage() — engine_capacity_cc=NULL, image_urls count=1
[2026-07-24 05:15:38] [MotusApiImporter] findExistingCar() -> EXISTING car id=1534
[2026-07-24 05:15:38] [MotusApiImporter] updateCar() completed for existing id=1534.
[2026-07-24 05:15:38] [MotusApiImporter] --- Processing row 115 (stock/sku: 1446180) ---
[2026-07-24 05:15:38] [MotusApiImporter] parseVehicle() OK — make=VOLKSWAGEN, model=POLO VIVO, source_url=https://www.motusvw.co.za/midrand/showroom/625-vwmdf890170/1/, image_urls count=1
[2026-07-24 05:15:38] [MotusApiImporter] Skipped detail-page fetch for stock #1446180 — time budget already exhausted.
[2026-07-24 05:15:38] [MotusApiImporter] After enrichFromDetailPage() — engine_capacity_cc=NULL, image_urls count=1
[2026-07-24 05:15:38] [MotusApiImporter] findExistingCar() -> EXISTING car id=1535
[2026-07-24 05:15:38] [MotusApiImporter] updateCar() completed for existing id=1535.
[2026-07-24 05:15:38] [MotusApiImporter] --- Processing row 116 (stock/sku: 1446261) ---
[2026-07-24 05:15:38] [MotusApiImporter] parseVehicle() OK — make=VOLKSWAGEN, model=POLO VIVO, source_url=https://www.motusvw.co.za/midrand/showroom/625-vwmdf889143/1/, image_urls count=1
[2026-07-24 05:15:38] [MotusApiImporter] Skipped detail-page fetch for stock #1446261 — time budget already exhausted.
[2026-07-24 05:15:38] [MotusApiImporter] After enrichFromDetailPage() — engine_capacity_cc=NULL, image_urls count=1
[2026-07-24 05:15:38] [MotusApiImporter] findExistingCar() -> EXISTING car id=1536
[2026-07-24 05:15:38] [MotusApiImporter] updateCar() completed for existing id=1536.
[2026-07-24 05:15:38] [MotusApiImporter] --- Processing row 117 (stock/sku: 1446533) ---
[2026-07-24 05:15:38] [MotusApiImporter] parseVehicle() OK — make=VOLKSWAGEN, model=T-CROSS, source_url=https://www.motusvw.co.za/midrand/showroom/625-vwmdf883411/2/, image_urls count=1
[2026-07-24 05:15:38] [MotusApiImporter] Skipped detail-page fetch for stock #1446533 — time budget already exhausted.
[2026-07-24 05:15:38] [MotusApiImporter] After enrichFromDetailPage() — engine_capacity_cc=NULL, image_urls count=1
[2026-07-24 05:15:38] [MotusApiImporter] findExistingCar() -> EXISTING car id=1537
[2026-07-24 05:15:38] [MotusApiImporter] updateCar() completed for existing id=1537.
[2026-07-24 05:15:38] [MotusApiImporter] --- Processing row 118 (stock/sku: 1446610) ---
[2026-07-24 05:15:38] [MotusApiImporter] parseVehicle() OK — make=VOLKSWAGEN, model=TRANSPORTER, source_url=https://www.motusvw.co.za/midrand/showroom/625-vwmdf875570/1/, image_urls count=1
[2026-07-24 05:15:38] [MotusApiImporter] Skipped detail-page fetch for stock #1446610 — time budget already exhausted.
[2026-07-24 05:15:38] [MotusApiImporter] After enrichFromDetailPage() — engine_capacity_cc=NULL, image_urls count=1
[2026-07-24 05:15:38] [MotusApiImporter] findExistingCar() -> EXISTING car id=1538
[2026-07-24 05:15:38] [MotusApiImporter] updateCar() completed for existing id=1538.
[2026-07-24 05:15:38] [MotusApiImporter] sync() FINISHED — {"imported":0,"updated":119,"skipped":0,"failed":0}
[2026-07-24 09:56:10] [MotusApiImporter] sync() STARTED — dealerId=14, sourceRef=https://www.motusvw.co.za/midrand/showroom/
[2026-07-24 09:56:10] [MotusApiImporter] Time budget: 35s, dealerNameFilter="Motus VW Midrand"
[2026-07-24 09:56:12] [MotusApiImporter] crawlDealership() returned 119 row(s) before dealer-name filtering.
[2026-07-24 09:56:12] [MotusApiImporter] After filterByDealerName(): 119 row(s) remain.
[2026-07-24 09:56:12] [MotusApiImporter] --- Processing row 0 (stock/sku: 1446776) ---
[2026-07-24 09:56:12] [MotusApiImporter] parseVehicle() OK — make=VOLKSWAGEN, model=POLO, source_url=https://www.motusvw.co.za/midrand/showroom/625-vwmdf852273/5/, image_urls count=1
[2026-07-24 09:56:13] [MotusApiImporter] Detail page fetched OK for stock #1446776 (https://www.motusvw.co.za/midrand/showroom/625-vwmdf852273/5/) but MotusShowroomParser found no vehicle node in it — the page's markup may not match what this parser expects (e.g. a bot-challenge/interstitial page instead of the real vehicle page).
[2026-07-24 09:56:13] [MotusApiImporter] Dumped raw HTML for stock #1446776 to /home/u637509541/domains/salesdesk.co.za/public_html/includes/importers/motus-debug-failed-page.html (92573 bytes) for comparison against the known-good static file.
[2026-07-24 09:56:13] [MotusApiImporter] After enrichFromDetailPage() — engine_capacity_cc=NULL, image_urls count=1
[2026-07-24 09:56:13] [MotusApiImporter] findExistingCar() -> EXISTING car id=1419
[2026-07-24 09:56:13] [MotusApiImporter] updateCar() completed for existing id=1419.
[2026-07-24 09:56:13] [MotusApiImporter] --- Processing row 1 (stock/sku: 1446299) ---
[2026-07-24 09:56:13] [MotusApiImporter] parseVehicle() OK — make=VOLKSWAGEN, model=GOLF 8, source_url=https://www.motusvw.co.za/midrand/showroom/625-vwmdf888609/1/, image_urls count=1
[2026-07-24 09:56:15] [MotusApiImporter] Detail page fetched OK for stock #1446299 (https://www.motusvw.co.za/midrand/showroom/625-vwmdf888609/1/) but MotusShowroomParser found no vehicle node in it — the page's markup may not match what this parser expects (e.g. a bot-challenge/interstitial page instead of the real vehicle page).
[2026-07-24 09:56:15] [MotusApiImporter] After enrichFromDetailPage() — engine_capacity_cc=NULL, image_urls count=1
[2026-07-24 09:56:15] [MotusApiImporter] findExistingCar() -> EXISTING car id=1420
[2026-07-24 09:56:15] [MotusApiImporter] updateCar() completed for existing id=1420.
[2026-07-24 09:56:15] [MotusApiImporter] --- Processing row 2 (stock/sku: 1446532) ---
[2026-07-24 09:56:15] [MotusApiImporter] parseVehicle() OK — make=VOLKSWAGEN, model=POLO, source_url=https://www.motusvw.co.za/midrand/showroom/625-vwmdf883395/1/, image_urls count=1
[2026-07-24 09:56:17] [MotusApiImporter] Detail page fetched OK for stock #1446532 (https://www.motusvw.co.za/midrand/showroom/625-vwmdf883395/1/) but MotusShowroomParser found no vehicle node in it — the page's markup may not match what this parser expects (e.g. a bot-challenge/interstitial page instead of the real vehicle page).
[2026-07-24 09:56:17] [MotusApiImporter] After enrichFromDetailPage() — engine_capacity_cc=NULL, image_urls count=1
[2026-07-24 09:56:17] [MotusApiImporter] findExistingCar() -> EXISTING car id=1421
[2026-07-24 09:56:17] [MotusApiImporter] updateCar() completed for existing id=1421.
[2026-07-24 09:56:17] [MotusApiImporter] --- Processing row 3 (stock/sku: 1446295) ---
[2026-07-24 09:56:17] [MotusApiImporter] parseVehicle() OK — make=VOLKSWAGEN, model=POLO, source_url=https://www.motusvw.co.za/midrand/showroom/625-vwmdf888735/1/, image_urls count=1
[2026-07-24 09:56:19] [MotusApiImporter] Detail page fetched OK for stock #1446295 (https://www.motusvw.co.za/midrand/showroom/625-vwmdf888735/1/) but MotusShowroomParser found no vehicle node in it — the page's markup may not match what this parser expects (e.g. a bot-challenge/interstitial page instead of the real vehicle page).
[2026-07-24 09:56:19] [MotusApiImporter] After enrichFromDetailPage() — engine_capacity_cc=NULL, image_urls count=1
[2026-07-24 09:56:19] [MotusApiImporter] findExistingCar() -> EXISTING car id=1422
[2026-07-24 09:56:19] [MotusApiImporter] updateCar() completed for existing id=1422.
[2026-07-24 09:56:19] [MotusApiImporter] --- Processing row 4 (stock/sku: 1446601) ---
[2026-07-24 09:56:19] [MotusApiImporter] parseVehicle() OK — make=VOLKSWAGEN, model=POLO, source_url=https://www.motusvw.co.za/midrand/showroom/625-bm030used887224/1/, image_urls count=1
[2026-07-24 09:56:20] [MotusApiImporter] Detail page fetched OK for stock #1446601 (https://www.motusvw.co.za/midrand/showroom/625-bm030used887224/1/) but MotusShowroomParser found no vehicle node in it — the page's markup may not match what this parser expects (e.g. a bot-challenge/interstitial page instead of the real vehicle page).
[2026-07-24 09:56:20] [MotusApiImporter] After enrichFromDetailPage() — engine_capacity_cc=NULL, image_urls count=1
[2026-07-24 09:56:20] [MotusApiImporter] findExistingCar() -> EXISTING car id=1423
[2026-07-24 09:56:20] [MotusApiImporter] updateCar() completed for existing id=1423.
[2026-07-24 09:56:20] [MotusApiImporter] --- Processing row 5 (stock/sku: 1446065) ---
[2026-07-24 09:56:20] [MotusApiImporter] parseVehicle() OK — make=VOLKSWAGEN, model=POLO, source_url=https://www.motusvw.co.za/midrand/showroom/625-vwmdf890975/1/, image_urls count=1
[2026-07-24 09:56:21] [MotusApiImporter] Detail page fetched OK for stock #1446065 (https://www.motusvw.co.za/midrand/showroom/625-vwmdf890975/1/) but MotusShowroomParser found no vehicle node in it — the page's markup may not match what this parser expects (e.g. a bot-challenge/interstitial page instead of the real vehicle page).
[2026-07-24 09:56:21] [MotusApiImporter] After enrichFromDetailPage() — engine_capacity_cc=NULL, image_urls count=1
[2026-07-24 09:56:21] [MotusApiImporter] findExistingCar() -> EXISTING car id=1424
[2026-07-24 09:56:21] [MotusApiImporter] updateCar() completed for existing id=1424.
[2026-07-24 09:56:21] [MotusApiImporter] --- Processing row 6 (stock/sku: 1446370) ---
[2026-07-24 09:56:21] [MotusApiImporter] parseVehicle() OK — make=VOLKSWAGEN, model=POLO, source_url=https://www.motusvw.co.za/midrand/showroom/625-vwmdf887435/1/, image_urls count=1
[2026-07-24 09:56:23] [MotusApiImporter] Detail page fetched OK for stock #1446370 (https://www.motusvw.co.za/midrand/showroom/625-vwmdf887435/1/) but MotusShowroomParser found no vehicle node in it — the page's markup may not match what this parser expects (e.g. a bot-challenge/interstitial page instead of the real vehicle page).
[2026-07-24 09:56:23] [MotusApiImporter] After enrichFromDetailPage() — engine_capacity_cc=NULL, image_urls count=1
[2026-07-24 09:56:23] [MotusApiImporter] findExistingCar() -> EXISTING car id=1425
[2026-07-24 09:56:23] [MotusApiImporter] updateCar() completed for existing id=1425.
[2026-07-24 09:56:23] [MotusApiImporter] --- Processing row 7 (stock/sku: 1446517) ---
[2026-07-24 09:56:23] [MotusApiImporter] parseVehicle() OK — make=VOLKSWAGEN, model=POLO VIVO, source_url=https://www.motusvw.co.za/midrand/showroom/625-vwmdf884987/1/, image_urls count=1
[2026-07-24 09:56:24] [MotusApiImporter] Detail page fetched OK for stock #1446517 (https://www.motusvw.co.za/midrand/showroom/625-vwmdf884987/1/) but MotusShowroomParser found no vehicle node in it — the page's markup may not match what this parser expects (e.g. a bot-challenge/interstitial page instead of the real vehicle page).
[2026-07-24 09:56:24] [MotusApiImporter] After enrichFromDetailPage() — engine_capacity_cc=NULL, image_urls count=1
[2026-07-24 09:56:24] [MotusApiImporter] findExistingCar() -> EXISTING car id=1426
[2026-07-24 09:56:24] [MotusApiImporter] updateCar() completed for existing id=1426.
[2026-07-24 09:56:24] [MotusApiImporter] --- Processing row 8 (stock/sku: 1446115) ---
[2026-07-24 09:56:24] [MotusApiImporter] parseVehicle() OK — make=VOLKSWAGEN, model=POLO VIVO, source_url=https://www.motusvw.co.za/midrand/showroom/625-vwmdf891042/2/, image_urls count=1
[2026-07-24 09:56:26] [MotusApiImporter] Detail page fetched OK for stock #1446115 (https://www.motusvw.co.za/midrand/showroom/625-vwmdf891042/2/) but MotusShowroomParser found no vehicle node in it — the page's markup may not match what this parser expects (e.g. a bot-challenge/interstitial page instead of the real vehicle page).
[2026-07-24 09:56:26] [MotusApiImporter] After enrichFromDetailPage() — engine_capacity_cc=NULL, image_urls count=1
[2026-07-24 09:56:26] [MotusApiImporter] findExistingCar() -> EXISTING car id=1427
[2026-07-24 09:56:26] [MotusApiImporter] updateCar() completed for existing id=1427.
[2026-07-24 09:56:26] [MotusApiImporter] --- Processing row 9 (stock/sku: 1446589) ---
[2026-07-24 09:56:26] [MotusApiImporter] parseVehicle() OK — make=VOLKSWAGEN, model=POLO VIVO, source_url=https://www.motusvw.co.za/midrand/showroom/625-vwmdf875588/1/, image_urls count=1
[2026-07-24 09:56:28] [MotusApiImporter] Detail page fetched OK for stock #1446589 (https://www.motusvw.co.za/midrand/showroom/625-vwmdf875588/1/) but MotusShowroomParser found no vehicle node in it — the page's markup may not match what this parser expects (e.g. a bot-challenge/interstitial page instead of the real vehicle page).
[2026-07-24 09:56:28] [MotusApiImporter] After enrichFromDetailPage() — engine_capacity_cc=NULL, image_urls count=1
[2026-07-24 09:56:28] [MotusApiImporter] findExistingCar() -> EXISTING car id=1428
[2026-07-24 09:56:28] [MotusApiImporter] updateCar() completed for existing id=1428.
[2026-07-24 09:56:28] [MotusApiImporter] --- Processing row 10 (stock/sku: 1446083) ---
[2026-07-24 09:56:28] [MotusApiImporter] parseVehicle() OK — make=VOLKSWAGEN, model=T-CROSS, source_url=https://www.motusvw.co.za/midrand/showroom/625-vwmdf891215/1/, image_urls count=1
[2026-07-24 09:56:30] [MotusApiImporter] Detail page fetched OK for stock #1446083 (https://www.motusvw.co.za/midrand/showroom/625-vwmdf891215/1/) but MotusShowroomParser found no vehicle node in it — the page's markup may not match what this parser expects (e.g. a bot-challenge/interstitial page instead of the real vehicle page).
[2026-07-24 09:56:30] [MotusApiImporter] After enrichFromDetailPage() — engine_capacity_cc=NULL, image_urls count=1
[2026-07-24 09:56:30] [MotusApiImporter] findExistingCar() -> EXISTING car id=1429
[2026-07-24 09:56:30] [MotusApiImporter] updateCar() completed for existing id=1429.
[2026-07-24 09:56:30] [MotusApiImporter] --- Processing row 11 (stock/sku: 1446395) ---
[2026-07-24 09:56:30] [MotusApiImporter] parseVehicle() OK — make=VOLKSWAGEN, model=T-CROSS, source_url=https://www.motusvw.co.za/midrand/showroom/625-vwmdf886830/1/, image_urls count=1
[2026-07-24 09:56:30] [MotusApiImporter] Detail page fetched OK for stock #1446395 (https://www.motusvw.co.za/midrand/showroom/625-vwmdf886830/1/) but MotusShowroomParser found no vehicle node in it — the page's markup may not match what this parser expects (e.g. a bot-challenge/interstitial page instead of the real vehicle page).
[2026-07-24 09:56:30] [MotusApiImporter] After enrichFromDetailPage() — engine_capacity_cc=NULL, image_urls count=1
[2026-07-24 09:56:30] [MotusApiImporter] findExistingCar() -> EXISTING car id=1430
[2026-07-24 09:56:30] [MotusApiImporter] updateCar() completed for existing id=1430.
[2026-07-24 09:56:30] [MotusApiImporter] --- Processing row 12 (stock/sku: 1446535) ---
[2026-07-24 09:56:30] [MotusApiImporter] parseVehicle() OK — make=VOLKSWAGEN, model=T-ROC, source_url=https://www.motusvw.co.za/midrand/showroom/625-vwmdf883338/1/, image_urls count=1
[2026-07-24 09:56:31] [MotusApiImporter] Detail page fetched OK for stock #1446535 (https://www.motusvw.co.za/midrand/showroom/625-vwmdf883338/1/) but MotusShowroomParser found no vehicle node in it — the page's markup may not match what this parser expects (e.g. a bot-challenge/interstitial page instead of the real vehicle page).
[2026-07-24 09:56:31] [MotusApiImporter] After enrichFromDetailPage() — engine_capacity_cc=NULL, image_urls count=1
[2026-07-24 09:56:31] [MotusApiImporter] findExistingCar() -> EXISTING car id=1431
[2026-07-24 09:56:31] [MotusApiImporter] updateCar() completed for existing id=1431.
[2026-07-24 09:56:31] [MotusApiImporter] --- Processing row 13 (stock/sku: 1446315) ---
[2026-07-24 09:56:31] [MotusApiImporter] parseVehicle() OK — make=VOLKSWAGEN, model=T-ROC, source_url=https://www.motusvw.co.za/midrand/showroom/625-vwmdf888464/1/, image_urls count=1
[2026-07-24 09:56:33] [MotusApiImporter] Detail page fetched OK for stock #1446315 (https://www.motusvw.co.za/midrand/showroom/625-vwmdf888464/1/) but MotusShowroomParser found no vehicle node in it — the page's markup may not match what this parser expects (e.g. a bot-challenge/interstitial page instead of the real vehicle page).
[2026-07-24 09:56:33] [MotusApiImporter] After enrichFromDetailPage() — engine_capacity_cc=NULL, image_urls count=1
[2026-07-24 09:56:33] [MotusApiImporter] findExistingCar() -> EXISTING car id=1432
[2026-07-24 09:56:33] [MotusApiImporter] updateCar() completed for existing id=1432.
[2026-07-24 09:56:33] [MotusApiImporter] --- Processing row 14 (stock/sku: 1446599) ---
[2026-07-24 09:56:33] [MotusApiImporter] parseVehicle() OK — make=VOLKSWAGEN, model=TIGUAN, source_url=https://www.motusvw.co.za/midrand/showroom/625-vwmdf875100/1/, image_urls count=1
[2026-07-24 09:56:34] [MotusApiImporter] Detail page fetched OK for stock #1446599 (https://www.motusvw.co.za/midrand/showroom/625-vwmdf875100/1/) but MotusShowroomParser found no vehicle node in it — the page's markup may not match what this parser expects (e.g. a bot-challenge/interstitial page instead of the real vehicle page).
[2026-07-24 09:56:34] [MotusApiImporter] After enrichFromDetailPage() — engine_capacity_cc=NULL, image_urls count=1
[2026-07-24 09:56:34] [MotusApiImporter] findExistingCar() -> EXISTING car id=1433
[2026-07-24 09:56:34] [MotusApiImporter] updateCar() completed for existing id=1433.
[2026-07-24 09:56:34] [MotusApiImporter] --- Processing row 15 (stock/sku: 1446192) ---
[2026-07-24 09:56:34] [MotusApiImporter] parseVehicle() OK — make=VOLKSWAGEN, model=TIGUAN, source_url=https://www.motusvw.co.za/midrand/showroom/625-vwmdf890088/2/, image_urls count=1
[2026-07-24 09:56:36] [MotusApiImporter] Detail page fetched OK for stock #1446192 (https://www.motusvw.co.za/midrand/showroom/625-vwmdf890088/2/) but MotusShowroomParser found no vehicle node in it — the page's markup may not match what this parser expects (e.g. a bot-challenge/interstitial page instead of the real vehicle page).
[2026-07-24 09:56:36] [MotusApiImporter] After enrichFromDetailPage() — engine_capacity_cc=NULL, image_urls count=1
[2026-07-24 09:56:36] [MotusApiImporter] findExistingCar() -> EXISTING car id=1434
[2026-07-24 09:56:36] [MotusApiImporter] updateCar() completed for existing id=1434.
[2026-07-24 09:56:36] [MotusApiImporter] --- Processing row 16 (stock/sku: 1446143) ---
[2026-07-24 09:56:36] [MotusApiImporter] parseVehicle() OK — make=VOLKSWAGEN, model=TIGUAN, source_url=https://www.motusvw.co.za/midrand/showroom/625-vwmdf890778/1/, image_urls count=1
[2026-07-24 09:56:38] [MotusApiImporter] Detail page fetched OK for stock #1446143 (https://www.motusvw.co.za/midrand/showroom/625-vwmdf890778/1/) but MotusShowroomParser found no vehicle node in it — the page's markup may not match what this parser expects (e.g. a bot-challenge/interstitial page instead of the real vehicle page).
[2026-07-24 09:56:38] [MotusApiImporter] After enrichFromDetailPage() — engine_capacity_cc=NULL, image_urls count=1
[2026-07-24 09:56:38] [MotusApiImporter] findExistingCar() -> EXISTING car id=1435
[2026-07-24 09:56:38] [MotusApiImporter] updateCar() completed for existing id=1435.
[2026-07-24 09:56:38] [MotusApiImporter] --- Processing row 17 (stock/sku: 1446000) ---
[2026-07-24 09:56:38] [MotusApiImporter] parseVehicle() OK — make=VOLKSWAGEN, model=GOLF, source_url=https://www.motusvw.co.za/midrand/showroom/625-vwmdf892223/0/, image_urls count=1
[2026-07-24 09:56:40] [MotusApiImporter] Detail page fetched OK for stock #1446000 (https://www.motusvw.co.za/midrand/showroom/625-vwmdf892223/0/) but MotusShowroomParser found no vehicle node in it — the page's markup may not match what this parser expects (e.g. a bot-challenge/interstitial page instead of the real vehicle page).
[2026-07-24 09:56:40] [MotusApiImporter] After enrichFromDetailPage() — engine_capacity_cc=NULL, image_urls count=1
[2026-07-24 09:56:40] [MotusApiImporter] findExistingCar() -> EXISTING car id=1436
[2026-07-24 09:56:40] [MotusApiImporter] updateCar() completed for existing id=1436.
[2026-07-24 09:56:40] [MotusApiImporter] --- Processing row 18 (stock/sku: 1445980) ---
[2026-07-24 09:56:40] [MotusApiImporter] parseVehicle() OK — make=VOLKSWAGEN, model=GOLF 8, source_url=https://www.motusvw.co.za/midrand/showroom/625-vwmdf892557/0/, image_urls count=1
[2026-07-24 09:56:40] [MotusApiImporter] Detail page fetched OK for stock #1445980 (https://www.motusvw.co.za/midrand/showroom/625-vwmdf892557/0/) but MotusShowroomParser found no vehicle node in it — the page's markup may not match what this parser expects (e.g. a bot-challenge/interstitial page instead of the real vehicle page).
[2026-07-24 09:56:40] [MotusApiImporter] After enrichFromDetailPage() — engine_capacity_cc=NULL, image_urls count=1
[2026-07-24 09:56:40] [MotusApiImporter] findExistingCar() -> EXISTING car id=1437
[2026-07-24 09:56:40] [MotusApiImporter] updateCar() completed for existing id=1437.
[2026-07-24 09:56:40] [MotusApiImporter] --- Processing row 19 (stock/sku: 1446122) ---
[2026-07-24 09:56:40] [MotusApiImporter] parseVehicle() OK — make=VOLKSWAGEN, model=GOLF 8, source_url=https://www.motusvw.co.za/midrand/showroom/625-vwmdf890926/0/, image_urls count=1
[2026-07-24 09:56:42] [MotusApiImporter] Detail page fetched OK for stock #1446122 (https://www.motusvw.co.za/midrand/showroom/625-vwmdf890926/0/) but MotusShowroomParser found no vehicle node in it — the page's markup may not match what this parser expects (e.g. a bot-challenge/interstitial page instead of the real vehicle page).
[2026-07-24 09:56:42] [MotusApiImporter] After enrichFromDetailPage() — engine_capacity_cc=NULL, image_urls count=1
[2026-07-24 09:56:42] [MotusApiImporter] findExistingCar() -> EXISTING car id=1438
[2026-07-24 09:56:42] [MotusApiImporter] updateCar() completed for existing id=1438.
[2026-07-24 09:56:42] [MotusApiImporter] --- Processing row 20 (stock/sku: 1446022) ---
[2026-07-24 09:56:42] [MotusApiImporter] parseVehicle() OK — make=VOLKSWAGEN, model=GOLF 8, source_url=https://www.motusvw.co.za/midrand/showroom/625-vwmdf892077/0/, image_urls count=1
[2026-07-24 09:56:43] [MotusApiImporter] Detail page fetched OK for stock #1446022 (https://www.motusvw.co.za/midrand/showroom/625-vwmdf892077/0/) but MotusShowroomParser found no vehicle node in it — the page's markup may not match what this parser expects (e.g. a bot-challenge/interstitial page instead of the real vehicle page).
[2026-07-24 09:56:43] [MotusApiImporter] After enrichFromDetailPage() — engine_capacity_cc=NULL, image_urls count=1
[2026-07-24 09:56:43] [MotusApiImporter] findExistingCar() -> EXISTING car id=1439
[2026-07-24 09:56:43] [MotusApiImporter] updateCar() completed for existing id=1439.
[2026-07-24 09:56:43] [MotusApiImporter] --- Processing row 21 (stock/sku: 1446049) ---
[2026-07-24 09:56:43] [MotusApiImporter] parseVehicle() OK — make=VOLKSWAGEN, model=GOLF 8, source_url=https://www.motusvw.co.za/midrand/showroom/625-vwmdf892214/0/, image_urls count=1
[2026-07-24 09:56:47] [MotusApiImporter] Detail page fetched OK for stock #1446049 (https://www.motusvw.co.za/midrand/showroom/625-vwmdf892214/0/) but MotusShowroomParser found no vehicle node in it — the page's markup may not match what this parser expects (e.g. a bot-challenge/interstitial page instead of the real vehicle page).
[2026-07-24 09:56:47] [MotusApiImporter] After enrichFromDetailPage() — engine_capacity_cc=NULL, image_urls count=1
[2026-07-24 09:56:47] [MotusApiImporter] findExistingCar() -> EXISTING car id=1440
[2026-07-24 09:56:47] [MotusApiImporter] updateCar() completed for existing id=1440.
[2026-07-24 09:56:47] [MotusApiImporter] --- Processing row 22 (stock/sku: 1446001) ---
[2026-07-24 09:56:47] [MotusApiImporter] parseVehicle() OK — make=VOLKSWAGEN, model=GOLF 8, source_url=https://www.motusvw.co.za/midrand/showroom/625-vwmdf892266/0/, image_urls count=1
[2026-07-24 09:56:47] [MotusApiImporter] Skipped detail-page fetch for stock #1446001 — time budget already exhausted.
[2026-07-24 09:56:47] [MotusApiImporter] After enrichFromDetailPage() — engine_capacity_cc=NULL, image_urls count=1
[2026-07-24 09:56:47] [MotusApiImporter] findExistingCar() -> EXISTING car id=1441
[2026-07-24 09:56:47] [MotusApiImporter] updateCar() completed for existing id=1441.
[2026-07-24 09:56:47] [MotusApiImporter] --- Processing row 23 (stock/sku: 1446356) ---
[2026-07-24 09:56:47] [MotusApiImporter] parseVehicle() OK — make=VOLKSWAGEN, model=POLO, source_url=https://www.motusvw.co.za/midrand/showroom/625-vwmdf887866/0/, image_urls count=1
[2026-07-24 09:56:47] [MotusApiImporter] Skipped detail-page fetch for stock #1446356 — time budget already exhausted.
[2026-07-24 09:56:47] [MotusApiImporter] After enrichFromDetailPage() — engine_capacity_cc=NULL, image_urls count=1
[2026-07-24 09:56:47] [MotusApiImporter] findExistingCar() -> EXISTING car id=1442
[2026-07-24 09:56:47] [MotusApiImporter] updateCar() completed for existing id=1442.
[2026-07-24 09:56:47] [MotusApiImporter] --- Processing row 24 (stock/sku: 1446129) ---
[2026-07-24 09:56:47] [MotusApiImporter] parseVehicle() OK — make=VOLKSWAGEN, model=POLO, source_url=https://www.motusvw.co.za/midrand/showroom/625-vwmdf890824/0/, image_urls count=1
[2026-07-24 09:56:47] [MotusApiImporter] Skipped detail-page fetch for stock #1446129 — time budget already exhausted.
[2026-07-24 09:56:47] [MotusApiImporter] After enrichFromDetailPage() — engine_capacity_cc=NULL, image_urls count=1
[2026-07-24 09:56:47] [MotusApiImporter] findExistingCar() -> EXISTING car id=1443
[2026-07-24 09:56:47] [MotusApiImporter] updateCar() completed for existing id=1443.
[2026-07-24 09:56:47] [MotusApiImporter] --- Processing row 25 (stock/sku: 1445964) ---
[2026-07-24 09:56:47] [MotusApiImporter] parseVehicle() OK — make=VOLKSWAGEN, model=POLO, source_url=https://www.motusvw.co.za/midrand/showroom/625-vwmdf892733/0/, image_urls count=1
[2026-07-24 09:56:47] [MotusApiImporter] Skipped detail-page fetch for stock #1445964 — time budget already exhausted.
[2026-07-24 09:56:47] [MotusApiImporter] After enrichFromDetailPage() — engine_capacity_cc=NULL, image_urls count=1
[2026-07-24 09:56:47] [MotusApiImporter] findExistingCar() -> EXISTING car id=1444
[2026-07-24 09:56:47] [MotusApiImporter] updateCar() completed for existing id=1444.
[2026-07-24 09:56:47] [MotusApiImporter] --- Processing row 26 (stock/sku: 1446127) ---
[2026-07-24 09:56:47] [MotusApiImporter] parseVehicle() OK — make=VOLKSWAGEN, model=POLO, source_url=https://www.motusvw.co.za/midrand/showroom/625-vwmdf890793/0/, image_urls count=1
[2026-07-24 09:56:47] [MotusApiImporter] Skipped detail-page fetch for stock #1446127 — time budget already exhausted.
[2026-07-24 09:56:47] [MotusApiImporter] After enrichFromDetailPage() — engine_capacity_cc=NULL, image_urls count=1
[2026-07-24 09:56:47] [MotusApiImporter] findExistingCar() -> EXISTING car id=1445
[2026-07-24 09:56:47] [MotusApiImporter] updateCar() completed for existing id=1445.
[2026-07-24 09:56:47] [MotusApiImporter] --- Processing row 27 (stock/sku: 1446009) ---
[2026-07-24 09:56:47] [MotusApiImporter] parseVehicle() OK — make=VOLKSWAGEN, model=POLO, source_url=https://www.motusvw.co.za/midrand/showroom/625-vwmdf892148/0/, image_urls count=1
[2026-07-24 09:56:47] [MotusApiImporter] Skipped detail-page fetch for stock #1446009 — time budget already exhausted.
[2026-07-24 09:56:47] [MotusApiImporter] After enrichFromDetailPage() — engine_capacity_cc=NULL, image_urls count=1
[2026-07-24 09:56:47] [MotusApiImporter] findExistingCar() -> EXISTING car id=1446
[2026-07-24 09:56:47] [MotusApiImporter] updateCar() completed for existing id=1446.
[2026-07-24 09:56:47] [MotusApiImporter] --- Processing row 28 (stock/sku: 1445944) ---
[2026-07-24 09:56:47] [MotusApiImporter] parseVehicle() OK — make=VOLKSWAGEN, model=POLO, source_url=https://www.motusvw.co.za/midrand/showroom/625-vwmdf893079/0/, image_urls count=1
[2026-07-24 09:56:47] [MotusApiImporter] Skipped detail-page fetch for stock #1445944 — time budget already exhausted.
[2026-07-24 09:56:47] [MotusApiImporter] After enrichFromDetailPage() — engine_capacity_cc=NULL, image_urls count=1
[2026-07-24 09:56:47] [MotusApiImporter] findExistingCar() -> EXISTING car id=1447
[2026-07-24 09:56:47] [MotusApiImporter] updateCar() completed for existing id=1447.
[2026-07-24 09:56:47] [MotusApiImporter] --- Processing row 29 (stock/sku: 1445929) ---
[2026-07-24 09:56:47] [MotusApiImporter] parseVehicle() OK — make=VOLKSWAGEN, model=POLO, source_url=https://www.motusvw.co.za/midrand/showroom/625-vwmdf893255/0/, image_urls count=1
[2026-07-24 09:56:47] [MotusApiImporter] Skipped detail-page fetch for stock #1445929 — time budget already exhausted.
[2026-07-24 09:56:47] [MotusApiImporter] After enrichFromDetailPage() — engine_capacity_cc=NULL, image_urls count=1
[2026-07-24 09:56:47] [MotusApiImporter] findExistingCar() -> EXISTING car id=1448
[2026-07-24 09:56:47] [MotusApiImporter] updateCar() completed for existing id=1448.
[2026-07-24 09:56:47] [MotusApiImporter] --- Processing row 30 (stock/sku: 1445930) ---
[2026-07-24 09:56:47] [MotusApiImporter] parseVehicle() OK — make=VOLKSWAGEN, model=POLO, source_url=https://www.motusvw.co.za/midrand/showroom/625-vwmdf893267/0/, image_urls count=1
[2026-07-24 09:56:47] [MotusApiImporter] Skipped detail-page fetch for stock #1445930 — time budget already exhausted.
[2026-07-24 09:56:47] [MotusApiImporter] After enrichFromDetailPage() — engine_capacity_cc=NULL, image_urls count=1
[2026-07-24 09:56:47] [MotusApiImporter] findExistingCar() -> EXISTING car id=1449
[2026-07-24 09:56:47] [MotusApiImporter] updateCar() completed for existing id=1449.
[2026-07-24 09:56:47] [MotusApiImporter] --- Processing row 31 (stock/sku: 1446008) ---
[2026-07-24 09:56:47] [MotusApiImporter] parseVehicle() OK — make=VOLKSWAGEN, model=POLO, source_url=https://www.motusvw.co.za/midrand/showroom/625-vwmdf892145/0/, image_urls count=1
[2026-07-24 09:56:47] [MotusApiImporter] Skipped detail-page fetch for stock #1446008 — time budget already exhausted.
[2026-07-24 09:56:47] [MotusApiImporter] After enrichFromDetailPage() — engine_capacity_cc=NULL, image_urls count=1
[2026-07-24 09:56:47] [MotusApiImporter] findExistingCar() -> EXISTING car id=1450
[2026-07-24 09:56:47] [MotusApiImporter] updateCar() completed for existing id=1450.
[2026-07-24 09:56:47] [MotusApiImporter] --- Processing row 32 (stock/sku: 1445928) ---
[2026-07-24 09:56:47] [MotusApiImporter] parseVehicle() OK — make=VOLKSWAGEN, model=POLO, source_url=https://www.motusvw.co.za/midrand/showroom/625-vwmdf893252/0/, image_urls count=1
[2026-07-24 09:56:47] [MotusApiImporter] Skipped detail-page fetch for stock #1445928 — time budget already exhausted.
[2026-07-24 09:56:47] [MotusApiImporter] After enrichFromDetailPage() — engine_capacity_cc=NULL, image_urls count=1
[2026-07-24 09:56:47] [MotusApiImporter] findExistingCar() -> EXISTING car id=1451
[2026-07-24 09:56:47] [MotusApiImporter] updateCar() completed for existing id=1451.
[2026-07-24 09:56:47] [MotusApiImporter] --- Processing row 33 (stock/sku: 1445915) ---
[2026-07-24 09:56:47] [MotusApiImporter] parseVehicle() OK — make=VOLKSWAGEN, model=POLO, source_url=https://www.motusvw.co.za/midrand/showroom/625-vwmdf893516/0/, image_urls count=1
[2026-07-24 09:56:47] [MotusApiImporter] Skipped detail-page fetch for stock #1445915 — time budget already exhausted.
[2026-07-24 09:56:47] [MotusApiImporter] After enrichFromDetailPage() — engine_capacity_cc=NULL, image_urls count=1
[2026-07-24 09:56:47] [MotusApiImporter] findExistingCar() -> EXISTING car id=1452
[2026-07-24 09:56:47] [MotusApiImporter] updateCar() completed for existing id=1452.
[2026-07-24 09:56:47] [MotusApiImporter] --- Processing row 34 (stock/sku: 1445966) ---
[2026-07-24 09:56:47] [MotusApiImporter] parseVehicle() OK — make=VOLKSWAGEN, model=POLO, source_url=https://www.motusvw.co.za/midrand/showroom/625-vwmdf892527/0/, image_urls count=1
[2026-07-24 09:56:47] [MotusApiImporter] Skipped detail-page fetch for stock #1445966 — time budget already exhausted.
[2026-07-24 09:56:47] [MotusApiImporter] After enrichFromDetailPage() — engine_capacity_cc=NULL, image_urls count=1
[2026-07-24 09:56:47] [MotusApiImporter] findExistingCar() -> EXISTING car id=1453
[2026-07-24 09:56:47] [MotusApiImporter] updateCar() completed for existing id=1453.
[2026-07-24 09:56:47] [MotusApiImporter] --- Processing row 35 (stock/sku: 1445835) ---
[2026-07-24 09:56:47] [MotusApiImporter] parseVehicle() OK — make=VOLKSWAGEN, model=POLO, source_url=https://www.motusvw.co.za/midrand/showroom/625-vwmdf894547/0/, image_urls count=1
[2026-07-24 09:56:47] [MotusApiImporter] Skipped detail-page fetch for stock #1445835 — time budget already exhausted.
[2026-07-24 09:56:47] [MotusApiImporter] After enrichFromDetailPage() — engine_capacity_cc=NULL, image_urls count=1
[2026-07-24 09:56:47] [MotusApiImporter] findExistingCar() -> EXISTING car id=1454
[2026-07-24 09:56:47] [MotusApiImporter] updateCar() completed for existing id=1454.
[2026-07-24 09:56:47] [MotusApiImporter] --- Processing row 36 (stock/sku: 1445857) ---
[2026-07-24 09:56:47] [MotusApiImporter] parseVehicle() OK — make=VOLKSWAGEN, model=POLO VIVO, source_url=https://www.motusvw.co.za/midrand/showroom/625-vwmdf894310/0/, image_urls count=1
[2026-07-24 09:56:47] [MotusApiImporter] Skipped detail-page fetch for stock #1445857 — time budget already exhausted.
[2026-07-24 09:56:47] [MotusApiImporter] After enrichFromDetailPage() — engine_capacity_cc=NULL, image_urls count=1
[2026-07-24 09:56:47] [MotusApiImporter] findExistingCar() -> EXISTING car id=1455
[2026-07-24 09:56:47] [MotusApiImporter] updateCar() completed for existing id=1455.
[2026-07-24 09:56:47] [MotusApiImporter] --- Processing row 37 (stock/sku: 1445858) ---
[2026-07-24 09:56:47] [MotusApiImporter] parseVehicle() OK — make=VOLKSWAGEN, model=POLO VIVO, source_url=https://www.motusvw.co.za/midrand/showroom/625-vwmdf894316/0/, image_urls count=1
[2026-07-24 09:56:47] [MotusApiImporter] Skipped detail-page fetch for stock #1445858 — time budget already exhausted.
[2026-07-24 09:56:47] [MotusApiImporter] After enrichFromDetailPage() — engine_capacity_cc=NULL, image_urls count=1
[2026-07-24 09:56:47] [MotusApiImporter] findExistingCar() -> EXISTING car id=1456
[2026-07-24 09:56:47] [MotusApiImporter] updateCar() completed for existing id=1456.
[2026-07-24 09:56:47] [MotusApiImporter] --- Processing row 38 (stock/sku: 1446130) ---
[2026-07-24 09:56:47] [MotusApiImporter] parseVehicle() OK — make=VOLKSWAGEN, model=POLO VIVO, source_url=https://www.motusvw.co.za/midrand/showroom/625-vwmdf890905/0/, image_urls count=1
[2026-07-24 09:56:47] [MotusApiImporter] Skipped detail-page fetch for stock #1446130 — time budget already exhausted.
[2026-07-24 09:56:47] [MotusApiImporter] After enrichFromDetailPage() — engine_capacity_cc=NULL, image_urls count=1
[2026-07-24 09:56:47] [MotusApiImporter] findExistingCar() -> EXISTING car id=1457
[2026-07-24 09:56:47] [MotusApiImporter] updateCar() completed for existing id=1457.
[2026-07-24 09:56:47] [MotusApiImporter] --- Processing row 39 (stock/sku: 1445963) ---
[2026-07-24 09:56:47] [MotusApiImporter] parseVehicle() OK — make=VOLKSWAGEN, model=T-CROSS, source_url=https://www.motusvw.co.za/midrand/showroom/625-vwmdf892729/0/, image_urls count=1
[2026-07-24 09:56:47] [MotusApiImporter] Skipped detail-page fetch for stock #1445963 — time budget already exhausted.
[2026-07-24 09:56:47] [MotusApiImporter] After enrichFromDetailPage() — engine_capacity_cc=NULL, image_urls count=1
[2026-07-24 09:56:47] [MotusApiImporter] findExistingCar() -> EXISTING car id=1458
[2026-07-24 09:56:47] [MotusApiImporter] updateCar() completed for existing id=1458.
[2026-07-24 09:56:47] [MotusApiImporter] --- Processing row 40 (stock/sku: 1445833) ---
[2026-07-24 09:56:47] [MotusApiImporter] parseVehicle() OK — make=VOLKSWAGEN, model=T-CROSS, source_url=https://www.motusvw.co.za/midrand/showroom/625-vwmdf895060/0/, image_urls count=1
[2026-07-24 09:56:47] [MotusApiImporter] Skipped detail-page fetch for stock #1445833 — time budget already exhausted.
[2026-07-24 09:56:47] [MotusApiImporter] After enrichFromDetailPage() — engine_capacity_cc=NULL, image_urls count=1
[2026-07-24 09:56:47] [MotusApiImporter] findExistingCar() -> EXISTING car id=1459
[2026-07-24 09:56:47] [MotusApiImporter] updateCar() completed for existing id=1459.
[2026-07-24 09:56:47] [MotusApiImporter] --- Processing row 41 (stock/sku: 1445916) ---
[2026-07-24 09:56:47] [MotusApiImporter] parseVehicle() OK — make=VOLKSWAGEN, model=T-CROSS, source_url=https://www.motusvw.co.za/midrand/showroom/625-vwmdf893597/0/, image_urls count=1
[2026-07-24 09:56:47] [MotusApiImporter] Skipped detail-page fetch for stock #1445916 — time budget already exhausted.
[2026-07-24 09:56:47] [MotusApiImporter] After enrichFromDetailPage() — engine_capacity_cc=NULL, image_urls count=1
[2026-07-24 09:56:47] [MotusApiImporter] findExistingCar() -> EXISTING car id=1460
[2026-07-24 09:56:47] [MotusApiImporter] updateCar() completed for existing id=1460.
[2026-07-24 09:56:47] [MotusApiImporter] --- Processing row 42 (stock/sku: 1445895) ---
[2026-07-24 09:56:47] [MotusApiImporter] parseVehicle() OK — make=VOLKSWAGEN, model=T-CROSS, source_url=https://www.motusvw.co.za/midrand/showroom/625-vwmdf894000/0/, image_urls count=1
[2026-07-24 09:56:47] [MotusApiImporter] Skipped detail-page fetch for stock #1445895 — time budget already exhausted.
[2026-07-24 09:56:47] [MotusApiImporter] After enrichFromDetailPage() — engine_capacity_cc=NULL, image_urls count=1
[2026-07-24 09:56:47] [MotusApiImporter] findExistingCar() -> EXISTING car id=1461
[2026-07-24 09:56:47] [MotusApiImporter] updateCar() completed for existing id=1461.
[2026-07-24 09:56:47] [MotusApiImporter] --- Processing row 43 (stock/sku: 1445907) ---
[2026-07-24 09:56:47] [MotusApiImporter] parseVehicle() OK — make=VOLKSWAGEN, model=TIGUAN, source_url=https://www.motusvw.co.za/midrand/showroom/625-vwmdf893709/0/, image_urls count=1
[2026-07-24 09:56:47] [MotusApiImporter] Skipped detail-page fetch for stock #1445907 — time budget already exhausted.
[2026-07-24 09:56:47] [MotusApiImporter] After enrichFromDetailPage() — engine_capacity_cc=NULL, image_urls count=1
[2026-07-24 09:56:47] [MotusApiImporter] findExistingCar() -> EXISTING car id=1462
[2026-07-24 09:56:47] [MotusApiImporter] updateCar() completed for existing id=1462.
[2026-07-24 09:56:47] [MotusApiImporter] --- Processing row 44 (stock/sku: 1446283) ---
[2026-07-24 09:56:47] [MotusApiImporter] parseVehicle() OK — make=VOLKSWAGEN, model=TIGUAN, source_url=https://www.motusvw.co.za/midrand/showroom/625-vwmdf888104/0/, image_urls count=1
[2026-07-24 09:56:47] [MotusApiImporter] Skipped detail-page fetch for stock #1446283 — time budget already exhausted.
[2026-07-24 09:56:47] [MotusApiImporter] After enrichFromDetailPage() — engine_capacity_cc=NULL, image_urls count=1
[2026-07-24 09:56:47] [MotusApiImporter] findExistingCar() -> EXISTING car id=1463
[2026-07-24 09:56:47] [MotusApiImporter] updateCar() completed for existing id=1463.
[2026-07-24 09:56:47] [MotusApiImporter] --- Processing row 45 (stock/sku: 1446223) ---
[2026-07-24 09:56:47] [MotusApiImporter] parseVehicle() OK — make=JEEP, model=RENEGADE, source_url=https://www.motusvw.co.za/midrand/showroom/625-vwmdf889687/1/, image_urls count=1
[2026-07-24 09:56:47] [MotusApiImporter] Skipped detail-page fetch for stock #1446223 — time budget already exhausted.
[2026-07-24 09:56:47] [MotusApiImporter] After enrichFromDetailPage() — engine_capacity_cc=NULL, image_urls count=1
[2026-07-24 09:56:47] [MotusApiImporter] findExistingCar() -> EXISTING car id=1464
[2026-07-24 09:56:47] [MotusApiImporter] updateCar() completed for existing id=1464.
[2026-07-24 09:56:47] [MotusApiImporter] --- Processing row 46 (stock/sku: 1445923) ---
[2026-07-24 09:56:47] [MotusApiImporter] parseVehicle() OK — make=BMW, model=2 SERIES, source_url=https://www.motusvw.co.za/midrand/showroom/625-vwmdf893379/1/, image_urls count=1
[2026-07-24 09:56:47] [MotusApiImporter] Skipped detail-page fetch for stock #1445923 — time budget already exhausted.
[2026-07-24 09:56:47] [MotusApiImporter] After enrichFromDetailPage() — engine_capacity_cc=NULL, image_urls count=1
[2026-07-24 09:56:47] [MotusApiImporter] findExistingCar() -> EXISTING car id=1465
[2026-07-24 09:56:47] [MotusApiImporter] updateCar() completed for existing id=1465.
[2026-07-24 09:56:47] [MotusApiImporter] --- Processing row 47 (stock/sku: 1445943) ---
[2026-07-24 09:56:47] [MotusApiImporter] parseVehicle() OK — make=FORD, model=ECOSPORT, source_url=https://www.motusvw.co.za/midrand/showroom/625-vwmdf893075/1/, image_urls count=1
[2026-07-24 09:56:47] [MotusApiImporter] Skipped detail-page fetch for stock #1445943 — time budget already exhausted.
[2026-07-24 09:56:47] [MotusApiImporter] After enrichFromDetailPage() — engine_capacity_cc=NULL, image_urls count=1
[2026-07-24 09:56:47] [MotusApiImporter] findExistingCar() -> EXISTING car id=1466
[2026-07-24 09:56:47] [MotusApiImporter] updateCar() completed for existing id=1466.
[2026-07-24 09:56:47] [MotusApiImporter] --- Processing row 48 (stock/sku: 1446850) ---
[2026-07-24 09:56:47] [MotusApiImporter] parseVehicle() OK — make=VOLKSWAGEN, model=POLO, source_url=https://www.motusvw.co.za/midrand/showroom/625-vwmdf258260/1/, image_urls count=1
[2026-07-24 09:56:47] [MotusApiImporter] Skipped detail-page fetch for stock #1446850 — time budget already exhausted.
[2026-07-24 09:56:47] [MotusApiImporter] After enrichFromDetailPage() — engine_capacity_cc=NULL, image_urls count=1
[2026-07-24 09:56:47] [MotusApiImporter] findExistingCar() -> EXISTING car id=1467
[2026-07-24 09:56:47] [MotusApiImporter] updateCar() completed for existing id=1467.
[2026-07-24 09:56:47] [MotusApiImporter] --- Processing row 49 (stock/sku: 1446505) ---
[2026-07-24 09:56:47] [MotusApiImporter] parseVehicle() OK — make=VOLKSWAGEN, model=POLO VIVO, source_url=https://www.motusvw.co.za/midrand/showroom/625-vwmdf608385/2/, image_urls count=1
[2026-07-24 09:56:47] [MotusApiImporter] Skipped detail-page fetch for stock #1446505 — time budget already exhausted.
[2026-07-24 09:56:47] [MotusApiImporter] After enrichFromDetailPage() — engine_capacity_cc=NULL, image_urls count=1
[2026-07-24 09:56:47] [MotusApiImporter] findExistingCar() -> EXISTING car id=1468
[2026-07-24 09:56:47] [MotusApiImporter] updateCar() completed for existing id=1468.
[2026-07-24 09:56:47] [MotusApiImporter] --- Processing row 50 (stock/sku: 1446800) ---
[2026-07-24 09:56:47] [MotusApiImporter] parseVehicle() OK — make=VOLKSWAGEN, model=TIGUAN, source_url=https://www.motusvw.co.za/midrand/showroom/625-vwmdf829969/1/, image_urls count=1
[2026-07-24 09:56:47] [MotusApiImporter] Skipped detail-page fetch for stock #1446800 — time budget already exhausted.
[2026-07-24 09:56:47] [MotusApiImporter] After enrichFromDetailPage() — engine_capacity_cc=NULL, image_urls count=1
[2026-07-24 09:56:47] [MotusApiImporter] findExistingCar() -> EXISTING car id=1469
[2026-07-24 09:56:47] [MotusApiImporter] updateCar() completed for existing id=1469.
[2026-07-24 09:56:47] [MotusApiImporter] --- Processing row 51 (stock/sku: 1446792) ---
[2026-07-24 09:56:47] [MotusApiImporter] parseVehicle() OK — make=VOLKSWAGEN, model=TIGUAN ALLSPACE, source_url=https://www.motusvw.co.za/midrand/showroom/625-vwmdf838290/1/, image_urls count=1
[2026-07-24 09:56:47] [MotusApiImporter] Skipped detail-page fetch for stock #1446792 — time budget already exhausted.
[2026-07-24 09:56:47] [MotusApiImporter] After enrichFromDetailPage() — engine_capacity_cc=NULL, image_urls count=1
[2026-07-24 09:56:47] [MotusApiImporter] findExistingCar() -> EXISTING car id=1470
[2026-07-24 09:56:47] [MotusApiImporter] updateCar() completed for existing id=1470.
[2026-07-24 09:56:47] [MotusApiImporter] --- Processing row 52 (stock/sku: 1446153) ---
[2026-07-24 09:56:47] [MotusApiImporter] parseVehicle() OK — make=VOLKSWAGEN, model=TIGUAN, source_url=https://www.motusvw.co.za/midrand/showroom/625-vwmdf762579/1/, image_urls count=1
[2026-07-24 09:56:47] [MotusApiImporter] Skipped detail-page fetch for stock #1446153 — time budget already exhausted.
[2026-07-24 09:56:47] [MotusApiImporter] After enrichFromDetailPage() — engine_capacity_cc=NULL, image_urls count=1
[2026-07-24 09:56:47] [MotusApiImporter] findExistingCar() -> EXISTING car id=1471
[2026-07-24 09:56:47] [MotusApiImporter] updateCar() completed for existing id=1471.
[2026-07-24 09:56:47] [MotusApiImporter] --- Processing row 53 (stock/sku: 1446811) ---
[2026-07-24 09:56:47] [MotusApiImporter] parseVehicle() OK — make=FORD, model=ECOSPORT, source_url=https://www.motusvw.co.za/midrand/showroom/625-vwmdf889981/1/, image_urls count=1
[2026-07-24 09:56:47] [MotusApiImporter] Skipped detail-page fetch for stock #1446811 — time budget already exhausted.
[2026-07-24 09:56:47] [MotusApiImporter] After enrichFromDetailPage() — engine_capacity_cc=NULL, image_urls count=1
[2026-07-24 09:56:47] [MotusApiImporter] findExistingCar() -> EXISTING car id=1472
[2026-07-24 09:56:47] [MotusApiImporter] updateCar() completed for existing id=1472.
[2026-07-24 09:56:47] [MotusApiImporter] --- Processing row 54 (stock/sku: 1445937) ---
[2026-07-24 09:56:47] [MotusApiImporter] parseVehicle() OK — make=FORD, model=FIGO, source_url=https://www.motusvw.co.za/midrand/showroom/625-vwmdf893195/1/, image_urls count=1
[2026-07-24 09:56:47] [MotusApiImporter] Skipped detail-page fetch for stock #1445937 — time budget already exhausted.
[2026-07-24 09:56:47] [MotusApiImporter] After enrichFromDetailPage() — engine_capacity_cc=NULL, image_urls count=1
[2026-07-24 09:56:47] [MotusApiImporter] findExistingCar() -> EXISTING car id=1473
[2026-07-24 09:56:47] [MotusApiImporter] updateCar() completed for existing id=1473.
[2026-07-24 09:56:47] [MotusApiImporter] --- Processing row 55 (stock/sku: 1446382) ---
[2026-07-24 09:56:47] [MotusApiImporter] parseVehicle() OK — make=VOLKSWAGEN, model=AMAROK, source_url=https://www.motusvw.co.za/midrand/showroom/625-vwmdf421690/1/, image_urls count=1
[2026-07-24 09:56:47] [MotusApiImporter] Skipped detail-page fetch for stock #1446382 — time budget already exhausted.
[2026-07-24 09:56:47] [MotusApiImporter] After enrichFromDetailPage() — engine_capacity_cc=NULL, image_urls count=1
[2026-07-24 09:56:47] [MotusApiImporter] findExistingCar() -> EXISTING car id=1474
[2026-07-24 09:56:47] [MotusApiImporter] updateCar() completed for existing id=1474.
[2026-07-24 09:56:47] [MotusApiImporter] --- Processing row 56 (stock/sku: 1446801) ---
[2026-07-24 09:56:47] [MotusApiImporter] parseVehicle() OK — make=VOLKSWAGEN, model=T-CROSS, source_url=https://www.motusvw.co.za/midrand/showroom/625-vwmdf423363/2/, image_urls count=1
[2026-07-24 09:56:47] [MotusApiImporter] Skipped detail-page fetch for stock #1446801 — time budget already exhausted.
[2026-07-24 09:56:47] [MotusApiImporter] After enrichFromDetailPage() — engine_capacity_cc=NULL, image_urls count=1
[2026-07-24 09:56:47] [MotusApiImporter] findExistingCar() -> EXISTING car id=1475
[2026-07-24 09:56:47] [MotusApiImporter] updateCar() completed for existing id=1475.
[2026-07-24 09:56:47] [MotusApiImporter] --- Processing row 57 (stock/sku: 1446410) ---
[2026-07-24 09:56:47] [MotusApiImporter] parseVehicle() OK — make=VOLKSWAGEN, model=TRANSPORTER, source_url=https://www.motusvw.co.za/midrand/showroom/625-vwmdf886408/4/, image_urls count=1
[2026-07-24 09:56:47] [MotusApiImporter] Skipped detail-page fetch for stock #1446410 — time budget already exhausted.
[2026-07-24 09:56:47] [MotusApiImporter] After enrichFromDetailPage() — engine_capacity_cc=NULL, image_urls count=1
[2026-07-24 09:56:47] [MotusApiImporter] findExistingCar() -> EXISTING car id=1476
[2026-07-24 09:56:47] [MotusApiImporter] updateCar() completed for existing id=1476.
[2026-07-24 09:56:47] [MotusApiImporter] --- Processing row 58 (stock/sku: 1445899) ---
[2026-07-24 09:56:47] [MotusApiImporter] parseVehicle() OK — make=VOLKSWAGEN, model=TRANSPORTER, source_url=https://www.motusvw.co.za/midrand/showroom/625-vwmdf893863/1/, image_urls count=1
[2026-07-24 09:56:47] [MotusApiImporter] Skipped detail-page fetch for stock #1445899 — time budget already exhausted.
[2026-07-24 09:56:47] [MotusApiImporter] After enrichFromDetailPage() — engine_capacity_cc=NULL, image_urls count=1
[2026-07-24 09:56:47] [MotusApiImporter] findExistingCar() -> EXISTING car id=1477
[2026-07-24 09:56:47] [MotusApiImporter] updateCar() completed for existing id=1477.
[2026-07-24 09:56:47] [MotusApiImporter] --- Processing row 59 (stock/sku: 1446142) ---
[2026-07-24 09:56:47] [MotusApiImporter] parseVehicle() OK — make=BMW, model=4 SERIES, source_url=https://www.motusvw.co.za/midrand/showroom/625-vwmdf890748/1/, image_urls count=1
[2026-07-24 09:56:47] [MotusApiImporter] Skipped detail-page fetch for stock #1446142 — time budget already exhausted.
[2026-07-24 09:56:47] [MotusApiImporter] After enrichFromDetailPage() — engine_capacity_cc=NULL, image_urls count=1
[2026-07-24 09:56:47] [MotusApiImporter] findExistingCar() -> EXISTING car id=1478
[2026-07-24 09:56:47] [MotusApiImporter] updateCar() completed for existing id=1478.
[2026-07-24 09:56:47] [MotusApiImporter] --- Processing row 60 (stock/sku: 1446010) ---
[2026-07-24 09:56:47] [MotusApiImporter] parseVehicle() OK — make=JAGUAR, model=F-PACE, source_url=https://www.motusvw.co.za/midrand/showroom/625-vwmdf892204/1/, image_urls count=1
[2026-07-24 09:56:47] [MotusApiImporter] Skipped detail-page fetch for stock #1446010 — time budget already exhausted.
[2026-07-24 09:56:47] [MotusApiImporter] After enrichFromDetailPage() — engine_capacity_cc=NULL, image_urls count=1
[2026-07-24 09:56:47] [MotusApiImporter] findExistingCar() -> EXISTING car id=1479
[2026-07-24 09:56:47] [MotusApiImporter] updateCar() completed for existing id=1479.
[2026-07-24 09:56:47] [MotusApiImporter] --- Processing row 61 (stock/sku: 1448883) ---
[2026-07-24 09:56:47] [MotusApiImporter] parseVehicle() OK — make=KIA, model=RIO, source_url=https://www.motusvw.co.za/midrand/showroom/625-vwmvusc894215/1/, image_urls count=1
[2026-07-24 09:56:47] [MotusApiImporter] Skipped detail-page fetch for stock #1448883 — time budget already exhausted.
[2026-07-24 09:56:47] [MotusApiImporter] After enrichFromDetailPage() — engine_capacity_cc=NULL, image_urls count=1
[2026-07-24 09:56:47] [MotusApiImporter] findExistingCar() -> EXISTING car id=1539
[2026-07-24 09:56:47] [MotusApiImporter] updateCar() completed for existing id=1539.
[2026-07-24 09:56:47] [MotusApiImporter] --- Processing row 62 (stock/sku: 1445715) ---
[2026-07-24 09:56:47] [MotusApiImporter] parseVehicle() OK — make=RENAULT, model=CLIO, source_url=https://www.motusvw.co.za/midrand/showroom/625-vwmdf896334/1/, image_urls count=1
[2026-07-24 09:56:47] [MotusApiImporter] Skipped detail-page fetch for stock #1445715 — time budget already exhausted.
[2026-07-24 09:56:47] [MotusApiImporter] After enrichFromDetailPage() — engine_capacity_cc=NULL, image_urls count=1
[2026-07-24 09:56:47] [MotusApiImporter] findExistingCar() -> EXISTING car id=1481
[2026-07-24 09:56:47] [MotusApiImporter] updateCar() completed for existing id=1481.
[2026-07-24 09:56:47] [MotusApiImporter] --- Processing row 63 (stock/sku: 1445883) ---
[2026-07-24 09:56:47] [MotusApiImporter] parseVehicle() OK — make=VOLKSWAGEN, model=POLO VIVO, source_url=https://www.motusvw.co.za/midrand/showroom/625-vwmdf894125/2/, image_urls count=1
[2026-07-24 09:56:47] [MotusApiImporter] Skipped detail-page fetch for stock #1445883 — time budget already exhausted.
[2026-07-24 09:56:47] [MotusApiImporter] After enrichFromDetailPage() — engine_capacity_cc=NULL, image_urls count=1
[2026-07-24 09:56:47] [MotusApiImporter] findExistingCar() -> EXISTING car id=1482
[2026-07-24 09:56:47] [MotusApiImporter] updateCar() completed for existing id=1482.
[2026-07-24 09:56:47] [MotusApiImporter] --- Processing row 64 (stock/sku: 1445714) ---
[2026-07-24 09:56:47] [MotusApiImporter] parseVehicle() OK — make=VOLKSWAGEN, model=POLO VIVO, source_url=https://www.motusvw.co.za/midrand/showroom/625-vwmdf896260/1/, image_urls count=1
[2026-07-24 09:56:47] [MotusApiImporter] Skipped detail-page fetch for stock #1445714 — time budget already exhausted.
[2026-07-24 09:56:47] [MotusApiImporter] After enrichFromDetailPage() — engine_capacity_cc=NULL, image_urls count=1
[2026-07-24 09:56:47] [MotusApiImporter] findExistingCar() -> EXISTING car id=1483
[2026-07-24 09:56:47] [MotusApiImporter] updateCar() completed for existing id=1483.
[2026-07-24 09:56:47] [MotusApiImporter] --- Processing row 65 (stock/sku: 1446735) ---
[2026-07-24 09:56:47] [MotusApiImporter] parseVehicle() OK — make=VOLKSWAGEN, model=TAIGO, source_url=https://www.motusvw.co.za/midrand/showroom/625-vwmdf861673/2/, image_urls count=1
[2026-07-24 09:56:47] [MotusApiImporter] Skipped detail-page fetch for stock #1446735 — time budget already exhausted.
[2026-07-24 09:56:47] [MotusApiImporter] After enrichFromDetailPage() — engine_capacity_cc=NULL, image_urls count=1
[2026-07-24 09:56:47] [MotusApiImporter] findExistingCar() -> EXISTING car id=1485
[2026-07-24 09:56:47] [MotusApiImporter] updateCar() completed for existing id=1485.
[2026-07-24 09:56:47] [MotusApiImporter] --- Processing row 66 (stock/sku: 1445959) ---
[2026-07-24 09:56:47] [MotusApiImporter] parseVehicle() OK — make=VOLKSWAGEN, model=TRANSPORTER, source_url=https://www.motusvw.co.za/midrand/showroom/625-vwmdf425954/1/, image_urls count=1
[2026-07-24 09:56:47] [MotusApiImporter] Skipped detail-page fetch for stock #1445959 — time budget already exhausted.
[2026-07-24 09:56:47] [MotusApiImporter] After enrichFromDetailPage() — engine_capacity_cc=NULL, image_urls count=1
[2026-07-24 09:56:47] [MotusApiImporter] findExistingCar() -> EXISTING car id=1486
[2026-07-24 09:56:47] [MotusApiImporter] updateCar() completed for existing id=1486.
[2026-07-24 09:56:47] [MotusApiImporter] --- Processing row 67 (stock/sku: 1446051) ---
[2026-07-24 09:56:47] [MotusApiImporter] parseVehicle() OK — make=VOLKSWAGEN, model=AMAROK, source_url=https://www.motusvw.co.za/midrand/showroom/625-vwmdf891606/1/, image_urls count=1
[2026-07-24 09:56:47] [MotusApiImporter] Skipped detail-page fetch for stock #1446051 — time budget already exhausted.
[2026-07-24 09:56:47] [MotusApiImporter] After enrichFromDetailPage() — engine_capacity_cc=NULL, image_urls count=1
[2026-07-24 09:56:47] [MotusApiImporter] findExistingCar() -> EXISTING car id=1487
[2026-07-24 09:56:47] [MotusApiImporter] updateCar() completed for existing id=1487.
[2026-07-24 09:56:47] [MotusApiImporter] --- Processing row 68 (stock/sku: 1446086) ---
[2026-07-24 09:56:47] [MotusApiImporter] parseVehicle() OK — make=VOLKSWAGEN, model=POLO, source_url=https://www.motusvw.co.za/midrand/showroom/625-vwmdf891191/1/, image_urls count=1
[2026-07-24 09:56:47] [MotusApiImporter] Skipped detail-page fetch for stock #1446086 — time budget already exhausted.
[2026-07-24 09:56:47] [MotusApiImporter] After enrichFromDetailPage() — engine_capacity_cc=NULL, image_urls count=1
[2026-07-24 09:56:47] [MotusApiImporter] findExistingCar() -> EXISTING car id=1489
[2026-07-24 09:56:47] [MotusApiImporter] updateCar() completed for existing id=1489.
[2026-07-24 09:56:47] [MotusApiImporter] --- Processing row 69 (stock/sku: 1446654) ---
[2026-07-24 09:56:47] [MotusApiImporter] parseVehicle() OK — make=AUDI, model=Q2, source_url=https://www.motusvw.co.za/midrand/showroom/625-vwmdf872129/1/, image_urls count=1
[2026-07-24 09:56:47] [MotusApiImporter] Skipped detail-page fetch for stock #1446654 — time budget already exhausted.
[2026-07-24 09:56:47] [MotusApiImporter] After enrichFromDetailPage() — engine_capacity_cc=NULL, image_urls count=1
[2026-07-24 09:56:47] [MotusApiImporter] findExistingCar() -> EXISTING car id=1490
[2026-07-24 09:56:47] [MotusApiImporter] updateCar() completed for existing id=1490.
[2026-07-24 09:56:47] [MotusApiImporter] --- Processing row 70 (stock/sku: 1449184) ---
[2026-07-24 09:56:47] [MotusApiImporter] parseVehicle() OK — make=FORD, model=RANGER, source_url=https://www.motusvw.co.za/midrand/showroom/625-vwmdf895758/1/, image_urls count=1
[2026-07-24 09:56:47] [MotusApiImporter] Skipped detail-page fetch for stock #1449184 — time budget already exhausted.
[2026-07-24 09:56:47] [MotusApiImporter] After enrichFromDetailPage() — engine_capacity_cc=NULL, image_urls count=1
[2026-07-24 09:56:47] [MotusApiImporter] findExistingCar() -> EXISTING car id=1588
[2026-07-24 09:56:47] [MotusApiImporter] updateCar() completed for existing id=1588.
[2026-07-24 09:56:47] [MotusApiImporter] --- Processing row 71 (stock/sku: 1448032) ---
[2026-07-24 09:56:47] [MotusApiImporter] parseVehicle() OK — make=HYUNDAI, model=GRAND CRETA, source_url=https://www.motusvw.co.za/midrand/showroom/625-vwmvusc853094/1/, image_urls count=1
[2026-07-24 09:56:47] [MotusApiImporter] Skipped detail-page fetch for stock #1448032 — time budget already exhausted.
[2026-07-24 09:56:47] [MotusApiImporter] After enrichFromDetailPage() — engine_capacity_cc=NULL, image_urls count=1
[2026-07-24 09:56:47] [MotusApiImporter] findExistingCar() -> EXISTING car id=1491
[2026-07-24 09:56:47] [MotusApiImporter] updateCar() completed for existing id=1491.
[2026-07-24 09:56:47] [MotusApiImporter] --- Processing row 72 (stock/sku: 1446809) ---
[2026-07-24 09:56:47] [MotusApiImporter] parseVehicle() OK — make=KIA, model=PICANTO, source_url=https://www.motusvw.co.za/midrand/showroom/625-vwmdf894445/1/, image_urls count=1
[2026-07-24 09:56:47] [MotusApiImporter] Skipped detail-page fetch for stock #1446809 — time budget already exhausted.
[2026-07-24 09:56:47] [MotusApiImporter] After enrichFromDetailPage() — engine_capacity_cc=NULL, image_urls count=1
[2026-07-24 09:56:47] [MotusApiImporter] findExistingCar() -> EXISTING car id=1492
[2026-07-24 09:56:47] [MotusApiImporter] updateCar() completed for existing id=1492.
[2026-07-24 09:56:47] [MotusApiImporter] --- Processing row 73 (stock/sku: 1446810) ---
[2026-07-24 09:56:47] [MotusApiImporter] parseVehicle() OK — make=NISSAN, model=MAGNITE, source_url=https://www.motusvw.co.za/midrand/showroom/625-vwmdf894838/1/, image_urls count=1
[2026-07-24 09:56:47] [MotusApiImporter] Skipped detail-page fetch for stock #1446810 — time budget already exhausted.
[2026-07-24 09:56:47] [MotusApiImporter] After enrichFromDetailPage() — engine_capacity_cc=NULL, image_urls count=1
[2026-07-24 09:56:47] [MotusApiImporter] findExistingCar() -> EXISTING car id=1493
[2026-07-24 09:56:47] [MotusApiImporter] updateCar() completed for existing id=1493.
[2026-07-24 09:56:47] [MotusApiImporter] --- Processing row 74 (stock/sku: 1446523) ---
[2026-07-24 09:56:47] [MotusApiImporter] parseVehicle() OK — make=TOYOTA, model=COROLLA CROSS, source_url=https://www.motusvw.co.za/midrand/showroom/625-bm037used896315/1/, image_urls count=1
[2026-07-24 09:56:47] [MotusApiImporter] Skipped detail-page fetch for stock #1446523 — time budget already exhausted.
[2026-07-24 09:56:47] [MotusApiImporter] After enrichFromDetailPage() — engine_capacity_cc=NULL, image_urls count=1
[2026-07-24 09:56:47] [MotusApiImporter] findExistingCar() -> EXISTING car id=1494
[2026-07-24 09:56:47] [MotusApiImporter] updateCar() completed for existing id=1494.
[2026-07-24 09:56:47] [MotusApiImporter] --- Processing row 75 (stock/sku: 1445994) ---
[2026-07-24 09:56:47] [MotusApiImporter] parseVehicle() OK — make=TOYOTA, model=HILUX, source_url=https://www.motusvw.co.za/midrand/showroom/625-vwmdf892356/1/, image_urls count=1
[2026-07-24 09:56:47] [MotusApiImporter] Skipped detail-page fetch for stock #1445994 — time budget already exhausted.
[2026-07-24 09:56:47] [MotusApiImporter] After enrichFromDetailPage() — engine_capacity_cc=NULL, image_urls count=1
[2026-07-24 09:56:47] [MotusApiImporter] findExistingCar() -> EXISTING car id=1495
[2026-07-24 09:56:47] [MotusApiImporter] updateCar() completed for existing id=1495.
[2026-07-24 09:56:47] [MotusApiImporter] --- Processing row 76 (stock/sku: 1446028) ---
[2026-07-24 09:56:47] [MotusApiImporter] parseVehicle() OK — make=VOLKSWAGEN, model=AMAROK, source_url=https://www.motusvw.co.za/midrand/showroom/625-vwmdf850170/1/, image_urls count=1
[2026-07-24 09:56:47] [MotusApiImporter] Skipped detail-page fetch for stock #1446028 — time budget already exhausted.
[2026-07-24 09:56:47] [MotusApiImporter] After enrichFromDetailPage() — engine_capacity_cc=NULL, image_urls count=1
[2026-07-24 09:56:47] [MotusApiImporter] findExistingCar() -> EXISTING car id=1496
[2026-07-24 09:56:47] [MotusApiImporter] updateCar() completed for existing id=1496.
[2026-07-24 09:56:47] [MotusApiImporter] --- Processing row 77 (stock/sku: 1445881) ---
[2026-07-24 09:56:47] [MotusApiImporter] parseVehicle() OK — make=VOLKSWAGEN, model=POLO, source_url=https://www.motusvw.co.za/midrand/showroom/625-vwmdf894037/1/, image_urls count=1
[2026-07-24 09:56:47] [MotusApiImporter] Skipped detail-page fetch for stock #1445881 — time budget already exhausted.
[2026-07-24 09:56:47] [MotusApiImporter] After enrichFromDetailPage() — engine_capacity_cc=NULL, image_urls count=1
[2026-07-24 09:56:47] [MotusApiImporter] findExistingCar() -> EXISTING car id=1497
[2026-07-24 09:56:47] [MotusApiImporter] updateCar() completed for existing id=1497.
[2026-07-24 09:56:47] [MotusApiImporter] --- Processing row 78 (stock/sku: 1446323) ---
[2026-07-24 09:56:47] [MotusApiImporter] parseVehicle() OK — make=VOLKSWAGEN, model=POLO, source_url=https://www.motusvw.co.za/midrand/showroom/625-vwmdf888345/1/, image_urls count=1
[2026-07-24 09:56:47] [MotusApiImporter] Skipped detail-page fetch for stock #1446323 — time budget already exhausted.
[2026-07-24 09:56:47] [MotusApiImporter] After enrichFromDetailPage() — engine_capacity_cc=NULL, image_urls count=1
[2026-07-24 09:56:47] [MotusApiImporter] findExistingCar() -> EXISTING car id=1498
[2026-07-24 09:56:47] [MotusApiImporter] updateCar() completed for existing id=1498.
[2026-07-24 09:56:47] [MotusApiImporter] --- Processing row 79 (stock/sku: 1446790) ---
[2026-07-24 09:56:47] [MotusApiImporter] parseVehicle() OK — make=VOLKSWAGEN, model=T-CROSS, source_url=https://www.motusvw.co.za/midrand/showroom/625-vwmdf839567/1/, image_urls count=1
[2026-07-24 09:56:47] [MotusApiImporter] Skipped detail-page fetch for stock #1446790 — time budget already exhausted.
[2026-07-24 09:56:47] [MotusApiImporter] After enrichFromDetailPage() — engine_capacity_cc=NULL, image_urls count=1
[2026-07-24 09:56:47] [MotusApiImporter] findExistingCar() -> EXISTING car id=1499
[2026-07-24 09:56:47] [MotusApiImporter] updateCar() completed for existing id=1499.
[2026-07-24 09:56:47] [MotusApiImporter] --- Processing row 80 (stock/sku: 1446786) ---
[2026-07-24 09:56:47] [MotusApiImporter] parseVehicle() OK — make=VOLKSWAGEN, model=T-CROSS, source_url=https://www.motusvw.co.za/midrand/showroom/625-vwmdf843717/8/, image_urls count=1
[2026-07-24 09:56:47] [MotusApiImporter] Skipped detail-page fetch for stock #1446786 — time budget already exhausted.
[2026-07-24 09:56:47] [MotusApiImporter] After enrichFromDetailPage() — engine_capacity_cc=NULL, image_urls count=1
[2026-07-24 09:56:47] [MotusApiImporter] findExistingCar() -> EXISTING car id=1500
[2026-07-24 09:56:47] [MotusApiImporter] updateCar() completed for existing id=1500.
[2026-07-24 09:56:47] [MotusApiImporter] --- Processing row 81 (stock/sku: 1445882) ---
[2026-07-24 09:56:47] [MotusApiImporter] parseVehicle() OK — make=VOLKSWAGEN, model=T-ROC, source_url=https://www.motusvw.co.za/midrand/showroom/625-vwmdf894108/1/, image_urls count=1
[2026-07-24 09:56:47] [MotusApiImporter] Skipped detail-page fetch for stock #1445882 — time budget already exhausted.
[2026-07-24 09:56:47] [MotusApiImporter] After enrichFromDetailPage() — engine_capacity_cc=NULL, image_urls count=1
[2026-07-24 09:56:47] [MotusApiImporter] findExistingCar() -> EXISTING car id=1501
[2026-07-24 09:56:47] [MotusApiImporter] updateCar() completed for existing id=1501.
[2026-07-24 09:56:47] [MotusApiImporter] --- Processing row 82 (stock/sku: 1445751) ---
[2026-07-24 09:56:47] [MotusApiImporter] parseVehicle() OK — make=VOLKSWAGEN, model=TAIGO, source_url=https://www.motusvw.co.za/midrand/showroom/625-vwmdf874038/1/, image_urls count=1
[2026-07-24 09:56:47] [MotusApiImporter] Skipped detail-page fetch for stock #1445751 — time budget already exhausted.
[2026-07-24 09:56:47] [MotusApiImporter] After enrichFromDetailPage() — engine_capacity_cc=NULL, image_urls count=1
[2026-07-24 09:56:47] [MotusApiImporter] findExistingCar() -> EXISTING car id=1502
[2026-07-24 09:56:47] [MotusApiImporter] updateCar() completed for existing id=1502.
[2026-07-24 09:56:47] [MotusApiImporter] --- Processing row 83 (stock/sku: 1446249) ---
[2026-07-24 09:56:47] [MotusApiImporter] parseVehicle() OK — make=SUZUKI, model=SWIFT, source_url=https://www.motusvw.co.za/midrand/showroom/625-vwmdf889410/1/, image_urls count=1
[2026-07-24 09:56:47] [MotusApiImporter] Skipped detail-page fetch for stock #1446249 — time budget already exhausted.
[2026-07-24 09:56:47] [MotusApiImporter] After enrichFromDetailPage() — engine_capacity_cc=NULL, image_urls count=1
[2026-07-24 09:56:47] [MotusApiImporter] findExistingCar() -> EXISTING car id=1503
[2026-07-24 09:56:47] [MotusApiImporter] updateCar() completed for existing id=1503.
[2026-07-24 09:56:47] [MotusApiImporter] --- Processing row 84 (stock/sku: 1445799) ---
[2026-07-24 09:56:47] [MotusApiImporter] parseVehicle() OK — make=SUZUKI, model=SWIFT, source_url=https://www.motusvw.co.za/midrand/showroom/625-vwmdf895482/1/, image_urls count=1
[2026-07-24 09:56:47] [MotusApiImporter] Skipped detail-page fetch for stock #1445799 — time budget already exhausted.
[2026-07-24 09:56:47] [MotusApiImporter] After enrichFromDetailPage() — engine_capacity_cc=NULL, image_urls count=1
[2026-07-24 09:56:47] [MotusApiImporter] findExistingCar() -> EXISTING car id=1504
[2026-07-24 09:56:47] [MotusApiImporter] updateCar() completed for existing id=1504.
[2026-07-24 09:56:47] [MotusApiImporter] --- Processing row 85 (stock/sku: 1445871) ---
[2026-07-24 09:56:47] [MotusApiImporter] parseVehicle() OK — make=SUZUKI, model=SWIFT, source_url=https://www.motusvw.co.za/midrand/showroom/625-vwmdf894155/1/, image_urls count=1
[2026-07-24 09:56:47] [MotusApiImporter] Skipped detail-page fetch for stock #1445871 — time budget already exhausted.
[2026-07-24 09:56:47] [MotusApiImporter] After enrichFromDetailPage() — engine_capacity_cc=NULL, image_urls count=1
[2026-07-24 09:56:47] [MotusApiImporter] findExistingCar() -> EXISTING car id=1505
[2026-07-24 09:56:47] [MotusApiImporter] updateCar() completed for existing id=1505.
[2026-07-24 09:56:47] [MotusApiImporter] --- Processing row 86 (stock/sku: 1445800) ---
[2026-07-24 09:56:47] [MotusApiImporter] parseVehicle() OK — make=SUZUKI, model=SWIFT, source_url=https://www.motusvw.co.za/midrand/showroom/625-vwmdf895483/1/, image_urls count=1
[2026-07-24 09:56:47] [MotusApiImporter] Skipped detail-page fetch for stock #1445800 — time budget already exhausted.
[2026-07-24 09:56:47] [MotusApiImporter] After enrichFromDetailPage() — engine_capacity_cc=NULL, image_urls count=1
[2026-07-24 09:56:47] [MotusApiImporter] findExistingCar() -> EXISTING car id=1506
[2026-07-24 09:56:47] [MotusApiImporter] updateCar() completed for existing id=1506.
[2026-07-24 09:56:47] [MotusApiImporter] --- Processing row 87 (stock/sku: 1446293) ---
[2026-07-24 09:56:47] [MotusApiImporter] parseVehicle() OK — make=TOYOTA, model=STARLET, source_url=https://www.motusvw.co.za/midrand/showroom/625-vwmdf888699/1/, image_urls count=1
[2026-07-24 09:56:47] [MotusApiImporter] Skipped detail-page fetch for stock #1446293 — time budget already exhausted.
[2026-07-24 09:56:47] [MotusApiImporter] After enrichFromDetailPage() — engine_capacity_cc=NULL, image_urls count=1
[2026-07-24 09:56:47] [MotusApiImporter] findExistingCar() -> EXISTING car id=1507
[2026-07-24 09:56:47] [MotusApiImporter] updateCar() completed for existing id=1507.
[2026-07-24 09:56:47] [MotusApiImporter] --- Processing row 88 (stock/sku: 1446743) ---
[2026-07-24 09:56:47] [MotusApiImporter] parseVehicle() OK — make=VOLKSWAGEN, model=AMAROK, source_url=https://www.motusvw.co.za/midrand/showroom/625-vwmdf861452/1/, image_urls count=1
[2026-07-24 09:56:47] [MotusApiImporter] Skipped detail-page fetch for stock #1446743 — time budget already exhausted.
[2026-07-24 09:56:47] [MotusApiImporter] After enrichFromDetailPage() — engine_capacity_cc=NULL, image_urls count=1
[2026-07-24 09:56:47] [MotusApiImporter] findExistingCar() -> EXISTING car id=1508
[2026-07-24 09:56:47] [MotusApiImporter] updateCar() completed for existing id=1508.
[2026-07-24 09:56:47] [MotusApiImporter] --- Processing row 89 (stock/sku: 1446558) ---
[2026-07-24 09:56:47] [MotusApiImporter] parseVehicle() OK — make=VOLKSWAGEN, model=POLO, source_url=https://www.motusvw.co.za/midrand/showroom/625-vwmdf876638/1/, image_urls count=1
[2026-07-24 09:56:47] [MotusApiImporter] Skipped detail-page fetch for stock #1446558 — time budget already exhausted.
[2026-07-24 09:56:47] [MotusApiImporter] After enrichFromDetailPage() — engine_capacity_cc=NULL, image_urls count=1
[2026-07-24 09:56:47] [MotusApiImporter] findExistingCar() -> EXISTING car id=1509
[2026-07-24 09:56:47] [MotusApiImporter] updateCar() completed for existing id=1509.
[2026-07-24 09:56:47] [MotusApiImporter] --- Processing row 90 (stock/sku: 1446729) ---
[2026-07-24 09:56:47] [MotusApiImporter] parseVehicle() OK — make=VOLKSWAGEN, model=POLO, source_url=https://www.motusvw.co.za/midrand/showroom/625-vwmdf864742/3/, image_urls count=1
[2026-07-24 09:56:47] [MotusApiImporter] Skipped detail-page fetch for stock #1446729 — time budget already exhausted.
[2026-07-24 09:56:47] [MotusApiImporter] After enrichFromDetailPage() — engine_capacity_cc=NULL, image_urls count=1
[2026-07-24 09:56:47] [MotusApiImporter] findExistingCar() -> EXISTING car id=1510
[2026-07-24 09:56:47] [MotusApiImporter] updateCar() completed for existing id=1510.
[2026-07-24 09:56:47] [MotusApiImporter] --- Processing row 91 (stock/sku: 1446763) ---
[2026-07-24 09:56:47] [MotusApiImporter] parseVehicle() OK — make=VOLKSWAGEN, model=POLO VIVO, source_url=https://www.motusvw.co.za/midrand/showroom/625-vwmdf858161/1/, image_urls count=1
[2026-07-24 09:56:47] [MotusApiImporter] Skipped detail-page fetch for stock #1446763 — time budget already exhausted.
[2026-07-24 09:56:47] [MotusApiImporter] After enrichFromDetailPage() — engine_capacity_cc=NULL, image_urls count=1
[2026-07-24 09:56:47] [MotusApiImporter] findExistingCar() -> EXISTING car id=1511
[2026-07-24 09:56:47] [MotusApiImporter] updateCar() completed for existing id=1511.
[2026-07-24 09:56:47] [MotusApiImporter] --- Processing row 92 (stock/sku: 1446755) ---
[2026-07-24 09:56:47] [MotusApiImporter] parseVehicle() OK — make=VOLKSWAGEN, model=POLO VIVO, source_url=https://www.motusvw.co.za/midrand/showroom/625-vwmdf859179/4/, image_urls count=1
[2026-07-24 09:56:47] [MotusApiImporter] Skipped detail-page fetch for stock #1446755 — time budget already exhausted.
[2026-07-24 09:56:47] [MotusApiImporter] After enrichFromDetailPage() — engine_capacity_cc=NULL, image_urls count=1
[2026-07-24 09:56:47] [MotusApiImporter] findExistingCar() -> EXISTING car id=1512
[2026-07-24 09:56:47] [MotusApiImporter] updateCar() completed for existing id=1512.
[2026-07-24 09:56:47] [MotusApiImporter] --- Processing row 93 (stock/sku: 1446746) ---
[2026-07-24 09:56:47] [MotusApiImporter] parseVehicle() OK — make=VOLKSWAGEN, model=POLO VIVO, source_url=https://www.motusvw.co.za/midrand/showroom/625-vwmdf860907/1/, image_urls count=1
[2026-07-24 09:56:47] [MotusApiImporter] Skipped detail-page fetch for stock #1446746 — time budget already exhausted.
[2026-07-24 09:56:47] [MotusApiImporter] After enrichFromDetailPage() — engine_capacity_cc=NULL, image_urls count=1
[2026-07-24 09:56:47] [MotusApiImporter] findExistingCar() -> EXISTING car id=1513
[2026-07-24 09:56:47] [MotusApiImporter] updateCar() completed for existing id=1513.
[2026-07-24 09:56:47] [MotusApiImporter] --- Processing row 94 (stock/sku: 1446711) ---
[2026-07-24 09:56:47] [MotusApiImporter] parseVehicle() OK — make=VOLKSWAGEN, model=POLO VIVO, source_url=https://www.motusvw.co.za/midrand/showroom/625-vwmdf868173/2/, image_urls count=1
[2026-07-24 09:56:47] [MotusApiImporter] Skipped detail-page fetch for stock #1446711 — time budget already exhausted.
[2026-07-24 09:56:47] [MotusApiImporter] After enrichFromDetailPage() — engine_capacity_cc=NULL, image_urls count=1
[2026-07-24 09:56:47] [MotusApiImporter] findExistingCar() -> EXISTING car id=1514
[2026-07-24 09:56:47] [MotusApiImporter] updateCar() completed for existing id=1514.
[2026-07-24 09:56:47] [MotusApiImporter] --- Processing row 95 (stock/sku: 1446694) ---
[2026-07-24 09:56:47] [MotusApiImporter] parseVehicle() OK — make=VOLKSWAGEN, model=POLO VIVO, source_url=https://www.motusvw.co.za/midrand/showroom/625-vwmdf869665/2/, image_urls count=1
[2026-07-24 09:56:47] [MotusApiImporter] Skipped detail-page fetch for stock #1446694 — time budget already exhausted.
[2026-07-24 09:56:47] [MotusApiImporter] After enrichFromDetailPage() — engine_capacity_cc=NULL, image_urls count=1
[2026-07-24 09:56:47] [MotusApiImporter] findExistingCar() -> EXISTING car id=1515
[2026-07-24 09:56:47] [MotusApiImporter] updateCar() completed for existing id=1515.
[2026-07-24 09:56:47] [MotusApiImporter] --- Processing row 96 (stock/sku: 1446751) ---
[2026-07-24 09:56:47] [MotusApiImporter] parseVehicle() OK — make=VOLKSWAGEN, model=T-CROSS, source_url=https://www.motusvw.co.za/midrand/showroom/625-vwmdf860129/3/, image_urls count=1
[2026-07-24 09:56:47] [MotusApiImporter] Skipped detail-page fetch for stock #1446751 — time budget already exhausted.
[2026-07-24 09:56:47] [MotusApiImporter] After enrichFromDetailPage() — engine_capacity_cc=NULL, image_urls count=1
[2026-07-24 09:56:47] [MotusApiImporter] findExistingCar() -> EXISTING car id=1516
[2026-07-24 09:56:47] [MotusApiImporter] updateCar() completed for existing id=1516.
[2026-07-24 09:56:47] [MotusApiImporter] --- Processing row 97 (stock/sku: 1446720) ---
[2026-07-24 09:56:47] [MotusApiImporter] parseVehicle() OK — make=VOLKSWAGEN, model=TAIGO, source_url=https://www.motusvw.co.za/midrand/showroom/625-vwmdf859177/2/, image_urls count=1
[2026-07-24 09:56:47] [MotusApiImporter] Skipped detail-page fetch for stock #1446720 — time budget already exhausted.
[2026-07-24 09:56:47] [MotusApiImporter] After enrichFromDetailPage() — engine_capacity_cc=NULL, image_urls count=1
[2026-07-24 09:56:47] [MotusApiImporter] findExistingCar() -> EXISTING car id=1517
[2026-07-24 09:56:47] [MotusApiImporter] updateCar() completed for existing id=1517.
[2026-07-24 09:56:47] [MotusApiImporter] --- Processing row 98 (stock/sku: 1446118) ---
[2026-07-24 09:56:47] [MotusApiImporter] parseVehicle() OK — make=MG, model=HS, source_url=https://www.motusvw.co.za/midrand/showroom/625-vwmdf890989/1/, image_urls count=1
[2026-07-24 09:56:47] [MotusApiImporter] Skipped detail-page fetch for stock #1446118 — time budget already exhausted.
[2026-07-24 09:56:47] [MotusApiImporter] After enrichFromDetailPage() — engine_capacity_cc=NULL, image_urls count=1
[2026-07-24 09:56:47] [MotusApiImporter] findExistingCar() -> EXISTING car id=1518
[2026-07-24 09:56:47] [MotusApiImporter] updateCar() completed for existing id=1518.
[2026-07-24 09:56:47] [MotusApiImporter] --- Processing row 99 (stock/sku: 1446119) ---
[2026-07-24 09:56:47] [MotusApiImporter] parseVehicle() OK — make=MG, model=MG3, source_url=https://www.motusvw.co.za/midrand/showroom/625-vwmdf890997/1/, image_urls count=1
[2026-07-24 09:56:47] [MotusApiImporter] Skipped detail-page fetch for stock #1446119 — time budget already exhausted.
[2026-07-24 09:56:47] [MotusApiImporter] After enrichFromDetailPage() — engine_capacity_cc=NULL, image_urls count=1
[2026-07-24 09:56:47] [MotusApiImporter] findExistingCar() -> EXISTING car id=1519
[2026-07-24 09:56:47] [MotusApiImporter] updateCar() completed for existing id=1519.
[2026-07-24 09:56:47] [MotusApiImporter] --- Processing row 100 (stock/sku: 1446188) ---
[2026-07-24 09:56:47] [MotusApiImporter] parseVehicle() OK — make=TATA, model=TIAGO, source_url=https://www.motusvw.co.za/midrand/showroom/625-vwmdf891531/1/, image_urls count=1
[2026-07-24 09:56:47] [MotusApiImporter] Skipped detail-page fetch for stock #1446188 — time budget already exhausted.
[2026-07-24 09:56:47] [MotusApiImporter] After enrichFromDetailPage() — engine_capacity_cc=NULL, image_urls count=1
[2026-07-24 09:56:47] [MotusApiImporter] findExistingCar() -> EXISTING car id=1520
[2026-07-24 09:56:47] [MotusApiImporter] updateCar() completed for existing id=1520.
[2026-07-24 09:56:47] [MotusApiImporter] --- Processing row 101 (stock/sku: 1446482) ---
[2026-07-24 09:56:47] [MotusApiImporter] parseVehicle() OK — make=VOLKSWAGEN, model=AMAROK, source_url=https://www.motusvw.co.za/midrand/showroom/625-vwmdf885078/1/, image_urls count=1
[2026-07-24 09:56:47] [MotusApiImporter] Skipped detail-page fetch for stock #1446482 — time budget already exhausted.
[2026-07-24 09:56:47] [MotusApiImporter] After enrichFromDetailPage() — engine_capacity_cc=NULL, image_urls count=1
[2026-07-24 09:56:47] [MotusApiImporter] findExistingCar() -> EXISTING car id=1521
[2026-07-24 09:56:47] [MotusApiImporter] updateCar() completed for existing id=1521.
[2026-07-24 09:56:47] [MotusApiImporter] --- Processing row 102 (stock/sku: 1446648) ---
[2026-07-24 09:56:47] [MotusApiImporter] parseVehicle() OK — make=VOLKSWAGEN, model=CADDY, source_url=https://www.motusvw.co.za/midrand/showroom/625-vwmdf872377/1/, image_urls count=1
[2026-07-24 09:56:47] [MotusApiImporter] Skipped detail-page fetch for stock #1446648 — time budget already exhausted.
[2026-07-24 09:56:47] [MotusApiImporter] After enrichFromDetailPage() — engine_capacity_cc=NULL, image_urls count=1
[2026-07-24 09:56:47] [MotusApiImporter] findExistingCar() -> EXISTING car id=1522
[2026-07-24 09:56:47] [MotusApiImporter] updateCar() completed for existing id=1522.
[2026-07-24 09:56:47] [MotusApiImporter] --- Processing row 103 (stock/sku: 1445922) ---
[2026-07-24 09:56:47] [MotusApiImporter] parseVehicle() OK — make=VOLKSWAGEN, model=POLO VIVO, source_url=https://www.motusvw.co.za/midrand/showroom/625-vwmdf893350/1/, image_urls count=1
[2026-07-24 09:56:47] [MotusApiImporter] Skipped detail-page fetch for stock #1445922 — time budget already exhausted.
[2026-07-24 09:56:47] [MotusApiImporter] After enrichFromDetailPage() — engine_capacity_cc=NULL, image_urls count=1
[2026-07-24 09:56:47] [MotusApiImporter] findExistingCar() -> EXISTING car id=1523
[2026-07-24 09:56:47] [MotusApiImporter] updateCar() completed for existing id=1523.
[2026-07-24 09:56:47] [MotusApiImporter] --- Processing row 104 (stock/sku: 1446628) ---
[2026-07-24 09:56:47] [MotusApiImporter] parseVehicle() OK — make=VOLKSWAGEN, model=POLO VIVO, source_url=https://www.motusvw.co.za/midrand/showroom/625-vwmdf873548/2/, image_urls count=1
[2026-07-24 09:56:47] [MotusApiImporter] Skipped detail-page fetch for stock #1446628 — time budget already exhausted.
[2026-07-24 09:56:47] [MotusApiImporter] After enrichFromDetailPage() — engine_capacity_cc=NULL, image_urls count=1
[2026-07-24 09:56:47] [MotusApiImporter] findExistingCar() -> EXISTING car id=1525
[2026-07-24 09:56:47] [MotusApiImporter] updateCar() completed for existing id=1525.
[2026-07-24 09:56:47] [MotusApiImporter] --- Processing row 105 (stock/sku: 1446506) ---
[2026-07-24 09:56:47] [MotusApiImporter] parseVehicle() OK — make=VOLKSWAGEN, model=POLO VIVO, source_url=https://www.motusvw.co.za/midrand/showroom/625-vwmdf884657/2/, image_urls count=1
[2026-07-24 09:56:47] [MotusApiImporter] Skipped detail-page fetch for stock #1446506 — time budget already exhausted.
[2026-07-24 09:56:47] [MotusApiImporter] After enrichFromDetailPage() — engine_capacity_cc=NULL, image_urls count=1
[2026-07-24 09:56:47] [MotusApiImporter] findExistingCar() -> EXISTING car id=1526
[2026-07-24 09:56:47] [MotusApiImporter] updateCar() completed for existing id=1526.
[2026-07-24 09:56:47] [MotusApiImporter] --- Processing row 106 (stock/sku: 1446432) ---
[2026-07-24 09:56:47] [MotusApiImporter] parseVehicle() OK — make=VOLKSWAGEN, model=POLO VIVO, source_url=https://www.motusvw.co.za/midrand/showroom/625-vwmdf886086/1/, image_urls count=1
[2026-07-24 09:56:47] [MotusApiImporter] Skipped detail-page fetch for stock #1446432 — time budget already exhausted.
[2026-07-24 09:56:47] [MotusApiImporter] After enrichFromDetailPage() — engine_capacity_cc=NULL, image_urls count=1
[2026-07-24 09:56:47] [MotusApiImporter] findExistingCar() -> EXISTING car id=1527
[2026-07-24 09:56:47] [MotusApiImporter] updateCar() completed for existing id=1527.
[2026-07-24 09:56:47] [MotusApiImporter] --- Processing row 107 (stock/sku: 1446409) ---
[2026-07-24 09:56:47] [MotusApiImporter] parseVehicle() OK — make=VOLKSWAGEN, model=POLO VIVO, source_url=https://www.motusvw.co.za/midrand/showroom/625-vwmdf886385/1/, image_urls count=1
[2026-07-24 09:56:47] [MotusApiImporter] Skipped detail-page fetch for stock #1446409 — time budget already exhausted.
[2026-07-24 09:56:47] [MotusApiImporter] After enrichFromDetailPage() — engine_capacity_cc=NULL, image_urls count=1
[2026-07-24 09:56:47] [MotusApiImporter] findExistingCar() -> EXISTING car id=1528
[2026-07-24 09:56:47] [MotusApiImporter] updateCar() completed for existing id=1528.
[2026-07-24 09:56:47] [MotusApiImporter] --- Processing row 108 (stock/sku: 1446322) ---
[2026-07-24 09:56:47] [MotusApiImporter] parseVehicle() OK — make=VOLKSWAGEN, model=POLO VIVO, source_url=https://www.motusvw.co.za/midrand/showroom/625-vwmdf888339/1/, image_urls count=1
[2026-07-24 09:56:47] [MotusApiImporter] Skipped detail-page fetch for stock #1446322 — time budget already exhausted.
[2026-07-24 09:56:47] [MotusApiImporter] After enrichFromDetailPage() — engine_capacity_cc=NULL, image_urls count=1
[2026-07-24 09:56:47] [MotusApiImporter] findExistingCar() -> EXISTING car id=1529
[2026-07-24 09:56:47] [MotusApiImporter] updateCar() completed for existing id=1529.
[2026-07-24 09:56:47] [MotusApiImporter] --- Processing row 109 (stock/sku: 1446321) ---
[2026-07-24 09:56:47] [MotusApiImporter] parseVehicle() OK — make=VOLKSWAGEN, model=POLO VIVO, source_url=https://www.motusvw.co.za/midrand/showroom/625-vwmdf888337/1/, image_urls count=1
[2026-07-24 09:56:47] [MotusApiImporter] Skipped detail-page fetch for stock #1446321 — time budget already exhausted.
[2026-07-24 09:56:47] [MotusApiImporter] After enrichFromDetailPage() — engine_capacity_cc=NULL, image_urls count=1
[2026-07-24 09:56:47] [MotusApiImporter] findExistingCar() -> EXISTING car id=1530
[2026-07-24 09:56:47] [MotusApiImporter] updateCar() completed for existing id=1530.
[2026-07-24 09:56:47] [MotusApiImporter] --- Processing row 110 (stock/sku: 1446314) ---
[2026-07-24 09:56:47] [MotusApiImporter] parseVehicle() OK — make=VOLKSWAGEN, model=POLO VIVO, source_url=https://www.motusvw.co.za/midrand/showroom/625-vwmdf888462/1/, image_urls count=1
[2026-07-24 09:56:47] [MotusApiImporter] Skipped detail-page fetch for stock #1446314 — time budget already exhausted.
[2026-07-24 09:56:47] [MotusApiImporter] After enrichFromDetailPage() — engine_capacity_cc=NULL, image_urls count=1
[2026-07-24 09:56:47] [MotusApiImporter] findExistingCar() -> EXISTING car id=1531
[2026-07-24 09:56:47] [MotusApiImporter] updateCar() completed for existing id=1531.
[2026-07-24 09:56:47] [MotusApiImporter] --- Processing row 111 (stock/sku: 1446181) ---
[2026-07-24 09:56:47] [MotusApiImporter] parseVehicle() OK — make=VOLKSWAGEN, model=POLO VIVO, source_url=https://www.motusvw.co.za/midrand/showroom/625-vwmdf890179/3/, image_urls count=1
[2026-07-24 09:56:47] [MotusApiImporter] Skipped detail-page fetch for stock #1446181 — time budget already exhausted.
[2026-07-24 09:56:47] [MotusApiImporter] After enrichFromDetailPage() — engine_capacity_cc=NULL, image_urls count=1
[2026-07-24 09:56:47] [MotusApiImporter] findExistingCar() -> EXISTING car id=1532
[2026-07-24 09:56:47] [MotusApiImporter] updateCar() completed for existing id=1532.
[2026-07-24 09:56:47] [MotusApiImporter] --- Processing row 112 (stock/sku: 1449179) ---
[2026-07-24 09:56:47] [MotusApiImporter] parseVehicle() OK — make=VOLKSWAGEN, model=POLO VIVO, source_url=https://www.motusvw.co.za/midrand/showroom/625-vwmdf875858/2/, image_urls count=1
[2026-07-24 09:56:47] [MotusApiImporter] Skipped detail-page fetch for stock #1449179 — time budget already exhausted.
[2026-07-24 09:56:47] [MotusApiImporter] After enrichFromDetailPage() — engine_capacity_cc=NULL, image_urls count=1
[2026-07-24 09:56:47] [MotusApiImporter] findExistingCar() -> EXISTING car id=1589
[2026-07-24 09:56:47] [MotusApiImporter] updateCar() completed for existing id=1589.
[2026-07-24 09:56:47] [MotusApiImporter] --- Processing row 113 (stock/sku: 1446179) ---
[2026-07-24 09:56:47] [MotusApiImporter] parseVehicle() OK — make=VOLKSWAGEN, model=POLO VIVO, source_url=https://www.motusvw.co.za/midrand/showroom/625-vwmdf890169/1/, image_urls count=1
[2026-07-24 09:56:47] [MotusApiImporter] Skipped detail-page fetch for stock #1446179 — time budget already exhausted.
[2026-07-24 09:56:47] [MotusApiImporter] After enrichFromDetailPage() — engine_capacity_cc=NULL, image_urls count=1
[2026-07-24 09:56:47] [MotusApiImporter] findExistingCar() -> EXISTING car id=1533
[2026-07-24 09:56:47] [MotusApiImporter] updateCar() completed for existing id=1533.
[2026-07-24 09:56:47] [MotusApiImporter] --- Processing row 114 (stock/sku: 1446333) ---
[2026-07-24 09:56:47] [MotusApiImporter] parseVehicle() OK — make=VOLKSWAGEN, model=POLO VIVO, source_url=https://www.motusvw.co.za/midrand/showroom/625-vwmdf888093/1/, image_urls count=1
[2026-07-24 09:56:47] [MotusApiImporter] Skipped detail-page fetch for stock #1446333 — time budget already exhausted.
[2026-07-24 09:56:47] [MotusApiImporter] After enrichFromDetailPage() — engine_capacity_cc=NULL, image_urls count=1
[2026-07-24 09:56:47] [MotusApiImporter] findExistingCar() -> EXISTING car id=1534
[2026-07-24 09:56:47] [MotusApiImporter] updateCar() completed for existing id=1534.
[2026-07-24 09:56:47] [MotusApiImporter] --- Processing row 115 (stock/sku: 1446180) ---
[2026-07-24 09:56:47] [MotusApiImporter] parseVehicle() OK — make=VOLKSWAGEN, model=POLO VIVO, source_url=https://www.motusvw.co.za/midrand/showroom/625-vwmdf890170/1/, image_urls count=1
[2026-07-24 09:56:47] [MotusApiImporter] Skipped detail-page fetch for stock #1446180 — time budget already exhausted.
[2026-07-24 09:56:47] [MotusApiImporter] After enrichFromDetailPage() — engine_capacity_cc=NULL, image_urls count=1
[2026-07-24 09:56:47] [MotusApiImporter] findExistingCar() -> EXISTING car id=1535
[2026-07-24 09:56:47] [MotusApiImporter] updateCar() completed for existing id=1535.
[2026-07-24 09:56:47] [MotusApiImporter] --- Processing row 116 (stock/sku: 1446261) ---
[2026-07-24 09:56:47] [MotusApiImporter] parseVehicle() OK — make=VOLKSWAGEN, model=POLO VIVO, source_url=https://www.motusvw.co.za/midrand/showroom/625-vwmdf889143/1/, image_urls count=1
[2026-07-24 09:56:47] [MotusApiImporter] Skipped detail-page fetch for stock #1446261 — time budget already exhausted.
[2026-07-24 09:56:47] [MotusApiImporter] After enrichFromDetailPage() — engine_capacity_cc=NULL, image_urls count=1
[2026-07-24 09:56:47] [MotusApiImporter] findExistingCar() -> EXISTING car id=1536
[2026-07-24 09:56:47] [MotusApiImporter] updateCar() completed for existing id=1536.
[2026-07-24 09:56:47] [MotusApiImporter] --- Processing row 117 (stock/sku: 1446533) ---
[2026-07-24 09:56:47] [MotusApiImporter] parseVehicle() OK — make=VOLKSWAGEN, model=T-CROSS, source_url=https://www.motusvw.co.za/midrand/showroom/625-vwmdf883411/2/, image_urls count=1
[2026-07-24 09:56:47] [MotusApiImporter] Skipped detail-page fetch for stock #1446533 — time budget already exhausted.
[2026-07-24 09:56:47] [MotusApiImporter] After enrichFromDetailPage() — engine_capacity_cc=NULL, image_urls count=1
[2026-07-24 09:56:47] [MotusApiImporter] findExistingCar() -> EXISTING car id=1537
[2026-07-24 09:56:47] [MotusApiImporter] updateCar() completed for existing id=1537.
[2026-07-24 09:56:47] [MotusApiImporter] --- Processing row 118 (stock/sku: 1446610) ---
[2026-07-24 09:56:47] [MotusApiImporter] parseVehicle() OK — make=VOLKSWAGEN, model=TRANSPORTER, source_url=https://www.motusvw.co.za/midrand/showroom/625-vwmdf875570/1/, image_urls count=1
[2026-07-24 09:56:47] [MotusApiImporter] Skipped detail-page fetch for stock #1446610 — time budget already exhausted.
[2026-07-24 09:56:47] [MotusApiImporter] After enrichFromDetailPage() — engine_capacity_cc=NULL, image_urls count=1
[2026-07-24 09:56:47] [MotusApiImporter] findExistingCar() -> EXISTING car id=1538
[2026-07-24 09:56:47] [MotusApiImporter] updateCar() completed for existing id=1538.
[2026-07-24 09:56:47] [MotusApiImporter] sync() FINISHED — {"imported":0,"updated":119,"skipped":0,"failed":0}
[2026-07-24 10:09:20] [MotusApiImporter] sync() STARTED — dealerId=14, sourceRef=https://www.motusvw.co.za/midrand/showroom/
[2026-07-24 10:09:20] [MotusApiImporter] Time budget: 35s, dealerNameFilter="Motus VW Midrand"
[2026-07-24 10:09:22] [MotusApiImporter] crawlDealership() returned 119 row(s) before dealer-name filtering.
[2026-07-24 10:09:22] [MotusApiImporter] After filterByDealerName(): 119 row(s) remain.
[2026-07-24 10:09:22] [MotusApiImporter] --- Processing row 0 (stock/sku: 1446776) ---
[2026-07-24 10:09:22] [MotusApiImporter] parseVehicle() OK — make=VOLKSWAGEN, model=POLO, source_url=https://www.motusvw.co.za/midrand/showroom/625-vwmdf852273/5/, image_urls count=1
[2026-07-24 10:09:24] [MotusApiImporter] After enrichFromDetailPage() — engine_capacity_cc=999, image_urls count=17
[2026-07-24 10:09:24] [MotusApiImporter] findExistingCar() -> EXISTING car id=1419
[2026-07-24 10:09:24] [MotusApiImporter] updateCar() completed for existing id=1419.
[2026-07-24 10:09:24] [MotusApiImporter] --- Processing row 1 (stock/sku: 1446299) ---
[2026-07-24 10:09:24] [MotusApiImporter] parseVehicle() OK — make=VOLKSWAGEN, model=GOLF 8, source_url=https://www.motusvw.co.za/midrand/showroom/625-vwmdf888609/1/, image_urls count=1
[2026-07-24 10:09:26] [MotusApiImporter] After enrichFromDetailPage() — engine_capacity_cc=0, image_urls count=18
[2026-07-24 10:09:26] [MotusApiImporter] findExistingCar() -> EXISTING car id=1420
[2026-07-24 10:09:26] [MotusApiImporter] updateCar() completed for existing id=1420.
[2026-07-24 10:09:26] [MotusApiImporter] --- Processing row 2 (stock/sku: 1446532) ---
[2026-07-24 10:09:26] [MotusApiImporter] parseVehicle() OK — make=VOLKSWAGEN, model=POLO, source_url=https://www.motusvw.co.za/midrand/showroom/625-vwmdf883395/1/, image_urls count=1
[2026-07-24 10:09:27] [MotusApiImporter] After enrichFromDetailPage() — engine_capacity_cc=999, image_urls count=10
[2026-07-24 10:09:27] [MotusApiImporter] findExistingCar() -> EXISTING car id=1421
[2026-07-24 10:09:27] [MotusApiImporter] updateCar() completed for existing id=1421.
[2026-07-24 10:09:27] [MotusApiImporter] --- Processing row 3 (stock/sku: 1446295) ---
[2026-07-24 10:09:27] [MotusApiImporter] parseVehicle() OK — make=VOLKSWAGEN, model=POLO, source_url=https://www.motusvw.co.za/midrand/showroom/625-vwmdf888735/1/, image_urls count=1
[2026-07-24 10:09:29] [MotusApiImporter] After enrichFromDetailPage() — engine_capacity_cc=999, image_urls count=15
[2026-07-24 10:09:29] [MotusApiImporter] findExistingCar() -> EXISTING car id=1422
[2026-07-24 10:09:29] [MotusApiImporter] updateCar() completed for existing id=1422.
[2026-07-24 10:09:29] [MotusApiImporter] --- Processing row 4 (stock/sku: 1446601) ---
[2026-07-24 10:09:29] [MotusApiImporter] parseVehicle() OK — make=VOLKSWAGEN, model=POLO, source_url=https://www.motusvw.co.za/midrand/showroom/625-bm030used887224/1/, image_urls count=1
[2026-07-24 10:09:31] [MotusApiImporter] After enrichFromDetailPage() — engine_capacity_cc=999, image_urls count=18
[2026-07-24 10:09:31] [MotusApiImporter] findExistingCar() -> EXISTING car id=1423
[2026-07-24 10:09:31] [MotusApiImporter] updateCar() completed for existing id=1423.
[2026-07-24 10:09:31] [MotusApiImporter] --- Processing row 5 (stock/sku: 1446065) ---
[2026-07-24 10:09:31] [MotusApiImporter] parseVehicle() OK — make=VOLKSWAGEN, model=POLO, source_url=https://www.motusvw.co.za/midrand/showroom/625-vwmdf890975/1/, image_urls count=1
[2026-07-24 10:09:32] [MotusApiImporter] After enrichFromDetailPage() — engine_capacity_cc=1598, image_urls count=17
[2026-07-24 10:09:32] [MotusApiImporter] findExistingCar() -> EXISTING car id=1424
[2026-07-24 10:09:32] [MotusApiImporter] updateCar() completed for existing id=1424.
[2026-07-24 10:09:32] [MotusApiImporter] --- Processing row 6 (stock/sku: 1446370) ---
[2026-07-24 10:09:32] [MotusApiImporter] parseVehicle() OK — make=VOLKSWAGEN, model=POLO, source_url=https://www.motusvw.co.za/midrand/showroom/625-vwmdf887435/1/, image_urls count=1
[2026-07-24 10:09:33] [MotusApiImporter] After enrichFromDetailPage() — engine_capacity_cc=1998, image_urls count=18
[2026-07-24 10:09:33] [MotusApiImporter] findExistingCar() -> EXISTING car id=1425
[2026-07-24 10:09:33] [MotusApiImporter] updateCar() completed for existing id=1425.
[2026-07-24 10:09:33] [MotusApiImporter] --- Processing row 7 (stock/sku: 1446517) ---
[2026-07-24 10:09:33] [MotusApiImporter] parseVehicle() OK — make=VOLKSWAGEN, model=POLO VIVO, source_url=https://www.motusvw.co.za/midrand/showroom/625-vwmdf884987/1/, image_urls count=1
[2026-07-24 10:09:35] [MotusApiImporter] After enrichFromDetailPage() — engine_capacity_cc=1398, image_urls count=18
[2026-07-24 10:09:35] [MotusApiImporter] findExistingCar() -> EXISTING car id=1426
[2026-07-24 10:09:35] [MotusApiImporter] updateCar() completed for existing id=1426.
[2026-07-24 10:09:35] [MotusApiImporter] --- Processing row 8 (stock/sku: 1446115) ---
[2026-07-24 10:09:35] [MotusApiImporter] parseVehicle() OK — make=VOLKSWAGEN, model=POLO VIVO, source_url=https://www.motusvw.co.za/midrand/showroom/625-vwmdf891042/2/, image_urls count=1
[2026-07-24 10:09:36] [MotusApiImporter] After enrichFromDetailPage() — engine_capacity_cc=1598, image_urls count=18
[2026-07-24 10:09:36] [MotusApiImporter] findExistingCar() -> EXISTING car id=1427
[2026-07-24 10:09:36] [MotusApiImporter] updateCar() completed for existing id=1427.
[2026-07-24 10:09:36] [MotusApiImporter] --- Processing row 9 (stock/sku: 1446589) ---
[2026-07-24 10:09:36] [MotusApiImporter] parseVehicle() OK — make=VOLKSWAGEN, model=POLO VIVO, source_url=https://www.motusvw.co.za/midrand/showroom/625-vwmdf875588/1/, image_urls count=1
[2026-07-24 10:09:38] [MotusApiImporter] After enrichFromDetailPage() — engine_capacity_cc=1598, image_urls count=16
[2026-07-24 10:09:38] [MotusApiImporter] findExistingCar() -> EXISTING car id=1428
[2026-07-24 10:09:38] [MotusApiImporter] updateCar() completed for existing id=1428.
[2026-07-24 10:09:38] [MotusApiImporter] --- Processing row 10 (stock/sku: 1446083) ---
[2026-07-24 10:09:38] [MotusApiImporter] parseVehicle() OK — make=VOLKSWAGEN, model=T-CROSS, source_url=https://www.motusvw.co.za/midrand/showroom/625-vwmdf891215/1/, image_urls count=1
[2026-07-24 10:09:39] [MotusApiImporter] After enrichFromDetailPage() — engine_capacity_cc=999, image_urls count=16
[2026-07-24 10:09:39] [MotusApiImporter] findExistingCar() -> EXISTING car id=1429
[2026-07-24 10:09:39] [MotusApiImporter] updateCar() completed for existing id=1429.
[2026-07-24 10:09:39] [MotusApiImporter] --- Processing row 11 (stock/sku: 1446395) ---
[2026-07-24 10:09:39] [MotusApiImporter] parseVehicle() OK — make=VOLKSWAGEN, model=T-CROSS, source_url=https://www.motusvw.co.za/midrand/showroom/625-vwmdf886830/1/, image_urls count=1
[2026-07-24 10:09:41] [MotusApiImporter] After enrichFromDetailPage() — engine_capacity_cc=999, image_urls count=17
[2026-07-24 10:09:41] [MotusApiImporter] findExistingCar() -> EXISTING car id=1430
[2026-07-24 10:09:41] [MotusApiImporter] updateCar() completed for existing id=1430.
[2026-07-24 10:09:41] [MotusApiImporter] --- Processing row 12 (stock/sku: 1446535) ---
[2026-07-24 10:09:41] [MotusApiImporter] parseVehicle() OK — make=VOLKSWAGEN, model=T-ROC, source_url=https://www.motusvw.co.za/midrand/showroom/625-vwmdf883338/1/, image_urls count=1
[2026-07-24 10:09:43] [MotusApiImporter] After enrichFromDetailPage() — engine_capacity_cc=1984, image_urls count=20
[2026-07-24 10:09:43] [MotusApiImporter] findExistingCar() -> EXISTING car id=1431
[2026-07-24 10:09:43] [MotusApiImporter] updateCar() completed for existing id=1431.
[2026-07-24 10:09:43] [MotusApiImporter] --- Processing row 13 (stock/sku: 1446315) ---
[2026-07-24 10:09:43] [MotusApiImporter] parseVehicle() OK — make=VOLKSWAGEN, model=T-ROC, source_url=https://www.motusvw.co.za/midrand/showroom/625-vwmdf888464/1/, image_urls count=1
[2026-07-24 10:09:44] [MotusApiImporter] After enrichFromDetailPage() — engine_capacity_cc=1984, image_urls count=20
[2026-07-24 10:09:44] [MotusApiImporter] findExistingCar() -> EXISTING car id=1432
[2026-07-24 10:09:44] [MotusApiImporter] updateCar() completed for existing id=1432.
[2026-07-24 10:09:44] [MotusApiImporter] --- Processing row 14 (stock/sku: 1446599) ---
[2026-07-24 10:09:44] [MotusApiImporter] parseVehicle() OK — make=VOLKSWAGEN, model=TIGUAN, source_url=https://www.motusvw.co.za/midrand/showroom/625-vwmdf875100/1/, image_urls count=1
[2026-07-24 10:09:46] [MotusApiImporter] After enrichFromDetailPage() — engine_capacity_cc=1968, image_urls count=18
[2026-07-24 10:09:46] [MotusApiImporter] findExistingCar() -> EXISTING car id=1433
[2026-07-24 10:09:46] [MotusApiImporter] updateCar() completed for existing id=1433.
[2026-07-24 10:09:46] [MotusApiImporter] --- Processing row 15 (stock/sku: 1446192) ---
[2026-07-24 10:09:46] [MotusApiImporter] parseVehicle() OK — make=VOLKSWAGEN, model=TIGUAN, source_url=https://www.motusvw.co.za/midrand/showroom/625-vwmdf890088/2/, image_urls count=1
[2026-07-24 10:09:47] [MotusApiImporter] After enrichFromDetailPage() — engine_capacity_cc=1395, image_urls count=15
[2026-07-24 10:09:47] [MotusApiImporter] findExistingCar() -> EXISTING car id=1434
[2026-07-24 10:09:47] [MotusApiImporter] updateCar() completed for existing id=1434.
[2026-07-24 10:09:47] [MotusApiImporter] --- Processing row 16 (stock/sku: 1446143) ---
[2026-07-24 10:09:47] [MotusApiImporter] parseVehicle() OK — make=VOLKSWAGEN, model=TIGUAN, source_url=https://www.motusvw.co.za/midrand/showroom/625-vwmdf890778/1/, image_urls count=1
[2026-07-24 10:09:49] [MotusApiImporter] After enrichFromDetailPage() — engine_capacity_cc=1968, image_urls count=17
[2026-07-24 10:09:49] [MotusApiImporter] findExistingCar() -> EXISTING car id=1435
[2026-07-24 10:09:49] [MotusApiImporter] updateCar() completed for existing id=1435.
[2026-07-24 10:09:49] [MotusApiImporter] --- Processing row 17 (stock/sku: 1446000) ---
[2026-07-24 10:09:49] [MotusApiImporter] parseVehicle() OK — make=VOLKSWAGEN, model=GOLF, source_url=https://www.motusvw.co.za/midrand/showroom/625-vwmdf892223/0/, image_urls count=1
[2026-07-24 10:09:50] [MotusApiImporter] After enrichFromDetailPage() — engine_capacity_cc=1395, image_urls count=16
[2026-07-24 10:09:50] [MotusApiImporter] findExistingCar() -> EXISTING car id=1436
[2026-07-24 10:09:50] [MotusApiImporter] updateCar() completed for existing id=1436.
[2026-07-24 10:09:50] [MotusApiImporter] --- Processing row 18 (stock/sku: 1445980) ---
[2026-07-24 10:09:50] [MotusApiImporter] parseVehicle() OK — make=VOLKSWAGEN, model=GOLF 8, source_url=https://www.motusvw.co.za/midrand/showroom/625-vwmdf892557/0/, image_urls count=1
[2026-07-24 10:09:51] [MotusApiImporter] After enrichFromDetailPage() — engine_capacity_cc=0, image_urls count=15
[2026-07-24 10:09:51] [MotusApiImporter] findExistingCar() -> EXISTING car id=1437
[2026-07-24 10:09:51] [MotusApiImporter] updateCar() completed for existing id=1437.
[2026-07-24 10:09:51] [MotusApiImporter] --- Processing row 19 (stock/sku: 1446122) ---
[2026-07-24 10:09:51] [MotusApiImporter] parseVehicle() OK — make=VOLKSWAGEN, model=GOLF 8, source_url=https://www.motusvw.co.za/midrand/showroom/625-vwmdf890926/0/, image_urls count=1
[2026-07-24 10:09:53] [MotusApiImporter] After enrichFromDetailPage() — engine_capacity_cc=0, image_urls count=16
[2026-07-24 10:09:53] [MotusApiImporter] findExistingCar() -> EXISTING car id=1438
[2026-07-24 10:09:53] [MotusApiImporter] updateCar() completed for existing id=1438.
[2026-07-24 10:09:53] [MotusApiImporter] --- Processing row 20 (stock/sku: 1446022) ---
[2026-07-24 10:09:53] [MotusApiImporter] parseVehicle() OK — make=VOLKSWAGEN, model=GOLF 8, source_url=https://www.motusvw.co.za/midrand/showroom/625-vwmdf892077/0/, image_urls count=1
[2026-07-24 10:09:54] [MotusApiImporter] After enrichFromDetailPage() — engine_capacity_cc=0, image_urls count=17
[2026-07-24 10:09:54] [MotusApiImporter] findExistingCar() -> EXISTING car id=1439
[2026-07-24 10:09:54] [MotusApiImporter] updateCar() completed for existing id=1439.
[2026-07-24 10:09:54] [MotusApiImporter] --- Processing row 21 (stock/sku: 1446049) ---
[2026-07-24 10:09:54] [MotusApiImporter] parseVehicle() OK — make=VOLKSWAGEN, model=GOLF 8, source_url=https://www.motusvw.co.za/midrand/showroom/625-vwmdf892214/0/, image_urls count=1
[2026-07-24 10:09:56] [MotusApiImporter] After enrichFromDetailPage() — engine_capacity_cc=0, image_urls count=16
[2026-07-24 10:09:56] [MotusApiImporter] findExistingCar() -> EXISTING car id=1440
[2026-07-24 10:09:56] [MotusApiImporter] updateCar() completed for existing id=1440.
[2026-07-24 10:09:56] [MotusApiImporter] --- Processing row 22 (stock/sku: 1446001) ---
[2026-07-24 10:09:56] [MotusApiImporter] parseVehicle() OK — make=VOLKSWAGEN, model=GOLF 8, source_url=https://www.motusvw.co.za/midrand/showroom/625-vwmdf892266/0/, image_urls count=1
[2026-07-24 10:09:56] [MotusApiImporter] Skipped detail-page fetch for stock #1446001 — time budget already exhausted.
[2026-07-24 10:09:56] [MotusApiImporter] After enrichFromDetailPage() — engine_capacity_cc=NULL, image_urls count=1
[2026-07-24 10:09:56] [MotusApiImporter] findExistingCar() -> EXISTING car id=1441
[2026-07-24 10:09:56] [MotusApiImporter] updateCar() completed for existing id=1441.
[2026-07-24 10:09:56] [MotusApiImporter] --- Processing row 23 (stock/sku: 1446356) ---
[2026-07-24 10:09:56] [MotusApiImporter] parseVehicle() OK — make=VOLKSWAGEN, model=POLO, source_url=https://www.motusvw.co.za/midrand/showroom/625-vwmdf887866/0/, image_urls count=1
[2026-07-24 10:09:56] [MotusApiImporter] Skipped detail-page fetch for stock #1446356 — time budget already exhausted.
[2026-07-24 10:09:56] [MotusApiImporter] After enrichFromDetailPage() — engine_capacity_cc=NULL, image_urls count=1
[2026-07-24 10:09:56] [MotusApiImporter] findExistingCar() -> EXISTING car id=1442
[2026-07-24 10:09:56] [MotusApiImporter] updateCar() completed for existing id=1442.
[2026-07-24 10:09:56] [MotusApiImporter] --- Processing row 24 (stock/sku: 1446129) ---
[2026-07-24 10:09:56] [MotusApiImporter] parseVehicle() OK — make=VOLKSWAGEN, model=POLO, source_url=https://www.motusvw.co.za/midrand/showroom/625-vwmdf890824/0/, image_urls count=1
[2026-07-24 10:09:56] [MotusApiImporter] Skipped detail-page fetch for stock #1446129 — time budget already exhausted.
[2026-07-24 10:09:56] [MotusApiImporter] After enrichFromDetailPage() — engine_capacity_cc=NULL, image_urls count=1
[2026-07-24 10:09:56] [MotusApiImporter] findExistingCar() -> EXISTING car id=1443
[2026-07-24 10:09:56] [MotusApiImporter] updateCar() completed for existing id=1443.
[2026-07-24 10:09:56] [MotusApiImporter] --- Processing row 25 (stock/sku: 1445964) ---
[2026-07-24 10:09:56] [MotusApiImporter] parseVehicle() OK — make=VOLKSWAGEN, model=POLO, source_url=https://www.motusvw.co.za/midrand/showroom/625-vwmdf892733/0/, image_urls count=1
[2026-07-24 10:09:56] [MotusApiImporter] Skipped detail-page fetch for stock #1445964 — time budget already exhausted.
[2026-07-24 10:09:56] [MotusApiImporter] After enrichFromDetailPage() — engine_capacity_cc=NULL, image_urls count=1
[2026-07-24 10:09:56] [MotusApiImporter] findExistingCar() -> EXISTING car id=1444
[2026-07-24 10:09:56] [MotusApiImporter] updateCar() completed for existing id=1444.
[2026-07-24 10:09:56] [MotusApiImporter] --- Processing row 26 (stock/sku: 1446127) ---
[2026-07-24 10:09:56] [MotusApiImporter] parseVehicle() OK — make=VOLKSWAGEN, model=POLO, source_url=https://www.motusvw.co.za/midrand/showroom/625-vwmdf890793/0/, image_urls count=1
[2026-07-24 10:09:56] [MotusApiImporter] Skipped detail-page fetch for stock #1446127 — time budget already exhausted.
[2026-07-24 10:09:56] [MotusApiImporter] After enrichFromDetailPage() — engine_capacity_cc=NULL, image_urls count=1
[2026-07-24 10:09:56] [MotusApiImporter] findExistingCar() -> EXISTING car id=1445
[2026-07-24 10:09:56] [MotusApiImporter] updateCar() completed for existing id=1445.
[2026-07-24 10:09:56] [MotusApiImporter] --- Processing row 27 (stock/sku: 1446009) ---
[2026-07-24 10:09:56] [MotusApiImporter] parseVehicle() OK — make=VOLKSWAGEN, model=POLO, source_url=https://www.motusvw.co.za/midrand/showroom/625-vwmdf892148/0/, image_urls count=1
[2026-07-24 10:09:56] [MotusApiImporter] Skipped detail-page fetch for stock #1446009 — time budget already exhausted.
[2026-07-24 10:09:56] [MotusApiImporter] After enrichFromDetailPage() — engine_capacity_cc=NULL, image_urls count=1
[2026-07-24 10:09:56] [MotusApiImporter] findExistingCar() -> EXISTING car id=1446
[2026-07-24 10:09:56] [MotusApiImporter] updateCar() completed for existing id=1446.
[2026-07-24 10:09:56] [MotusApiImporter] --- Processing row 28 (stock/sku: 1445944) ---
[2026-07-24 10:09:56] [MotusApiImporter] parseVehicle() OK — make=VOLKSWAGEN, model=POLO, source_url=https://www.motusvw.co.za/midrand/showroom/625-vwmdf893079/0/, image_urls count=1
[2026-07-24 10:09:56] [MotusApiImporter] Skipped detail-page fetch for stock #1445944 — time budget already exhausted.
[2026-07-24 10:09:56] [MotusApiImporter] After enrichFromDetailPage() — engine_capacity_cc=NULL, image_urls count=1
[2026-07-24 10:09:56] [MotusApiImporter] findExistingCar() -> EXISTING car id=1447
[2026-07-24 10:09:56] [MotusApiImporter] updateCar() completed for existing id=1447.
[2026-07-24 10:09:56] [MotusApiImporter] --- Processing row 29 (stock/sku: 1445929) ---
[2026-07-24 10:09:56] [MotusApiImporter] parseVehicle() OK — make=VOLKSWAGEN, model=POLO, source_url=https://www.motusvw.co.za/midrand/showroom/625-vwmdf893255/0/, image_urls count=1
[2026-07-24 10:09:56] [MotusApiImporter] Skipped detail-page fetch for stock #1445929 — time budget already exhausted.
[2026-07-24 10:09:56] [MotusApiImporter] After enrichFromDetailPage() — engine_capacity_cc=NULL, image_urls count=1
[2026-07-24 10:09:56] [MotusApiImporter] findExistingCar() -> EXISTING car id=1448
[2026-07-24 10:09:56] [MotusApiImporter] updateCar() completed for existing id=1448.
[2026-07-24 10:09:56] [MotusApiImporter] --- Processing row 30 (stock/sku: 1445930) ---
[2026-07-24 10:09:56] [MotusApiImporter] parseVehicle() OK — make=VOLKSWAGEN, model=POLO, source_url=https://www.motusvw.co.za/midrand/showroom/625-vwmdf893267/0/, image_urls count=1
[2026-07-24 10:09:56] [MotusApiImporter] Skipped detail-page fetch for stock #1445930 — time budget already exhausted.
[2026-07-24 10:09:56] [MotusApiImporter] After enrichFromDetailPage() — engine_capacity_cc=NULL, image_urls count=1
[2026-07-24 10:09:56] [MotusApiImporter] findExistingCar() -> EXISTING car id=1449
[2026-07-24 10:09:56] [MotusApiImporter] updateCar() completed for existing id=1449.
[2026-07-24 10:09:56] [MotusApiImporter] --- Processing row 31 (stock/sku: 1446008) ---
[2026-07-24 10:09:56] [MotusApiImporter] parseVehicle() OK — make=VOLKSWAGEN, model=POLO, source_url=https://www.motusvw.co.za/midrand/showroom/625-vwmdf892145/0/, image_urls count=1
[2026-07-24 10:09:56] [MotusApiImporter] Skipped detail-page fetch for stock #1446008 — time budget already exhausted.
[2026-07-24 10:09:56] [MotusApiImporter] After enrichFromDetailPage() — engine_capacity_cc=NULL, image_urls count=1
[2026-07-24 10:09:56] [MotusApiImporter] findExistingCar() -> EXISTING car id=1450
[2026-07-24 10:09:56] [MotusApiImporter] updateCar() completed for existing id=1450.
[2026-07-24 10:09:56] [MotusApiImporter] --- Processing row 32 (stock/sku: 1445928) ---
[2026-07-24 10:09:56] [MotusApiImporter] parseVehicle() OK — make=VOLKSWAGEN, model=POLO, source_url=https://www.motusvw.co.za/midrand/showroom/625-vwmdf893252/0/, image_urls count=1
[2026-07-24 10:09:56] [MotusApiImporter] Skipped detail-page fetch for stock #1445928 — time budget already exhausted.
[2026-07-24 10:09:56] [MotusApiImporter] After enrichFromDetailPage() — engine_capacity_cc=NULL, image_urls count=1
[2026-07-24 10:09:56] [MotusApiImporter] findExistingCar() -> EXISTING car id=1451
[2026-07-24 10:09:56] [MotusApiImporter] updateCar() completed for existing id=1451.
[2026-07-24 10:09:56] [MotusApiImporter] --- Processing row 33 (stock/sku: 1445915) ---
[2026-07-24 10:09:56] [MotusApiImporter] parseVehicle() OK — make=VOLKSWAGEN, model=POLO, source_url=https://www.motusvw.co.za/midrand/showroom/625-vwmdf893516/0/, image_urls count=1
[2026-07-24 10:09:56] [MotusApiImporter] Skipped detail-page fetch for stock #1445915 — time budget already exhausted.
[2026-07-24 10:09:56] [MotusApiImporter] After enrichFromDetailPage() — engine_capacity_cc=NULL, image_urls count=1
[2026-07-24 10:09:56] [MotusApiImporter] findExistingCar() -> EXISTING car id=1452
[2026-07-24 10:09:56] [MotusApiImporter] updateCar() completed for existing id=1452.
[2026-07-24 10:09:56] [MotusApiImporter] --- Processing row 34 (stock/sku: 1445966) ---
[2026-07-24 10:09:56] [MotusApiImporter] parseVehicle() OK — make=VOLKSWAGEN, model=POLO, source_url=https://www.motusvw.co.za/midrand/showroom/625-vwmdf892527/0/, image_urls count=1
[2026-07-24 10:09:56] [MotusApiImporter] Skipped detail-page fetch for stock #1445966 — time budget already exhausted.
[2026-07-24 10:09:56] [MotusApiImporter] After enrichFromDetailPage() — engine_capacity_cc=NULL, image_urls count=1
[2026-07-24 10:09:56] [MotusApiImporter] findExistingCar() -> EXISTING car id=1453
[2026-07-24 10:09:56] [MotusApiImporter] updateCar() completed for existing id=1453.
[2026-07-24 10:09:56] [MotusApiImporter] --- Processing row 35 (stock/sku: 1445835) ---
[2026-07-24 10:09:56] [MotusApiImporter] parseVehicle() OK — make=VOLKSWAGEN, model=POLO, source_url=https://www.motusvw.co.za/midrand/showroom/625-vwmdf894547/0/, image_urls count=1
[2026-07-24 10:09:56] [MotusApiImporter] Skipped detail-page fetch for stock #1445835 — time budget already exhausted.
[2026-07-24 10:09:56] [MotusApiImporter] After enrichFromDetailPage() — engine_capacity_cc=NULL, image_urls count=1
[2026-07-24 10:09:56] [MotusApiImporter] findExistingCar() -> EXISTING car id=1454
[2026-07-24 10:09:56] [MotusApiImporter] updateCar() completed for existing id=1454.
[2026-07-24 10:09:56] [MotusApiImporter] --- Processing row 36 (stock/sku: 1445857) ---
[2026-07-24 10:09:56] [MotusApiImporter] parseVehicle() OK — make=VOLKSWAGEN, model=POLO VIVO, source_url=https://www.motusvw.co.za/midrand/showroom/625-vwmdf894310/0/, image_urls count=1
[2026-07-24 10:09:56] [MotusApiImporter] Skipped detail-page fetch for stock #1445857 — time budget already exhausted.
[2026-07-24 10:09:56] [MotusApiImporter] After enrichFromDetailPage() — engine_capacity_cc=NULL, image_urls count=1
[2026-07-24 10:09:56] [MotusApiImporter] findExistingCar() -> EXISTING car id=1455
[2026-07-24 10:09:56] [MotusApiImporter] updateCar() completed for existing id=1455.
[2026-07-24 10:09:56] [MotusApiImporter] --- Processing row 37 (stock/sku: 1445858) ---
[2026-07-24 10:09:56] [MotusApiImporter] parseVehicle() OK — make=VOLKSWAGEN, model=POLO VIVO, source_url=https://www.motusvw.co.za/midrand/showroom/625-vwmdf894316/0/, image_urls count=1
[2026-07-24 10:09:56] [MotusApiImporter] Skipped detail-page fetch for stock #1445858 — time budget already exhausted.
[2026-07-24 10:09:56] [MotusApiImporter] After enrichFromDetailPage() — engine_capacity_cc=NULL, image_urls count=1
[2026-07-24 10:09:56] [MotusApiImporter] findExistingCar() -> EXISTING car id=1456
[2026-07-24 10:09:56] [MotusApiImporter] updateCar() completed for existing id=1456.
[2026-07-24 10:09:56] [MotusApiImporter] --- Processing row 38 (stock/sku: 1446130) ---
[2026-07-24 10:09:56] [MotusApiImporter] parseVehicle() OK — make=VOLKSWAGEN, model=POLO VIVO, source_url=https://www.motusvw.co.za/midrand/showroom/625-vwmdf890905/0/, image_urls count=1
[2026-07-24 10:09:56] [MotusApiImporter] Skipped detail-page fetch for stock #1446130 — time budget already exhausted.
[2026-07-24 10:09:56] [MotusApiImporter] After enrichFromDetailPage() — engine_capacity_cc=NULL, image_urls count=1
[2026-07-24 10:09:56] [MotusApiImporter] findExistingCar() -> EXISTING car id=1457
[2026-07-24 10:09:56] [MotusApiImporter] updateCar() completed for existing id=1457.
[2026-07-24 10:09:56] [MotusApiImporter] --- Processing row 39 (stock/sku: 1445963) ---
[2026-07-24 10:09:56] [MotusApiImporter] parseVehicle() OK — make=VOLKSWAGEN, model=T-CROSS, source_url=https://www.motusvw.co.za/midrand/showroom/625-vwmdf892729/0/, image_urls count=1
[2026-07-24 10:09:56] [MotusApiImporter] Skipped detail-page fetch for stock #1445963 — time budget already exhausted.
[2026-07-24 10:09:56] [MotusApiImporter] After enrichFromDetailPage() — engine_capacity_cc=NULL, image_urls count=1
[2026-07-24 10:09:56] [MotusApiImporter] findExistingCar() -> EXISTING car id=1458
[2026-07-24 10:09:56] [MotusApiImporter] updateCar() completed for existing id=1458.
[2026-07-24 10:09:56] [MotusApiImporter] --- Processing row 40 (stock/sku: 1445833) ---
[2026-07-24 10:09:56] [MotusApiImporter] parseVehicle() OK — make=VOLKSWAGEN, model=T-CROSS, source_url=https://www.motusvw.co.za/midrand/showroom/625-vwmdf895060/0/, image_urls count=1
[2026-07-24 10:09:56] [MotusApiImporter] Skipped detail-page fetch for stock #1445833 — time budget already exhausted.
[2026-07-24 10:09:56] [MotusApiImporter] After enrichFromDetailPage() — engine_capacity_cc=NULL, image_urls count=1
[2026-07-24 10:09:56] [MotusApiImporter] findExistingCar() -> EXISTING car id=1459
[2026-07-24 10:09:56] [MotusApiImporter] updateCar() completed for existing id=1459.
[2026-07-24 10:09:56] [MotusApiImporter] --- Processing row 41 (stock/sku: 1445916) ---
[2026-07-24 10:09:56] [MotusApiImporter] parseVehicle() OK — make=VOLKSWAGEN, model=T-CROSS, source_url=https://www.motusvw.co.za/midrand/showroom/625-vwmdf893597/0/, image_urls count=1
[2026-07-24 10:09:56] [MotusApiImporter] Skipped detail-page fetch for stock #1445916 — time budget already exhausted.
[2026-07-24 10:09:56] [MotusApiImporter] After enrichFromDetailPage() — engine_capacity_cc=NULL, image_urls count=1
[2026-07-24 10:09:56] [MotusApiImporter] findExistingCar() -> EXISTING car id=1460
[2026-07-24 10:09:56] [MotusApiImporter] updateCar() completed for existing id=1460.
[2026-07-24 10:09:56] [MotusApiImporter] --- Processing row 42 (stock/sku: 1445895) ---
[2026-07-24 10:09:56] [MotusApiImporter] parseVehicle() OK — make=VOLKSWAGEN, model=T-CROSS, source_url=https://www.motusvw.co.za/midrand/showroom/625-vwmdf894000/0/, image_urls count=1
[2026-07-24 10:09:56] [MotusApiImporter] Skipped detail-page fetch for stock #1445895 — time budget already exhausted.
[2026-07-24 10:09:56] [MotusApiImporter] After enrichFromDetailPage() — engine_capacity_cc=NULL, image_urls count=1
[2026-07-24 10:09:56] [MotusApiImporter] findExistingCar() -> EXISTING car id=1461
[2026-07-24 10:09:56] [MotusApiImporter] updateCar() completed for existing id=1461.
[2026-07-24 10:09:56] [MotusApiImporter] --- Processing row 43 (stock/sku: 1445907) ---
[2026-07-24 10:09:56] [MotusApiImporter] parseVehicle() OK — make=VOLKSWAGEN, model=TIGUAN, source_url=https://www.motusvw.co.za/midrand/showroom/625-vwmdf893709/0/, image_urls count=1
[2026-07-24 10:09:56] [MotusApiImporter] Skipped detail-page fetch for stock #1445907 — time budget already exhausted.
[2026-07-24 10:09:56] [MotusApiImporter] After enrichFromDetailPage() — engine_capacity_cc=NULL, image_urls count=1
[2026-07-24 10:09:56] [MotusApiImporter] findExistingCar() -> EXISTING car id=1462
[2026-07-24 10:09:56] [MotusApiImporter] updateCar() completed for existing id=1462.
[2026-07-24 10:09:56] [MotusApiImporter] --- Processing row 44 (stock/sku: 1446283) ---
[2026-07-24 10:09:56] [MotusApiImporter] parseVehicle() OK — make=VOLKSWAGEN, model=TIGUAN, source_url=https://www.motusvw.co.za/midrand/showroom/625-vwmdf888104/0/, image_urls count=1
[2026-07-24 10:09:56] [MotusApiImporter] Skipped detail-page fetch for stock #1446283 — time budget already exhausted.
[2026-07-24 10:09:56] [MotusApiImporter] After enrichFromDetailPage() — engine_capacity_cc=NULL, image_urls count=1
[2026-07-24 10:09:56] [MotusApiImporter] findExistingCar() -> EXISTING car id=1463
[2026-07-24 10:09:56] [MotusApiImporter] updateCar() completed for existing id=1463.
[2026-07-24 10:09:56] [MotusApiImporter] --- Processing row 45 (stock/sku: 1446223) ---
[2026-07-24 10:09:56] [MotusApiImporter] parseVehicle() OK — make=JEEP, model=RENEGADE, source_url=https://www.motusvw.co.za/midrand/showroom/625-vwmdf889687/1/, image_urls count=1
[2026-07-24 10:09:56] [MotusApiImporter] Skipped detail-page fetch for stock #1446223 — time budget already exhausted.
[2026-07-24 10:09:56] [MotusApiImporter] After enrichFromDetailPage() — engine_capacity_cc=NULL, image_urls count=1
[2026-07-24 10:09:56] [MotusApiImporter] findExistingCar() -> EXISTING car id=1464
[2026-07-24 10:09:56] [MotusApiImporter] updateCar() completed for existing id=1464.
[2026-07-24 10:09:56] [MotusApiImporter] --- Processing row 46 (stock/sku: 1445923) ---
[2026-07-24 10:09:56] [MotusApiImporter] parseVehicle() OK — make=BMW, model=2 SERIES, source_url=https://www.motusvw.co.za/midrand/showroom/625-vwmdf893379/1/, image_urls count=1
[2026-07-24 10:09:56] [MotusApiImporter] Skipped detail-page fetch for stock #1445923 — time budget already exhausted.
[2026-07-24 10:09:56] [MotusApiImporter] After enrichFromDetailPage() — engine_capacity_cc=NULL, image_urls count=1
[2026-07-24 10:09:56] [MotusApiImporter] findExistingCar() -> EXISTING car id=1465
[2026-07-24 10:09:56] [MotusApiImporter] updateCar() completed for existing id=1465.
[2026-07-24 10:09:56] [MotusApiImporter] --- Processing row 47 (stock/sku: 1445943) ---
[2026-07-24 10:09:56] [MotusApiImporter] parseVehicle() OK — make=FORD, model=ECOSPORT, source_url=https://www.motusvw.co.za/midrand/showroom/625-vwmdf893075/1/, image_urls count=1
[2026-07-24 10:09:56] [MotusApiImporter] Skipped detail-page fetch for stock #1445943 — time budget already exhausted.
[2026-07-24 10:09:56] [MotusApiImporter] After enrichFromDetailPage() — engine_capacity_cc=NULL, image_urls count=1
[2026-07-24 10:09:56] [MotusApiImporter] findExistingCar() -> EXISTING car id=1466
[2026-07-24 10:09:56] [MotusApiImporter] updateCar() completed for existing id=1466.
[2026-07-24 10:09:56] [MotusApiImporter] --- Processing row 48 (stock/sku: 1446850) ---
[2026-07-24 10:09:56] [MotusApiImporter] parseVehicle() OK — make=VOLKSWAGEN, model=POLO, source_url=https://www.motusvw.co.za/midrand/showroom/625-vwmdf258260/1/, image_urls count=1
[2026-07-24 10:09:56] [MotusApiImporter] Skipped detail-page fetch for stock #1446850 — time budget already exhausted.
[2026-07-24 10:09:56] [MotusApiImporter] After enrichFromDetailPage() — engine_capacity_cc=NULL, image_urls count=1
[2026-07-24 10:09:56] [MotusApiImporter] findExistingCar() -> EXISTING car id=1467
[2026-07-24 10:09:56] [MotusApiImporter] updateCar() completed for existing id=1467.
[2026-07-24 10:09:56] [MotusApiImporter] --- Processing row 49 (stock/sku: 1446505) ---
[2026-07-24 10:09:56] [MotusApiImporter] parseVehicle() OK — make=VOLKSWAGEN, model=POLO VIVO, source_url=https://www.motusvw.co.za/midrand/showroom/625-vwmdf608385/2/, image_urls count=1
[2026-07-24 10:09:56] [MotusApiImporter] Skipped detail-page fetch for stock #1446505 — time budget already exhausted.
[2026-07-24 10:09:56] [MotusApiImporter] After enrichFromDetailPage() — engine_capacity_cc=NULL, image_urls count=1
[2026-07-24 10:09:56] [MotusApiImporter] findExistingCar() -> EXISTING car id=1468
[2026-07-24 10:09:56] [MotusApiImporter] updateCar() completed for existing id=1468.
[2026-07-24 10:09:56] [MotusApiImporter] --- Processing row 50 (stock/sku: 1446800) ---
[2026-07-24 10:09:56] [MotusApiImporter] parseVehicle() OK — make=VOLKSWAGEN, model=TIGUAN, source_url=https://www.motusvw.co.za/midrand/showroom/625-vwmdf829969/1/, image_urls count=1
[2026-07-24 10:09:56] [MotusApiImporter] Skipped detail-page fetch for stock #1446800 — time budget already exhausted.
[2026-07-24 10:09:56] [MotusApiImporter] After enrichFromDetailPage() — engine_capacity_cc=NULL, image_urls count=1
[2026-07-24 10:09:56] [MotusApiImporter] findExistingCar() -> EXISTING car id=1469
[2026-07-24 10:09:56] [MotusApiImporter] updateCar() completed for existing id=1469.
[2026-07-24 10:09:56] [MotusApiImporter] --- Processing row 51 (stock/sku: 1446792) ---
[2026-07-24 10:09:56] [MotusApiImporter] parseVehicle() OK — make=VOLKSWAGEN, model=TIGUAN ALLSPACE, source_url=https://www.motusvw.co.za/midrand/showroom/625-vwmdf838290/1/, image_urls count=1
[2026-07-24 10:09:56] [MotusApiImporter] Skipped detail-page fetch for stock #1446792 — time budget already exhausted.
[2026-07-24 10:09:56] [MotusApiImporter] After enrichFromDetailPage() — engine_capacity_cc=NULL, image_urls count=1
[2026-07-24 10:09:56] [MotusApiImporter] findExistingCar() -> EXISTING car id=1470
[2026-07-24 10:09:56] [MotusApiImporter] updateCar() completed for existing id=1470.
[2026-07-24 10:09:56] [MotusApiImporter] --- Processing row 52 (stock/sku: 1446153) ---
[2026-07-24 10:09:56] [MotusApiImporter] parseVehicle() OK — make=VOLKSWAGEN, model=TIGUAN, source_url=https://www.motusvw.co.za/midrand/showroom/625-vwmdf762579/1/, image_urls count=1
[2026-07-24 10:09:56] [MotusApiImporter] Skipped detail-page fetch for stock #1446153 — time budget already exhausted.
[2026-07-24 10:09:56] [MotusApiImporter] After enrichFromDetailPage() — engine_capacity_cc=NULL, image_urls count=1
[2026-07-24 10:09:56] [MotusApiImporter] findExistingCar() -> EXISTING car id=1471
[2026-07-24 10:09:56] [MotusApiImporter] updateCar() completed for existing id=1471.
[2026-07-24 10:09:56] [MotusApiImporter] --- Processing row 53 (stock/sku: 1446811) ---
[2026-07-24 10:09:56] [MotusApiImporter] parseVehicle() OK — make=FORD, model=ECOSPORT, source_url=https://www.motusvw.co.za/midrand/showroom/625-vwmdf889981/1/, image_urls count=1
[2026-07-24 10:09:56] [MotusApiImporter] Skipped detail-page fetch for stock #1446811 — time budget already exhausted.
[2026-07-24 10:09:56] [MotusApiImporter] After enrichFromDetailPage() — engine_capacity_cc=NULL, image_urls count=1
[2026-07-24 10:09:56] [MotusApiImporter] findExistingCar() -> EXISTING car id=1472
[2026-07-24 10:09:56] [MotusApiImporter] updateCar() completed for existing id=1472.
[2026-07-24 10:09:56] [MotusApiImporter] --- Processing row 54 (stock/sku: 1445937) ---
[2026-07-24 10:09:56] [MotusApiImporter] parseVehicle() OK — make=FORD, model=FIGO, source_url=https://www.motusvw.co.za/midrand/showroom/625-vwmdf893195/1/, image_urls count=1
[2026-07-24 10:09:56] [MotusApiImporter] Skipped detail-page fetch for stock #1445937 — time budget already exhausted.
[2026-07-24 10:09:56] [MotusApiImporter] After enrichFromDetailPage() — engine_capacity_cc=NULL, image_urls count=1
[2026-07-24 10:09:56] [MotusApiImporter] findExistingCar() -> EXISTING car id=1473
[2026-07-24 10:09:56] [MotusApiImporter] updateCar() completed for existing id=1473.
[2026-07-24 10:09:56] [MotusApiImporter] --- Processing row 55 (stock/sku: 1446382) ---
[2026-07-24 10:09:56] [MotusApiImporter] parseVehicle() OK — make=VOLKSWAGEN, model=AMAROK, source_url=https://www.motusvw.co.za/midrand/showroom/625-vwmdf421690/1/, image_urls count=1
[2026-07-24 10:09:56] [MotusApiImporter] Skipped detail-page fetch for stock #1446382 — time budget already exhausted.
[2026-07-24 10:09:56] [MotusApiImporter] After enrichFromDetailPage() — engine_capacity_cc=NULL, image_urls count=1
[2026-07-24 10:09:56] [MotusApiImporter] findExistingCar() -> EXISTING car id=1474
[2026-07-24 10:09:56] [MotusApiImporter] updateCar() completed for existing id=1474.
[2026-07-24 10:09:56] [MotusApiImporter] --- Processing row 56 (stock/sku: 1446801) ---
[2026-07-24 10:09:56] [MotusApiImporter] parseVehicle() OK — make=VOLKSWAGEN, model=T-CROSS, source_url=https://www.motusvw.co.za/midrand/showroom/625-vwmdf423363/2/, image_urls count=1
[2026-07-24 10:09:56] [MotusApiImporter] Skipped detail-page fetch for stock #1446801 — time budget already exhausted.
[2026-07-24 10:09:56] [MotusApiImporter] After enrichFromDetailPage() — engine_capacity_cc=NULL, image_urls count=1
[2026-07-24 10:09:56] [MotusApiImporter] findExistingCar() -> EXISTING car id=1475
[2026-07-24 10:09:56] [MotusApiImporter] updateCar() completed for existing id=1475.
[2026-07-24 10:09:56] [MotusApiImporter] --- Processing row 57 (stock/sku: 1446410) ---
[2026-07-24 10:09:56] [MotusApiImporter] parseVehicle() OK — make=VOLKSWAGEN, model=TRANSPORTER, source_url=https://www.motusvw.co.za/midrand/showroom/625-vwmdf886408/4/, image_urls count=1
[2026-07-24 10:09:56] [MotusApiImporter] Skipped detail-page fetch for stock #1446410 — time budget already exhausted.
[2026-07-24 10:09:56] [MotusApiImporter] After enrichFromDetailPage() — engine_capacity_cc=NULL, image_urls count=1
[2026-07-24 10:09:56] [MotusApiImporter] findExistingCar() -> EXISTING car id=1476
[2026-07-24 10:09:56] [MotusApiImporter] updateCar() completed for existing id=1476.
[2026-07-24 10:09:56] [MotusApiImporter] --- Processing row 58 (stock/sku: 1445899) ---
[2026-07-24 10:09:56] [MotusApiImporter] parseVehicle() OK — make=VOLKSWAGEN, model=TRANSPORTER, source_url=https://www.motusvw.co.za/midrand/showroom/625-vwmdf893863/1/, image_urls count=1
[2026-07-24 10:09:56] [MotusApiImporter] Skipped detail-page fetch for stock #1445899 — time budget already exhausted.
[2026-07-24 10:09:56] [MotusApiImporter] After enrichFromDetailPage() — engine_capacity_cc=NULL, image_urls count=1
[2026-07-24 10:09:56] [MotusApiImporter] findExistingCar() -> EXISTING car id=1477
[2026-07-24 10:09:56] [MotusApiImporter] updateCar() completed for existing id=1477.
[2026-07-24 10:09:56] [MotusApiImporter] --- Processing row 59 (stock/sku: 1446142) ---
[2026-07-24 10:09:56] [MotusApiImporter] parseVehicle() OK — make=BMW, model=4 SERIES, source_url=https://www.motusvw.co.za/midrand/showroom/625-vwmdf890748/1/, image_urls count=1
[2026-07-24 10:09:56] [MotusApiImporter] Skipped detail-page fetch for stock #1446142 — time budget already exhausted.
[2026-07-24 10:09:56] [MotusApiImporter] After enrichFromDetailPage() — engine_capacity_cc=NULL, image_urls count=1
[2026-07-24 10:09:56] [MotusApiImporter] findExistingCar() -> EXISTING car id=1478
[2026-07-24 10:09:56] [MotusApiImporter] updateCar() completed for existing id=1478.
[2026-07-24 10:09:56] [MotusApiImporter] --- Processing row 60 (stock/sku: 1446010) ---
[2026-07-24 10:09:56] [MotusApiImporter] parseVehicle() OK — make=JAGUAR, model=F-PACE, source_url=https://www.motusvw.co.za/midrand/showroom/625-vwmdf892204/1/, image_urls count=1
[2026-07-24 10:09:56] [MotusApiImporter] Skipped detail-page fetch for stock #1446010 — time budget already exhausted.
[2026-07-24 10:09:56] [MotusApiImporter] After enrichFromDetailPage() — engine_capacity_cc=NULL, image_urls count=1
[2026-07-24 10:09:56] [MotusApiImporter] findExistingCar() -> EXISTING car id=1479
[2026-07-24 10:09:56] [MotusApiImporter] updateCar() completed for existing id=1479.
[2026-07-24 10:09:56] [MotusApiImporter] --- Processing row 61 (stock/sku: 1448883) ---
[2026-07-24 10:09:56] [MotusApiImporter] parseVehicle() OK — make=KIA, model=RIO, source_url=https://www.motusvw.co.za/midrand/showroom/625-vwmvusc894215/1/, image_urls count=1
[2026-07-24 10:09:56] [MotusApiImporter] Skipped detail-page fetch for stock #1448883 — time budget already exhausted.
[2026-07-24 10:09:56] [MotusApiImporter] After enrichFromDetailPage() — engine_capacity_cc=NULL, image_urls count=1
[2026-07-24 10:09:56] [MotusApiImporter] findExistingCar() -> EXISTING car id=1539
[2026-07-24 10:09:56] [MotusApiImporter] updateCar() completed for existing id=1539.
[2026-07-24 10:09:56] [MotusApiImporter] --- Processing row 62 (stock/sku: 1445715) ---
[2026-07-24 10:09:56] [MotusApiImporter] parseVehicle() OK — make=RENAULT, model=CLIO, source_url=https://www.motusvw.co.za/midrand/showroom/625-vwmdf896334/1/, image_urls count=1
[2026-07-24 10:09:56] [MotusApiImporter] Skipped detail-page fetch for stock #1445715 — time budget already exhausted.
[2026-07-24 10:09:56] [MotusApiImporter] After enrichFromDetailPage() — engine_capacity_cc=NULL, image_urls count=1
[2026-07-24 10:09:56] [MotusApiImporter] findExistingCar() -> EXISTING car id=1481
[2026-07-24 10:09:56] [MotusApiImporter] updateCar() completed for existing id=1481.
[2026-07-24 10:09:56] [MotusApiImporter] --- Processing row 63 (stock/sku: 1445883) ---
[2026-07-24 10:09:56] [MotusApiImporter] parseVehicle() OK — make=VOLKSWAGEN, model=POLO VIVO, source_url=https://www.motusvw.co.za/midrand/showroom/625-vwmdf894125/2/, image_urls count=1
[2026-07-24 10:09:56] [MotusApiImporter] Skipped detail-page fetch for stock #1445883 — time budget already exhausted.
[2026-07-24 10:09:56] [MotusApiImporter] After enrichFromDetailPage() — engine_capacity_cc=NULL, image_urls count=1
[2026-07-24 10:09:56] [MotusApiImporter] findExistingCar() -> EXISTING car id=1482
[2026-07-24 10:09:56] [MotusApiImporter] updateCar() completed for existing id=1482.
[2026-07-24 10:09:56] [MotusApiImporter] --- Processing row 64 (stock/sku: 1445714) ---
[2026-07-24 10:09:56] [MotusApiImporter] parseVehicle() OK — make=VOLKSWAGEN, model=POLO VIVO, source_url=https://www.motusvw.co.za/midrand/showroom/625-vwmdf896260/1/, image_urls count=1
[2026-07-24 10:09:56] [MotusApiImporter] Skipped detail-page fetch for stock #1445714 — time budget already exhausted.
[2026-07-24 10:09:56] [MotusApiImporter] After enrichFromDetailPage() — engine_capacity_cc=NULL, image_urls count=1
[2026-07-24 10:09:56] [MotusApiImporter] findExistingCar() -> EXISTING car id=1483
[2026-07-24 10:09:56] [MotusApiImporter] updateCar() completed for existing id=1483.
[2026-07-24 10:09:56] [MotusApiImporter] --- Processing row 65 (stock/sku: 1446735) ---
[2026-07-24 10:09:56] [MotusApiImporter] parseVehicle() OK — make=VOLKSWAGEN, model=TAIGO, source_url=https://www.motusvw.co.za/midrand/showroom/625-vwmdf861673/2/, image_urls count=1
[2026-07-24 10:09:56] [MotusApiImporter] Skipped detail-page fetch for stock #1446735 — time budget already exhausted.
[2026-07-24 10:09:56] [MotusApiImporter] After enrichFromDetailPage() — engine_capacity_cc=NULL, image_urls count=1
[2026-07-24 10:09:56] [MotusApiImporter] findExistingCar() -> EXISTING car id=1485
[2026-07-24 10:09:56] [MotusApiImporter] updateCar() completed for existing id=1485.
[2026-07-24 10:09:56] [MotusApiImporter] --- Processing row 66 (stock/sku: 1445959) ---
[2026-07-24 10:09:56] [MotusApiImporter] parseVehicle() OK — make=VOLKSWAGEN, model=TRANSPORTER, source_url=https://www.motusvw.co.za/midrand/showroom/625-vwmdf425954/1/, image_urls count=1
[2026-07-24 10:09:56] [MotusApiImporter] Skipped detail-page fetch for stock #1445959 — time budget already exhausted.
[2026-07-24 10:09:56] [MotusApiImporter] After enrichFromDetailPage() — engine_capacity_cc=NULL, image_urls count=1
[2026-07-24 10:09:56] [MotusApiImporter] findExistingCar() -> EXISTING car id=1486
[2026-07-24 10:09:56] [MotusApiImporter] updateCar() completed for existing id=1486.
[2026-07-24 10:09:56] [MotusApiImporter] --- Processing row 67 (stock/sku: 1446051) ---
[2026-07-24 10:09:56] [MotusApiImporter] parseVehicle() OK — make=VOLKSWAGEN, model=AMAROK, source_url=https://www.motusvw.co.za/midrand/showroom/625-vwmdf891606/1/, image_urls count=1
[2026-07-24 10:09:56] [MotusApiImporter] Skipped detail-page fetch for stock #1446051 — time budget already exhausted.
[2026-07-24 10:09:56] [MotusApiImporter] After enrichFromDetailPage() — engine_capacity_cc=NULL, image_urls count=1
[2026-07-24 10:09:56] [MotusApiImporter] findExistingCar() -> EXISTING car id=1487
[2026-07-24 10:09:56] [MotusApiImporter] updateCar() completed for existing id=1487.
[2026-07-24 10:09:56] [MotusApiImporter] --- Processing row 68 (stock/sku: 1446086) ---
[2026-07-24 10:09:56] [MotusApiImporter] parseVehicle() OK — make=VOLKSWAGEN, model=POLO, source_url=https://www.motusvw.co.za/midrand/showroom/625-vwmdf891191/1/, image_urls count=1
[2026-07-24 10:09:56] [MotusApiImporter] Skipped detail-page fetch for stock #1446086 — time budget already exhausted.
[2026-07-24 10:09:56] [MotusApiImporter] After enrichFromDetailPage() — engine_capacity_cc=NULL, image_urls count=1
[2026-07-24 10:09:56] [MotusApiImporter] findExistingCar() -> EXISTING car id=1489
[2026-07-24 10:09:56] [MotusApiImporter] updateCar() completed for existing id=1489.
[2026-07-24 10:09:56] [MotusApiImporter] --- Processing row 69 (stock/sku: 1446654) ---
[2026-07-24 10:09:56] [MotusApiImporter] parseVehicle() OK — make=AUDI, model=Q2, source_url=https://www.motusvw.co.za/midrand/showroom/625-vwmdf872129/1/, image_urls count=1
[2026-07-24 10:09:56] [MotusApiImporter] Skipped detail-page fetch for stock #1446654 — time budget already exhausted.
[2026-07-24 10:09:56] [MotusApiImporter] After enrichFromDetailPage() — engine_capacity_cc=NULL, image_urls count=1
[2026-07-24 10:09:56] [MotusApiImporter] findExistingCar() -> EXISTING car id=1490
[2026-07-24 10:09:56] [MotusApiImporter] updateCar() completed for existing id=1490.
[2026-07-24 10:09:56] [MotusApiImporter] --- Processing row 70 (stock/sku: 1449184) ---
[2026-07-24 10:09:56] [MotusApiImporter] parseVehicle() OK — make=FORD, model=RANGER, source_url=https://www.motusvw.co.za/midrand/showroom/625-vwmdf895758/1/, image_urls count=1
[2026-07-24 10:09:56] [MotusApiImporter] Skipped detail-page fetch for stock #1449184 — time budget already exhausted.
[2026-07-24 10:09:56] [MotusApiImporter] After enrichFromDetailPage() — engine_capacity_cc=NULL, image_urls count=1
[2026-07-24 10:09:56] [MotusApiImporter] findExistingCar() -> EXISTING car id=1588
[2026-07-24 10:09:56] [MotusApiImporter] updateCar() completed for existing id=1588.
[2026-07-24 10:09:56] [MotusApiImporter] --- Processing row 71 (stock/sku: 1448032) ---
[2026-07-24 10:09:56] [MotusApiImporter] parseVehicle() OK — make=HYUNDAI, model=GRAND CRETA, source_url=https://www.motusvw.co.za/midrand/showroom/625-vwmvusc853094/1/, image_urls count=1
[2026-07-24 10:09:56] [MotusApiImporter] Skipped detail-page fetch for stock #1448032 — time budget already exhausted.
[2026-07-24 10:09:56] [MotusApiImporter] After enrichFromDetailPage() — engine_capacity_cc=NULL, image_urls count=1
[2026-07-24 10:09:56] [MotusApiImporter] findExistingCar() -> EXISTING car id=1491
[2026-07-24 10:09:56] [MotusApiImporter] updateCar() completed for existing id=1491.
[2026-07-24 10:09:56] [MotusApiImporter] --- Processing row 72 (stock/sku: 1446809) ---
[2026-07-24 10:09:56] [MotusApiImporter] parseVehicle() OK — make=KIA, model=PICANTO, source_url=https://www.motusvw.co.za/midrand/showroom/625-vwmdf894445/1/, image_urls count=1
[2026-07-24 10:09:56] [MotusApiImporter] Skipped detail-page fetch for stock #1446809 — time budget already exhausted.
[2026-07-24 10:09:56] [MotusApiImporter] After enrichFromDetailPage() — engine_capacity_cc=NULL, image_urls count=1
[2026-07-24 10:09:56] [MotusApiImporter] findExistingCar() -> EXISTING car id=1492
[2026-07-24 10:09:56] [MotusApiImporter] updateCar() completed for existing id=1492.
[2026-07-24 10:09:56] [MotusApiImporter] --- Processing row 73 (stock/sku: 1446810) ---
[2026-07-24 10:09:56] [MotusApiImporter] parseVehicle() OK — make=NISSAN, model=MAGNITE, source_url=https://www.motusvw.co.za/midrand/showroom/625-vwmdf894838/1/, image_urls count=1
[2026-07-24 10:09:56] [MotusApiImporter] Skipped detail-page fetch for stock #1446810 — time budget already exhausted.
[2026-07-24 10:09:56] [MotusApiImporter] After enrichFromDetailPage() — engine_capacity_cc=NULL, image_urls count=1
[2026-07-24 10:09:56] [MotusApiImporter] findExistingCar() -> EXISTING car id=1493
[2026-07-24 10:09:56] [MotusApiImporter] updateCar() completed for existing id=1493.
[2026-07-24 10:09:56] [MotusApiImporter] --- Processing row 74 (stock/sku: 1446523) ---
[2026-07-24 10:09:56] [MotusApiImporter] parseVehicle() OK — make=TOYOTA, model=COROLLA CROSS, source_url=https://www.motusvw.co.za/midrand/showroom/625-bm037used896315/1/, image_urls count=1
[2026-07-24 10:09:56] [MotusApiImporter] Skipped detail-page fetch for stock #1446523 — time budget already exhausted.
[2026-07-24 10:09:56] [MotusApiImporter] After enrichFromDetailPage() — engine_capacity_cc=NULL, image_urls count=1
[2026-07-24 10:09:56] [MotusApiImporter] findExistingCar() -> EXISTING car id=1494
[2026-07-24 10:09:56] [MotusApiImporter] updateCar() completed for existing id=1494.
[2026-07-24 10:09:56] [MotusApiImporter] --- Processing row 75 (stock/sku: 1445994) ---
[2026-07-24 10:09:56] [MotusApiImporter] parseVehicle() OK — make=TOYOTA, model=HILUX, source_url=https://www.motusvw.co.za/midrand/showroom/625-vwmdf892356/1/, image_urls count=1
[2026-07-24 10:09:56] [MotusApiImporter] Skipped detail-page fetch for stock #1445994 — time budget already exhausted.
[2026-07-24 10:09:56] [MotusApiImporter] After enrichFromDetailPage() — engine_capacity_cc=NULL, image_urls count=1
[2026-07-24 10:09:56] [MotusApiImporter] findExistingCar() -> EXISTING car id=1495
[2026-07-24 10:09:56] [MotusApiImporter] updateCar() completed for existing id=1495.
[2026-07-24 10:09:56] [MotusApiImporter] --- Processing row 76 (stock/sku: 1446028) ---
[2026-07-24 10:09:56] [MotusApiImporter] parseVehicle() OK — make=VOLKSWAGEN, model=AMAROK, source_url=https://www.motusvw.co.za/midrand/showroom/625-vwmdf850170/1/, image_urls count=1
[2026-07-24 10:09:56] [MotusApiImporter] Skipped detail-page fetch for stock #1446028 — time budget already exhausted.
[2026-07-24 10:09:56] [MotusApiImporter] After enrichFromDetailPage() — engine_capacity_cc=NULL, image_urls count=1
[2026-07-24 10:09:56] [MotusApiImporter] findExistingCar() -> EXISTING car id=1496
[2026-07-24 10:09:56] [MotusApiImporter] updateCar() completed for existing id=1496.
[2026-07-24 10:09:56] [MotusApiImporter] --- Processing row 77 (stock/sku: 1445881) ---
[2026-07-24 10:09:56] [MotusApiImporter] parseVehicle() OK — make=VOLKSWAGEN, model=POLO, source_url=https://www.motusvw.co.za/midrand/showroom/625-vwmdf894037/1/, image_urls count=1
[2026-07-24 10:09:56] [MotusApiImporter] Skipped detail-page fetch for stock #1445881 — time budget already exhausted.
[2026-07-24 10:09:56] [MotusApiImporter] After enrichFromDetailPage() — engine_capacity_cc=NULL, image_urls count=1
[2026-07-24 10:09:56] [MotusApiImporter] findExistingCar() -> EXISTING car id=1497
[2026-07-24 10:09:56] [MotusApiImporter] updateCar() completed for existing id=1497.
[2026-07-24 10:09:56] [MotusApiImporter] --- Processing row 78 (stock/sku: 1446323) ---
[2026-07-24 10:09:56] [MotusApiImporter] parseVehicle() OK — make=VOLKSWAGEN, model=POLO, source_url=https://www.motusvw.co.za/midrand/showroom/625-vwmdf888345/1/, image_urls count=1
[2026-07-24 10:09:56] [MotusApiImporter] Skipped detail-page fetch for stock #1446323 — time budget already exhausted.
[2026-07-24 10:09:56] [MotusApiImporter] After enrichFromDetailPage() — engine_capacity_cc=NULL, image_urls count=1
[2026-07-24 10:09:56] [MotusApiImporter] findExistingCar() -> EXISTING car id=1498
[2026-07-24 10:09:56] [MotusApiImporter] updateCar() completed for existing id=1498.
[2026-07-24 10:09:56] [MotusApiImporter] --- Processing row 79 (stock/sku: 1446790) ---
[2026-07-24 10:09:56] [MotusApiImporter] parseVehicle() OK — make=VOLKSWAGEN, model=T-CROSS, source_url=https://www.motusvw.co.za/midrand/showroom/625-vwmdf839567/1/, image_urls count=1
[2026-07-24 10:09:56] [MotusApiImporter] Skipped detail-page fetch for stock #1446790 — time budget already exhausted.
[2026-07-24 10:09:56] [MotusApiImporter] After enrichFromDetailPage() — engine_capacity_cc=NULL, image_urls count=1
[2026-07-24 10:09:56] [MotusApiImporter] findExistingCar() -> EXISTING car id=1499
[2026-07-24 10:09:56] [MotusApiImporter] updateCar() completed for existing id=1499.
[2026-07-24 10:09:56] [MotusApiImporter] --- Processing row 80 (stock/sku: 1446786) ---
[2026-07-24 10:09:56] [MotusApiImporter] parseVehicle() OK — make=VOLKSWAGEN, model=T-CROSS, source_url=https://www.motusvw.co.za/midrand/showroom/625-vwmdf843717/8/, image_urls count=1
[2026-07-24 10:09:56] [MotusApiImporter] Skipped detail-page fetch for stock #1446786 — time budget already exhausted.
[2026-07-24 10:09:56] [MotusApiImporter] After enrichFromDetailPage() — engine_capacity_cc=NULL, image_urls count=1
[2026-07-24 10:09:56] [MotusApiImporter] findExistingCar() -> EXISTING car id=1500
[2026-07-24 10:09:56] [MotusApiImporter] updateCar() completed for existing id=1500.
[2026-07-24 10:09:56] [MotusApiImporter] --- Processing row 81 (stock/sku: 1445882) ---
[2026-07-24 10:09:56] [MotusApiImporter] parseVehicle() OK — make=VOLKSWAGEN, model=T-ROC, source_url=https://www.motusvw.co.za/midrand/showroom/625-vwmdf894108/1/, image_urls count=1
[2026-07-24 10:09:56] [MotusApiImporter] Skipped detail-page fetch for stock #1445882 — time budget already exhausted.
[2026-07-24 10:09:56] [MotusApiImporter] After enrichFromDetailPage() — engine_capacity_cc=NULL, image_urls count=1
[2026-07-24 10:09:56] [MotusApiImporter] findExistingCar() -> EXISTING car id=1501
[2026-07-24 10:09:56] [MotusApiImporter] updateCar() completed for existing id=1501.
[2026-07-24 10:09:56] [MotusApiImporter] --- Processing row 82 (stock/sku: 1445751) ---
[2026-07-24 10:09:56] [MotusApiImporter] parseVehicle() OK — make=VOLKSWAGEN, model=TAIGO, source_url=https://www.motusvw.co.za/midrand/showroom/625-vwmdf874038/1/, image_urls count=1
[2026-07-24 10:09:56] [MotusApiImporter] Skipped detail-page fetch for stock #1445751 — time budget already exhausted.
[2026-07-24 10:09:56] [MotusApiImporter] After enrichFromDetailPage() — engine_capacity_cc=NULL, image_urls count=1
[2026-07-24 10:09:56] [MotusApiImporter] findExistingCar() -> EXISTING car id=1502
[2026-07-24 10:09:56] [MotusApiImporter] updateCar() completed for existing id=1502.
[2026-07-24 10:09:56] [MotusApiImporter] --- Processing row 83 (stock/sku: 1446249) ---
[2026-07-24 10:09:56] [MotusApiImporter] parseVehicle() OK — make=SUZUKI, model=SWIFT, source_url=https://www.motusvw.co.za/midrand/showroom/625-vwmdf889410/1/, image_urls count=1
[2026-07-24 10:09:56] [MotusApiImporter] Skipped detail-page fetch for stock #1446249 — time budget already exhausted.
[2026-07-24 10:09:56] [MotusApiImporter] After enrichFromDetailPage() — engine_capacity_cc=NULL, image_urls count=1
[2026-07-24 10:09:56] [MotusApiImporter] findExistingCar() -> EXISTING car id=1503
[2026-07-24 10:09:56] [MotusApiImporter] updateCar() completed for existing id=1503.
[2026-07-24 10:09:56] [MotusApiImporter] --- Processing row 84 (stock/sku: 1445799) ---
[2026-07-24 10:09:56] [MotusApiImporter] parseVehicle() OK — make=SUZUKI, model=SWIFT, source_url=https://www.motusvw.co.za/midrand/showroom/625-vwmdf895482/1/, image_urls count=1
[2026-07-24 10:09:56] [MotusApiImporter] Skipped detail-page fetch for stock #1445799 — time budget already exhausted.
[2026-07-24 10:09:56] [MotusApiImporter] After enrichFromDetailPage() — engine_capacity_cc=NULL, image_urls count=1
[2026-07-24 10:09:56] [MotusApiImporter] findExistingCar() -> EXISTING car id=1504
[2026-07-24 10:09:56] [MotusApiImporter] updateCar() completed for existing id=1504.
[2026-07-24 10:09:56] [MotusApiImporter] --- Processing row 85 (stock/sku: 1445871) ---
[2026-07-24 10:09:56] [MotusApiImporter] parseVehicle() OK — make=SUZUKI, model=SWIFT, source_url=https://www.motusvw.co.za/midrand/showroom/625-vwmdf894155/1/, image_urls count=1
[2026-07-24 10:09:56] [MotusApiImporter] Skipped detail-page fetch for stock #1445871 — time budget already exhausted.
[2026-07-24 10:09:56] [MotusApiImporter] After enrichFromDetailPage() — engine_capacity_cc=NULL, image_urls count=1
[2026-07-24 10:09:56] [MotusApiImporter] findExistingCar() -> EXISTING car id=1505
[2026-07-24 10:09:56] [MotusApiImporter] updateCar() completed for existing id=1505.
[2026-07-24 10:09:56] [MotusApiImporter] --- Processing row 86 (stock/sku: 1445800) ---
[2026-07-24 10:09:56] [MotusApiImporter] parseVehicle() OK — make=SUZUKI, model=SWIFT, source_url=https://www.motusvw.co.za/midrand/showroom/625-vwmdf895483/1/, image_urls count=1
[2026-07-24 10:09:56] [MotusApiImporter] Skipped detail-page fetch for stock #1445800 — time budget already exhausted.
[2026-07-24 10:09:56] [MotusApiImporter] After enrichFromDetailPage() — engine_capacity_cc=NULL, image_urls count=1
[2026-07-24 10:09:56] [MotusApiImporter] findExistingCar() -> EXISTING car id=1506
[2026-07-24 10:09:56] [MotusApiImporter] updateCar() completed for existing id=1506.
[2026-07-24 10:09:56] [MotusApiImporter] --- Processing row 87 (stock/sku: 1446293) ---
[2026-07-24 10:09:56] [MotusApiImporter] parseVehicle() OK — make=TOYOTA, model=STARLET, source_url=https://www.motusvw.co.za/midrand/showroom/625-vwmdf888699/1/, image_urls count=1
[2026-07-24 10:09:56] [MotusApiImporter] Skipped detail-page fetch for stock #1446293 — time budget already exhausted.
[2026-07-24 10:09:56] [MotusApiImporter] After enrichFromDetailPage() — engine_capacity_cc=NULL, image_urls count=1
[2026-07-24 10:09:56] [MotusApiImporter] findExistingCar() -> EXISTING car id=1507
[2026-07-24 10:09:56] [MotusApiImporter] updateCar() completed for existing id=1507.
[2026-07-24 10:09:56] [MotusApiImporter] --- Processing row 88 (stock/sku: 1446743) ---
[2026-07-24 10:09:56] [MotusApiImporter] parseVehicle() OK — make=VOLKSWAGEN, model=AMAROK, source_url=https://www.motusvw.co.za/midrand/showroom/625-vwmdf861452/1/, image_urls count=1
[2026-07-24 10:09:56] [MotusApiImporter] Skipped detail-page fetch for stock #1446743 — time budget already exhausted.
[2026-07-24 10:09:56] [MotusApiImporter] After enrichFromDetailPage() — engine_capacity_cc=NULL, image_urls count=1
[2026-07-24 10:09:56] [MotusApiImporter] findExistingCar() -> EXISTING car id=1508
[2026-07-24 10:09:56] [MotusApiImporter] updateCar() completed for existing id=1508.
[2026-07-24 10:09:56] [MotusApiImporter] --- Processing row 89 (stock/sku: 1446558) ---
[2026-07-24 10:09:56] [MotusApiImporter] parseVehicle() OK — make=VOLKSWAGEN, model=POLO, source_url=https://www.motusvw.co.za/midrand/showroom/625-vwmdf876638/1/, image_urls count=1
[2026-07-24 10:09:56] [MotusApiImporter] Skipped detail-page fetch for stock #1446558 — time budget already exhausted.
[2026-07-24 10:09:56] [MotusApiImporter] After enrichFromDetailPage() — engine_capacity_cc=NULL, image_urls count=1
[2026-07-24 10:09:56] [MotusApiImporter] findExistingCar() -> EXISTING car id=1509
[2026-07-24 10:09:56] [MotusApiImporter] updateCar() completed for existing id=1509.
[2026-07-24 10:09:56] [MotusApiImporter] --- Processing row 90 (stock/sku: 1446729) ---
[2026-07-24 10:09:56] [MotusApiImporter] parseVehicle() OK — make=VOLKSWAGEN, model=POLO, source_url=https://www.motusvw.co.za/midrand/showroom/625-vwmdf864742/3/, image_urls count=1
[2026-07-24 10:09:56] [MotusApiImporter] Skipped detail-page fetch for stock #1446729 — time budget already exhausted.
[2026-07-24 10:09:56] [MotusApiImporter] After enrichFromDetailPage() — engine_capacity_cc=NULL, image_urls count=1
[2026-07-24 10:09:56] [MotusApiImporter] findExistingCar() -> EXISTING car id=1510
[2026-07-24 10:09:56] [MotusApiImporter] updateCar() completed for existing id=1510.
[2026-07-24 10:09:56] [MotusApiImporter] --- Processing row 91 (stock/sku: 1446763) ---
[2026-07-24 10:09:56] [MotusApiImporter] parseVehicle() OK — make=VOLKSWAGEN, model=POLO VIVO, source_url=https://www.motusvw.co.za/midrand/showroom/625-vwmdf858161/1/, image_urls count=1
[2026-07-24 10:09:56] [MotusApiImporter] Skipped detail-page fetch for stock #1446763 — time budget already exhausted.
[2026-07-24 10:09:56] [MotusApiImporter] After enrichFromDetailPage() — engine_capacity_cc=NULL, image_urls count=1
[2026-07-24 10:09:56] [MotusApiImporter] findExistingCar() -> EXISTING car id=1511
[2026-07-24 10:09:56] [MotusApiImporter] updateCar() completed for existing id=1511.
[2026-07-24 10:09:56] [MotusApiImporter] --- Processing row 92 (stock/sku: 1446755) ---
[2026-07-24 10:09:56] [MotusApiImporter] parseVehicle() OK — make=VOLKSWAGEN, model=POLO VIVO, source_url=https://www.motusvw.co.za/midrand/showroom/625-vwmdf859179/4/, image_urls count=1
[2026-07-24 10:09:56] [MotusApiImporter] Skipped detail-page fetch for stock #1446755 — time budget already exhausted.
[2026-07-24 10:09:56] [MotusApiImporter] After enrichFromDetailPage() — engine_capacity_cc=NULL, image_urls count=1
[2026-07-24 10:09:56] [MotusApiImporter] findExistingCar() -> EXISTING car id=1512
[2026-07-24 10:09:56] [MotusApiImporter] updateCar() completed for existing id=1512.
[2026-07-24 10:09:56] [MotusApiImporter] --- Processing row 93 (stock/sku: 1446746) ---
[2026-07-24 10:09:56] [MotusApiImporter] parseVehicle() OK — make=VOLKSWAGEN, model=POLO VIVO, source_url=https://www.motusvw.co.za/midrand/showroom/625-vwmdf860907/1/, image_urls count=1
[2026-07-24 10:09:56] [MotusApiImporter] Skipped detail-page fetch for stock #1446746 — time budget already exhausted.
[2026-07-24 10:09:56] [MotusApiImporter] After enrichFromDetailPage() — engine_capacity_cc=NULL, image_urls count=1
[2026-07-24 10:09:56] [MotusApiImporter] findExistingCar() -> EXISTING car id=1513
[2026-07-24 10:09:56] [MotusApiImporter] updateCar() completed for existing id=1513.
[2026-07-24 10:09:56] [MotusApiImporter] --- Processing row 94 (stock/sku: 1446711) ---
[2026-07-24 10:09:56] [MotusApiImporter] parseVehicle() OK — make=VOLKSWAGEN, model=POLO VIVO, source_url=https://www.motusvw.co.za/midrand/showroom/625-vwmdf868173/2/, image_urls count=1
[2026-07-24 10:09:56] [MotusApiImporter] Skipped detail-page fetch for stock #1446711 — time budget already exhausted.
[2026-07-24 10:09:56] [MotusApiImporter] After enrichFromDetailPage() — engine_capacity_cc=NULL, image_urls count=1
[2026-07-24 10:09:56] [MotusApiImporter] findExistingCar() -> EXISTING car id=1514
[2026-07-24 10:09:56] [MotusApiImporter] updateCar() completed for existing id=1514.
[2026-07-24 10:09:56] [MotusApiImporter] --- Processing row 95 (stock/sku: 1446694) ---
[2026-07-24 10:09:56] [MotusApiImporter] parseVehicle() OK — make=VOLKSWAGEN, model=POLO VIVO, source_url=https://www.motusvw.co.za/midrand/showroom/625-vwmdf869665/2/, image_urls count=1
[2026-07-24 10:09:56] [MotusApiImporter] Skipped detail-page fetch for stock #1446694 — time budget already exhausted.
[2026-07-24 10:09:56] [MotusApiImporter] After enrichFromDetailPage() — engine_capacity_cc=NULL, image_urls count=1
[2026-07-24 10:09:56] [MotusApiImporter] findExistingCar() -> EXISTING car id=1515
[2026-07-24 10:09:56] [MotusApiImporter] updateCar() completed for existing id=1515.
[2026-07-24 10:09:56] [MotusApiImporter] --- Processing row 96 (stock/sku: 1446751) ---
[2026-07-24 10:09:56] [MotusApiImporter] parseVehicle() OK — make=VOLKSWAGEN, model=T-CROSS, source_url=https://www.motusvw.co.za/midrand/showroom/625-vwmdf860129/3/, image_urls count=1
[2026-07-24 10:09:56] [MotusApiImporter] Skipped detail-page fetch for stock #1446751 — time budget already exhausted.
[2026-07-24 10:09:56] [MotusApiImporter] After enrichFromDetailPage() — engine_capacity_cc=NULL, image_urls count=1
[2026-07-24 10:09:56] [MotusApiImporter] findExistingCar() -> EXISTING car id=1516
[2026-07-24 10:09:56] [MotusApiImporter] updateCar() completed for existing id=1516.
[2026-07-24 10:09:56] [MotusApiImporter] --- Processing row 97 (stock/sku: 1446720) ---
[2026-07-24 10:09:56] [MotusApiImporter] parseVehicle() OK — make=VOLKSWAGEN, model=TAIGO, source_url=https://www.motusvw.co.za/midrand/showroom/625-vwmdf859177/2/, image_urls count=1
[2026-07-24 10:09:56] [MotusApiImporter] Skipped detail-page fetch for stock #1446720 — time budget already exhausted.
[2026-07-24 10:09:56] [MotusApiImporter] After enrichFromDetailPage() — engine_capacity_cc=NULL, image_urls count=1
[2026-07-24 10:09:56] [MotusApiImporter] findExistingCar() -> EXISTING car id=1517
[2026-07-24 10:09:56] [MotusApiImporter] updateCar() completed for existing id=1517.
[2026-07-24 10:09:56] [MotusApiImporter] --- Processing row 98 (stock/sku: 1446118) ---
[2026-07-24 10:09:56] [MotusApiImporter] parseVehicle() OK — make=MG, model=HS, source_url=https://www.motusvw.co.za/midrand/showroom/625-vwmdf890989/1/, image_urls count=1
[2026-07-24 10:09:56] [MotusApiImporter] Skipped detail-page fetch for stock #1446118 — time budget already exhausted.
[2026-07-24 10:09:56] [MotusApiImporter] After enrichFromDetailPage() — engine_capacity_cc=NULL, image_urls count=1
[2026-07-24 10:09:56] [MotusApiImporter] findExistingCar() -> EXISTING car id=1518
[2026-07-24 10:09:56] [MotusApiImporter] updateCar() completed for existing id=1518.
[2026-07-24 10:09:56] [MotusApiImporter] --- Processing row 99 (stock/sku: 1446119) ---
[2026-07-24 10:09:56] [MotusApiImporter] parseVehicle() OK — make=MG, model=MG3, source_url=https://www.motusvw.co.za/midrand/showroom/625-vwmdf890997/1/, image_urls count=1
[2026-07-24 10:09:56] [MotusApiImporter] Skipped detail-page fetch for stock #1446119 — time budget already exhausted.
[2026-07-24 10:09:56] [MotusApiImporter] After enrichFromDetailPage() — engine_capacity_cc=NULL, image_urls count=1
[2026-07-24 10:09:56] [MotusApiImporter] findExistingCar() -> EXISTING car id=1519
[2026-07-24 10:09:56] [MotusApiImporter] updateCar() completed for existing id=1519.
[2026-07-24 10:09:56] [MotusApiImporter] --- Processing row 100 (stock/sku: 1446188) ---
[2026-07-24 10:09:56] [MotusApiImporter] parseVehicle() OK — make=TATA, model=TIAGO, source_url=https://www.motusvw.co.za/midrand/showroom/625-vwmdf891531/1/, image_urls count=1
[2026-07-24 10:09:56] [MotusApiImporter] Skipped detail-page fetch for stock #1446188 — time budget already exhausted.
[2026-07-24 10:09:56] [MotusApiImporter] After enrichFromDetailPage() — engine_capacity_cc=NULL, image_urls count=1
[2026-07-24 10:09:56] [MotusApiImporter] findExistingCar() -> EXISTING car id=1520
[2026-07-24 10:09:56] [MotusApiImporter] updateCar() completed for existing id=1520.
[2026-07-24 10:09:56] [MotusApiImporter] --- Processing row 101 (stock/sku: 1446482) ---
[2026-07-24 10:09:56] [MotusApiImporter] parseVehicle() OK — make=VOLKSWAGEN, model=AMAROK, source_url=https://www.motusvw.co.za/midrand/showroom/625-vwmdf885078/1/, image_urls count=1
[2026-07-24 10:09:56] [MotusApiImporter] Skipped detail-page fetch for stock #1446482 — time budget already exhausted.
[2026-07-24 10:09:56] [MotusApiImporter] After enrichFromDetailPage() — engine_capacity_cc=NULL, image_urls count=1
[2026-07-24 10:09:56] [MotusApiImporter] findExistingCar() -> EXISTING car id=1521
[2026-07-24 10:09:56] [MotusApiImporter] updateCar() completed for existing id=1521.
[2026-07-24 10:09:56] [MotusApiImporter] --- Processing row 102 (stock/sku: 1446648) ---
[2026-07-24 10:09:56] [MotusApiImporter] parseVehicle() OK — make=VOLKSWAGEN, model=CADDY, source_url=https://www.motusvw.co.za/midrand/showroom/625-vwmdf872377/1/, image_urls count=1
[2026-07-24 10:09:56] [MotusApiImporter] Skipped detail-page fetch for stock #1446648 — time budget already exhausted.
[2026-07-24 10:09:56] [MotusApiImporter] After enrichFromDetailPage() — engine_capacity_cc=NULL, image_urls count=1
[2026-07-24 10:09:56] [MotusApiImporter] findExistingCar() -> EXISTING car id=1522
[2026-07-24 10:09:56] [MotusApiImporter] updateCar() completed for existing id=1522.
[2026-07-24 10:09:56] [MotusApiImporter] --- Processing row 103 (stock/sku: 1445922) ---
[2026-07-24 10:09:56] [MotusApiImporter] parseVehicle() OK — make=VOLKSWAGEN, model=POLO VIVO, source_url=https://www.motusvw.co.za/midrand/showroom/625-vwmdf893350/1/, image_urls count=1
[2026-07-24 10:09:56] [MotusApiImporter] Skipped detail-page fetch for stock #1445922 — time budget already exhausted.
[2026-07-24 10:09:56] [MotusApiImporter] After enrichFromDetailPage() — engine_capacity_cc=NULL, image_urls count=1
[2026-07-24 10:09:56] [MotusApiImporter] findExistingCar() -> EXISTING car id=1523
[2026-07-24 10:09:56] [MotusApiImporter] updateCar() completed for existing id=1523.
[2026-07-24 10:09:56] [MotusApiImporter] --- Processing row 104 (stock/sku: 1446628) ---
[2026-07-24 10:09:56] [MotusApiImporter] parseVehicle() OK — make=VOLKSWAGEN, model=POLO VIVO, source_url=https://www.motusvw.co.za/midrand/showroom/625-vwmdf873548/2/, image_urls count=1
[2026-07-24 10:09:56] [MotusApiImporter] Skipped detail-page fetch for stock #1446628 — time budget already exhausted.
[2026-07-24 10:09:56] [MotusApiImporter] After enrichFromDetailPage() — engine_capacity_cc=NULL, image_urls count=1
[2026-07-24 10:09:56] [MotusApiImporter] findExistingCar() -> EXISTING car id=1525
[2026-07-24 10:09:56] [MotusApiImporter] updateCar() completed for existing id=1525.
[2026-07-24 10:09:56] [MotusApiImporter] --- Processing row 105 (stock/sku: 1446506) ---
[2026-07-24 10:09:56] [MotusApiImporter] parseVehicle() OK — make=VOLKSWAGEN, model=POLO VIVO, source_url=https://www.motusvw.co.za/midrand/showroom/625-vwmdf884657/2/, image_urls count=1
[2026-07-24 10:09:56] [MotusApiImporter] Skipped detail-page fetch for stock #1446506 — time budget already exhausted.
[2026-07-24 10:09:56] [MotusApiImporter] After enrichFromDetailPage() — engine_capacity_cc=NULL, image_urls count=1
[2026-07-24 10:09:56] [MotusApiImporter] findExistingCar() -> EXISTING car id=1526
[2026-07-24 10:09:56] [MotusApiImporter] updateCar() completed for existing id=1526.
[2026-07-24 10:09:56] [MotusApiImporter] --- Processing row 106 (stock/sku: 1446432) ---
[2026-07-24 10:09:56] [MotusApiImporter] parseVehicle() OK — make=VOLKSWAGEN, model=POLO VIVO, source_url=https://www.motusvw.co.za/midrand/showroom/625-vwmdf886086/1/, image_urls count=1
[2026-07-24 10:09:56] [MotusApiImporter] Skipped detail-page fetch for stock #1446432 — time budget already exhausted.
[2026-07-24 10:09:56] [MotusApiImporter] After enrichFromDetailPage() — engine_capacity_cc=NULL, image_urls count=1
[2026-07-24 10:09:56] [MotusApiImporter] findExistingCar() -> EXISTING car id=1527
[2026-07-24 10:09:56] [MotusApiImporter] updateCar() completed for existing id=1527.
[2026-07-24 10:09:56] [MotusApiImporter] --- Processing row 107 (stock/sku: 1446409) ---
[2026-07-24 10:09:56] [MotusApiImporter] parseVehicle() OK — make=VOLKSWAGEN, model=POLO VIVO, source_url=https://www.motusvw.co.za/midrand/showroom/625-vwmdf886385/1/, image_urls count=1
[2026-07-24 10:09:56] [MotusApiImporter] Skipped detail-page fetch for stock #1446409 — time budget already exhausted.
[2026-07-24 10:09:56] [MotusApiImporter] After enrichFromDetailPage() — engine_capacity_cc=NULL, image_urls count=1
[2026-07-24 10:09:56] [MotusApiImporter] findExistingCar() -> EXISTING car id=1528
[2026-07-24 10:09:56] [MotusApiImporter] updateCar() completed for existing id=1528.
[2026-07-24 10:09:56] [MotusApiImporter] --- Processing row 108 (stock/sku: 1446322) ---
[2026-07-24 10:09:56] [MotusApiImporter] parseVehicle() OK — make=VOLKSWAGEN, model=POLO VIVO, source_url=https://www.motusvw.co.za/midrand/showroom/625-vwmdf888339/1/, image_urls count=1
[2026-07-24 10:09:56] [MotusApiImporter] Skipped detail-page fetch for stock #1446322 — time budget already exhausted.
[2026-07-24 10:09:56] [MotusApiImporter] After enrichFromDetailPage() — engine_capacity_cc=NULL, image_urls count=1
[2026-07-24 10:09:56] [MotusApiImporter] findExistingCar() -> EXISTING car id=1529
[2026-07-24 10:09:56] [MotusApiImporter] updateCar() completed for existing id=1529.
[2026-07-24 10:09:56] [MotusApiImporter] --- Processing row 109 (stock/sku: 1446321) ---
[2026-07-24 10:09:56] [MotusApiImporter] parseVehicle() OK — make=VOLKSWAGEN, model=POLO VIVO, source_url=https://www.motusvw.co.za/midrand/showroom/625-vwmdf888337/1/, image_urls count=1
[2026-07-24 10:09:56] [MotusApiImporter] Skipped detail-page fetch for stock #1446321 — time budget already exhausted.
[2026-07-24 10:09:56] [MotusApiImporter] After enrichFromDetailPage() — engine_capacity_cc=NULL, image_urls count=1
[2026-07-24 10:09:56] [MotusApiImporter] findExistingCar() -> EXISTING car id=1530
[2026-07-24 10:09:56] [MotusApiImporter] updateCar() completed for existing id=1530.
[2026-07-24 10:09:56] [MotusApiImporter] --- Processing row 110 (stock/sku: 1446314) ---
[2026-07-24 10:09:56] [MotusApiImporter] parseVehicle() OK — make=VOLKSWAGEN, model=POLO VIVO, source_url=https://www.motusvw.co.za/midrand/showroom/625-vwmdf888462/1/, image_urls count=1
[2026-07-24 10:09:56] [MotusApiImporter] Skipped detail-page fetch for stock #1446314 — time budget already exhausted.
[2026-07-24 10:09:56] [MotusApiImporter] After enrichFromDetailPage() — engine_capacity_cc=NULL, image_urls count=1
[2026-07-24 10:09:56] [MotusApiImporter] findExistingCar() -> EXISTING car id=1531
[2026-07-24 10:09:56] [MotusApiImporter] updateCar() completed for existing id=1531.
[2026-07-24 10:09:56] [MotusApiImporter] --- Processing row 111 (stock/sku: 1446181) ---
[2026-07-24 10:09:56] [MotusApiImporter] parseVehicle() OK — make=VOLKSWAGEN, model=POLO VIVO, source_url=https://www.motusvw.co.za/midrand/showroom/625-vwmdf890179/3/, image_urls count=1
[2026-07-24 10:09:56] [MotusApiImporter] Skipped detail-page fetch for stock #1446181 — time budget already exhausted.
[2026-07-24 10:09:56] [MotusApiImporter] After enrichFromDetailPage() — engine_capacity_cc=NULL, image_urls count=1
[2026-07-24 10:09:56] [MotusApiImporter] findExistingCar() -> EXISTING car id=1532
[2026-07-24 10:09:56] [MotusApiImporter] updateCar() completed for existing id=1532.
[2026-07-24 10:09:56] [MotusApiImporter] --- Processing row 112 (stock/sku: 1449179) ---
[2026-07-24 10:09:56] [MotusApiImporter] parseVehicle() OK — make=VOLKSWAGEN, model=POLO VIVO, source_url=https://www.motusvw.co.za/midrand/showroom/625-vwmdf875858/2/, image_urls count=1
[2026-07-24 10:09:56] [MotusApiImporter] Skipped detail-page fetch for stock #1449179 — time budget already exhausted.
[2026-07-24 10:09:56] [MotusApiImporter] After enrichFromDetailPage() — engine_capacity_cc=NULL, image_urls count=1
[2026-07-24 10:09:56] [MotusApiImporter] findExistingCar() -> EXISTING car id=1589
[2026-07-24 10:09:56] [MotusApiImporter] updateCar() completed for existing id=1589.
[2026-07-24 10:09:56] [MotusApiImporter] --- Processing row 113 (stock/sku: 1446179) ---
[2026-07-24 10:09:56] [MotusApiImporter] parseVehicle() OK — make=VOLKSWAGEN, model=POLO VIVO, source_url=https://www.motusvw.co.za/midrand/showroom/625-vwmdf890169/1/, image_urls count=1
[2026-07-24 10:09:56] [MotusApiImporter] Skipped detail-page fetch for stock #1446179 — time budget already exhausted.
[2026-07-24 10:09:56] [MotusApiImporter] After enrichFromDetailPage() — engine_capacity_cc=NULL, image_urls count=1
[2026-07-24 10:09:56] [MotusApiImporter] findExistingCar() -> EXISTING car id=1533
[2026-07-24 10:09:56] [MotusApiImporter] updateCar() completed for existing id=1533.
[2026-07-24 10:09:56] [MotusApiImporter] --- Processing row 114 (stock/sku: 1446333) ---
[2026-07-24 10:09:56] [MotusApiImporter] parseVehicle() OK — make=VOLKSWAGEN, model=POLO VIVO, source_url=https://www.motusvw.co.za/midrand/showroom/625-vwmdf888093/1/, image_urls count=1
[2026-07-24 10:09:56] [MotusApiImporter] Skipped detail-page fetch for stock #1446333 — time budget already exhausted.
[2026-07-24 10:09:56] [MotusApiImporter] After enrichFromDetailPage() — engine_capacity_cc=NULL, image_urls count=1
[2026-07-24 10:09:56] [MotusApiImporter] findExistingCar() -> EXISTING car id=1534
[2026-07-24 10:09:56] [MotusApiImporter] updateCar() completed for existing id=1534.
[2026-07-24 10:09:56] [MotusApiImporter] --- Processing row 115 (stock/sku: 1446180) ---
[2026-07-24 10:09:56] [MotusApiImporter] parseVehicle() OK — make=VOLKSWAGEN, model=POLO VIVO, source_url=https://www.motusvw.co.za/midrand/showroom/625-vwmdf890170/1/, image_urls count=1
[2026-07-24 10:09:56] [MotusApiImporter] Skipped detail-page fetch for stock #1446180 — time budget already exhausted.
[2026-07-24 10:09:56] [MotusApiImporter] After enrichFromDetailPage() — engine_capacity_cc=NULL, image_urls count=1
[2026-07-24 10:09:56] [MotusApiImporter] findExistingCar() -> EXISTING car id=1535
[2026-07-24 10:09:56] [MotusApiImporter] updateCar() completed for existing id=1535.
[2026-07-24 10:09:56] [MotusApiImporter] --- Processing row 116 (stock/sku: 1446261) ---
[2026-07-24 10:09:56] [MotusApiImporter] parseVehicle() OK — make=VOLKSWAGEN, model=POLO VIVO, source_url=https://www.motusvw.co.za/midrand/showroom/625-vwmdf889143/1/, image_urls count=1
[2026-07-24 10:09:56] [MotusApiImporter] Skipped detail-page fetch for stock #1446261 — time budget already exhausted.
[2026-07-24 10:09:56] [MotusApiImporter] After enrichFromDetailPage() — engine_capacity_cc=NULL, image_urls count=1
[2026-07-24 10:09:56] [MotusApiImporter] findExistingCar() -> EXISTING car id=1536
[2026-07-24 10:09:56] [MotusApiImporter] updateCar() completed for existing id=1536.
[2026-07-24 10:09:56] [MotusApiImporter] --- Processing row 117 (stock/sku: 1446533) ---
[2026-07-24 10:09:56] [MotusApiImporter] parseVehicle() OK — make=VOLKSWAGEN, model=T-CROSS, source_url=https://www.motusvw.co.za/midrand/showroom/625-vwmdf883411/2/, image_urls count=1
[2026-07-24 10:09:56] [MotusApiImporter] Skipped detail-page fetch for stock #1446533 — time budget already exhausted.
[2026-07-24 10:09:56] [MotusApiImporter] After enrichFromDetailPage() — engine_capacity_cc=NULL, image_urls count=1
[2026-07-24 10:09:56] [MotusApiImporter] findExistingCar() -> EXISTING car id=1537
[2026-07-24 10:09:56] [MotusApiImporter] updateCar() completed for existing id=1537.
[2026-07-24 10:09:56] [MotusApiImporter] --- Processing row 118 (stock/sku: 1446610) ---
[2026-07-24 10:09:56] [MotusApiImporter] parseVehicle() OK — make=VOLKSWAGEN, model=TRANSPORTER, source_url=https://www.motusvw.co.za/midrand/showroom/625-vwmdf875570/1/, image_urls count=1
[2026-07-24 10:09:56] [MotusApiImporter] Skipped detail-page fetch for stock #1446610 — time budget already exhausted.
[2026-07-24 10:09:56] [MotusApiImporter] After enrichFromDetailPage() — engine_capacity_cc=NULL, image_urls count=1
[2026-07-24 10:09:56] [MotusApiImporter] findExistingCar() -> EXISTING car id=1538
[2026-07-24 10:09:56] [MotusApiImporter] updateCar() completed for existing id=1538.
[2026-07-24 10:09:56] [MotusApiImporter] sync() FINISHED — {"imported":0,"updated":119,"skipped":0,"failed":0}
[2026-07-24 10:13:16] [MotusApiImporter] sync() STARTED — dealerId=14, sourceRef=https://www.motusvw.co.za/midrand/showroom/
[2026-07-24 10:13:16] [MotusApiImporter] Time budget: 35s, dealerNameFilter="Motus VW Midrand"
[2026-07-24 10:13:17] [MotusApiImporter] crawlDealership() returned 119 row(s) before dealer-name filtering.
[2026-07-24 10:13:17] [MotusApiImporter] After filterByDealerName(): 119 row(s) remain.
[2026-07-24 10:13:17] [MotusApiImporter] --- Processing row 0 (stock/sku: 1446776) ---
[2026-07-24 10:13:17] [MotusApiImporter] parseVehicle() OK — make=VOLKSWAGEN, model=POLO, source_url=https://www.motusvw.co.za/midrand/showroom/625-vwmdf852273/5/, image_urls count=1
[2026-07-24 10:13:19] [MotusApiImporter] After enrichFromDetailPage() — engine_capacity_cc=999, image_urls count=17
[2026-07-24 10:13:19] [MotusApiImporter] findExistingCar() -> EXISTING car id=1419
[2026-07-24 10:13:19] [MotusApiImporter] updateCar() completed for existing id=1419.
[2026-07-24 10:13:19] [MotusApiImporter] --- Processing row 1 (stock/sku: 1446299) ---
[2026-07-24 10:13:19] [MotusApiImporter] parseVehicle() OK — make=VOLKSWAGEN, model=GOLF 8, source_url=https://www.motusvw.co.za/midrand/showroom/625-vwmdf888609/1/, image_urls count=1
[2026-07-24 10:13:20] [MotusApiImporter] After enrichFromDetailPage() — engine_capacity_cc=0, image_urls count=18
[2026-07-24 10:13:20] [MotusApiImporter] findExistingCar() -> EXISTING car id=1420
[2026-07-24 10:13:20] [MotusApiImporter] updateCar() completed for existing id=1420.
[2026-07-24 10:13:20] [MotusApiImporter] --- Processing row 2 (stock/sku: 1446532) ---
[2026-07-24 10:13:20] [MotusApiImporter] parseVehicle() OK — make=VOLKSWAGEN, model=POLO, source_url=https://www.motusvw.co.za/midrand/showroom/625-vwmdf883395/1/, image_urls count=1
[2026-07-24 10:13:22] [MotusApiImporter] After enrichFromDetailPage() — engine_capacity_cc=999, image_urls count=10
[2026-07-24 10:13:22] [MotusApiImporter] findExistingCar() -> EXISTING car id=1421
[2026-07-24 10:13:22] [MotusApiImporter] updateCar() completed for existing id=1421.
[2026-07-24 10:13:22] [MotusApiImporter] --- Processing row 3 (stock/sku: 1446295) ---
[2026-07-24 10:13:22] [MotusApiImporter] parseVehicle() OK — make=VOLKSWAGEN, model=POLO, source_url=https://www.motusvw.co.za/midrand/showroom/625-vwmdf888735/1/, image_urls count=1
[2026-07-24 10:13:24] [MotusApiImporter] After enrichFromDetailPage() — engine_capacity_cc=999, image_urls count=15
[2026-07-24 10:13:24] [MotusApiImporter] findExistingCar() -> EXISTING car id=1422
[2026-07-24 10:13:24] [MotusApiImporter] updateCar() completed for existing id=1422.
[2026-07-24 10:13:24] [MotusApiImporter] --- Processing row 4 (stock/sku: 1446601) ---
[2026-07-24 10:13:24] [MotusApiImporter] parseVehicle() OK — make=VOLKSWAGEN, model=POLO, source_url=https://www.motusvw.co.za/midrand/showroom/625-bm030used887224/1/, image_urls count=1
[2026-07-24 10:13:25] [MotusApiImporter] After enrichFromDetailPage() — engine_capacity_cc=999, image_urls count=18
[2026-07-24 10:13:25] [MotusApiImporter] findExistingCar() -> EXISTING car id=1423
[2026-07-24 10:13:25] [MotusApiImporter] updateCar() completed for existing id=1423.
[2026-07-24 10:13:25] [MotusApiImporter] --- Processing row 5 (stock/sku: 1446065) ---
[2026-07-24 10:13:25] [MotusApiImporter] parseVehicle() OK — make=VOLKSWAGEN, model=POLO, source_url=https://www.motusvw.co.za/midrand/showroom/625-vwmdf890975/1/, image_urls count=1
[2026-07-24 10:13:26] [MotusApiImporter] After enrichFromDetailPage() — engine_capacity_cc=1598, image_urls count=17
[2026-07-24 10:13:26] [MotusApiImporter] findExistingCar() -> EXISTING car id=1424
[2026-07-24 10:13:26] [MotusApiImporter] updateCar() completed for existing id=1424.
[2026-07-24 10:13:26] [MotusApiImporter] --- Processing row 6 (stock/sku: 1446370) ---
[2026-07-24 10:13:26] [MotusApiImporter] parseVehicle() OK — make=VOLKSWAGEN, model=POLO, source_url=https://www.motusvw.co.za/midrand/showroom/625-vwmdf887435/1/, image_urls count=1
[2026-07-24 10:13:27] [MotusApiImporter] After enrichFromDetailPage() — engine_capacity_cc=1998, image_urls count=18
[2026-07-24 10:13:27] [MotusApiImporter] findExistingCar() -> EXISTING car id=1425
[2026-07-24 10:13:27] [MotusApiImporter] updateCar() completed for existing id=1425.
[2026-07-24 10:13:27] [MotusApiImporter] --- Processing row 7 (stock/sku: 1446517) ---
[2026-07-24 10:13:27] [MotusApiImporter] parseVehicle() OK — make=VOLKSWAGEN, model=POLO VIVO, source_url=https://www.motusvw.co.za/midrand/showroom/625-vwmdf884987/1/, image_urls count=1
[2026-07-24 10:13:28] [MotusApiImporter] After enrichFromDetailPage() — engine_capacity_cc=1398, image_urls count=18
[2026-07-24 10:13:28] [MotusApiImporter] findExistingCar() -> EXISTING car id=1426
[2026-07-24 10:13:28] [MotusApiImporter] updateCar() completed for existing id=1426.
[2026-07-24 10:13:28] [MotusApiImporter] --- Processing row 8 (stock/sku: 1446115) ---
[2026-07-24 10:13:28] [MotusApiImporter] parseVehicle() OK — make=VOLKSWAGEN, model=POLO VIVO, source_url=https://www.motusvw.co.za/midrand/showroom/625-vwmdf891042/2/, image_urls count=1
[2026-07-24 10:13:30] [MotusApiImporter] After enrichFromDetailPage() — engine_capacity_cc=1598, image_urls count=18
[2026-07-24 10:13:30] [MotusApiImporter] findExistingCar() -> EXISTING car id=1427
[2026-07-24 10:13:30] [MotusApiImporter] updateCar() completed for existing id=1427.
[2026-07-24 10:13:30] [MotusApiImporter] --- Processing row 9 (stock/sku: 1446589) ---
[2026-07-24 10:13:30] [MotusApiImporter] parseVehicle() OK — make=VOLKSWAGEN, model=POLO VIVO, source_url=https://www.motusvw.co.za/midrand/showroom/625-vwmdf875588/1/, image_urls count=1
[2026-07-24 10:13:32] [MotusApiImporter] After enrichFromDetailPage() — engine_capacity_cc=1598, image_urls count=16
[2026-07-24 10:13:32] [MotusApiImporter] findExistingCar() -> EXISTING car id=1428
[2026-07-24 10:13:32] [MotusApiImporter] updateCar() completed for existing id=1428.
[2026-07-24 10:13:32] [MotusApiImporter] --- Processing row 10 (stock/sku: 1446083) ---
[2026-07-24 10:13:32] [MotusApiImporter] parseVehicle() OK — make=VOLKSWAGEN, model=T-CROSS, source_url=https://www.motusvw.co.za/midrand/showroom/625-vwmdf891215/1/, image_urls count=1
[2026-07-24 10:13:33] [MotusApiImporter] After enrichFromDetailPage() — engine_capacity_cc=999, image_urls count=16
[2026-07-24 10:13:33] [MotusApiImporter] findExistingCar() -> EXISTING car id=1429
[2026-07-24 10:13:33] [MotusApiImporter] updateCar() completed for existing id=1429.
[2026-07-24 10:13:33] [MotusApiImporter] --- Processing row 11 (stock/sku: 1446395) ---
[2026-07-24 10:13:33] [MotusApiImporter] parseVehicle() OK — make=VOLKSWAGEN, model=T-CROSS, source_url=https://www.motusvw.co.za/midrand/showroom/625-vwmdf886830/1/, image_urls count=1
[2026-07-24 10:13:35] [MotusApiImporter] After enrichFromDetailPage() — engine_capacity_cc=999, image_urls count=17
[2026-07-24 10:13:35] [MotusApiImporter] findExistingCar() -> EXISTING car id=1430
[2026-07-24 10:13:35] [MotusApiImporter] updateCar() completed for existing id=1430.
[2026-07-24 10:13:35] [MotusApiImporter] --- Processing row 12 (stock/sku: 1446535) ---
[2026-07-24 10:13:35] [MotusApiImporter] parseVehicle() OK — make=VOLKSWAGEN, model=T-ROC, source_url=https://www.motusvw.co.za/midrand/showroom/625-vwmdf883338/1/, image_urls count=1
[2026-07-24 10:13:37] [MotusApiImporter] After enrichFromDetailPage() — engine_capacity_cc=1984, image_urls count=20
[2026-07-24 10:13:37] [MotusApiImporter] findExistingCar() -> EXISTING car id=1431
[2026-07-24 10:13:37] [MotusApiImporter] updateCar() completed for existing id=1431.
[2026-07-24 10:13:37] [MotusApiImporter] --- Processing row 13 (stock/sku: 1446315) ---
[2026-07-24 10:13:37] [MotusApiImporter] parseVehicle() OK — make=VOLKSWAGEN, model=T-ROC, source_url=https://www.motusvw.co.za/midrand/showroom/625-vwmdf888464/1/, image_urls count=1
[2026-07-24 10:13:39] [MotusApiImporter] After enrichFromDetailPage() — engine_capacity_cc=1984, image_urls count=20
[2026-07-24 10:13:39] [MotusApiImporter] findExistingCar() -> EXISTING car id=1432
[2026-07-24 10:13:39] [MotusApiImporter] updateCar() completed for existing id=1432.
[2026-07-24 10:13:39] [MotusApiImporter] --- Processing row 14 (stock/sku: 1446599) ---
[2026-07-24 10:13:39] [MotusApiImporter] parseVehicle() OK — make=VOLKSWAGEN, model=TIGUAN, source_url=https://www.motusvw.co.za/midrand/showroom/625-vwmdf875100/1/, image_urls count=1
[2026-07-24 10:13:40] [MotusApiImporter] After enrichFromDetailPage() — engine_capacity_cc=1968, image_urls count=18
[2026-07-24 10:13:40] [MotusApiImporter] findExistingCar() -> EXISTING car id=1433
[2026-07-24 10:13:40] [MotusApiImporter] updateCar() completed for existing id=1433.
[2026-07-24 10:13:40] [MotusApiImporter] --- Processing row 15 (stock/sku: 1446192) ---
[2026-07-24 10:13:40] [MotusApiImporter] parseVehicle() OK — make=VOLKSWAGEN, model=TIGUAN, source_url=https://www.motusvw.co.za/midrand/showroom/625-vwmdf890088/2/, image_urls count=1
[2026-07-24 10:13:42] [MotusApiImporter] After enrichFromDetailPage() — engine_capacity_cc=1395, image_urls count=15
[2026-07-24 10:13:42] [MotusApiImporter] findExistingCar() -> EXISTING car id=1434
[2026-07-24 10:13:42] [MotusApiImporter] updateCar() completed for existing id=1434.
[2026-07-24 10:13:42] [MotusApiImporter] --- Processing row 16 (stock/sku: 1446143) ---
[2026-07-24 10:13:42] [MotusApiImporter] parseVehicle() OK — make=VOLKSWAGEN, model=TIGUAN, source_url=https://www.motusvw.co.za/midrand/showroom/625-vwmdf890778/1/, image_urls count=1
[2026-07-24 10:13:44] [MotusApiImporter] After enrichFromDetailPage() — engine_capacity_cc=1968, image_urls count=17
[2026-07-24 10:13:44] [MotusApiImporter] findExistingCar() -> EXISTING car id=1435
[2026-07-24 10:13:44] [MotusApiImporter] updateCar() completed for existing id=1435.
[2026-07-24 10:13:44] [MotusApiImporter] --- Processing row 17 (stock/sku: 1446000) ---
[2026-07-24 10:13:44] [MotusApiImporter] parseVehicle() OK — make=VOLKSWAGEN, model=GOLF, source_url=https://www.motusvw.co.za/midrand/showroom/625-vwmdf892223/0/, image_urls count=1
[2026-07-24 10:13:45] [MotusApiImporter] After enrichFromDetailPage() — engine_capacity_cc=1395, image_urls count=16
[2026-07-24 10:13:45] [MotusApiImporter] findExistingCar() -> EXISTING car id=1436
[2026-07-24 10:13:45] [MotusApiImporter] updateCar() completed for existing id=1436.
[2026-07-24 10:13:45] [MotusApiImporter] --- Processing row 18 (stock/sku: 1445980) ---
[2026-07-24 10:13:45] [MotusApiImporter] parseVehicle() OK — make=VOLKSWAGEN, model=GOLF 8, source_url=https://www.motusvw.co.za/midrand/showroom/625-vwmdf892557/0/, image_urls count=1
[2026-07-24 10:13:47] [MotusApiImporter] After enrichFromDetailPage() — engine_capacity_cc=0, image_urls count=15
[2026-07-24 10:13:47] [MotusApiImporter] findExistingCar() -> EXISTING car id=1437
[2026-07-24 10:13:47] [MotusApiImporter] updateCar() completed for existing id=1437.
[2026-07-24 10:13:47] [MotusApiImporter] --- Processing row 19 (stock/sku: 1446122) ---
[2026-07-24 10:13:47] [MotusApiImporter] parseVehicle() OK — make=VOLKSWAGEN, model=GOLF 8, source_url=https://www.motusvw.co.za/midrand/showroom/625-vwmdf890926/0/, image_urls count=1
[2026-07-24 10:13:49] [MotusApiImporter] After enrichFromDetailPage() — engine_capacity_cc=0, image_urls count=16
[2026-07-24 10:13:49] [MotusApiImporter] findExistingCar() -> EXISTING car id=1438
[2026-07-24 10:13:49] [MotusApiImporter] updateCar() completed for existing id=1438.
[2026-07-24 10:13:49] [MotusApiImporter] --- Processing row 20 (stock/sku: 1446022) ---
[2026-07-24 10:13:49] [MotusApiImporter] parseVehicle() OK — make=VOLKSWAGEN, model=GOLF 8, source_url=https://www.motusvw.co.za/midrand/showroom/625-vwmdf892077/0/, image_urls count=1
[2026-07-24 10:13:50] [MotusApiImporter] After enrichFromDetailPage() — engine_capacity_cc=0, image_urls count=17
[2026-07-24 10:13:50] [MotusApiImporter] findExistingCar() -> EXISTING car id=1439
[2026-07-24 10:13:50] [MotusApiImporter] updateCar() completed for existing id=1439.
[2026-07-24 10:13:50] [MotusApiImporter] --- Processing row 21 (stock/sku: 1446049) ---
[2026-07-24 10:13:50] [MotusApiImporter] parseVehicle() OK — make=VOLKSWAGEN, model=GOLF 8, source_url=https://www.motusvw.co.za/midrand/showroom/625-vwmdf892214/0/, image_urls count=1
[2026-07-24 10:13:52] [MotusApiImporter] After enrichFromDetailPage() — engine_capacity_cc=0, image_urls count=16
[2026-07-24 10:13:52] [MotusApiImporter] findExistingCar() -> EXISTING car id=1440
[2026-07-24 10:13:52] [MotusApiImporter] updateCar() completed for existing id=1440.
[2026-07-24 10:13:52] [MotusApiImporter] --- Processing row 22 (stock/sku: 1446001) ---
[2026-07-24 10:13:52] [MotusApiImporter] parseVehicle() OK — make=VOLKSWAGEN, model=GOLF 8, source_url=https://www.motusvw.co.za/midrand/showroom/625-vwmdf892266/0/, image_urls count=1
[2026-07-24 10:13:52] [MotusApiImporter] Skipped detail-page fetch for stock #1446001 — time budget already exhausted.
[2026-07-24 10:13:52] [MotusApiImporter] After enrichFromDetailPage() — engine_capacity_cc=NULL, image_urls count=1
[2026-07-24 10:13:52] [MotusApiImporter] findExistingCar() -> EXISTING car id=1441
[2026-07-24 10:13:52] [MotusApiImporter] updateCar() completed for existing id=1441.
[2026-07-24 10:13:52] [MotusApiImporter] --- Processing row 23 (stock/sku: 1446356) ---
[2026-07-24 10:13:52] [MotusApiImporter] parseVehicle() OK — make=VOLKSWAGEN, model=POLO, source_url=https://www.motusvw.co.za/midrand/showroom/625-vwmdf887866/0/, image_urls count=1
[2026-07-24 10:13:52] [MotusApiImporter] Skipped detail-page fetch for stock #1446356 — time budget already exhausted.
[2026-07-24 10:13:52] [MotusApiImporter] After enrichFromDetailPage() — engine_capacity_cc=NULL, image_urls count=1
[2026-07-24 10:13:52] [MotusApiImporter] findExistingCar() -> EXISTING car id=1442
[2026-07-24 10:13:52] [MotusApiImporter] updateCar() completed for existing id=1442.
[2026-07-24 10:13:52] [MotusApiImporter] --- Processing row 24 (stock/sku: 1446129) ---
[2026-07-24 10:13:52] [MotusApiImporter] parseVehicle() OK — make=VOLKSWAGEN, model=POLO, source_url=https://www.motusvw.co.za/midrand/showroom/625-vwmdf890824/0/, image_urls count=1
[2026-07-24 10:13:52] [MotusApiImporter] Skipped detail-page fetch for stock #1446129 — time budget already exhausted.
[2026-07-24 10:13:52] [MotusApiImporter] After enrichFromDetailPage() — engine_capacity_cc=NULL, image_urls count=1
[2026-07-24 10:13:52] [MotusApiImporter] findExistingCar() -> EXISTING car id=1443
[2026-07-24 10:13:52] [MotusApiImporter] updateCar() completed for existing id=1443.
[2026-07-24 10:13:52] [MotusApiImporter] --- Processing row 25 (stock/sku: 1445964) ---
[2026-07-24 10:13:52] [MotusApiImporter] parseVehicle() OK — make=VOLKSWAGEN, model=POLO, source_url=https://www.motusvw.co.za/midrand/showroom/625-vwmdf892733/0/, image_urls count=1
[2026-07-24 10:13:52] [MotusApiImporter] Skipped detail-page fetch for stock #1445964 — time budget already exhausted.
[2026-07-24 10:13:52] [MotusApiImporter] After enrichFromDetailPage() — engine_capacity_cc=NULL, image_urls count=1
[2026-07-24 10:13:52] [MotusApiImporter] findExistingCar() -> EXISTING car id=1444
[2026-07-24 10:13:52] [MotusApiImporter] updateCar() completed for existing id=1444.
[2026-07-24 10:13:52] [MotusApiImporter] --- Processing row 26 (stock/sku: 1446127) ---
[2026-07-24 10:13:52] [MotusApiImporter] parseVehicle() OK — make=VOLKSWAGEN, model=POLO, source_url=https://www.motusvw.co.za/midrand/showroom/625-vwmdf890793/0/, image_urls count=1
[2026-07-24 10:13:52] [MotusApiImporter] Skipped detail-page fetch for stock #1446127 — time budget already exhausted.
[2026-07-24 10:13:52] [MotusApiImporter] After enrichFromDetailPage() — engine_capacity_cc=NULL, image_urls count=1
[2026-07-24 10:13:52] [MotusApiImporter] findExistingCar() -> EXISTING car id=1445
[2026-07-24 10:13:52] [MotusApiImporter] updateCar() completed for existing id=1445.
[2026-07-24 10:13:52] [MotusApiImporter] --- Processing row 27 (stock/sku: 1446009) ---
[2026-07-24 10:13:52] [MotusApiImporter] parseVehicle() OK — make=VOLKSWAGEN, model=POLO, source_url=https://www.motusvw.co.za/midrand/showroom/625-vwmdf892148/0/, image_urls count=1
[2026-07-24 10:13:52] [MotusApiImporter] Skipped detail-page fetch for stock #1446009 — time budget already exhausted.
[2026-07-24 10:13:52] [MotusApiImporter] After enrichFromDetailPage() — engine_capacity_cc=NULL, image_urls count=1
[2026-07-24 10:13:52] [MotusApiImporter] findExistingCar() -> EXISTING car id=1446
[2026-07-24 10:13:52] [MotusApiImporter] updateCar() completed for existing id=1446.
[2026-07-24 10:13:52] [MotusApiImporter] --- Processing row 28 (stock/sku: 1445944) ---
[2026-07-24 10:13:52] [MotusApiImporter] parseVehicle() OK — make=VOLKSWAGEN, model=POLO, source_url=https://www.motusvw.co.za/midrand/showroom/625-vwmdf893079/0/, image_urls count=1
[2026-07-24 10:13:52] [MotusApiImporter] Skipped detail-page fetch for stock #1445944 — time budget already exhausted.
[2026-07-24 10:13:52] [MotusApiImporter] After enrichFromDetailPage() — engine_capacity_cc=NULL, image_urls count=1
[2026-07-24 10:13:52] [MotusApiImporter] findExistingCar() -> EXISTING car id=1447
[2026-07-24 10:13:52] [MotusApiImporter] updateCar() completed for existing id=1447.
[2026-07-24 10:13:52] [MotusApiImporter] --- Processing row 29 (stock/sku: 1445929) ---
[2026-07-24 10:13:52] [MotusApiImporter] parseVehicle() OK — make=VOLKSWAGEN, model=POLO, source_url=https://www.motusvw.co.za/midrand/showroom/625-vwmdf893255/0/, image_urls count=1
[2026-07-24 10:13:52] [MotusApiImporter] Skipped detail-page fetch for stock #1445929 — time budget already exhausted.
[2026-07-24 10:13:52] [MotusApiImporter] After enrichFromDetailPage() — engine_capacity_cc=NULL, image_urls count=1
[2026-07-24 10:13:52] [MotusApiImporter] findExistingCar() -> EXISTING car id=1448
[2026-07-24 10:13:52] [MotusApiImporter] updateCar() completed for existing id=1448.
[2026-07-24 10:13:52] [MotusApiImporter] --- Processing row 30 (stock/sku: 1445930) ---
[2026-07-24 10:13:52] [MotusApiImporter] parseVehicle() OK — make=VOLKSWAGEN, model=POLO, source_url=https://www.motusvw.co.za/midrand/showroom/625-vwmdf893267/0/, image_urls count=1
[2026-07-24 10:13:52] [MotusApiImporter] Skipped detail-page fetch for stock #1445930 — time budget already exhausted.
[2026-07-24 10:13:52] [MotusApiImporter] After enrichFromDetailPage() — engine_capacity_cc=NULL, image_urls count=1
[2026-07-24 10:13:52] [MotusApiImporter] findExistingCar() -> EXISTING car id=1449
[2026-07-24 10:13:52] [MotusApiImporter] updateCar() completed for existing id=1449.
[2026-07-24 10:13:52] [MotusApiImporter] --- Processing row 31 (stock/sku: 1446008) ---
[2026-07-24 10:13:52] [MotusApiImporter] parseVehicle() OK — make=VOLKSWAGEN, model=POLO, source_url=https://www.motusvw.co.za/midrand/showroom/625-vwmdf892145/0/, image_urls count=1
[2026-07-24 10:13:52] [MotusApiImporter] Skipped detail-page fetch for stock #1446008 — time budget already exhausted.
[2026-07-24 10:13:52] [MotusApiImporter] After enrichFromDetailPage() — engine_capacity_cc=NULL, image_urls count=1
[2026-07-24 10:13:52] [MotusApiImporter] findExistingCar() -> EXISTING car id=1450
[2026-07-24 10:13:52] [MotusApiImporter] updateCar() completed for existing id=1450.
[2026-07-24 10:13:52] [MotusApiImporter] --- Processing row 32 (stock/sku: 1445928) ---
[2026-07-24 10:13:52] [MotusApiImporter] parseVehicle() OK — make=VOLKSWAGEN, model=POLO, source_url=https://www.motusvw.co.za/midrand/showroom/625-vwmdf893252/0/, image_urls count=1
[2026-07-24 10:13:52] [MotusApiImporter] Skipped detail-page fetch for stock #1445928 — time budget already exhausted.
[2026-07-24 10:13:52] [MotusApiImporter] After enrichFromDetailPage() — engine_capacity_cc=NULL, image_urls count=1
[2026-07-24 10:13:52] [MotusApiImporter] findExistingCar() -> EXISTING car id=1451
[2026-07-24 10:13:52] [MotusApiImporter] updateCar() completed for existing id=1451.
[2026-07-24 10:13:52] [MotusApiImporter] --- Processing row 33 (stock/sku: 1445915) ---
[2026-07-24 10:13:52] [MotusApiImporter] parseVehicle() OK — make=VOLKSWAGEN, model=POLO, source_url=https://www.motusvw.co.za/midrand/showroom/625-vwmdf893516/0/, image_urls count=1
[2026-07-24 10:13:52] [MotusApiImporter] Skipped detail-page fetch for stock #1445915 — time budget already exhausted.
[2026-07-24 10:13:52] [MotusApiImporter] After enrichFromDetailPage() — engine_capacity_cc=NULL, image_urls count=1
[2026-07-24 10:13:52] [MotusApiImporter] findExistingCar() -> EXISTING car id=1452
[2026-07-24 10:13:52] [MotusApiImporter] updateCar() completed for existing id=1452.
[2026-07-24 10:13:52] [MotusApiImporter] --- Processing row 34 (stock/sku: 1445966) ---
[2026-07-24 10:13:52] [MotusApiImporter] parseVehicle() OK — make=VOLKSWAGEN, model=POLO, source_url=https://www.motusvw.co.za/midrand/showroom/625-vwmdf892527/0/, image_urls count=1
[2026-07-24 10:13:52] [MotusApiImporter] Skipped detail-page fetch for stock #1445966 — time budget already exhausted.
[2026-07-24 10:13:52] [MotusApiImporter] After enrichFromDetailPage() — engine_capacity_cc=NULL, image_urls count=1
[2026-07-24 10:13:52] [MotusApiImporter] findExistingCar() -> EXISTING car id=1453
[2026-07-24 10:13:52] [MotusApiImporter] updateCar() completed for existing id=1453.
[2026-07-24 10:13:52] [MotusApiImporter] --- Processing row 35 (stock/sku: 1445835) ---
[2026-07-24 10:13:52] [MotusApiImporter] parseVehicle() OK — make=VOLKSWAGEN, model=POLO, source_url=https://www.motusvw.co.za/midrand/showroom/625-vwmdf894547/0/, image_urls count=1
[2026-07-24 10:13:52] [MotusApiImporter] Skipped detail-page fetch for stock #1445835 — time budget already exhausted.
[2026-07-24 10:13:52] [MotusApiImporter] After enrichFromDetailPage() — engine_capacity_cc=NULL, image_urls count=1
[2026-07-24 10:13:52] [MotusApiImporter] findExistingCar() -> EXISTING car id=1454
[2026-07-24 10:13:52] [MotusApiImporter] updateCar() completed for existing id=1454.
[2026-07-24 10:13:52] [MotusApiImporter] --- Processing row 36 (stock/sku: 1445857) ---
[2026-07-24 10:13:52] [MotusApiImporter] parseVehicle() OK — make=VOLKSWAGEN, model=POLO VIVO, source_url=https://www.motusvw.co.za/midrand/showroom/625-vwmdf894310/0/, image_urls count=1
[2026-07-24 10:13:52] [MotusApiImporter] Skipped detail-page fetch for stock #1445857 — time budget already exhausted.
[2026-07-24 10:13:52] [MotusApiImporter] After enrichFromDetailPage() — engine_capacity_cc=NULL, image_urls count=1
[2026-07-24 10:13:52] [MotusApiImporter] findExistingCar() -> EXISTING car id=1455
[2026-07-24 10:13:52] [MotusApiImporter] updateCar() completed for existing id=1455.
[2026-07-24 10:13:52] [MotusApiImporter] --- Processing row 37 (stock/sku: 1445858) ---
[2026-07-24 10:13:52] [MotusApiImporter] parseVehicle() OK — make=VOLKSWAGEN, model=POLO VIVO, source_url=https://www.motusvw.co.za/midrand/showroom/625-vwmdf894316/0/, image_urls count=1
[2026-07-24 10:13:52] [MotusApiImporter] Skipped detail-page fetch for stock #1445858 — time budget already exhausted.
[2026-07-24 10:13:52] [MotusApiImporter] After enrichFromDetailPage() — engine_capacity_cc=NULL, image_urls count=1
[2026-07-24 10:13:52] [MotusApiImporter] findExistingCar() -> EXISTING car id=1456
[2026-07-24 10:13:52] [MotusApiImporter] updateCar() completed for existing id=1456.
[2026-07-24 10:13:52] [MotusApiImporter] --- Processing row 38 (stock/sku: 1446130) ---
[2026-07-24 10:13:52] [MotusApiImporter] parseVehicle() OK — make=VOLKSWAGEN, model=POLO VIVO, source_url=https://www.motusvw.co.za/midrand/showroom/625-vwmdf890905/0/, image_urls count=1
[2026-07-24 10:13:52] [MotusApiImporter] Skipped detail-page fetch for stock #1446130 — time budget already exhausted.
[2026-07-24 10:13:52] [MotusApiImporter] After enrichFromDetailPage() — engine_capacity_cc=NULL, image_urls count=1
[2026-07-24 10:13:52] [MotusApiImporter] findExistingCar() -> EXISTING car id=1457
[2026-07-24 10:13:52] [MotusApiImporter] updateCar() completed for existing id=1457.
[2026-07-24 10:13:52] [MotusApiImporter] --- Processing row 39 (stock/sku: 1445963) ---
[2026-07-24 10:13:52] [MotusApiImporter] parseVehicle() OK — make=VOLKSWAGEN, model=T-CROSS, source_url=https://www.motusvw.co.za/midrand/showroom/625-vwmdf892729/0/, image_urls count=1
[2026-07-24 10:13:52] [MotusApiImporter] Skipped detail-page fetch for stock #1445963 — time budget already exhausted.
[2026-07-24 10:13:52] [MotusApiImporter] After enrichFromDetailPage() — engine_capacity_cc=NULL, image_urls count=1
[2026-07-24 10:13:52] [MotusApiImporter] findExistingCar() -> EXISTING car id=1458
[2026-07-24 10:13:52] [MotusApiImporter] updateCar() completed for existing id=1458.
[2026-07-24 10:13:52] [MotusApiImporter] --- Processing row 40 (stock/sku: 1445833) ---
[2026-07-24 10:13:52] [MotusApiImporter] parseVehicle() OK — make=VOLKSWAGEN, model=T-CROSS, source_url=https://www.motusvw.co.za/midrand/showroom/625-vwmdf895060/0/, image_urls count=1
[2026-07-24 10:13:52] [MotusApiImporter] Skipped detail-page fetch for stock #1445833 — time budget already exhausted.
[2026-07-24 10:13:52] [MotusApiImporter] After enrichFromDetailPage() — engine_capacity_cc=NULL, image_urls count=1
[2026-07-24 10:13:52] [MotusApiImporter] findExistingCar() -> EXISTING car id=1459
[2026-07-24 10:13:52] [MotusApiImporter] updateCar() completed for existing id=1459.
[2026-07-24 10:13:52] [MotusApiImporter] --- Processing row 41 (stock/sku: 1445916) ---
[2026-07-24 10:13:52] [MotusApiImporter] parseVehicle() OK — make=VOLKSWAGEN, model=T-CROSS, source_url=https://www.motusvw.co.za/midrand/showroom/625-vwmdf893597/0/, image_urls count=1
[2026-07-24 10:13:52] [MotusApiImporter] Skipped detail-page fetch for stock #1445916 — time budget already exhausted.
[2026-07-24 10:13:52] [MotusApiImporter] After enrichFromDetailPage() — engine_capacity_cc=NULL, image_urls count=1
[2026-07-24 10:13:52] [MotusApiImporter] findExistingCar() -> EXISTING car id=1460
[2026-07-24 10:13:52] [MotusApiImporter] updateCar() completed for existing id=1460.
[2026-07-24 10:13:52] [MotusApiImporter] --- Processing row 42 (stock/sku: 1445895) ---
[2026-07-24 10:13:52] [MotusApiImporter] parseVehicle() OK — make=VOLKSWAGEN, model=T-CROSS, source_url=https://www.motusvw.co.za/midrand/showroom/625-vwmdf894000/0/, image_urls count=1
[2026-07-24 10:13:52] [MotusApiImporter] Skipped detail-page fetch for stock #1445895 — time budget already exhausted.
[2026-07-24 10:13:52] [MotusApiImporter] After enrichFromDetailPage() — engine_capacity_cc=NULL, image_urls count=1
[2026-07-24 10:13:52] [MotusApiImporter] findExistingCar() -> EXISTING car id=1461
[2026-07-24 10:13:52] [MotusApiImporter] updateCar() completed for existing id=1461.
[2026-07-24 10:13:52] [MotusApiImporter] --- Processing row 43 (stock/sku: 1445907) ---
[2026-07-24 10:13:52] [MotusApiImporter] parseVehicle() OK — make=VOLKSWAGEN, model=TIGUAN, source_url=https://www.motusvw.co.za/midrand/showroom/625-vwmdf893709/0/, image_urls count=1
[2026-07-24 10:13:52] [MotusApiImporter] Skipped detail-page fetch for stock #1445907 — time budget already exhausted.
[2026-07-24 10:13:52] [MotusApiImporter] After enrichFromDetailPage() — engine_capacity_cc=NULL, image_urls count=1
[2026-07-24 10:13:52] [MotusApiImporter] findExistingCar() -> EXISTING car id=1462
[2026-07-24 10:13:52] [MotusApiImporter] updateCar() completed for existing id=1462.
[2026-07-24 10:13:52] [MotusApiImporter] --- Processing row 44 (stock/sku: 1446283) ---
[2026-07-24 10:13:52] [MotusApiImporter] parseVehicle() OK — make=VOLKSWAGEN, model=TIGUAN, source_url=https://www.motusvw.co.za/midrand/showroom/625-vwmdf888104/0/, image_urls count=1
[2026-07-24 10:13:52] [MotusApiImporter] Skipped detail-page fetch for stock #1446283 — time budget already exhausted.
[2026-07-24 10:13:52] [MotusApiImporter] After enrichFromDetailPage() — engine_capacity_cc=NULL, image_urls count=1
[2026-07-24 10:13:52] [MotusApiImporter] findExistingCar() -> EXISTING car id=1463
[2026-07-24 10:13:52] [MotusApiImporter] updateCar() completed for existing id=1463.
[2026-07-24 10:13:52] [MotusApiImporter] --- Processing row 45 (stock/sku: 1446223) ---
[2026-07-24 10:13:52] [MotusApiImporter] parseVehicle() OK — make=JEEP, model=RENEGADE, source_url=https://www.motusvw.co.za/midrand/showroom/625-vwmdf889687/1/, image_urls count=1
[2026-07-24 10:13:52] [MotusApiImporter] Skipped detail-page fetch for stock #1446223 — time budget already exhausted.
[2026-07-24 10:13:52] [MotusApiImporter] After enrichFromDetailPage() — engine_capacity_cc=NULL, image_urls count=1
[2026-07-24 10:13:52] [MotusApiImporter] findExistingCar() -> EXISTING car id=1464
[2026-07-24 10:13:52] [MotusApiImporter] updateCar() completed for existing id=1464.
[2026-07-24 10:13:52] [MotusApiImporter] --- Processing row 46 (stock/sku: 1445923) ---
[2026-07-24 10:13:52] [MotusApiImporter] parseVehicle() OK — make=BMW, model=2 SERIES, source_url=https://www.motusvw.co.za/midrand/showroom/625-vwmdf893379/1/, image_urls count=1
[2026-07-24 10:13:52] [MotusApiImporter] Skipped detail-page fetch for stock #1445923 — time budget already exhausted.
[2026-07-24 10:13:52] [MotusApiImporter] After enrichFromDetailPage() — engine_capacity_cc=NULL, image_urls count=1
[2026-07-24 10:13:52] [MotusApiImporter] findExistingCar() -> EXISTING car id=1465
[2026-07-24 10:13:52] [MotusApiImporter] updateCar() completed for existing id=1465.
[2026-07-24 10:13:52] [MotusApiImporter] --- Processing row 47 (stock/sku: 1445943) ---
[2026-07-24 10:13:52] [MotusApiImporter] parseVehicle() OK — make=FORD, model=ECOSPORT, source_url=https://www.motusvw.co.za/midrand/showroom/625-vwmdf893075/1/, image_urls count=1
[2026-07-24 10:13:52] [MotusApiImporter] Skipped detail-page fetch for stock #1445943 — time budget already exhausted.
[2026-07-24 10:13:52] [MotusApiImporter] After enrichFromDetailPage() — engine_capacity_cc=NULL, image_urls count=1
[2026-07-24 10:13:52] [MotusApiImporter] findExistingCar() -> EXISTING car id=1466
[2026-07-24 10:13:52] [MotusApiImporter] updateCar() completed for existing id=1466.
[2026-07-24 10:13:52] [MotusApiImporter] --- Processing row 48 (stock/sku: 1446850) ---
[2026-07-24 10:13:52] [MotusApiImporter] parseVehicle() OK — make=VOLKSWAGEN, model=POLO, source_url=https://www.motusvw.co.za/midrand/showroom/625-vwmdf258260/1/, image_urls count=1
[2026-07-24 10:13:52] [MotusApiImporter] Skipped detail-page fetch for stock #1446850 — time budget already exhausted.
[2026-07-24 10:13:52] [MotusApiImporter] After enrichFromDetailPage() — engine_capacity_cc=NULL, image_urls count=1
[2026-07-24 10:13:52] [MotusApiImporter] findExistingCar() -> EXISTING car id=1467
[2026-07-24 10:13:52] [MotusApiImporter] updateCar() completed for existing id=1467.
[2026-07-24 10:13:52] [MotusApiImporter] --- Processing row 49 (stock/sku: 1446505) ---
[2026-07-24 10:13:52] [MotusApiImporter] parseVehicle() OK — make=VOLKSWAGEN, model=POLO VIVO, source_url=https://www.motusvw.co.za/midrand/showroom/625-vwmdf608385/2/, image_urls count=1
[2026-07-24 10:13:52] [MotusApiImporter] Skipped detail-page fetch for stock #1446505 — time budget already exhausted.
[2026-07-24 10:13:52] [MotusApiImporter] After enrichFromDetailPage() — engine_capacity_cc=NULL, image_urls count=1
[2026-07-24 10:13:52] [MotusApiImporter] findExistingCar() -> EXISTING car id=1468
[2026-07-24 10:13:52] [MotusApiImporter] updateCar() completed for existing id=1468.
[2026-07-24 10:13:52] [MotusApiImporter] --- Processing row 50 (stock/sku: 1446800) ---
[2026-07-24 10:13:52] [MotusApiImporter] parseVehicle() OK — make=VOLKSWAGEN, model=TIGUAN, source_url=https://www.motusvw.co.za/midrand/showroom/625-vwmdf829969/1/, image_urls count=1
[2026-07-24 10:13:52] [MotusApiImporter] Skipped detail-page fetch for stock #1446800 — time budget already exhausted.
[2026-07-24 10:13:52] [MotusApiImporter] After enrichFromDetailPage() — engine_capacity_cc=NULL, image_urls count=1
[2026-07-24 10:13:52] [MotusApiImporter] findExistingCar() -> EXISTING car id=1469
[2026-07-24 10:13:52] [MotusApiImporter] updateCar() completed for existing id=1469.
[2026-07-24 10:13:52] [MotusApiImporter] --- Processing row 51 (stock/sku: 1446792) ---
[2026-07-24 10:13:52] [MotusApiImporter] parseVehicle() OK — make=VOLKSWAGEN, model=TIGUAN ALLSPACE, source_url=https://www.motusvw.co.za/midrand/showroom/625-vwmdf838290/1/, image_urls count=1
[2026-07-24 10:13:52] [MotusApiImporter] Skipped detail-page fetch for stock #1446792 — time budget already exhausted.
[2026-07-24 10:13:52] [MotusApiImporter] After enrichFromDetailPage() — engine_capacity_cc=NULL, image_urls count=1
[2026-07-24 10:13:52] [MotusApiImporter] findExistingCar() -> EXISTING car id=1470
[2026-07-24 10:13:52] [MotusApiImporter] updateCar() completed for existing id=1470.
[2026-07-24 10:13:52] [MotusApiImporter] --- Processing row 52 (stock/sku: 1446153) ---
[2026-07-24 10:13:52] [MotusApiImporter] parseVehicle() OK — make=VOLKSWAGEN, model=TIGUAN, source_url=https://www.motusvw.co.za/midrand/showroom/625-vwmdf762579/1/, image_urls count=1
[2026-07-24 10:13:52] [MotusApiImporter] Skipped detail-page fetch for stock #1446153 — time budget already exhausted.
[2026-07-24 10:13:52] [MotusApiImporter] After enrichFromDetailPage() — engine_capacity_cc=NULL, image_urls count=1
[2026-07-24 10:13:52] [MotusApiImporter] findExistingCar() -> EXISTING car id=1471
[2026-07-24 10:13:52] [MotusApiImporter] updateCar() completed for existing id=1471.
[2026-07-24 10:13:52] [MotusApiImporter] --- Processing row 53 (stock/sku: 1446811) ---
[2026-07-24 10:13:52] [MotusApiImporter] parseVehicle() OK — make=FORD, model=ECOSPORT, source_url=https://www.motusvw.co.za/midrand/showroom/625-vwmdf889981/1/, image_urls count=1
[2026-07-24 10:13:52] [MotusApiImporter] Skipped detail-page fetch for stock #1446811 — time budget already exhausted.
[2026-07-24 10:13:52] [MotusApiImporter] After enrichFromDetailPage() — engine_capacity_cc=NULL, image_urls count=1
[2026-07-24 10:13:52] [MotusApiImporter] findExistingCar() -> EXISTING car id=1472
[2026-07-24 10:13:52] [MotusApiImporter] updateCar() completed for existing id=1472.
[2026-07-24 10:13:52] [MotusApiImporter] --- Processing row 54 (stock/sku: 1445937) ---
[2026-07-24 10:13:52] [MotusApiImporter] parseVehicle() OK — make=FORD, model=FIGO, source_url=https://www.motusvw.co.za/midrand/showroom/625-vwmdf893195/1/, image_urls count=1
[2026-07-24 10:13:52] [MotusApiImporter] Skipped detail-page fetch for stock #1445937 — time budget already exhausted.
[2026-07-24 10:13:52] [MotusApiImporter] After enrichFromDetailPage() — engine_capacity_cc=NULL, image_urls count=1
[2026-07-24 10:13:52] [MotusApiImporter] findExistingCar() -> EXISTING car id=1473
[2026-07-24 10:13:52] [MotusApiImporter] updateCar() completed for existing id=1473.
[2026-07-24 10:13:52] [MotusApiImporter] --- Processing row 55 (stock/sku: 1446382) ---
[2026-07-24 10:13:52] [MotusApiImporter] parseVehicle() OK — make=VOLKSWAGEN, model=AMAROK, source_url=https://www.motusvw.co.za/midrand/showroom/625-vwmdf421690/1/, image_urls count=1
[2026-07-24 10:13:52] [MotusApiImporter] Skipped detail-page fetch for stock #1446382 — time budget already exhausted.
[2026-07-24 10:13:52] [MotusApiImporter] After enrichFromDetailPage() — engine_capacity_cc=NULL, image_urls count=1
[2026-07-24 10:13:52] [MotusApiImporter] findExistingCar() -> EXISTING car id=1474
[2026-07-24 10:13:52] [MotusApiImporter] updateCar() completed for existing id=1474.
[2026-07-24 10:13:52] [MotusApiImporter] --- Processing row 56 (stock/sku: 1446801) ---
[2026-07-24 10:13:52] [MotusApiImporter] parseVehicle() OK — make=VOLKSWAGEN, model=T-CROSS, source_url=https://www.motusvw.co.za/midrand/showroom/625-vwmdf423363/2/, image_urls count=1
[2026-07-24 10:13:52] [MotusApiImporter] Skipped detail-page fetch for stock #1446801 — time budget already exhausted.
[2026-07-24 10:13:52] [MotusApiImporter] After enrichFromDetailPage() — engine_capacity_cc=NULL, image_urls count=1
[2026-07-24 10:13:52] [MotusApiImporter] findExistingCar() -> EXISTING car id=1475
[2026-07-24 10:13:52] [MotusApiImporter] updateCar() completed for existing id=1475.
[2026-07-24 10:13:52] [MotusApiImporter] --- Processing row 57 (stock/sku: 1446410) ---
[2026-07-24 10:13:52] [MotusApiImporter] parseVehicle() OK — make=VOLKSWAGEN, model=TRANSPORTER, source_url=https://www.motusvw.co.za/midrand/showroom/625-vwmdf886408/4/, image_urls count=1
[2026-07-24 10:13:52] [MotusApiImporter] Skipped detail-page fetch for stock #1446410 — time budget already exhausted.
[2026-07-24 10:13:52] [MotusApiImporter] After enrichFromDetailPage() — engine_capacity_cc=NULL, image_urls count=1
[2026-07-24 10:13:52] [MotusApiImporter] findExistingCar() -> EXISTING car id=1476
[2026-07-24 10:13:52] [MotusApiImporter] updateCar() completed for existing id=1476.
[2026-07-24 10:13:52] [MotusApiImporter] --- Processing row 58 (stock/sku: 1445899) ---
[2026-07-24 10:13:52] [MotusApiImporter] parseVehicle() OK — make=VOLKSWAGEN, model=TRANSPORTER, source_url=https://www.motusvw.co.za/midrand/showroom/625-vwmdf893863/1/, image_urls count=1
[2026-07-24 10:13:52] [MotusApiImporter] Skipped detail-page fetch for stock #1445899 — time budget already exhausted.
[2026-07-24 10:13:52] [MotusApiImporter] After enrichFromDetailPage() — engine_capacity_cc=NULL, image_urls count=1
[2026-07-24 10:13:52] [MotusApiImporter] findExistingCar() -> EXISTING car id=1477
[2026-07-24 10:13:52] [MotusApiImporter] updateCar() completed for existing id=1477.
[2026-07-24 10:13:52] [MotusApiImporter] --- Processing row 59 (stock/sku: 1446142) ---
[2026-07-24 10:13:52] [MotusApiImporter] parseVehicle() OK — make=BMW, model=4 SERIES, source_url=https://www.motusvw.co.za/midrand/showroom/625-vwmdf890748/1/, image_urls count=1
[2026-07-24 10:13:52] [MotusApiImporter] Skipped detail-page fetch for stock #1446142 — time budget already exhausted.
[2026-07-24 10:13:52] [MotusApiImporter] After enrichFromDetailPage() — engine_capacity_cc=NULL, image_urls count=1
[2026-07-24 10:13:52] [MotusApiImporter] findExistingCar() -> EXISTING car id=1478
[2026-07-24 10:13:52] [MotusApiImporter] updateCar() completed for existing id=1478.
[2026-07-24 10:13:52] [MotusApiImporter] --- Processing row 60 (stock/sku: 1446010) ---
[2026-07-24 10:13:52] [MotusApiImporter] parseVehicle() OK — make=JAGUAR, model=F-PACE, source_url=https://www.motusvw.co.za/midrand/showroom/625-vwmdf892204/1/, image_urls count=1
[2026-07-24 10:13:52] [MotusApiImporter] Skipped detail-page fetch for stock #1446010 — time budget already exhausted.
[2026-07-24 10:13:52] [MotusApiImporter] After enrichFromDetailPage() — engine_capacity_cc=NULL, image_urls count=1
[2026-07-24 10:13:52] [MotusApiImporter] findExistingCar() -> EXISTING car id=1479
[2026-07-24 10:13:52] [MotusApiImporter] updateCar() completed for existing id=1479.
[2026-07-24 10:13:52] [MotusApiImporter] --- Processing row 61 (stock/sku: 1448883) ---
[2026-07-24 10:13:52] [MotusApiImporter] parseVehicle() OK — make=KIA, model=RIO, source_url=https://www.motusvw.co.za/midrand/showroom/625-vwmvusc894215/1/, image_urls count=1
[2026-07-24 10:13:52] [MotusApiImporter] Skipped detail-page fetch for stock #1448883 — time budget already exhausted.
[2026-07-24 10:13:52] [MotusApiImporter] After enrichFromDetailPage() — engine_capacity_cc=NULL, image_urls count=1
[2026-07-24 10:13:52] [MotusApiImporter] findExistingCar() -> EXISTING car id=1539
[2026-07-24 10:13:52] [MotusApiImporter] updateCar() completed for existing id=1539.
[2026-07-24 10:13:52] [MotusApiImporter] --- Processing row 62 (stock/sku: 1445715) ---
[2026-07-24 10:13:52] [MotusApiImporter] parseVehicle() OK — make=RENAULT, model=CLIO, source_url=https://www.motusvw.co.za/midrand/showroom/625-vwmdf896334/1/, image_urls count=1
[2026-07-24 10:13:52] [MotusApiImporter] Skipped detail-page fetch for stock #1445715 — time budget already exhausted.
[2026-07-24 10:13:52] [MotusApiImporter] After enrichFromDetailPage() — engine_capacity_cc=NULL, image_urls count=1
[2026-07-24 10:13:52] [MotusApiImporter] findExistingCar() -> EXISTING car id=1481
[2026-07-24 10:13:52] [MotusApiImporter] updateCar() completed for existing id=1481.
[2026-07-24 10:13:52] [MotusApiImporter] --- Processing row 63 (stock/sku: 1445883) ---
[2026-07-24 10:13:52] [MotusApiImporter] parseVehicle() OK — make=VOLKSWAGEN, model=POLO VIVO, source_url=https://www.motusvw.co.za/midrand/showroom/625-vwmdf894125/2/, image_urls count=1
[2026-07-24 10:13:52] [MotusApiImporter] Skipped detail-page fetch for stock #1445883 — time budget already exhausted.
[2026-07-24 10:13:52] [MotusApiImporter] After enrichFromDetailPage() — engine_capacity_cc=NULL, image_urls count=1
[2026-07-24 10:13:52] [MotusApiImporter] findExistingCar() -> EXISTING car id=1482
[2026-07-24 10:13:52] [MotusApiImporter] updateCar() completed for existing id=1482.
[2026-07-24 10:13:52] [MotusApiImporter] --- Processing row 64 (stock/sku: 1445714) ---
[2026-07-24 10:13:52] [MotusApiImporter] parseVehicle() OK — make=VOLKSWAGEN, model=POLO VIVO, source_url=https://www.motusvw.co.za/midrand/showroom/625-vwmdf896260/1/, image_urls count=1
[2026-07-24 10:13:52] [MotusApiImporter] Skipped detail-page fetch for stock #1445714 — time budget already exhausted.
[2026-07-24 10:13:52] [MotusApiImporter] After enrichFromDetailPage() — engine_capacity_cc=NULL, image_urls count=1
[2026-07-24 10:13:52] [MotusApiImporter] findExistingCar() -> EXISTING car id=1483
[2026-07-24 10:13:52] [MotusApiImporter] updateCar() completed for existing id=1483.
[2026-07-24 10:13:52] [MotusApiImporter] --- Processing row 65 (stock/sku: 1446735) ---
[2026-07-24 10:13:52] [MotusApiImporter] parseVehicle() OK — make=VOLKSWAGEN, model=TAIGO, source_url=https://www.motusvw.co.za/midrand/showroom/625-vwmdf861673/2/, image_urls count=1
[2026-07-24 10:13:52] [MotusApiImporter] Skipped detail-page fetch for stock #1446735 — time budget already exhausted.
[2026-07-24 10:13:52] [MotusApiImporter] After enrichFromDetailPage() — engine_capacity_cc=NULL, image_urls count=1
[2026-07-24 10:13:52] [MotusApiImporter] findExistingCar() -> EXISTING car id=1485
[2026-07-24 10:13:52] [MotusApiImporter] updateCar() completed for existing id=1485.
[2026-07-24 10:13:52] [MotusApiImporter] --- Processing row 66 (stock/sku: 1445959) ---
[2026-07-24 10:13:52] [MotusApiImporter] parseVehicle() OK — make=VOLKSWAGEN, model=TRANSPORTER, source_url=https://www.motusvw.co.za/midrand/showroom/625-vwmdf425954/1/, image_urls count=1
[2026-07-24 10:13:52] [MotusApiImporter] Skipped detail-page fetch for stock #1445959 — time budget already exhausted.
[2026-07-24 10:13:52] [MotusApiImporter] After enrichFromDetailPage() — engine_capacity_cc=NULL, image_urls count=1
[2026-07-24 10:13:52] [MotusApiImporter] findExistingCar() -> EXISTING car id=1486
[2026-07-24 10:13:52] [MotusApiImporter] updateCar() completed for existing id=1486.
[2026-07-24 10:13:52] [MotusApiImporter] --- Processing row 67 (stock/sku: 1446051) ---
[2026-07-24 10:13:52] [MotusApiImporter] parseVehicle() OK — make=VOLKSWAGEN, model=AMAROK, source_url=https://www.motusvw.co.za/midrand/showroom/625-vwmdf891606/1/, image_urls count=1
[2026-07-24 10:13:52] [MotusApiImporter] Skipped detail-page fetch for stock #1446051 — time budget already exhausted.
[2026-07-24 10:13:52] [MotusApiImporter] After enrichFromDetailPage() — engine_capacity_cc=NULL, image_urls count=1
[2026-07-24 10:13:52] [MotusApiImporter] findExistingCar() -> EXISTING car id=1487
[2026-07-24 10:13:52] [MotusApiImporter] updateCar() completed for existing id=1487.
[2026-07-24 10:13:52] [MotusApiImporter] --- Processing row 68 (stock/sku: 1446086) ---
[2026-07-24 10:13:52] [MotusApiImporter] parseVehicle() OK — make=VOLKSWAGEN, model=POLO, source_url=https://www.motusvw.co.za/midrand/showroom/625-vwmdf891191/1/, image_urls count=1
[2026-07-24 10:13:52] [MotusApiImporter] Skipped detail-page fetch for stock #1446086 — time budget already exhausted.
[2026-07-24 10:13:52] [MotusApiImporter] After enrichFromDetailPage() — engine_capacity_cc=NULL, image_urls count=1
[2026-07-24 10:13:52] [MotusApiImporter] findExistingCar() -> EXISTING car id=1489
[2026-07-24 10:13:52] [MotusApiImporter] updateCar() completed for existing id=1489.
[2026-07-24 10:13:52] [MotusApiImporter] --- Processing row 69 (stock/sku: 1446654) ---
[2026-07-24 10:13:52] [MotusApiImporter] parseVehicle() OK — make=AUDI, model=Q2, source_url=https://www.motusvw.co.za/midrand/showroom/625-vwmdf872129/1/, image_urls count=1
[2026-07-24 10:13:52] [MotusApiImporter] Skipped detail-page fetch for stock #1446654 — time budget already exhausted.
[2026-07-24 10:13:52] [MotusApiImporter] After enrichFromDetailPage() — engine_capacity_cc=NULL, image_urls count=1
[2026-07-24 10:13:52] [MotusApiImporter] findExistingCar() -> EXISTING car id=1490
[2026-07-24 10:13:52] [MotusApiImporter] updateCar() completed for existing id=1490.
[2026-07-24 10:13:52] [MotusApiImporter] --- Processing row 70 (stock/sku: 1449184) ---
[2026-07-24 10:13:52] [MotusApiImporter] parseVehicle() OK — make=FORD, model=RANGER, source_url=https://www.motusvw.co.za/midrand/showroom/625-vwmdf895758/1/, image_urls count=1
[2026-07-24 10:13:52] [MotusApiImporter] Skipped detail-page fetch for stock #1449184 — time budget already exhausted.
[2026-07-24 10:13:52] [MotusApiImporter] After enrichFromDetailPage() — engine_capacity_cc=NULL, image_urls count=1
[2026-07-24 10:13:52] [MotusApiImporter] findExistingCar() -> EXISTING car id=1588
[2026-07-24 10:13:52] [MotusApiImporter] updateCar() completed for existing id=1588.
[2026-07-24 10:13:52] [MotusApiImporter] --- Processing row 71 (stock/sku: 1448032) ---
[2026-07-24 10:13:52] [MotusApiImporter] parseVehicle() OK — make=HYUNDAI, model=GRAND CRETA, source_url=https://www.motusvw.co.za/midrand/showroom/625-vwmvusc853094/1/, image_urls count=1
[2026-07-24 10:13:52] [MotusApiImporter] Skipped detail-page fetch for stock #1448032 — time budget already exhausted.
[2026-07-24 10:13:52] [MotusApiImporter] After enrichFromDetailPage() — engine_capacity_cc=NULL, image_urls count=1
[2026-07-24 10:13:52] [MotusApiImporter] findExistingCar() -> EXISTING car id=1491
[2026-07-24 10:13:52] [MotusApiImporter] updateCar() completed for existing id=1491.
[2026-07-24 10:13:52] [MotusApiImporter] --- Processing row 72 (stock/sku: 1446809) ---
[2026-07-24 10:13:52] [MotusApiImporter] parseVehicle() OK — make=KIA, model=PICANTO, source_url=https://www.motusvw.co.za/midrand/showroom/625-vwmdf894445/1/, image_urls count=1
[2026-07-24 10:13:52] [MotusApiImporter] Skipped detail-page fetch for stock #1446809 — time budget already exhausted.
[2026-07-24 10:13:52] [MotusApiImporter] After enrichFromDetailPage() — engine_capacity_cc=NULL, image_urls count=1
[2026-07-24 10:13:52] [MotusApiImporter] findExistingCar() -> EXISTING car id=1492
[2026-07-24 10:13:52] [MotusApiImporter] updateCar() completed for existing id=1492.
[2026-07-24 10:13:52] [MotusApiImporter] --- Processing row 73 (stock/sku: 1446810) ---
[2026-07-24 10:13:52] [MotusApiImporter] parseVehicle() OK — make=NISSAN, model=MAGNITE, source_url=https://www.motusvw.co.za/midrand/showroom/625-vwmdf894838/1/, image_urls count=1
[2026-07-24 10:13:52] [MotusApiImporter] Skipped detail-page fetch for stock #1446810 — time budget already exhausted.
[2026-07-24 10:13:52] [MotusApiImporter] After enrichFromDetailPage() — engine_capacity_cc=NULL, image_urls count=1
[2026-07-24 10:13:52] [MotusApiImporter] findExistingCar() -> EXISTING car id=1493
[2026-07-24 10:13:52] [MotusApiImporter] updateCar() completed for existing id=1493.
[2026-07-24 10:13:52] [MotusApiImporter] --- Processing row 74 (stock/sku: 1446523) ---
[2026-07-24 10:13:52] [MotusApiImporter] parseVehicle() OK — make=TOYOTA, model=COROLLA CROSS, source_url=https://www.motusvw.co.za/midrand/showroom/625-bm037used896315/1/, image_urls count=1
[2026-07-24 10:13:52] [MotusApiImporter] Skipped detail-page fetch for stock #1446523 — time budget already exhausted.
[2026-07-24 10:13:52] [MotusApiImporter] After enrichFromDetailPage() — engine_capacity_cc=NULL, image_urls count=1
[2026-07-24 10:13:52] [MotusApiImporter] findExistingCar() -> EXISTING car id=1494
[2026-07-24 10:13:52] [MotusApiImporter] updateCar() completed for existing id=1494.
[2026-07-24 10:13:52] [MotusApiImporter] --- Processing row 75 (stock/sku: 1445994) ---
[2026-07-24 10:13:52] [MotusApiImporter] parseVehicle() OK — make=TOYOTA, model=HILUX, source_url=https://www.motusvw.co.za/midrand/showroom/625-vwmdf892356/1/, image_urls count=1
[2026-07-24 10:13:52] [MotusApiImporter] Skipped detail-page fetch for stock #1445994 — time budget already exhausted.
[2026-07-24 10:13:52] [MotusApiImporter] After enrichFromDetailPage() — engine_capacity_cc=NULL, image_urls count=1
[2026-07-24 10:13:52] [MotusApiImporter] findExistingCar() -> EXISTING car id=1495
[2026-07-24 10:13:52] [MotusApiImporter] updateCar() completed for existing id=1495.
[2026-07-24 10:13:52] [MotusApiImporter] --- Processing row 76 (stock/sku: 1446028) ---
[2026-07-24 10:13:52] [MotusApiImporter] parseVehicle() OK — make=VOLKSWAGEN, model=AMAROK, source_url=https://www.motusvw.co.za/midrand/showroom/625-vwmdf850170/1/, image_urls count=1
[2026-07-24 10:13:52] [MotusApiImporter] Skipped detail-page fetch for stock #1446028 — time budget already exhausted.
[2026-07-24 10:13:52] [MotusApiImporter] After enrichFromDetailPage() — engine_capacity_cc=NULL, image_urls count=1
[2026-07-24 10:13:52] [MotusApiImporter] findExistingCar() -> EXISTING car id=1496
[2026-07-24 10:13:52] [MotusApiImporter] updateCar() completed for existing id=1496.
[2026-07-24 10:13:52] [MotusApiImporter] --- Processing row 77 (stock/sku: 1445881) ---
[2026-07-24 10:13:52] [MotusApiImporter] parseVehicle() OK — make=VOLKSWAGEN, model=POLO, source_url=https://www.motusvw.co.za/midrand/showroom/625-vwmdf894037/1/, image_urls count=1
[2026-07-24 10:13:52] [MotusApiImporter] Skipped detail-page fetch for stock #1445881 — time budget already exhausted.
[2026-07-24 10:13:52] [MotusApiImporter] After enrichFromDetailPage() — engine_capacity_cc=NULL, image_urls count=1
[2026-07-24 10:13:52] [MotusApiImporter] findExistingCar() -> EXISTING car id=1497
[2026-07-24 10:13:52] [MotusApiImporter] updateCar() completed for existing id=1497.
[2026-07-24 10:13:52] [MotusApiImporter] --- Processing row 78 (stock/sku: 1446323) ---
[2026-07-24 10:13:52] [MotusApiImporter] parseVehicle() OK — make=VOLKSWAGEN, model=POLO, source_url=https://www.motusvw.co.za/midrand/showroom/625-vwmdf888345/1/, image_urls count=1
[2026-07-24 10:13:52] [MotusApiImporter] Skipped detail-page fetch for stock #1446323 — time budget already exhausted.
[2026-07-24 10:13:52] [MotusApiImporter] After enrichFromDetailPage() — engine_capacity_cc=NULL, image_urls count=1
[2026-07-24 10:13:52] [MotusApiImporter] findExistingCar() -> EXISTING car id=1498
[2026-07-24 10:13:52] [MotusApiImporter] updateCar() completed for existing id=1498.
[2026-07-24 10:13:52] [MotusApiImporter] --- Processing row 79 (stock/sku: 1446790) ---
[2026-07-24 10:13:52] [MotusApiImporter] parseVehicle() OK — make=VOLKSWAGEN, model=T-CROSS, source_url=https://www.motusvw.co.za/midrand/showroom/625-vwmdf839567/1/, image_urls count=1
[2026-07-24 10:13:52] [MotusApiImporter] Skipped detail-page fetch for stock #1446790 — time budget already exhausted.
[2026-07-24 10:13:52] [MotusApiImporter] After enrichFromDetailPage() — engine_capacity_cc=NULL, image_urls count=1
[2026-07-24 10:13:52] [MotusApiImporter] findExistingCar() -> EXISTING car id=1499
[2026-07-24 10:13:52] [MotusApiImporter] updateCar() completed for existing id=1499.
[2026-07-24 10:13:52] [MotusApiImporter] --- Processing row 80 (stock/sku: 1446786) ---
[2026-07-24 10:13:52] [MotusApiImporter] parseVehicle() OK — make=VOLKSWAGEN, model=T-CROSS, source_url=https://www.motusvw.co.za/midrand/showroom/625-vwmdf843717/8/, image_urls count=1
[2026-07-24 10:13:52] [MotusApiImporter] Skipped detail-page fetch for stock #1446786 — time budget already exhausted.
[2026-07-24 10:13:52] [MotusApiImporter] After enrichFromDetailPage() — engine_capacity_cc=NULL, image_urls count=1
[2026-07-24 10:13:52] [MotusApiImporter] findExistingCar() -> EXISTING car id=1500
[2026-07-24 10:13:52] [MotusApiImporter] updateCar() completed for existing id=1500.
[2026-07-24 10:13:52] [MotusApiImporter] --- Processing row 81 (stock/sku: 1445882) ---
[2026-07-24 10:13:52] [MotusApiImporter] parseVehicle() OK — make=VOLKSWAGEN, model=T-ROC, source_url=https://www.motusvw.co.za/midrand/showroom/625-vwmdf894108/1/, image_urls count=1
[2026-07-24 10:13:52] [MotusApiImporter] Skipped detail-page fetch for stock #1445882 — time budget already exhausted.
[2026-07-24 10:13:52] [MotusApiImporter] After enrichFromDetailPage() — engine_capacity_cc=NULL, image_urls count=1
[2026-07-24 10:13:52] [MotusApiImporter] findExistingCar() -> EXISTING car id=1501
[2026-07-24 10:13:52] [MotusApiImporter] updateCar() completed for existing id=1501.
[2026-07-24 10:13:52] [MotusApiImporter] --- Processing row 82 (stock/sku: 1445751) ---
[2026-07-24 10:13:52] [MotusApiImporter] parseVehicle() OK — make=VOLKSWAGEN, model=TAIGO, source_url=https://www.motusvw.co.za/midrand/showroom/625-vwmdf874038/1/, image_urls count=1
[2026-07-24 10:13:52] [MotusApiImporter] Skipped detail-page fetch for stock #1445751 — time budget already exhausted.
[2026-07-24 10:13:52] [MotusApiImporter] After enrichFromDetailPage() — engine_capacity_cc=NULL, image_urls count=1
[2026-07-24 10:13:52] [MotusApiImporter] findExistingCar() -> EXISTING car id=1502
[2026-07-24 10:13:52] [MotusApiImporter] updateCar() completed for existing id=1502.
[2026-07-24 10:13:52] [MotusApiImporter] --- Processing row 83 (stock/sku: 1446249) ---
[2026-07-24 10:13:52] [MotusApiImporter] parseVehicle() OK — make=SUZUKI, model=SWIFT, source_url=https://www.motusvw.co.za/midrand/showroom/625-vwmdf889410/1/, image_urls count=1
[2026-07-24 10:13:52] [MotusApiImporter] Skipped detail-page fetch for stock #1446249 — time budget already exhausted.
[2026-07-24 10:13:52] [MotusApiImporter] After enrichFromDetailPage() — engine_capacity_cc=NULL, image_urls count=1
[2026-07-24 10:13:52] [MotusApiImporter] findExistingCar() -> EXISTING car id=1503
[2026-07-24 10:13:52] [MotusApiImporter] updateCar() completed for existing id=1503.
[2026-07-24 10:13:52] [MotusApiImporter] --- Processing row 84 (stock/sku: 1445799) ---
[2026-07-24 10:13:52] [MotusApiImporter] parseVehicle() OK — make=SUZUKI, model=SWIFT, source_url=https://www.motusvw.co.za/midrand/showroom/625-vwmdf895482/1/, image_urls count=1
[2026-07-24 10:13:52] [MotusApiImporter] Skipped detail-page fetch for stock #1445799 — time budget already exhausted.
[2026-07-24 10:13:52] [MotusApiImporter] After enrichFromDetailPage() — engine_capacity_cc=NULL, image_urls count=1
[2026-07-24 10:13:52] [MotusApiImporter] findExistingCar() -> EXISTING car id=1504
[2026-07-24 10:13:52] [MotusApiImporter] updateCar() completed for existing id=1504.
[2026-07-24 10:13:52] [MotusApiImporter] --- Processing row 85 (stock/sku: 1445871) ---
[2026-07-24 10:13:52] [MotusApiImporter] parseVehicle() OK — make=SUZUKI, model=SWIFT, source_url=https://www.motusvw.co.za/midrand/showroom/625-vwmdf894155/1/, image_urls count=1
[2026-07-24 10:13:52] [MotusApiImporter] Skipped detail-page fetch for stock #1445871 — time budget already exhausted.
[2026-07-24 10:13:52] [MotusApiImporter] After enrichFromDetailPage() — engine_capacity_cc=NULL, image_urls count=1
[2026-07-24 10:13:52] [MotusApiImporter] findExistingCar() -> EXISTING car id=1505
[2026-07-24 10:13:52] [MotusApiImporter] updateCar() completed for existing id=1505.
[2026-07-24 10:13:52] [MotusApiImporter] --- Processing row 86 (stock/sku: 1445800) ---
[2026-07-24 10:13:52] [MotusApiImporter] parseVehicle() OK — make=SUZUKI, model=SWIFT, source_url=https://www.motusvw.co.za/midrand/showroom/625-vwmdf895483/1/, image_urls count=1
[2026-07-24 10:13:52] [MotusApiImporter] Skipped detail-page fetch for stock #1445800 — time budget already exhausted.
[2026-07-24 10:13:52] [MotusApiImporter] After enrichFromDetailPage() — engine_capacity_cc=NULL, image_urls count=1
[2026-07-24 10:13:52] [MotusApiImporter] findExistingCar() -> EXISTING car id=1506
[2026-07-24 10:13:52] [MotusApiImporter] updateCar() completed for existing id=1506.
[2026-07-24 10:13:52] [MotusApiImporter] --- Processing row 87 (stock/sku: 1446293) ---
[2026-07-24 10:13:52] [MotusApiImporter] parseVehicle() OK — make=TOYOTA, model=STARLET, source_url=https://www.motusvw.co.za/midrand/showroom/625-vwmdf888699/1/, image_urls count=1
[2026-07-24 10:13:52] [MotusApiImporter] Skipped detail-page fetch for stock #1446293 — time budget already exhausted.
[2026-07-24 10:13:52] [MotusApiImporter] After enrichFromDetailPage() — engine_capacity_cc=NULL, image_urls count=1
[2026-07-24 10:13:52] [MotusApiImporter] findExistingCar() -> EXISTING car id=1507
[2026-07-24 10:13:52] [MotusApiImporter] updateCar() completed for existing id=1507.
[2026-07-24 10:13:52] [MotusApiImporter] --- Processing row 88 (stock/sku: 1446743) ---
[2026-07-24 10:13:52] [MotusApiImporter] parseVehicle() OK — make=VOLKSWAGEN, model=AMAROK, source_url=https://www.motusvw.co.za/midrand/showroom/625-vwmdf861452/1/, image_urls count=1
[2026-07-24 10:13:52] [MotusApiImporter] Skipped detail-page fetch for stock #1446743 — time budget already exhausted.
[2026-07-24 10:13:52] [MotusApiImporter] After enrichFromDetailPage() — engine_capacity_cc=NULL, image_urls count=1
[2026-07-24 10:13:52] [MotusApiImporter] findExistingCar() -> EXISTING car id=1508
[2026-07-24 10:13:52] [MotusApiImporter] updateCar() completed for existing id=1508.
[2026-07-24 10:13:52] [MotusApiImporter] --- Processing row 89 (stock/sku: 1446558) ---
[2026-07-24 10:13:52] [MotusApiImporter] parseVehicle() OK — make=VOLKSWAGEN, model=POLO, source_url=https://www.motusvw.co.za/midrand/showroom/625-vwmdf876638/1/, image_urls count=1
[2026-07-24 10:13:52] [MotusApiImporter] Skipped detail-page fetch for stock #1446558 — time budget already exhausted.
[2026-07-24 10:13:52] [MotusApiImporter] After enrichFromDetailPage() — engine_capacity_cc=NULL, image_urls count=1
[2026-07-24 10:13:52] [MotusApiImporter] findExistingCar() -> EXISTING car id=1509
[2026-07-24 10:13:52] [MotusApiImporter] updateCar() completed for existing id=1509.
[2026-07-24 10:13:52] [MotusApiImporter] --- Processing row 90 (stock/sku: 1446729) ---
[2026-07-24 10:13:52] [MotusApiImporter] parseVehicle() OK — make=VOLKSWAGEN, model=POLO, source_url=https://www.motusvw.co.za/midrand/showroom/625-vwmdf864742/3/, image_urls count=1
[2026-07-24 10:13:52] [MotusApiImporter] Skipped detail-page fetch for stock #1446729 — time budget already exhausted.
[2026-07-24 10:13:52] [MotusApiImporter] After enrichFromDetailPage() — engine_capacity_cc=NULL, image_urls count=1
[2026-07-24 10:13:52] [MotusApiImporter] findExistingCar() -> EXISTING car id=1510
[2026-07-24 10:13:52] [MotusApiImporter] updateCar() completed for existing id=1510.
[2026-07-24 10:13:52] [MotusApiImporter] --- Processing row 91 (stock/sku: 1446763) ---
[2026-07-24 10:13:52] [MotusApiImporter] parseVehicle() OK — make=VOLKSWAGEN, model=POLO VIVO, source_url=https://www.motusvw.co.za/midrand/showroom/625-vwmdf858161/1/, image_urls count=1
[2026-07-24 10:13:52] [MotusApiImporter] Skipped detail-page fetch for stock #1446763 — time budget already exhausted.
[2026-07-24 10:13:52] [MotusApiImporter] After enrichFromDetailPage() — engine_capacity_cc=NULL, image_urls count=1
[2026-07-24 10:13:52] [MotusApiImporter] findExistingCar() -> EXISTING car id=1511
[2026-07-24 10:13:52] [MotusApiImporter] updateCar() completed for existing id=1511.
[2026-07-24 10:13:52] [MotusApiImporter] --- Processing row 92 (stock/sku: 1446755) ---
[2026-07-24 10:13:52] [MotusApiImporter] parseVehicle() OK — make=VOLKSWAGEN, model=POLO VIVO, source_url=https://www.motusvw.co.za/midrand/showroom/625-vwmdf859179/4/, image_urls count=1
[2026-07-24 10:13:52] [MotusApiImporter] Skipped detail-page fetch for stock #1446755 — time budget already exhausted.
[2026-07-24 10:13:52] [MotusApiImporter] After enrichFromDetailPage() — engine_capacity_cc=NULL, image_urls count=1
[2026-07-24 10:13:52] [MotusApiImporter] findExistingCar() -> EXISTING car id=1512
[2026-07-24 10:13:52] [MotusApiImporter] updateCar() completed for existing id=1512.
[2026-07-24 10:13:52] [MotusApiImporter] --- Processing row 93 (stock/sku: 1446746) ---
[2026-07-24 10:13:52] [MotusApiImporter] parseVehicle() OK — make=VOLKSWAGEN, model=POLO VIVO, source_url=https://www.motusvw.co.za/midrand/showroom/625-vwmdf860907/1/, image_urls count=1
[2026-07-24 10:13:52] [MotusApiImporter] Skipped detail-page fetch for stock #1446746 — time budget already exhausted.
[2026-07-24 10:13:52] [MotusApiImporter] After enrichFromDetailPage() — engine_capacity_cc=NULL, image_urls count=1
[2026-07-24 10:13:52] [MotusApiImporter] findExistingCar() -> EXISTING car id=1513
[2026-07-24 10:13:52] [MotusApiImporter] updateCar() completed for existing id=1513.
[2026-07-24 10:13:52] [MotusApiImporter] --- Processing row 94 (stock/sku: 1446711) ---
[2026-07-24 10:13:52] [MotusApiImporter] parseVehicle() OK — make=VOLKSWAGEN, model=POLO VIVO, source_url=https://www.motusvw.co.za/midrand/showroom/625-vwmdf868173/2/, image_urls count=1
[2026-07-24 10:13:52] [MotusApiImporter] Skipped detail-page fetch for stock #1446711 — time budget already exhausted.
[2026-07-24 10:13:52] [MotusApiImporter] After enrichFromDetailPage() — engine_capacity_cc=NULL, image_urls count=1
[2026-07-24 10:13:52] [MotusApiImporter] findExistingCar() -> EXISTING car id=1514
[2026-07-24 10:13:52] [MotusApiImporter] updateCar() completed for existing id=1514.
[2026-07-24 10:13:52] [MotusApiImporter] --- Processing row 95 (stock/sku: 1446694) ---
[2026-07-24 10:13:52] [MotusApiImporter] parseVehicle() OK — make=VOLKSWAGEN, model=POLO VIVO, source_url=https://www.motusvw.co.za/midrand/showroom/625-vwmdf869665/2/, image_urls count=1
[2026-07-24 10:13:52] [MotusApiImporter] Skipped detail-page fetch for stock #1446694 — time budget already exhausted.
[2026-07-24 10:13:52] [MotusApiImporter] After enrichFromDetailPage() — engine_capacity_cc=NULL, image_urls count=1
[2026-07-24 10:13:52] [MotusApiImporter] findExistingCar() -> EXISTING car id=1515
[2026-07-24 10:13:52] [MotusApiImporter] updateCar() completed for existing id=1515.
[2026-07-24 10:13:52] [MotusApiImporter] --- Processing row 96 (stock/sku: 1446751) ---
[2026-07-24 10:13:52] [MotusApiImporter] parseVehicle() OK — make=VOLKSWAGEN, model=T-CROSS, source_url=https://www.motusvw.co.za/midrand/showroom/625-vwmdf860129/3/, image_urls count=1
[2026-07-24 10:13:52] [MotusApiImporter] Skipped detail-page fetch for stock #1446751 — time budget already exhausted.
[2026-07-24 10:13:52] [MotusApiImporter] After enrichFromDetailPage() — engine_capacity_cc=NULL, image_urls count=1
[2026-07-24 10:13:52] [MotusApiImporter] findExistingCar() -> EXISTING car id=1516
[2026-07-24 10:13:52] [MotusApiImporter] updateCar() completed for existing id=1516.
[2026-07-24 10:13:52] [MotusApiImporter] --- Processing row 97 (stock/sku: 1446720) ---
[2026-07-24 10:13:52] [MotusApiImporter] parseVehicle() OK — make=VOLKSWAGEN, model=TAIGO, source_url=https://www.motusvw.co.za/midrand/showroom/625-vwmdf859177/2/, image_urls count=1
[2026-07-24 10:13:52] [MotusApiImporter] Skipped detail-page fetch for stock #1446720 — time budget already exhausted.
[2026-07-24 10:13:52] [MotusApiImporter] After enrichFromDetailPage() — engine_capacity_cc=NULL, image_urls count=1
[2026-07-24 10:13:52] [MotusApiImporter] findExistingCar() -> EXISTING car id=1517
[2026-07-24 10:13:52] [MotusApiImporter] updateCar() completed for existing id=1517.
[2026-07-24 10:13:52] [MotusApiImporter] --- Processing row 98 (stock/sku: 1446118) ---
[2026-07-24 10:13:52] [MotusApiImporter] parseVehicle() OK — make=MG, model=HS, source_url=https://www.motusvw.co.za/midrand/showroom/625-vwmdf890989/1/, image_urls count=1
[2026-07-24 10:13:52] [MotusApiImporter] Skipped detail-page fetch for stock #1446118 — time budget already exhausted.
[2026-07-24 10:13:52] [MotusApiImporter] After enrichFromDetailPage() — engine_capacity_cc=NULL, image_urls count=1
[2026-07-24 10:13:52] [MotusApiImporter] findExistingCar() -> EXISTING car id=1518
[2026-07-24 10:13:52] [MotusApiImporter] updateCar() completed for existing id=1518.
[2026-07-24 10:13:52] [MotusApiImporter] --- Processing row 99 (stock/sku: 1446119) ---
[2026-07-24 10:13:52] [MotusApiImporter] parseVehicle() OK — make=MG, model=MG3, source_url=https://www.motusvw.co.za/midrand/showroom/625-vwmdf890997/1/, image_urls count=1
[2026-07-24 10:13:52] [MotusApiImporter] Skipped detail-page fetch for stock #1446119 — time budget already exhausted.
[2026-07-24 10:13:52] [MotusApiImporter] After enrichFromDetailPage() — engine_capacity_cc=NULL, image_urls count=1
[2026-07-24 10:13:52] [MotusApiImporter] findExistingCar() -> EXISTING car id=1519
[2026-07-24 10:13:52] [MotusApiImporter] updateCar() completed for existing id=1519.
[2026-07-24 10:13:52] [MotusApiImporter] --- Processing row 100 (stock/sku: 1446188) ---
[2026-07-24 10:13:52] [MotusApiImporter] parseVehicle() OK — make=TATA, model=TIAGO, source_url=https://www.motusvw.co.za/midrand/showroom/625-vwmdf891531/1/, image_urls count=1
[2026-07-24 10:13:52] [MotusApiImporter] Skipped detail-page fetch for stock #1446188 — time budget already exhausted.
[2026-07-24 10:13:52] [MotusApiImporter] After enrichFromDetailPage() — engine_capacity_cc=NULL, image_urls count=1
[2026-07-24 10:13:52] [MotusApiImporter] findExistingCar() -> EXISTING car id=1520
[2026-07-24 10:13:52] [MotusApiImporter] updateCar() completed for existing id=1520.
[2026-07-24 10:13:52] [MotusApiImporter] --- Processing row 101 (stock/sku: 1446482) ---
[2026-07-24 10:13:52] [MotusApiImporter] parseVehicle() OK — make=VOLKSWAGEN, model=AMAROK, source_url=https://www.motusvw.co.za/midrand/showroom/625-vwmdf885078/1/, image_urls count=1
[2026-07-24 10:13:52] [MotusApiImporter] Skipped detail-page fetch for stock #1446482 — time budget already exhausted.
[2026-07-24 10:13:52] [MotusApiImporter] After enrichFromDetailPage() — engine_capacity_cc=NULL, image_urls count=1
[2026-07-24 10:13:52] [MotusApiImporter] findExistingCar() -> EXISTING car id=1521
[2026-07-24 10:13:52] [MotusApiImporter] updateCar() completed for existing id=1521.
[2026-07-24 10:13:52] [MotusApiImporter] --- Processing row 102 (stock/sku: 1446648) ---
[2026-07-24 10:13:52] [MotusApiImporter] parseVehicle() OK — make=VOLKSWAGEN, model=CADDY, source_url=https://www.motusvw.co.za/midrand/showroom/625-vwmdf872377/1/, image_urls count=1
[2026-07-24 10:13:52] [MotusApiImporter] Skipped detail-page fetch for stock #1446648 — time budget already exhausted.
[2026-07-24 10:13:52] [MotusApiImporter] After enrichFromDetailPage() — engine_capacity_cc=NULL, image_urls count=1
[2026-07-24 10:13:52] [MotusApiImporter] findExistingCar() -> EXISTING car id=1522
[2026-07-24 10:13:52] [MotusApiImporter] updateCar() completed for existing id=1522.
[2026-07-24 10:13:52] [MotusApiImporter] --- Processing row 103 (stock/sku: 1445922) ---
[2026-07-24 10:13:52] [MotusApiImporter] parseVehicle() OK — make=VOLKSWAGEN, model=POLO VIVO, source_url=https://www.motusvw.co.za/midrand/showroom/625-vwmdf893350/1/, image_urls count=1
[2026-07-24 10:13:52] [MotusApiImporter] Skipped detail-page fetch for stock #1445922 — time budget already exhausted.
[2026-07-24 10:13:52] [MotusApiImporter] After enrichFromDetailPage() — engine_capacity_cc=NULL, image_urls count=1
[2026-07-24 10:13:52] [MotusApiImporter] findExistingCar() -> EXISTING car id=1523
[2026-07-24 10:13:52] [MotusApiImporter] updateCar() completed for existing id=1523.
[2026-07-24 10:13:52] [MotusApiImporter] --- Processing row 104 (stock/sku: 1446628) ---
[2026-07-24 10:13:52] [MotusApiImporter] parseVehicle() OK — make=VOLKSWAGEN, model=POLO VIVO, source_url=https://www.motusvw.co.za/midrand/showroom/625-vwmdf873548/2/, image_urls count=1
[2026-07-24 10:13:52] [MotusApiImporter] Skipped detail-page fetch for stock #1446628 — time budget already exhausted.
[2026-07-24 10:13:52] [MotusApiImporter] After enrichFromDetailPage() — engine_capacity_cc=NULL, image_urls count=1
[2026-07-24 10:13:52] [MotusApiImporter] findExistingCar() -> EXISTING car id=1525
[2026-07-24 10:13:52] [MotusApiImporter] updateCar() completed for existing id=1525.
[2026-07-24 10:13:52] [MotusApiImporter] --- Processing row 105 (stock/sku: 1446506) ---
[2026-07-24 10:13:52] [MotusApiImporter] parseVehicle() OK — make=VOLKSWAGEN, model=POLO VIVO, source_url=https://www.motusvw.co.za/midrand/showroom/625-vwmdf884657/2/, image_urls count=1
[2026-07-24 10:13:52] [MotusApiImporter] Skipped detail-page fetch for stock #1446506 — time budget already exhausted.
[2026-07-24 10:13:52] [MotusApiImporter] After enrichFromDetailPage() — engine_capacity_cc=NULL, image_urls count=1
[2026-07-24 10:13:52] [MotusApiImporter] findExistingCar() -> EXISTING car id=1526
[2026-07-24 10:13:52] [MotusApiImporter] updateCar() completed for existing id=1526.
[2026-07-24 10:13:52] [MotusApiImporter] --- Processing row 106 (stock/sku: 1446432) ---
[2026-07-24 10:13:52] [MotusApiImporter] parseVehicle() OK — make=VOLKSWAGEN, model=POLO VIVO, source_url=https://www.motusvw.co.za/midrand/showroom/625-vwmdf886086/1/, image_urls count=1
[2026-07-24 10:13:52] [MotusApiImporter] Skipped detail-page fetch for stock #1446432 — time budget already exhausted.
[2026-07-24 10:13:52] [MotusApiImporter] After enrichFromDetailPage() — engine_capacity_cc=NULL, image_urls count=1
[2026-07-24 10:13:52] [MotusApiImporter] findExistingCar() -> EXISTING car id=1527
[2026-07-24 10:13:52] [MotusApiImporter] updateCar() completed for existing id=1527.
[2026-07-24 10:13:52] [MotusApiImporter] --- Processing row 107 (stock/sku: 1446409) ---
[2026-07-24 10:13:52] [MotusApiImporter] parseVehicle() OK — make=VOLKSWAGEN, model=POLO VIVO, source_url=https://www.motusvw.co.za/midrand/showroom/625-vwmdf886385/1/, image_urls count=1
[2026-07-24 10:13:52] [MotusApiImporter] Skipped detail-page fetch for stock #1446409 — time budget already exhausted.
[2026-07-24 10:13:52] [MotusApiImporter] After enrichFromDetailPage() — engine_capacity_cc=NULL, image_urls count=1
[2026-07-24 10:13:52] [MotusApiImporter] findExistingCar() -> EXISTING car id=1528
[2026-07-24 10:13:52] [MotusApiImporter] updateCar() completed for existing id=1528.
[2026-07-24 10:13:52] [MotusApiImporter] --- Processing row 108 (stock/sku: 1446322) ---
[2026-07-24 10:13:52] [MotusApiImporter] parseVehicle() OK — make=VOLKSWAGEN, model=POLO VIVO, source_url=https://www.motusvw.co.za/midrand/showroom/625-vwmdf888339/1/, image_urls count=1
[2026-07-24 10:13:52] [MotusApiImporter] Skipped detail-page fetch for stock #1446322 — time budget already exhausted.
[2026-07-24 10:13:52] [MotusApiImporter] After enrichFromDetailPage() — engine_capacity_cc=NULL, image_urls count=1
[2026-07-24 10:13:52] [MotusApiImporter] findExistingCar() -> EXISTING car id=1529
[2026-07-24 10:13:52] [MotusApiImporter] updateCar() completed for existing id=1529.
[2026-07-24 10:13:52] [MotusApiImporter] --- Processing row 109 (stock/sku: 1446321) ---
[2026-07-24 10:13:52] [MotusApiImporter] parseVehicle() OK — make=VOLKSWAGEN, model=POLO VIVO, source_url=https://www.motusvw.co.za/midrand/showroom/625-vwmdf888337/1/, image_urls count=1
[2026-07-24 10:13:52] [MotusApiImporter] Skipped detail-page fetch for stock #1446321 — time budget already exhausted.
[2026-07-24 10:13:52] [MotusApiImporter] After enrichFromDetailPage() — engine_capacity_cc=NULL, image_urls count=1
[2026-07-24 10:13:52] [MotusApiImporter] findExistingCar() -> EXISTING car id=1530
[2026-07-24 10:13:52] [MotusApiImporter] updateCar() completed for existing id=1530.
[2026-07-24 10:13:52] [MotusApiImporter] --- Processing row 110 (stock/sku: 1446314) ---
[2026-07-24 10:13:52] [MotusApiImporter] parseVehicle() OK — make=VOLKSWAGEN, model=POLO VIVO, source_url=https://www.motusvw.co.za/midrand/showroom/625-vwmdf888462/1/, image_urls count=1
[2026-07-24 10:13:52] [MotusApiImporter] Skipped detail-page fetch for stock #1446314 — time budget already exhausted.
[2026-07-24 10:13:52] [MotusApiImporter] After enrichFromDetailPage() — engine_capacity_cc=NULL, image_urls count=1
[2026-07-24 10:13:52] [MotusApiImporter] findExistingCar() -> EXISTING car id=1531
[2026-07-24 10:13:52] [MotusApiImporter] updateCar() completed for existing id=1531.
[2026-07-24 10:13:52] [MotusApiImporter] --- Processing row 111 (stock/sku: 1446181) ---
[2026-07-24 10:13:52] [MotusApiImporter] parseVehicle() OK — make=VOLKSWAGEN, model=POLO VIVO, source_url=https://www.motusvw.co.za/midrand/showroom/625-vwmdf890179/3/, image_urls count=1
[2026-07-24 10:13:52] [MotusApiImporter] Skipped detail-page fetch for stock #1446181 — time budget already exhausted.
[2026-07-24 10:13:52] [MotusApiImporter] After enrichFromDetailPage() — engine_capacity_cc=NULL, image_urls count=1
[2026-07-24 10:13:52] [MotusApiImporter] findExistingCar() -> EXISTING car id=1532
[2026-07-24 10:13:52] [MotusApiImporter] updateCar() completed for existing id=1532.
[2026-07-24 10:13:52] [MotusApiImporter] --- Processing row 112 (stock/sku: 1449179) ---
[2026-07-24 10:13:52] [MotusApiImporter] parseVehicle() OK — make=VOLKSWAGEN, model=POLO VIVO, source_url=https://www.motusvw.co.za/midrand/showroom/625-vwmdf875858/2/, image_urls count=1
[2026-07-24 10:13:52] [MotusApiImporter] Skipped detail-page fetch for stock #1449179 — time budget already exhausted.
[2026-07-24 10:13:52] [MotusApiImporter] After enrichFromDetailPage() — engine_capacity_cc=NULL, image_urls count=1
[2026-07-24 10:13:52] [MotusApiImporter] findExistingCar() -> EXISTING car id=1589
[2026-07-24 10:13:52] [MotusApiImporter] updateCar() completed for existing id=1589.
[2026-07-24 10:13:52] [MotusApiImporter] --- Processing row 113 (stock/sku: 1446179) ---
[2026-07-24 10:13:52] [MotusApiImporter] parseVehicle() OK — make=VOLKSWAGEN, model=POLO VIVO, source_url=https://www.motusvw.co.za/midrand/showroom/625-vwmdf890169/1/, image_urls count=1
[2026-07-24 10:13:52] [MotusApiImporter] Skipped detail-page fetch for stock #1446179 — time budget already exhausted.
[2026-07-24 10:13:52] [MotusApiImporter] After enrichFromDetailPage() — engine_capacity_cc=NULL, image_urls count=1
[2026-07-24 10:13:52] [MotusApiImporter] findExistingCar() -> EXISTING car id=1533
[2026-07-24 10:13:52] [MotusApiImporter] updateCar() completed for existing id=1533.
[2026-07-24 10:13:52] [MotusApiImporter] --- Processing row 114 (stock/sku: 1446333) ---
[2026-07-24 10:13:52] [MotusApiImporter] parseVehicle() OK — make=VOLKSWAGEN, model=POLO VIVO, source_url=https://www.motusvw.co.za/midrand/showroom/625-vwmdf888093/1/, image_urls count=1
[2026-07-24 10:13:52] [MotusApiImporter] Skipped detail-page fetch for stock #1446333 — time budget already exhausted.
[2026-07-24 10:13:52] [MotusApiImporter] After enrichFromDetailPage() — engine_capacity_cc=NULL, image_urls count=1
[2026-07-24 10:13:52] [MotusApiImporter] findExistingCar() -> EXISTING car id=1534
[2026-07-24 10:13:52] [MotusApiImporter] updateCar() completed for existing id=1534.
[2026-07-24 10:13:52] [MotusApiImporter] --- Processing row 115 (stock/sku: 1446180) ---
[2026-07-24 10:13:52] [MotusApiImporter] parseVehicle() OK — make=VOLKSWAGEN, model=POLO VIVO, source_url=https://www.motusvw.co.za/midrand/showroom/625-vwmdf890170/1/, image_urls count=1
[2026-07-24 10:13:52] [MotusApiImporter] Skipped detail-page fetch for stock #1446180 — time budget already exhausted.
[2026-07-24 10:13:52] [MotusApiImporter] After enrichFromDetailPage() — engine_capacity_cc=NULL, image_urls count=1
[2026-07-24 10:13:52] [MotusApiImporter] findExistingCar() -> EXISTING car id=1535
[2026-07-24 10:13:52] [MotusApiImporter] updateCar() completed for existing id=1535.
[2026-07-24 10:13:52] [MotusApiImporter] --- Processing row 116 (stock/sku: 1446261) ---
[2026-07-24 10:13:52] [MotusApiImporter] parseVehicle() OK — make=VOLKSWAGEN, model=POLO VIVO, source_url=https://www.motusvw.co.za/midrand/showroom/625-vwmdf889143/1/, image_urls count=1
[2026-07-24 10:13:52] [MotusApiImporter] Skipped detail-page fetch for stock #1446261 — time budget already exhausted.
[2026-07-24 10:13:52] [MotusApiImporter] After enrichFromDetailPage() — engine_capacity_cc=NULL, image_urls count=1
[2026-07-24 10:13:52] [MotusApiImporter] findExistingCar() -> EXISTING car id=1536
[2026-07-24 10:13:52] [MotusApiImporter] updateCar() completed for existing id=1536.
[2026-07-24 10:13:52] [MotusApiImporter] --- Processing row 117 (stock/sku: 1446533) ---
[2026-07-24 10:13:52] [MotusApiImporter] parseVehicle() OK — make=VOLKSWAGEN, model=T-CROSS, source_url=https://www.motusvw.co.za/midrand/showroom/625-vwmdf883411/2/, image_urls count=1
[2026-07-24 10:13:52] [MotusApiImporter] Skipped detail-page fetch for stock #1446533 — time budget already exhausted.
[2026-07-24 10:13:52] [MotusApiImporter] After enrichFromDetailPage() — engine_capacity_cc=NULL, image_urls count=1
[2026-07-24 10:13:52] [MotusApiImporter] findExistingCar() -> EXISTING car id=1537
[2026-07-24 10:13:52] [MotusApiImporter] updateCar() completed for existing id=1537.
[2026-07-24 10:13:52] [MotusApiImporter] --- Processing row 118 (stock/sku: 1446610) ---
[2026-07-24 10:13:52] [MotusApiImporter] parseVehicle() OK — make=VOLKSWAGEN, model=TRANSPORTER, source_url=https://www.motusvw.co.za/midrand/showroom/625-vwmdf875570/1/, image_urls count=1
[2026-07-24 10:13:52] [MotusApiImporter] Skipped detail-page fetch for stock #1446610 — time budget already exhausted.
[2026-07-24 10:13:52] [MotusApiImporter] After enrichFromDetailPage() — engine_capacity_cc=NULL, image_urls count=1
[2026-07-24 10:13:52] [MotusApiImporter] findExistingCar() -> EXISTING car id=1538
[2026-07-24 10:13:52] [MotusApiImporter] updateCar() completed for existing id=1538.
[2026-07-24 10:13:52] [MotusApiImporter] sync() FINISHED — {"imported":0,"updated":119,"skipped":0,"failed":0}
[2026-07-24 10:17:17] [MotusApiImporter] sync() STARTED — dealerId=14, sourceRef=https://www.motusvw.co.za/midrand/showroom/625-vwmdf894125/2/
[2026-07-24 10:17:17] [MotusApiImporter] Time budget: 35s, dealerNameFilter="Motus VW Midrand"
[2026-07-24 10:17:21] [MotusApiImporter] crawlDealership() returned 1 row(s) before dealer-name filtering.
[2026-07-24 10:17:21] [MotusApiImporter] Single-detail-node mode — skipping dealer-name filter.
[2026-07-24 10:17:21] [MotusApiImporter] --- Processing row 0 (stock/sku: VWM|DF|894125/2) ---
[2026-07-24 10:17:21] [MotusApiImporter] findExistingCar() -> no match, will INSERT
[2026-07-24 10:17:21] [MotusApiImporter] insertCar() completed.
[2026-07-24 10:17:21] [MotusApiImporter] sync() FINISHED — {"imported":1,"updated":0,"skipped":0,"failed":0}
[2026-07-24 11:46:09] [MotusApiImporter] sync() STARTED — dealerId=14, sourceRef=https://www.motusvw.co.za/midrand/showroom/625-vwmdf258260/1/
[2026-07-24 11:46:09] [MotusApiImporter] Time budget: 35s, dealerNameFilter="Motus VW Midrand"
[2026-07-24 11:46:11] [MotusApiImporter] crawlDealership() returned 1 row(s) before dealer-name filtering.
[2026-07-24 11:46:11] [MotusApiImporter] Single-detail-node mode — skipping dealer-name filter.
[2026-07-24 11:46:11] [MotusApiImporter] --- Processing row 0 (stock/sku: VWM|DF|258260/1) ---
[2026-07-24 11:46:11] [MotusApiImporter] findExistingCar() -> no match, will INSERT
[2026-07-24 11:46:11] [MotusApiImporter] insertCar() completed.
[2026-07-24 11:46:11] [MotusApiImporter] sync() FINISHED — {"imported":1,"updated":0,"skipped":0,"failed":0}
[2026-07-24 20:25:32] [MotusApiImporter] sync() STARTED — dealerId=14, sourceRef=https://www.motusvw.co.za/midrand/showroom/
[2026-07-24 20:25:32] [MotusApiImporter] Time budget: 35s, dealerNameFilter="Motus VW Midrand"
[2026-07-24 20:25:34] [MotusApiImporter] crawlDealership() returned 120 row(s) before dealer-name filtering.
[2026-07-24 20:25:34] [MotusApiImporter] After filterByDealerName(): 120 row(s) remain.
[2026-07-24 20:25:34] [MotusApiImporter] 2 vehicle(s) already enriched for this dealer — their detail-page fetch will be skipped this run.
[2026-07-24 20:25:34] [MotusApiImporter] --- Processing row 0 (stock/sku: 1446776) ---
[2026-07-24 20:25:34] [MotusApiImporter] parseVehicle() OK — make=VOLKSWAGEN, model=POLO, source_url=https://www.motusvw.co.za/midrand/showroom/625-vwmdf852273/5/, image_urls count=1
[2026-07-24 20:25:36] [MotusApiImporter] After enrichFromDetailPage() — engine_capacity_cc=999, image_urls count=17
[2026-07-24 20:25:36] [MotusApiImporter] findExistingCar() -> no match, will INSERT
[2026-07-24 20:25:36] [MotusApiImporter] insertCar() completed.
[2026-07-24 20:25:36] [MotusApiImporter] --- Processing row 1 (stock/sku: 1446299) ---
[2026-07-24 20:25:36] [MotusApiImporter] parseVehicle() OK — make=VOLKSWAGEN, model=GOLF 8, source_url=https://www.motusvw.co.za/midrand/showroom/625-vwmdf888609/1/, image_urls count=1
[2026-07-24 20:25:38] [MotusApiImporter] After enrichFromDetailPage() — engine_capacity_cc=0, image_urls count=18
[2026-07-24 20:25:38] [MotusApiImporter] findExistingCar() -> no match, will INSERT
[2026-07-24 20:25:38] [MotusApiImporter] insertCar() completed.
[2026-07-24 20:25:38] [MotusApiImporter] --- Processing row 2 (stock/sku: 1446532) ---
[2026-07-24 20:25:38] [MotusApiImporter] parseVehicle() OK — make=VOLKSWAGEN, model=POLO, source_url=https://www.motusvw.co.za/midrand/showroom/625-vwmdf883395/1/, image_urls count=1
[2026-07-24 20:25:40] [MotusApiImporter] After enrichFromDetailPage() — engine_capacity_cc=999, image_urls count=10
[2026-07-24 20:25:40] [MotusApiImporter] findExistingCar() -> no match, will INSERT
[2026-07-24 20:25:40] [MotusApiImporter] insertCar() completed.
[2026-07-24 20:25:40] [MotusApiImporter] --- Processing row 3 (stock/sku: 1446295) ---
[2026-07-24 20:25:40] [MotusApiImporter] parseVehicle() OK — make=VOLKSWAGEN, model=POLO, source_url=https://www.motusvw.co.za/midrand/showroom/625-vwmdf888735/1/, image_urls count=1
[2026-07-24 20:25:41] [MotusApiImporter] After enrichFromDetailPage() — engine_capacity_cc=999, image_urls count=15
[2026-07-24 20:25:41] [MotusApiImporter] findExistingCar() -> no match, will INSERT
[2026-07-24 20:25:41] [MotusApiImporter] insertCar() completed.
[2026-07-24 20:25:41] [MotusApiImporter] --- Processing row 4 (stock/sku: 1446601) ---
[2026-07-24 20:25:41] [MotusApiImporter] parseVehicle() OK — make=VOLKSWAGEN, model=POLO, source_url=https://www.motusvw.co.za/midrand/showroom/625-bm030used887224/1/, image_urls count=1
[2026-07-24 20:25:41] [MotusApiImporter] After enrichFromDetailPage() — engine_capacity_cc=999, image_urls count=18
[2026-07-24 20:25:41] [MotusApiImporter] findExistingCar() -> no match, will INSERT
[2026-07-24 20:25:41] [MotusApiImporter] insertCar() completed.
[2026-07-24 20:25:41] [MotusApiImporter] --- Processing row 5 (stock/sku: 1446065) ---
[2026-07-24 20:25:41] [MotusApiImporter] parseVehicle() OK — make=VOLKSWAGEN, model=POLO, source_url=https://www.motusvw.co.za/midrand/showroom/625-vwmdf890975/1/, image_urls count=1
[2026-07-24 20:25:43] [MotusApiImporter] After enrichFromDetailPage() — engine_capacity_cc=1598, image_urls count=17
[2026-07-24 20:25:43] [MotusApiImporter] findExistingCar() -> no match, will INSERT
[2026-07-24 20:25:43] [MotusApiImporter] insertCar() completed.
[2026-07-24 20:25:43] [MotusApiImporter] --- Processing row 6 (stock/sku: 1446370) ---
[2026-07-24 20:25:43] [MotusApiImporter] parseVehicle() OK — make=VOLKSWAGEN, model=POLO, source_url=https://www.motusvw.co.za/midrand/showroom/625-vwmdf887435/1/, image_urls count=1
[2026-07-24 20:25:44] [MotusApiImporter] After enrichFromDetailPage() — engine_capacity_cc=1998, image_urls count=18
[2026-07-24 20:25:44] [MotusApiImporter] findExistingCar() -> no match, will INSERT
[2026-07-24 20:25:44] [MotusApiImporter] insertCar() completed.
[2026-07-24 20:25:44] [MotusApiImporter] --- Processing row 7 (stock/sku: 1446517) ---
[2026-07-24 20:25:44] [MotusApiImporter] parseVehicle() OK — make=VOLKSWAGEN, model=POLO VIVO, source_url=https://www.motusvw.co.za/midrand/showroom/625-vwmdf884987/1/, image_urls count=1
[2026-07-24 20:25:46] [MotusApiImporter] After enrichFromDetailPage() — engine_capacity_cc=1398, image_urls count=18
[2026-07-24 20:25:46] [MotusApiImporter] findExistingCar() -> no match, will INSERT
[2026-07-24 20:25:46] [MotusApiImporter] insertCar() completed.
[2026-07-24 20:25:46] [MotusApiImporter] --- Processing row 8 (stock/sku: 1446115) ---
[2026-07-24 20:25:46] [MotusApiImporter] parseVehicle() OK — make=VOLKSWAGEN, model=POLO VIVO, source_url=https://www.motusvw.co.za/midrand/showroom/625-vwmdf891042/2/, image_urls count=1
[2026-07-24 20:25:47] [MotusApiImporter] After enrichFromDetailPage() — engine_capacity_cc=1598, image_urls count=18
[2026-07-24 20:25:47] [MotusApiImporter] findExistingCar() -> no match, will INSERT
[2026-07-24 20:25:47] [MotusApiImporter] insertCar() completed.
[2026-07-24 20:25:47] [MotusApiImporter] --- Processing row 9 (stock/sku: 1446589) ---
[2026-07-24 20:25:47] [MotusApiImporter] parseVehicle() OK — make=VOLKSWAGEN, model=POLO VIVO, source_url=https://www.motusvw.co.za/midrand/showroom/625-vwmdf875588/1/, image_urls count=1
[2026-07-24 20:25:48] [MotusApiImporter] After enrichFromDetailPage() — engine_capacity_cc=1598, image_urls count=16
[2026-07-24 20:25:48] [MotusApiImporter] findExistingCar() -> no match, will INSERT
[2026-07-24 20:25:48] [MotusApiImporter] insertCar() completed.
[2026-07-24 20:25:48] [MotusApiImporter] --- Processing row 10 (stock/sku: 1446083) ---
[2026-07-24 20:25:48] [MotusApiImporter] parseVehicle() OK — make=VOLKSWAGEN, model=T-CROSS, source_url=https://www.motusvw.co.za/midrand/showroom/625-vwmdf891215/1/, image_urls count=1
[2026-07-24 20:25:50] [MotusApiImporter] After enrichFromDetailPage() — engine_capacity_cc=999, image_urls count=16
[2026-07-24 20:25:50] [MotusApiImporter] findExistingCar() -> no match, will INSERT
[2026-07-24 20:25:50] [MotusApiImporter] insertCar() completed.
[2026-07-24 20:25:50] [MotusApiImporter] --- Processing row 11 (stock/sku: 1446395) ---
[2026-07-24 20:25:50] [MotusApiImporter] parseVehicle() OK — make=VOLKSWAGEN, model=T-CROSS, source_url=https://www.motusvw.co.za/midrand/showroom/625-vwmdf886830/1/, image_urls count=1
[2026-07-24 20:25:52] [MotusApiImporter] After enrichFromDetailPage() — engine_capacity_cc=999, image_urls count=17
[2026-07-24 20:25:52] [MotusApiImporter] findExistingCar() -> no match, will INSERT
[2026-07-24 20:25:52] [MotusApiImporter] insertCar() completed.
[2026-07-24 20:25:52] [MotusApiImporter] --- Processing row 12 (stock/sku: 1446535) ---
[2026-07-24 20:25:52] [MotusApiImporter] parseVehicle() OK — make=VOLKSWAGEN, model=T-ROC, source_url=https://www.motusvw.co.za/midrand/showroom/625-vwmdf883338/1/, image_urls count=1
[2026-07-24 20:25:52] [MotusApiImporter] After enrichFromDetailPage() — engine_capacity_cc=1984, image_urls count=20
[2026-07-24 20:25:52] [MotusApiImporter] findExistingCar() -> no match, will INSERT
[2026-07-24 20:25:52] [MotusApiImporter] insertCar() completed.
[2026-07-24 20:25:52] [MotusApiImporter] --- Processing row 13 (stock/sku: 1446315) ---
[2026-07-24 20:25:52] [MotusApiImporter] parseVehicle() OK — make=VOLKSWAGEN, model=T-ROC, source_url=https://www.motusvw.co.za/midrand/showroom/625-vwmdf888464/1/, image_urls count=1
[2026-07-24 20:25:54] [MotusApiImporter] After enrichFromDetailPage() — engine_capacity_cc=1984, image_urls count=20
[2026-07-24 20:25:54] [MotusApiImporter] findExistingCar() -> no match, will INSERT
[2026-07-24 20:25:54] [MotusApiImporter] insertCar() completed.
[2026-07-24 20:25:54] [MotusApiImporter] --- Processing row 14 (stock/sku: 1446599) ---
[2026-07-24 20:25:54] [MotusApiImporter] parseVehicle() OK — make=VOLKSWAGEN, model=TIGUAN, source_url=https://www.motusvw.co.za/midrand/showroom/625-vwmdf875100/1/, image_urls count=1
[2026-07-24 20:25:56] [MotusApiImporter] After enrichFromDetailPage() — engine_capacity_cc=1968, image_urls count=18
[2026-07-24 20:25:56] [MotusApiImporter] findExistingCar() -> no match, will INSERT
[2026-07-24 20:25:56] [MotusApiImporter] insertCar() completed.
[2026-07-24 20:25:56] [MotusApiImporter] --- Processing row 15 (stock/sku: 1446192) ---
[2026-07-24 20:25:56] [MotusApiImporter] parseVehicle() OK — make=VOLKSWAGEN, model=TIGUAN, source_url=https://www.motusvw.co.za/midrand/showroom/625-vwmdf890088/2/, image_urls count=1
[2026-07-24 20:25:57] [MotusApiImporter] After enrichFromDetailPage() — engine_capacity_cc=1395, image_urls count=15
[2026-07-24 20:25:57] [MotusApiImporter] findExistingCar() -> no match, will INSERT
[2026-07-24 20:25:57] [MotusApiImporter] insertCar() completed.
[2026-07-24 20:25:57] [MotusApiImporter] --- Processing row 16 (stock/sku: 1446143) ---
[2026-07-24 20:25:57] [MotusApiImporter] parseVehicle() OK — make=VOLKSWAGEN, model=TIGUAN, source_url=https://www.motusvw.co.za/midrand/showroom/625-vwmdf890778/1/, image_urls count=1
[2026-07-24 20:25:59] [MotusApiImporter] After enrichFromDetailPage() — engine_capacity_cc=1968, image_urls count=17
[2026-07-24 20:25:59] [MotusApiImporter] findExistingCar() -> no match, will INSERT
[2026-07-24 20:25:59] [MotusApiImporter] insertCar() completed.
[2026-07-24 20:25:59] [MotusApiImporter] --- Processing row 17 (stock/sku: 1446000) ---
[2026-07-24 20:25:59] [MotusApiImporter] parseVehicle() OK — make=VOLKSWAGEN, model=GOLF, source_url=https://www.motusvw.co.za/midrand/showroom/625-vwmdf892223/0/, image_urls count=1
[2026-07-24 20:26:00] [MotusApiImporter] After enrichFromDetailPage() — engine_capacity_cc=1395, image_urls count=16
[2026-07-24 20:26:00] [MotusApiImporter] findExistingCar() -> no match, will INSERT
[2026-07-24 20:26:00] [MotusApiImporter] insertCar() completed.
[2026-07-24 20:26:00] [MotusApiImporter] --- Processing row 18 (stock/sku: 1445980) ---
[2026-07-24 20:26:00] [MotusApiImporter] parseVehicle() OK — make=VOLKSWAGEN, model=GOLF 8, source_url=https://www.motusvw.co.za/midrand/showroom/625-vwmdf892557/0/, image_urls count=1
[2026-07-24 20:26:01] [MotusApiImporter] After enrichFromDetailPage() — engine_capacity_cc=0, image_urls count=15
[2026-07-24 20:26:01] [MotusApiImporter] findExistingCar() -> no match, will INSERT
[2026-07-24 20:26:01] [MotusApiImporter] insertCar() completed.
[2026-07-24 20:26:01] [MotusApiImporter] --- Processing row 19 (stock/sku: 1446122) ---
[2026-07-24 20:26:01] [MotusApiImporter] parseVehicle() OK — make=VOLKSWAGEN, model=GOLF 8, source_url=https://www.motusvw.co.za/midrand/showroom/625-vwmdf890926/0/, image_urls count=1
[2026-07-24 20:26:04] [MotusApiImporter] After enrichFromDetailPage() — engine_capacity_cc=0, image_urls count=16
[2026-07-24 20:26:04] [MotusApiImporter] findExistingCar() -> no match, will INSERT
[2026-07-24 20:26:04] [MotusApiImporter] insertCar() completed.
[2026-07-24 20:26:04] [MotusApiImporter] --- Processing row 20 (stock/sku: 1446022) ---
[2026-07-24 20:26:04] [MotusApiImporter] parseVehicle() OK — make=VOLKSWAGEN, model=GOLF 8, source_url=https://www.motusvw.co.za/midrand/showroom/625-vwmdf892077/0/, image_urls count=1
[2026-07-24 20:26:05] [MotusApiImporter] After enrichFromDetailPage() — engine_capacity_cc=0, image_urls count=17
[2026-07-24 20:26:05] [MotusApiImporter] findExistingCar() -> no match, will INSERT
[2026-07-24 20:26:05] [MotusApiImporter] insertCar() completed.
[2026-07-24 20:26:05] [MotusApiImporter] --- Processing row 21 (stock/sku: 1446049) ---
[2026-07-24 20:26:05] [MotusApiImporter] parseVehicle() OK — make=VOLKSWAGEN, model=GOLF 8, source_url=https://www.motusvw.co.za/midrand/showroom/625-vwmdf892214/0/, image_urls count=1
[2026-07-24 20:26:06] [MotusApiImporter] After enrichFromDetailPage() — engine_capacity_cc=0, image_urls count=16
[2026-07-24 20:26:06] [MotusApiImporter] findExistingCar() -> no match, will INSERT
[2026-07-24 20:26:06] [MotusApiImporter] insertCar() completed.
[2026-07-24 20:26:06] [MotusApiImporter] --- Processing row 22 (stock/sku: 1446001) ---
[2026-07-24 20:26:06] [MotusApiImporter] parseVehicle() OK — make=VOLKSWAGEN, model=GOLF 8, source_url=https://www.motusvw.co.za/midrand/showroom/625-vwmdf892266/0/, image_urls count=1
[2026-07-24 20:26:08] [MotusApiImporter] After enrichFromDetailPage() — engine_capacity_cc=0, image_urls count=17
[2026-07-24 20:26:08] [MotusApiImporter] findExistingCar() -> no match, will INSERT
[2026-07-24 20:26:08] [MotusApiImporter] insertCar() completed.
[2026-07-24 20:26:08] [MotusApiImporter] --- Processing row 23 (stock/sku: 1446356) ---
[2026-07-24 20:26:08] [MotusApiImporter] parseVehicle() OK — make=VOLKSWAGEN, model=POLO, source_url=https://www.motusvw.co.za/midrand/showroom/625-vwmdf887866/0/, image_urls count=1
[2026-07-24 20:26:08] [MotusApiImporter] Skipped detail-page fetch for stock #1446356 — time budget already exhausted.
[2026-07-24 20:26:08] [MotusApiImporter] After enrichFromDetailPage() — engine_capacity_cc=NULL, image_urls count=1
[2026-07-24 20:26:08] [MotusApiImporter] findExistingCar() -> no match, will INSERT
[2026-07-24 20:26:08] [MotusApiImporter] insertCar() completed.
[2026-07-24 20:26:08] [MotusApiImporter] --- Processing row 24 (stock/sku: 1446129) ---
[2026-07-24 20:26:08] [MotusApiImporter] parseVehicle() OK — make=VOLKSWAGEN, model=POLO, source_url=https://www.motusvw.co.za/midrand/showroom/625-vwmdf890824/0/, image_urls count=1
[2026-07-24 20:26:08] [MotusApiImporter] Skipped detail-page fetch for stock #1446129 — time budget already exhausted.
[2026-07-24 20:26:08] [MotusApiImporter] After enrichFromDetailPage() — engine_capacity_cc=NULL, image_urls count=1
[2026-07-24 20:26:08] [MotusApiImporter] findExistingCar() -> no match, will INSERT
[2026-07-24 20:26:08] [MotusApiImporter] insertCar() completed.
[2026-07-24 20:26:08] [MotusApiImporter] --- Processing row 25 (stock/sku: 1445964) ---
[2026-07-24 20:26:08] [MotusApiImporter] parseVehicle() OK — make=VOLKSWAGEN, model=POLO, source_url=https://www.motusvw.co.za/midrand/showroom/625-vwmdf892733/0/, image_urls count=1
[2026-07-24 20:26:08] [MotusApiImporter] Skipped detail-page fetch for stock #1445964 — time budget already exhausted.
[2026-07-24 20:26:08] [MotusApiImporter] After enrichFromDetailPage() — engine_capacity_cc=NULL, image_urls count=1
[2026-07-24 20:26:08] [MotusApiImporter] findExistingCar() -> no match, will INSERT
[2026-07-24 20:26:08] [MotusApiImporter] insertCar() completed.
[2026-07-24 20:26:08] [MotusApiImporter] --- Processing row 26 (stock/sku: 1446127) ---
[2026-07-24 20:26:08] [MotusApiImporter] parseVehicle() OK — make=VOLKSWAGEN, model=POLO, source_url=https://www.motusvw.co.za/midrand/showroom/625-vwmdf890793/0/, image_urls count=1
[2026-07-24 20:26:08] [MotusApiImporter] Skipped detail-page fetch for stock #1446127 — time budget already exhausted.
[2026-07-24 20:26:08] [MotusApiImporter] After enrichFromDetailPage() — engine_capacity_cc=NULL, image_urls count=1
[2026-07-24 20:26:08] [MotusApiImporter] findExistingCar() -> no match, will INSERT
[2026-07-24 20:26:08] [MotusApiImporter] insertCar() completed.
[2026-07-24 20:26:08] [MotusApiImporter] --- Processing row 27 (stock/sku: 1446009) ---
[2026-07-24 20:26:08] [MotusApiImporter] parseVehicle() OK — make=VOLKSWAGEN, model=POLO, source_url=https://www.motusvw.co.za/midrand/showroom/625-vwmdf892148/0/, image_urls count=1
[2026-07-24 20:26:08] [MotusApiImporter] Skipped detail-page fetch for stock #1446009 — time budget already exhausted.
[2026-07-24 20:26:08] [MotusApiImporter] After enrichFromDetailPage() — engine_capacity_cc=NULL, image_urls count=1
[2026-07-24 20:26:08] [MotusApiImporter] findExistingCar() -> no match, will INSERT
[2026-07-24 20:26:08] [MotusApiImporter] insertCar() completed.
[2026-07-24 20:26:08] [MotusApiImporter] --- Processing row 28 (stock/sku: 1445944) ---
[2026-07-24 20:26:08] [MotusApiImporter] parseVehicle() OK — make=VOLKSWAGEN, model=POLO, source_url=https://www.motusvw.co.za/midrand/showroom/625-vwmdf893079/0/, image_urls count=1
[2026-07-24 20:26:08] [MotusApiImporter] Skipped detail-page fetch for stock #1445944 — time budget already exhausted.
[2026-07-24 20:26:08] [MotusApiImporter] After enrichFromDetailPage() — engine_capacity_cc=NULL, image_urls count=1
[2026-07-24 20:26:08] [MotusApiImporter] findExistingCar() -> no match, will INSERT
[2026-07-24 20:26:08] [MotusApiImporter] insertCar() completed.
[2026-07-24 20:26:08] [MotusApiImporter] --- Processing row 29 (stock/sku: 1445929) ---
[2026-07-24 20:26:08] [MotusApiImporter] parseVehicle() OK — make=VOLKSWAGEN, model=POLO, source_url=https://www.motusvw.co.za/midrand/showroom/625-vwmdf893255/0/, image_urls count=1
[2026-07-24 20:26:08] [MotusApiImporter] Skipped detail-page fetch for stock #1445929 — time budget already exhausted.
[2026-07-24 20:26:08] [MotusApiImporter] After enrichFromDetailPage() — engine_capacity_cc=NULL, image_urls count=1
[2026-07-24 20:26:08] [MotusApiImporter] findExistingCar() -> no match, will INSERT
[2026-07-24 20:26:08] [MotusApiImporter] insertCar() completed.
[2026-07-24 20:26:08] [MotusApiImporter] --- Processing row 30 (stock/sku: 1445930) ---
[2026-07-24 20:26:08] [MotusApiImporter] parseVehicle() OK — make=VOLKSWAGEN, model=POLO, source_url=https://www.motusvw.co.za/midrand/showroom/625-vwmdf893267/0/, image_urls count=1
[2026-07-24 20:26:08] [MotusApiImporter] Skipped detail-page fetch for stock #1445930 — time budget already exhausted.
[2026-07-24 20:26:08] [MotusApiImporter] After enrichFromDetailPage() — engine_capacity_cc=NULL, image_urls count=1
[2026-07-24 20:26:08] [MotusApiImporter] findExistingCar() -> no match, will INSERT
[2026-07-24 20:26:08] [MotusApiImporter] insertCar() completed.
[2026-07-24 20:26:08] [MotusApiImporter] --- Processing row 31 (stock/sku: 1446008) ---
[2026-07-24 20:26:08] [MotusApiImporter] parseVehicle() OK — make=VOLKSWAGEN, model=POLO, source_url=https://www.motusvw.co.za/midrand/showroom/625-vwmdf892145/0/, image_urls count=1
[2026-07-24 20:26:08] [MotusApiImporter] Skipped detail-page fetch for stock #1446008 — time budget already exhausted.
[2026-07-24 20:26:08] [MotusApiImporter] After enrichFromDetailPage() — engine_capacity_cc=NULL, image_urls count=1
[2026-07-24 20:26:08] [MotusApiImporter] findExistingCar() -> no match, will INSERT
[2026-07-24 20:26:08] [MotusApiImporter] insertCar() completed.
[2026-07-24 20:26:08] [MotusApiImporter] --- Processing row 32 (stock/sku: 1445928) ---
[2026-07-24 20:26:08] [MotusApiImporter] parseVehicle() OK — make=VOLKSWAGEN, model=POLO, source_url=https://www.motusvw.co.za/midrand/showroom/625-vwmdf893252/0/, image_urls count=1
[2026-07-24 20:26:08] [MotusApiImporter] Skipped detail-page fetch for stock #1445928 — time budget already exhausted.
[2026-07-24 20:26:08] [MotusApiImporter] After enrichFromDetailPage() — engine_capacity_cc=NULL, image_urls count=1
[2026-07-24 20:26:08] [MotusApiImporter] findExistingCar() -> no match, will INSERT
[2026-07-24 20:26:08] [MotusApiImporter] insertCar() completed.
[2026-07-24 20:26:08] [MotusApiImporter] --- Processing row 33 (stock/sku: 1445915) ---
[2026-07-24 20:26:08] [MotusApiImporter] parseVehicle() OK — make=VOLKSWAGEN, model=POLO, source_url=https://www.motusvw.co.za/midrand/showroom/625-vwmdf893516/0/, image_urls count=1
[2026-07-24 20:26:08] [MotusApiImporter] Skipped detail-page fetch for stock #1445915 — time budget already exhausted.
[2026-07-24 20:26:08] [MotusApiImporter] After enrichFromDetailPage() — engine_capacity_cc=NULL, image_urls count=1
[2026-07-24 20:26:08] [MotusApiImporter] findExistingCar() -> no match, will INSERT
[2026-07-24 20:26:08] [MotusApiImporter] insertCar() completed.
[2026-07-24 20:26:08] [MotusApiImporter] --- Processing row 34 (stock/sku: 1445966) ---
[2026-07-24 20:26:08] [MotusApiImporter] parseVehicle() OK — make=VOLKSWAGEN, model=POLO, source_url=https://www.motusvw.co.za/midrand/showroom/625-vwmdf892527/0/, image_urls count=1
[2026-07-24 20:26:08] [MotusApiImporter] Skipped detail-page fetch for stock #1445966 — time budget already exhausted.
[2026-07-24 20:26:08] [MotusApiImporter] After enrichFromDetailPage() — engine_capacity_cc=NULL, image_urls count=1
[2026-07-24 20:26:08] [MotusApiImporter] findExistingCar() -> no match, will INSERT
[2026-07-24 20:26:08] [MotusApiImporter] insertCar() completed.
[2026-07-24 20:26:08] [MotusApiImporter] --- Processing row 35 (stock/sku: 1445835) ---
[2026-07-24 20:26:08] [MotusApiImporter] parseVehicle() OK — make=VOLKSWAGEN, model=POLO, source_url=https://www.motusvw.co.za/midrand/showroom/625-vwmdf894547/0/, image_urls count=1
[2026-07-24 20:26:08] [MotusApiImporter] Skipped detail-page fetch for stock #1445835 — time budget already exhausted.
[2026-07-24 20:26:08] [MotusApiImporter] After enrichFromDetailPage() — engine_capacity_cc=NULL, image_urls count=1
[2026-07-24 20:26:08] [MotusApiImporter] findExistingCar() -> no match, will INSERT
[2026-07-24 20:26:08] [MotusApiImporter] insertCar() completed.
[2026-07-24 20:26:08] [MotusApiImporter] --- Processing row 36 (stock/sku: 1445857) ---
[2026-07-24 20:26:08] [MotusApiImporter] parseVehicle() OK — make=VOLKSWAGEN, model=POLO VIVO, source_url=https://www.motusvw.co.za/midrand/showroom/625-vwmdf894310/0/, image_urls count=1
[2026-07-24 20:26:08] [MotusApiImporter] Skipped detail-page fetch for stock #1445857 — time budget already exhausted.
[2026-07-24 20:26:08] [MotusApiImporter] After enrichFromDetailPage() — engine_capacity_cc=NULL, image_urls count=1
[2026-07-24 20:26:08] [MotusApiImporter] findExistingCar() -> no match, will INSERT
[2026-07-24 20:26:08] [MotusApiImporter] insertCar() completed.
[2026-07-24 20:26:08] [MotusApiImporter] --- Processing row 37 (stock/sku: 1445858) ---
[2026-07-24 20:26:08] [MotusApiImporter] parseVehicle() OK — make=VOLKSWAGEN, model=POLO VIVO, source_url=https://www.motusvw.co.za/midrand/showroom/625-vwmdf894316/0/, image_urls count=1
[2026-07-24 20:26:08] [MotusApiImporter] Skipped detail-page fetch for stock #1445858 — time budget already exhausted.
[2026-07-24 20:26:08] [MotusApiImporter] After enrichFromDetailPage() — engine_capacity_cc=NULL, image_urls count=1
[2026-07-24 20:26:08] [MotusApiImporter] findExistingCar() -> no match, will INSERT
[2026-07-24 20:26:08] [MotusApiImporter] insertCar() completed.
[2026-07-24 20:26:08] [MotusApiImporter] --- Processing row 38 (stock/sku: 1446130) ---
[2026-07-24 20:26:08] [MotusApiImporter] parseVehicle() OK — make=VOLKSWAGEN, model=POLO VIVO, source_url=https://www.motusvw.co.za/midrand/showroom/625-vwmdf890905/0/, image_urls count=1
[2026-07-24 20:26:08] [MotusApiImporter] Skipped detail-page fetch for stock #1446130 — time budget already exhausted.
[2026-07-24 20:26:08] [MotusApiImporter] After enrichFromDetailPage() — engine_capacity_cc=NULL, image_urls count=1
[2026-07-24 20:26:08] [MotusApiImporter] findExistingCar() -> no match, will INSERT
[2026-07-24 20:26:08] [MotusApiImporter] insertCar() completed.
[2026-07-24 20:26:08] [MotusApiImporter] --- Processing row 39 (stock/sku: 1445963) ---
[2026-07-24 20:26:08] [MotusApiImporter] parseVehicle() OK — make=VOLKSWAGEN, model=T-CROSS, source_url=https://www.motusvw.co.za/midrand/showroom/625-vwmdf892729/0/, image_urls count=1
[2026-07-24 20:26:08] [MotusApiImporter] Skipped detail-page fetch for stock #1445963 — time budget already exhausted.
[2026-07-24 20:26:08] [MotusApiImporter] After enrichFromDetailPage() — engine_capacity_cc=NULL, image_urls count=1
[2026-07-24 20:26:08] [MotusApiImporter] findExistingCar() -> no match, will INSERT
[2026-07-24 20:26:08] [MotusApiImporter] insertCar() completed.
[2026-07-24 20:26:08] [MotusApiImporter] --- Processing row 40 (stock/sku: 1445833) ---
[2026-07-24 20:26:08] [MotusApiImporter] parseVehicle() OK — make=VOLKSWAGEN, model=T-CROSS, source_url=https://www.motusvw.co.za/midrand/showroom/625-vwmdf895060/0/, image_urls count=1
[2026-07-24 20:26:08] [MotusApiImporter] Skipped detail-page fetch for stock #1445833 — time budget already exhausted.
[2026-07-24 20:26:08] [MotusApiImporter] After enrichFromDetailPage() — engine_capacity_cc=NULL, image_urls count=1
[2026-07-24 20:26:08] [MotusApiImporter] findExistingCar() -> no match, will INSERT
[2026-07-24 20:26:08] [MotusApiImporter] insertCar() completed.
[2026-07-24 20:26:08] [MotusApiImporter] --- Processing row 41 (stock/sku: 1445916) ---
[2026-07-24 20:26:08] [MotusApiImporter] parseVehicle() OK — make=VOLKSWAGEN, model=T-CROSS, source_url=https://www.motusvw.co.za/midrand/showroom/625-vwmdf893597/0/, image_urls count=1
[2026-07-24 20:26:08] [MotusApiImporter] Skipped detail-page fetch for stock #1445916 — time budget already exhausted.
[2026-07-24 20:26:08] [MotusApiImporter] After enrichFromDetailPage() — engine_capacity_cc=NULL, image_urls count=1
[2026-07-24 20:26:08] [MotusApiImporter] findExistingCar() -> no match, will INSERT
[2026-07-24 20:26:08] [MotusApiImporter] insertCar() completed.
[2026-07-24 20:26:08] [MotusApiImporter] --- Processing row 42 (stock/sku: 1445895) ---
[2026-07-24 20:26:08] [MotusApiImporter] parseVehicle() OK — make=VOLKSWAGEN, model=T-CROSS, source_url=https://www.motusvw.co.za/midrand/showroom/625-vwmdf894000/0/, image_urls count=1
[2026-07-24 20:26:08] [MotusApiImporter] Skipped detail-page fetch for stock #1445895 — time budget already exhausted.
[2026-07-24 20:26:08] [MotusApiImporter] After enrichFromDetailPage() — engine_capacity_cc=NULL, image_urls count=1
[2026-07-24 20:26:08] [MotusApiImporter] findExistingCar() -> no match, will INSERT
[2026-07-24 20:26:08] [MotusApiImporter] insertCar() completed.
[2026-07-24 20:26:08] [MotusApiImporter] --- Processing row 43 (stock/sku: 1445907) ---
[2026-07-24 20:26:08] [MotusApiImporter] parseVehicle() OK — make=VOLKSWAGEN, model=TIGUAN, source_url=https://www.motusvw.co.za/midrand/showroom/625-vwmdf893709/0/, image_urls count=1
[2026-07-24 20:26:08] [MotusApiImporter] Skipped detail-page fetch for stock #1445907 — time budget already exhausted.
[2026-07-24 20:26:08] [MotusApiImporter] After enrichFromDetailPage() — engine_capacity_cc=NULL, image_urls count=1
[2026-07-24 20:26:08] [MotusApiImporter] findExistingCar() -> no match, will INSERT
[2026-07-24 20:26:08] [MotusApiImporter] insertCar() completed.
[2026-07-24 20:26:08] [MotusApiImporter] --- Processing row 44 (stock/sku: 1446283) ---
[2026-07-24 20:26:08] [MotusApiImporter] parseVehicle() OK — make=VOLKSWAGEN, model=TIGUAN, source_url=https://www.motusvw.co.za/midrand/showroom/625-vwmdf888104/0/, image_urls count=1
[2026-07-24 20:26:08] [MotusApiImporter] Skipped detail-page fetch for stock #1446283 — time budget already exhausted.
[2026-07-24 20:26:08] [MotusApiImporter] After enrichFromDetailPage() — engine_capacity_cc=NULL, image_urls count=1
[2026-07-24 20:26:08] [MotusApiImporter] findExistingCar() -> no match, will INSERT
[2026-07-24 20:26:08] [MotusApiImporter] insertCar() completed.
[2026-07-24 20:26:08] [MotusApiImporter] --- Processing row 45 (stock/sku: 1446223) ---
[2026-07-24 20:26:08] [MotusApiImporter] parseVehicle() OK — make=JEEP, model=RENEGADE, source_url=https://www.motusvw.co.za/midrand/showroom/625-vwmdf889687/1/, image_urls count=1
[2026-07-24 20:26:08] [MotusApiImporter] Skipped detail-page fetch for stock #1446223 — time budget already exhausted.
[2026-07-24 20:26:08] [MotusApiImporter] After enrichFromDetailPage() — engine_capacity_cc=NULL, image_urls count=1
[2026-07-24 20:26:08] [MotusApiImporter] findExistingCar() -> no match, will INSERT
[2026-07-24 20:26:08] [MotusApiImporter] insertCar() completed.
[2026-07-24 20:26:08] [MotusApiImporter] --- Processing row 46 (stock/sku: 1445923) ---
[2026-07-24 20:26:08] [MotusApiImporter] parseVehicle() OK — make=BMW, model=2 SERIES, source_url=https://www.motusvw.co.za/midrand/showroom/625-vwmdf893379/1/, image_urls count=1
[2026-07-24 20:26:08] [MotusApiImporter] Skipped detail-page fetch for stock #1445923 — time budget already exhausted.
[2026-07-24 20:26:08] [MotusApiImporter] After enrichFromDetailPage() — engine_capacity_cc=NULL, image_urls count=1
[2026-07-24 20:26:08] [MotusApiImporter] findExistingCar() -> no match, will INSERT
[2026-07-24 20:26:08] [MotusApiImporter] insertCar() completed.
[2026-07-24 20:26:08] [MotusApiImporter] --- Processing row 47 (stock/sku: 1445943) ---
[2026-07-24 20:26:08] [MotusApiImporter] parseVehicle() OK — make=FORD, model=ECOSPORT, source_url=https://www.motusvw.co.za/midrand/showroom/625-vwmdf893075/1/, image_urls count=1
[2026-07-24 20:26:08] [MotusApiImporter] Skipped detail-page fetch for stock #1445943 — time budget already exhausted.
[2026-07-24 20:26:08] [MotusApiImporter] After enrichFromDetailPage() — engine_capacity_cc=NULL, image_urls count=1
[2026-07-24 20:26:08] [MotusApiImporter] findExistingCar() -> no match, will INSERT
[2026-07-24 20:26:08] [MotusApiImporter] insertCar() completed.
[2026-07-24 20:26:08] [MotusApiImporter] --- Processing row 48 (stock/sku: 1446850) ---
[2026-07-24 20:26:08] [MotusApiImporter] parseVehicle() OK — make=VOLKSWAGEN, model=POLO, source_url=https://www.motusvw.co.za/midrand/showroom/625-vwmdf258260/1/, image_urls count=1
[2026-07-24 20:26:08] [MotusApiImporter] Skipped detail-page fetch for stock #1446850 — time budget already exhausted.
[2026-07-24 20:26:08] [MotusApiImporter] After enrichFromDetailPage() — engine_capacity_cc=NULL, image_urls count=1
[2026-07-24 20:26:08] [MotusApiImporter] findExistingCar() -> no match, will INSERT
[2026-07-24 20:26:08] [MotusApiImporter] insertCar() completed.
[2026-07-24 20:26:08] [MotusApiImporter] --- Processing row 49 (stock/sku: 1446505) ---
[2026-07-24 20:26:08] [MotusApiImporter] parseVehicle() OK — make=VOLKSWAGEN, model=POLO VIVO, source_url=https://www.motusvw.co.za/midrand/showroom/625-vwmdf608385/2/, image_urls count=1
[2026-07-24 20:26:08] [MotusApiImporter] Skipped detail-page fetch for stock #1446505 — time budget already exhausted.
[2026-07-24 20:26:08] [MotusApiImporter] After enrichFromDetailPage() — engine_capacity_cc=NULL, image_urls count=1
[2026-07-24 20:26:08] [MotusApiImporter] findExistingCar() -> no match, will INSERT
[2026-07-24 20:26:08] [MotusApiImporter] insertCar() completed.
[2026-07-24 20:26:08] [MotusApiImporter] --- Processing row 50 (stock/sku: 1446800) ---
[2026-07-24 20:26:08] [MotusApiImporter] parseVehicle() OK — make=VOLKSWAGEN, model=TIGUAN, source_url=https://www.motusvw.co.za/midrand/showroom/625-vwmdf829969/1/, image_urls count=1
[2026-07-24 20:26:08] [MotusApiImporter] Skipped detail-page fetch for stock #1446800 — time budget already exhausted.
[2026-07-24 20:26:08] [MotusApiImporter] After enrichFromDetailPage() — engine_capacity_cc=NULL, image_urls count=1
[2026-07-24 20:26:08] [MotusApiImporter] findExistingCar() -> no match, will INSERT
[2026-07-24 20:26:08] [MotusApiImporter] insertCar() completed.
[2026-07-24 20:26:08] [MotusApiImporter] --- Processing row 51 (stock/sku: 1446792) ---
[2026-07-24 20:26:08] [MotusApiImporter] parseVehicle() OK — make=VOLKSWAGEN, model=TIGUAN ALLSPACE, source_url=https://www.motusvw.co.za/midrand/showroom/625-vwmdf838290/1/, image_urls count=1
[2026-07-24 20:26:08] [MotusApiImporter] Skipped detail-page fetch for stock #1446792 — time budget already exhausted.
[2026-07-24 20:26:08] [MotusApiImporter] After enrichFromDetailPage() — engine_capacity_cc=NULL, image_urls count=1
[2026-07-24 20:26:08] [MotusApiImporter] findExistingCar() -> no match, will INSERT
[2026-07-24 20:26:08] [MotusApiImporter] insertCar() completed.
[2026-07-24 20:26:08] [MotusApiImporter] --- Processing row 52 (stock/sku: 1449899) ---
[2026-07-24 20:26:08] [MotusApiImporter] parseVehicle() OK — make=VOLKSWAGEN, model=POLO VIVO, source_url=https://www.motusvw.co.za/midrand/showroom/625-vwmdf896660/1/, image_urls count=1
[2026-07-24 20:26:08] [MotusApiImporter] Skipped detail-page fetch for stock #1449899 — time budget already exhausted.
[2026-07-24 20:26:08] [MotusApiImporter] After enrichFromDetailPage() — engine_capacity_cc=NULL, image_urls count=1
[2026-07-24 20:26:08] [MotusApiImporter] findExistingCar() -> no match, will INSERT
[2026-07-24 20:26:08] [MotusApiImporter] insertCar() completed.
[2026-07-24 20:26:08] [MotusApiImporter] --- Processing row 53 (stock/sku: 1446153) ---
[2026-07-24 20:26:08] [MotusApiImporter] parseVehicle() OK — make=VOLKSWAGEN, model=TIGUAN, source_url=https://www.motusvw.co.za/midrand/showroom/625-vwmdf762579/1/, image_urls count=1
[2026-07-24 20:26:08] [MotusApiImporter] Skipped detail-page fetch for stock #1446153 — time budget already exhausted.
[2026-07-24 20:26:08] [MotusApiImporter] After enrichFromDetailPage() — engine_capacity_cc=NULL, image_urls count=1
[2026-07-24 20:26:08] [MotusApiImporter] findExistingCar() -> no match, will INSERT
[2026-07-24 20:26:08] [MotusApiImporter] insertCar() completed.
[2026-07-24 20:26:08] [MotusApiImporter] --- Processing row 54 (stock/sku: 1446811) ---
[2026-07-24 20:26:08] [MotusApiImporter] parseVehicle() OK — make=FORD, model=ECOSPORT, source_url=https://www.motusvw.co.za/midrand/showroom/625-vwmdf889981/1/, image_urls count=1
[2026-07-24 20:26:08] [MotusApiImporter] Skipped detail-page fetch for stock #1446811 — time budget already exhausted.
[2026-07-24 20:26:08] [MotusApiImporter] After enrichFromDetailPage() — engine_capacity_cc=NULL, image_urls count=1
[2026-07-24 20:26:08] [MotusApiImporter] findExistingCar() -> no match, will INSERT
[2026-07-24 20:26:08] [MotusApiImporter] insertCar() completed.
[2026-07-24 20:26:08] [MotusApiImporter] --- Processing row 55 (stock/sku: 1445937) ---
[2026-07-24 20:26:08] [MotusApiImporter] parseVehicle() OK — make=FORD, model=FIGO, source_url=https://www.motusvw.co.za/midrand/showroom/625-vwmdf893195/1/, image_urls count=1
[2026-07-24 20:26:08] [MotusApiImporter] Skipped detail-page fetch for stock #1445937 — time budget already exhausted.
[2026-07-24 20:26:08] [MotusApiImporter] After enrichFromDetailPage() — engine_capacity_cc=NULL, image_urls count=1
[2026-07-24 20:26:08] [MotusApiImporter] findExistingCar() -> no match, will INSERT
[2026-07-24 20:26:08] [MotusApiImporter] insertCar() completed.
[2026-07-24 20:26:08] [MotusApiImporter] --- Processing row 56 (stock/sku: 1446382) ---
[2026-07-24 20:26:08] [MotusApiImporter] parseVehicle() OK — make=VOLKSWAGEN, model=AMAROK, source_url=https://www.motusvw.co.za/midrand/showroom/625-vwmdf421690/1/, image_urls count=1
[2026-07-24 20:26:08] [MotusApiImporter] Skipped detail-page fetch for stock #1446382 — time budget already exhausted.
[2026-07-24 20:26:08] [MotusApiImporter] After enrichFromDetailPage() — engine_capacity_cc=NULL, image_urls count=1
[2026-07-24 20:26:08] [MotusApiImporter] findExistingCar() -> no match, will INSERT
[2026-07-24 20:26:08] [MotusApiImporter] insertCar() completed.
[2026-07-24 20:26:08] [MotusApiImporter] --- Processing row 57 (stock/sku: 1446801) ---
[2026-07-24 20:26:08] [MotusApiImporter] parseVehicle() OK — make=VOLKSWAGEN, model=T-CROSS, source_url=https://www.motusvw.co.za/midrand/showroom/625-vwmdf423363/2/, image_urls count=1
[2026-07-24 20:26:08] [MotusApiImporter] Skipped detail-page fetch for stock #1446801 — time budget already exhausted.
[2026-07-24 20:26:08] [MotusApiImporter] After enrichFromDetailPage() — engine_capacity_cc=NULL, image_urls count=1
[2026-07-24 20:26:08] [MotusApiImporter] findExistingCar() -> no match, will INSERT
[2026-07-24 20:26:08] [MotusApiImporter] insertCar() completed.
[2026-07-24 20:26:08] [MotusApiImporter] --- Processing row 58 (stock/sku: 1446410) ---
[2026-07-24 20:26:08] [MotusApiImporter] parseVehicle() OK — make=VOLKSWAGEN, model=TRANSPORTER, source_url=https://www.motusvw.co.za/midrand/showroom/625-vwmdf886408/4/, image_urls count=1
[2026-07-24 20:26:08] [MotusApiImporter] Skipped detail-page fetch for stock #1446410 — time budget already exhausted.
[2026-07-24 20:26:08] [MotusApiImporter] After enrichFromDetailPage() — engine_capacity_cc=NULL, image_urls count=1
[2026-07-24 20:26:08] [MotusApiImporter] findExistingCar() -> no match, will INSERT
[2026-07-24 20:26:08] [MotusApiImporter] insertCar() completed.
[2026-07-24 20:26:08] [MotusApiImporter] --- Processing row 59 (stock/sku: 1445899) ---
[2026-07-24 20:26:08] [MotusApiImporter] parseVehicle() OK — make=VOLKSWAGEN, model=TRANSPORTER, source_url=https://www.motusvw.co.za/midrand/showroom/625-vwmdf893863/1/, image_urls count=1
[2026-07-24 20:26:08] [MotusApiImporter] Skipped detail-page fetch for stock #1445899 — time budget already exhausted.
[2026-07-24 20:26:08] [MotusApiImporter] After enrichFromDetailPage() — engine_capacity_cc=NULL, image_urls count=1
[2026-07-24 20:26:08] [MotusApiImporter] findExistingCar() -> no match, will INSERT
[2026-07-24 20:26:08] [MotusApiImporter] insertCar() completed.
[2026-07-24 20:26:08] [MotusApiImporter] --- Processing row 60 (stock/sku: 1446142) ---
[2026-07-24 20:26:08] [MotusApiImporter] parseVehicle() OK — make=BMW, model=4 SERIES, source_url=https://www.motusvw.co.za/midrand/showroom/625-vwmdf890748/1/, image_urls count=1
[2026-07-24 20:26:08] [MotusApiImporter] Skipped detail-page fetch for stock #1446142 — time budget already exhausted.
[2026-07-24 20:26:08] [MotusApiImporter] After enrichFromDetailPage() — engine_capacity_cc=NULL, image_urls count=1
[2026-07-24 20:26:08] [MotusApiImporter] findExistingCar() -> no match, will INSERT
[2026-07-24 20:26:08] [MotusApiImporter] insertCar() completed.
[2026-07-24 20:26:08] [MotusApiImporter] --- Processing row 61 (stock/sku: 1446010) ---
[2026-07-24 20:26:08] [MotusApiImporter] parseVehicle() OK — make=JAGUAR, model=F-PACE, source_url=https://www.motusvw.co.za/midrand/showroom/625-vwmdf892204/1/, image_urls count=1
[2026-07-24 20:26:08] [MotusApiImporter] Skipped detail-page fetch for stock #1446010 — time budget already exhausted.
[2026-07-24 20:26:08] [MotusApiImporter] After enrichFromDetailPage() — engine_capacity_cc=NULL, image_urls count=1
[2026-07-24 20:26:08] [MotusApiImporter] findExistingCar() -> no match, will INSERT
[2026-07-24 20:26:08] [MotusApiImporter] insertCar() completed.
[2026-07-24 20:26:08] [MotusApiImporter] --- Processing row 62 (stock/sku: 1448883) ---
[2026-07-24 20:26:08] [MotusApiImporter] parseVehicle() OK — make=KIA, model=RIO, source_url=https://www.motusvw.co.za/midrand/showroom/625-vwmvusc894215/1/, image_urls count=1
[2026-07-24 20:26:08] [MotusApiImporter] Skipped detail-page fetch for stock #1448883 — time budget already exhausted.
[2026-07-24 20:26:08] [MotusApiImporter] After enrichFromDetailPage() — engine_capacity_cc=NULL, image_urls count=1
[2026-07-24 20:26:08] [MotusApiImporter] findExistingCar() -> no match, will INSERT
[2026-07-24 20:26:08] [MotusApiImporter] insertCar() completed.
[2026-07-24 20:26:08] [MotusApiImporter] --- Processing row 63 (stock/sku: 1445715) ---
[2026-07-24 20:26:08] [MotusApiImporter] parseVehicle() OK — make=RENAULT, model=CLIO, source_url=https://www.motusvw.co.za/midrand/showroom/625-vwmdf896334/1/, image_urls count=1
[2026-07-24 20:26:08] [MotusApiImporter] Skipped detail-page fetch for stock #1445715 — time budget already exhausted.
[2026-07-24 20:26:08] [MotusApiImporter] After enrichFromDetailPage() — engine_capacity_cc=NULL, image_urls count=1
[2026-07-24 20:26:08] [MotusApiImporter] findExistingCar() -> no match, will INSERT
[2026-07-24 20:26:08] [MotusApiImporter] insertCar() completed.
[2026-07-24 20:26:08] [MotusApiImporter] --- Processing row 64 (stock/sku: 1445883) ---
[2026-07-24 20:26:08] [MotusApiImporter] parseVehicle() OK — make=VOLKSWAGEN, model=POLO VIVO, source_url=https://www.motusvw.co.za/midrand/showroom/625-vwmdf894125/2/, image_urls count=1
[2026-07-24 20:26:08] [MotusApiImporter] Skipped detail-page fetch for stock #1445883 — time budget already exhausted.
[2026-07-24 20:26:08] [MotusApiImporter] After enrichFromDetailPage() — engine_capacity_cc=NULL, image_urls count=1
[2026-07-24 20:26:08] [MotusApiImporter] findExistingCar() -> no match, will INSERT
[2026-07-24 20:26:08] [MotusApiImporter] insertCar() completed.
[2026-07-24 20:26:08] [MotusApiImporter] --- Processing row 65 (stock/sku: 1445714) ---
[2026-07-24 20:26:08] [MotusApiImporter] parseVehicle() OK — make=VOLKSWAGEN, model=POLO VIVO, source_url=https://www.motusvw.co.za/midrand/showroom/625-vwmdf896260/1/, image_urls count=1
[2026-07-24 20:26:08] [MotusApiImporter] Skipped detail-page fetch for stock #1445714 — time budget already exhausted.
[2026-07-24 20:26:08] [MotusApiImporter] After enrichFromDetailPage() — engine_capacity_cc=NULL, image_urls count=1
[2026-07-24 20:26:08] [MotusApiImporter] findExistingCar() -> no match, will INSERT
[2026-07-24 20:26:08] [MotusApiImporter] insertCar() completed.
[2026-07-24 20:26:08] [MotusApiImporter] --- Processing row 66 (stock/sku: 1446735) ---
[2026-07-24 20:26:08] [MotusApiImporter] parseVehicle() OK — make=VOLKSWAGEN, model=TAIGO, source_url=https://www.motusvw.co.za/midrand/showroom/625-vwmdf861673/2/, image_urls count=1
[2026-07-24 20:26:08] [MotusApiImporter] Skipped detail-page fetch for stock #1446735 — time budget already exhausted.
[2026-07-24 20:26:08] [MotusApiImporter] After enrichFromDetailPage() — engine_capacity_cc=NULL, image_urls count=1
[2026-07-24 20:26:08] [MotusApiImporter] findExistingCar() -> no match, will INSERT
[2026-07-24 20:26:08] [MotusApiImporter] insertCar() completed.
[2026-07-24 20:26:08] [MotusApiImporter] --- Processing row 67 (stock/sku: 1445959) ---
[2026-07-24 20:26:08] [MotusApiImporter] parseVehicle() OK — make=VOLKSWAGEN, model=TRANSPORTER, source_url=https://www.motusvw.co.za/midrand/showroom/625-vwmdf425954/1/, image_urls count=1
[2026-07-24 20:26:08] [MotusApiImporter] Skipped detail-page fetch for stock #1445959 — time budget already exhausted.
[2026-07-24 20:26:08] [MotusApiImporter] After enrichFromDetailPage() — engine_capacity_cc=NULL, image_urls count=1
[2026-07-24 20:26:08] [MotusApiImporter] findExistingCar() -> no match, will INSERT
[2026-07-24 20:26:08] [MotusApiImporter] insertCar() completed.
[2026-07-24 20:26:08] [MotusApiImporter] --- Processing row 68 (stock/sku: 1446051) ---
[2026-07-24 20:26:08] [MotusApiImporter] parseVehicle() OK — make=VOLKSWAGEN, model=AMAROK, source_url=https://www.motusvw.co.za/midrand/showroom/625-vwmdf891606/1/, image_urls count=1
[2026-07-24 20:26:08] [MotusApiImporter] Skipped detail-page fetch for stock #1446051 — time budget already exhausted.
[2026-07-24 20:26:08] [MotusApiImporter] After enrichFromDetailPage() — engine_capacity_cc=NULL, image_urls count=1
[2026-07-24 20:26:08] [MotusApiImporter] findExistingCar() -> no match, will INSERT
[2026-07-24 20:26:08] [MotusApiImporter] insertCar() completed.
[2026-07-24 20:26:08] [MotusApiImporter] --- Processing row 69 (stock/sku: 1446086) ---
[2026-07-24 20:26:08] [MotusApiImporter] parseVehicle() OK — make=VOLKSWAGEN, model=POLO, source_url=https://www.motusvw.co.za/midrand/showroom/625-vwmdf891191/1/, image_urls count=1
[2026-07-24 20:26:08] [MotusApiImporter] Skipped detail-page fetch for stock #1446086 — time budget already exhausted.
[2026-07-24 20:26:08] [MotusApiImporter] After enrichFromDetailPage() — engine_capacity_cc=NULL, image_urls count=1
[2026-07-24 20:26:08] [MotusApiImporter] findExistingCar() -> no match, will INSERT
[2026-07-24 20:26:08] [MotusApiImporter] insertCar() completed.
[2026-07-24 20:26:08] [MotusApiImporter] --- Processing row 70 (stock/sku: 1446654) ---
[2026-07-24 20:26:08] [MotusApiImporter] parseVehicle() OK — make=AUDI, model=Q2, source_url=https://www.motusvw.co.za/midrand/showroom/625-vwmdf872129/1/, image_urls count=1
[2026-07-24 20:26:08] [MotusApiImporter] Skipped detail-page fetch for stock #1446654 — time budget already exhausted.
[2026-07-24 20:26:08] [MotusApiImporter] After enrichFromDetailPage() — engine_capacity_cc=NULL, image_urls count=1
[2026-07-24 20:26:08] [MotusApiImporter] findExistingCar() -> no match, will INSERT
[2026-07-24 20:26:08] [MotusApiImporter] insertCar() completed.
[2026-07-24 20:26:08] [MotusApiImporter] --- Processing row 71 (stock/sku: 1449184) ---
[2026-07-24 20:26:08] [MotusApiImporter] parseVehicle() OK — make=FORD, model=RANGER, source_url=https://www.motusvw.co.za/midrand/showroom/625-vwmdf895758/1/, image_urls count=1
[2026-07-24 20:26:08] [MotusApiImporter] Skipped detail-page fetch for stock #1449184 — time budget already exhausted.
[2026-07-24 20:26:08] [MotusApiImporter] After enrichFromDetailPage() — engine_capacity_cc=NULL, image_urls count=1
[2026-07-24 20:26:08] [MotusApiImporter] findExistingCar() -> no match, will INSERT
[2026-07-24 20:26:08] [MotusApiImporter] insertCar() completed.
[2026-07-24 20:26:08] [MotusApiImporter] --- Processing row 72 (stock/sku: 1448032) ---
[2026-07-24 20:26:08] [MotusApiImporter] parseVehicle() OK — make=HYUNDAI, model=GRAND CRETA, source_url=https://www.motusvw.co.za/midrand/showroom/625-vwmvusc853094/1/, image_urls count=1
[2026-07-24 20:26:08] [MotusApiImporter] Skipped detail-page fetch for stock #1448032 — time budget already exhausted.
[2026-07-24 20:26:08] [MotusApiImporter] After enrichFromDetailPage() — engine_capacity_cc=NULL, image_urls count=1
[2026-07-24 20:26:08] [MotusApiImporter] findExistingCar() -> no match, will INSERT
[2026-07-24 20:26:08] [MotusApiImporter] insertCar() completed.
[2026-07-24 20:26:08] [MotusApiImporter] --- Processing row 73 (stock/sku: 1446809) ---
[2026-07-24 20:26:08] [MotusApiImporter] parseVehicle() OK — make=KIA, model=PICANTO, source_url=https://www.motusvw.co.za/midrand/showroom/625-vwmdf894445/1/, image_urls count=1
[2026-07-24 20:26:08] [MotusApiImporter] Skipped detail-page fetch for stock #1446809 — time budget already exhausted.
[2026-07-24 20:26:08] [MotusApiImporter] After enrichFromDetailPage() — engine_capacity_cc=NULL, image_urls count=1
[2026-07-24 20:26:08] [MotusApiImporter] findExistingCar() -> no match, will INSERT
[2026-07-24 20:26:08] [MotusApiImporter] insertCar() completed.
[2026-07-24 20:26:08] [MotusApiImporter] --- Processing row 74 (stock/sku: 1446810) ---
[2026-07-24 20:26:08] [MotusApiImporter] parseVehicle() OK — make=NISSAN, model=MAGNITE, source_url=https://www.motusvw.co.za/midrand/showroom/625-vwmdf894838/1/, image_urls count=1
[2026-07-24 20:26:08] [MotusApiImporter] Skipped detail-page fetch for stock #1446810 — time budget already exhausted.
[2026-07-24 20:26:08] [MotusApiImporter] After enrichFromDetailPage() — engine_capacity_cc=NULL, image_urls count=1
[2026-07-24 20:26:08] [MotusApiImporter] findExistingCar() -> no match, will INSERT
[2026-07-24 20:26:08] [MotusApiImporter] insertCar() completed.
[2026-07-24 20:26:08] [MotusApiImporter] --- Processing row 75 (stock/sku: 1446523) ---
[2026-07-24 20:26:08] [MotusApiImporter] parseVehicle() OK — make=TOYOTA, model=COROLLA CROSS, source_url=https://www.motusvw.co.za/midrand/showroom/625-bm037used896315/1/, image_urls count=1
[2026-07-24 20:26:08] [MotusApiImporter] Skipped detail-page fetch for stock #1446523 — time budget already exhausted.
[2026-07-24 20:26:08] [MotusApiImporter] After enrichFromDetailPage() — engine_capacity_cc=NULL, image_urls count=1
[2026-07-24 20:26:08] [MotusApiImporter] findExistingCar() -> no match, will INSERT
[2026-07-24 20:26:08] [MotusApiImporter] insertCar() completed.
[2026-07-24 20:26:08] [MotusApiImporter] --- Processing row 76 (stock/sku: 1445994) ---
[2026-07-24 20:26:08] [MotusApiImporter] parseVehicle() OK — make=TOYOTA, model=HILUX, source_url=https://www.motusvw.co.za/midrand/showroom/625-vwmdf892356/1/, image_urls count=1
[2026-07-24 20:26:08] [MotusApiImporter] Skipped detail-page fetch for stock #1445994 — time budget already exhausted.
[2026-07-24 20:26:08] [MotusApiImporter] After enrichFromDetailPage() — engine_capacity_cc=NULL, image_urls count=1
[2026-07-24 20:26:08] [MotusApiImporter] findExistingCar() -> no match, will INSERT
[2026-07-24 20:26:08] [MotusApiImporter] insertCar() completed.
[2026-07-24 20:26:08] [MotusApiImporter] --- Processing row 77 (stock/sku: 1446028) ---
[2026-07-24 20:26:08] [MotusApiImporter] parseVehicle() OK — make=VOLKSWAGEN, model=AMAROK, source_url=https://www.motusvw.co.za/midrand/showroom/625-vwmdf850170/1/, image_urls count=1
[2026-07-24 20:26:08] [MotusApiImporter] Skipped detail-page fetch for stock #1446028 — time budget already exhausted.
[2026-07-24 20:26:08] [MotusApiImporter] After enrichFromDetailPage() — engine_capacity_cc=NULL, image_urls count=1
[2026-07-24 20:26:08] [MotusApiImporter] findExistingCar() -> no match, will INSERT
[2026-07-24 20:26:08] [MotusApiImporter] insertCar() completed.
[2026-07-24 20:26:08] [MotusApiImporter] --- Processing row 78 (stock/sku: 1445881) ---
[2026-07-24 20:26:08] [MotusApiImporter] parseVehicle() OK — make=VOLKSWAGEN, model=POLO, source_url=https://www.motusvw.co.za/midrand/showroom/625-vwmdf894037/1/, image_urls count=1
[2026-07-24 20:26:08] [MotusApiImporter] Skipped detail-page fetch for stock #1445881 — time budget already exhausted.
[2026-07-24 20:26:08] [MotusApiImporter] After enrichFromDetailPage() — engine_capacity_cc=NULL, image_urls count=1
[2026-07-24 20:26:08] [MotusApiImporter] findExistingCar() -> no match, will INSERT
[2026-07-24 20:26:08] [MotusApiImporter] insertCar() completed.
[2026-07-24 20:26:08] [MotusApiImporter] --- Processing row 79 (stock/sku: 1446323) ---
[2026-07-24 20:26:08] [MotusApiImporter] parseVehicle() OK — make=VOLKSWAGEN, model=POLO, source_url=https://www.motusvw.co.za/midrand/showroom/625-vwmdf888345/1/, image_urls count=1
[2026-07-24 20:26:08] [MotusApiImporter] Skipped detail-page fetch for stock #1446323 — time budget already exhausted.
[2026-07-24 20:26:08] [MotusApiImporter] After enrichFromDetailPage() — engine_capacity_cc=NULL, image_urls count=1
[2026-07-24 20:26:08] [MotusApiImporter] findExistingCar() -> no match, will INSERT
[2026-07-24 20:26:08] [MotusApiImporter] insertCar() completed.
[2026-07-24 20:26:08] [MotusApiImporter] --- Processing row 80 (stock/sku: 1446790) ---
[2026-07-24 20:26:08] [MotusApiImporter] parseVehicle() OK — make=VOLKSWAGEN, model=T-CROSS, source_url=https://www.motusvw.co.za/midrand/showroom/625-vwmdf839567/1/, image_urls count=1
[2026-07-24 20:26:08] [MotusApiImporter] Skipped detail-page fetch for stock #1446790 — time budget already exhausted.
[2026-07-24 20:26:08] [MotusApiImporter] After enrichFromDetailPage() — engine_capacity_cc=NULL, image_urls count=1
[2026-07-24 20:26:08] [MotusApiImporter] findExistingCar() -> no match, will INSERT
[2026-07-24 20:26:08] [MotusApiImporter] insertCar() completed.
[2026-07-24 20:26:08] [MotusApiImporter] --- Processing row 81 (stock/sku: 1446786) ---
[2026-07-24 20:26:08] [MotusApiImporter] parseVehicle() OK — make=VOLKSWAGEN, model=T-CROSS, source_url=https://www.motusvw.co.za/midrand/showroom/625-vwmdf843717/8/, image_urls count=1
[2026-07-24 20:26:08] [MotusApiImporter] Skipped detail-page fetch for stock #1446786 — time budget already exhausted.
[2026-07-24 20:26:08] [MotusApiImporter] After enrichFromDetailPage() — engine_capacity_cc=NULL, image_urls count=1
[2026-07-24 20:26:08] [MotusApiImporter] findExistingCar() -> no match, will INSERT
[2026-07-24 20:26:08] [MotusApiImporter] insertCar() completed.
[2026-07-24 20:26:08] [MotusApiImporter] --- Processing row 82 (stock/sku: 1445882) ---
[2026-07-24 20:26:08] [MotusApiImporter] parseVehicle() OK — make=VOLKSWAGEN, model=T-ROC, source_url=https://www.motusvw.co.za/midrand/showroom/625-vwmdf894108/1/, image_urls count=1
[2026-07-24 20:26:08] [MotusApiImporter] Skipped detail-page fetch for stock #1445882 — time budget already exhausted.
[2026-07-24 20:26:08] [MotusApiImporter] After enrichFromDetailPage() — engine_capacity_cc=NULL, image_urls count=1
[2026-07-24 20:26:08] [MotusApiImporter] findExistingCar() -> no match, will INSERT
[2026-07-24 20:26:08] [MotusApiImporter] insertCar() completed.
[2026-07-24 20:26:08] [MotusApiImporter] --- Processing row 83 (stock/sku: 1445751) ---
[2026-07-24 20:26:08] [MotusApiImporter] parseVehicle() OK — make=VOLKSWAGEN, model=TAIGO, source_url=https://www.motusvw.co.za/midrand/showroom/625-vwmdf874038/1/, image_urls count=1
[2026-07-24 20:26:08] [MotusApiImporter] Skipped detail-page fetch for stock #1445751 — time budget already exhausted.
[2026-07-24 20:26:08] [MotusApiImporter] After enrichFromDetailPage() — engine_capacity_cc=NULL, image_urls count=1
[2026-07-24 20:26:08] [MotusApiImporter] findExistingCar() -> no match, will INSERT
[2026-07-24 20:26:08] [MotusApiImporter] insertCar() completed.
[2026-07-24 20:26:08] [MotusApiImporter] --- Processing row 84 (stock/sku: 1446249) ---
[2026-07-24 20:26:08] [MotusApiImporter] parseVehicle() OK — make=SUZUKI, model=SWIFT, source_url=https://www.motusvw.co.za/midrand/showroom/625-vwmdf889410/1/, image_urls count=1
[2026-07-24 20:26:08] [MotusApiImporter] Skipped detail-page fetch for stock #1446249 — time budget already exhausted.
[2026-07-24 20:26:08] [MotusApiImporter] After enrichFromDetailPage() — engine_capacity_cc=NULL, image_urls count=1
[2026-07-24 20:26:08] [MotusApiImporter] findExistingCar() -> no match, will INSERT
[2026-07-24 20:26:08] [MotusApiImporter] insertCar() completed.
[2026-07-24 20:26:08] [MotusApiImporter] --- Processing row 85 (stock/sku: 1445799) ---
[2026-07-24 20:26:08] [MotusApiImporter] parseVehicle() OK — make=SUZUKI, model=SWIFT, source_url=https://www.motusvw.co.za/midrand/showroom/625-vwmdf895482/1/, image_urls count=1
[2026-07-24 20:26:08] [MotusApiImporter] Skipped detail-page fetch for stock #1445799 — time budget already exhausted.
[2026-07-24 20:26:08] [MotusApiImporter] After enrichFromDetailPage() — engine_capacity_cc=NULL, image_urls count=1
[2026-07-24 20:26:08] [MotusApiImporter] findExistingCar() -> no match, will INSERT
[2026-07-24 20:26:08] [MotusApiImporter] insertCar() completed.
[2026-07-24 20:26:08] [MotusApiImporter] --- Processing row 86 (stock/sku: 1445871) ---
[2026-07-24 20:26:08] [MotusApiImporter] parseVehicle() OK — make=SUZUKI, model=SWIFT, source_url=https://www.motusvw.co.za/midrand/showroom/625-vwmdf894155/1/, image_urls count=1
[2026-07-24 20:26:08] [MotusApiImporter] Skipped detail-page fetch for stock #1445871 — time budget already exhausted.
[2026-07-24 20:26:08] [MotusApiImporter] After enrichFromDetailPage() — engine_capacity_cc=NULL, image_urls count=1
[2026-07-24 20:26:08] [MotusApiImporter] findExistingCar() -> no match, will INSERT
[2026-07-24 20:26:08] [MotusApiImporter] insertCar() completed.
[2026-07-24 20:26:08] [MotusApiImporter] --- Processing row 87 (stock/sku: 1445800) ---
[2026-07-24 20:26:08] [MotusApiImporter] parseVehicle() OK — make=SUZUKI, model=SWIFT, source_url=https://www.motusvw.co.za/midrand/showroom/625-vwmdf895483/1/, image_urls count=1
[2026-07-24 20:26:08] [MotusApiImporter] Skipped detail-page fetch for stock #1445800 — time budget already exhausted.
[2026-07-24 20:26:08] [MotusApiImporter] After enrichFromDetailPage() — engine_capacity_cc=NULL, image_urls count=1
[2026-07-24 20:26:08] [MotusApiImporter] findExistingCar() -> no match, will INSERT
[2026-07-24 20:26:08] [MotusApiImporter] insertCar() completed.
[2026-07-24 20:26:08] [MotusApiImporter] --- Processing row 88 (stock/sku: 1446293) ---
[2026-07-24 20:26:08] [MotusApiImporter] parseVehicle() OK — make=TOYOTA, model=STARLET, source_url=https://www.motusvw.co.za/midrand/showroom/625-vwmdf888699/1/, image_urls count=1
[2026-07-24 20:26:08] [MotusApiImporter] Skipped detail-page fetch for stock #1446293 — time budget already exhausted.
[2026-07-24 20:26:08] [MotusApiImporter] After enrichFromDetailPage() — engine_capacity_cc=NULL, image_urls count=1
[2026-07-24 20:26:08] [MotusApiImporter] findExistingCar() -> no match, will INSERT
[2026-07-24 20:26:08] [MotusApiImporter] insertCar() completed.
[2026-07-24 20:26:08] [MotusApiImporter] --- Processing row 89 (stock/sku: 1446743) ---
[2026-07-24 20:26:08] [MotusApiImporter] parseVehicle() OK — make=VOLKSWAGEN, model=AMAROK, source_url=https://www.motusvw.co.za/midrand/showroom/625-vwmdf861452/1/, image_urls count=1
[2026-07-24 20:26:08] [MotusApiImporter] Skipped detail-page fetch for stock #1446743 — time budget already exhausted.
[2026-07-24 20:26:08] [MotusApiImporter] After enrichFromDetailPage() — engine_capacity_cc=NULL, image_urls count=1
[2026-07-24 20:26:08] [MotusApiImporter] findExistingCar() -> no match, will INSERT
[2026-07-24 20:26:08] [MotusApiImporter] insertCar() completed.
[2026-07-24 20:26:08] [MotusApiImporter] --- Processing row 90 (stock/sku: 1446558) ---
[2026-07-24 20:26:08] [MotusApiImporter] parseVehicle() OK — make=VOLKSWAGEN, model=POLO, source_url=https://www.motusvw.co.za/midrand/showroom/625-vwmdf876638/1/, image_urls count=1
[2026-07-24 20:26:08] [MotusApiImporter] Skipped detail-page fetch for stock #1446558 — time budget already exhausted.
[2026-07-24 20:26:08] [MotusApiImporter] After enrichFromDetailPage() — engine_capacity_cc=NULL, image_urls count=1
[2026-07-24 20:26:08] [MotusApiImporter] findExistingCar() -> no match, will INSERT
[2026-07-24 20:26:08] [MotusApiImporter] insertCar() completed.
[2026-07-24 20:26:08] [MotusApiImporter] --- Processing row 91 (stock/sku: 1446729) ---
[2026-07-24 20:26:08] [MotusApiImporter] parseVehicle() OK — make=VOLKSWAGEN, model=POLO, source_url=https://www.motusvw.co.za/midrand/showroom/625-vwmdf864742/3/, image_urls count=1
[2026-07-24 20:26:08] [MotusApiImporter] Skipped detail-page fetch for stock #1446729 — time budget already exhausted.
[2026-07-24 20:26:08] [MotusApiImporter] After enrichFromDetailPage() — engine_capacity_cc=NULL, image_urls count=1
[2026-07-24 20:26:08] [MotusApiImporter] findExistingCar() -> no match, will INSERT
[2026-07-24 20:26:08] [MotusApiImporter] insertCar() completed.
[2026-07-24 20:26:08] [MotusApiImporter] --- Processing row 92 (stock/sku: 1446763) ---
[2026-07-24 20:26:08] [MotusApiImporter] parseVehicle() OK — make=VOLKSWAGEN, model=POLO VIVO, source_url=https://www.motusvw.co.za/midrand/showroom/625-vwmdf858161/1/, image_urls count=1
[2026-07-24 20:26:08] [MotusApiImporter] Skipped detail-page fetch for stock #1446763 — time budget already exhausted.
[2026-07-24 20:26:08] [MotusApiImporter] After enrichFromDetailPage() — engine_capacity_cc=NULL, image_urls count=1
[2026-07-24 20:26:08] [MotusApiImporter] findExistingCar() -> no match, will INSERT
[2026-07-24 20:26:08] [MotusApiImporter] insertCar() completed.
[2026-07-24 20:26:08] [MotusApiImporter] --- Processing row 93 (stock/sku: 1446755) ---
[2026-07-24 20:26:08] [MotusApiImporter] parseVehicle() OK — make=VOLKSWAGEN, model=POLO VIVO, source_url=https://www.motusvw.co.za/midrand/showroom/625-vwmdf859179/4/, image_urls count=1
[2026-07-24 20:26:08] [MotusApiImporter] Skipped detail-page fetch for stock #1446755 — time budget already exhausted.
[2026-07-24 20:26:08] [MotusApiImporter] After enrichFromDetailPage() — engine_capacity_cc=NULL, image_urls count=1
[2026-07-24 20:26:08] [MotusApiImporter] findExistingCar() -> no match, will INSERT
[2026-07-24 20:26:08] [MotusApiImporter] insertCar() completed.
[2026-07-24 20:26:08] [MotusApiImporter] --- Processing row 94 (stock/sku: 1446746) ---
[2026-07-24 20:26:08] [MotusApiImporter] parseVehicle() OK — make=VOLKSWAGEN, model=POLO VIVO, source_url=https://www.motusvw.co.za/midrand/showroom/625-vwmdf860907/1/, image_urls count=1
[2026-07-24 20:26:08] [MotusApiImporter] Skipped detail-page fetch for stock #1446746 — time budget already exhausted.
[2026-07-24 20:26:08] [MotusApiImporter] After enrichFromDetailPage() — engine_capacity_cc=NULL, image_urls count=1
[2026-07-24 20:26:08] [MotusApiImporter] findExistingCar() -> no match, will INSERT
[2026-07-24 20:26:08] [MotusApiImporter] insertCar() completed.
[2026-07-24 20:26:08] [MotusApiImporter] --- Processing row 95 (stock/sku: 1446711) ---
[2026-07-24 20:26:08] [MotusApiImporter] parseVehicle() OK — make=VOLKSWAGEN, model=POLO VIVO, source_url=https://www.motusvw.co.za/midrand/showroom/625-vwmdf868173/2/, image_urls count=1
[2026-07-24 20:26:08] [MotusApiImporter] Skipped detail-page fetch for stock #1446711 — time budget already exhausted.
[2026-07-24 20:26:08] [MotusApiImporter] After enrichFromDetailPage() — engine_capacity_cc=NULL, image_urls count=1
[2026-07-24 20:26:08] [MotusApiImporter] findExistingCar() -> no match, will INSERT
[2026-07-24 20:26:08] [MotusApiImporter] insertCar() completed.
[2026-07-24 20:26:08] [MotusApiImporter] --- Processing row 96 (stock/sku: 1446694) ---
[2026-07-24 20:26:08] [MotusApiImporter] parseVehicle() OK — make=VOLKSWAGEN, model=POLO VIVO, source_url=https://www.motusvw.co.za/midrand/showroom/625-vwmdf869665/2/, image_urls count=1
[2026-07-24 20:26:08] [MotusApiImporter] Skipped detail-page fetch for stock #1446694 — time budget already exhausted.
[2026-07-24 20:26:08] [MotusApiImporter] After enrichFromDetailPage() — engine_capacity_cc=NULL, image_urls count=1
[2026-07-24 20:26:08] [MotusApiImporter] findExistingCar() -> no match, will INSERT
[2026-07-24 20:26:08] [MotusApiImporter] insertCar() completed.
[2026-07-24 20:26:08] [MotusApiImporter] --- Processing row 97 (stock/sku: 1446751) ---
[2026-07-24 20:26:08] [MotusApiImporter] parseVehicle() OK — make=VOLKSWAGEN, model=T-CROSS, source_url=https://www.motusvw.co.za/midrand/showroom/625-vwmdf860129/3/, image_urls count=1
[2026-07-24 20:26:08] [MotusApiImporter] Skipped detail-page fetch for stock #1446751 — time budget already exhausted.
[2026-07-24 20:26:08] [MotusApiImporter] After enrichFromDetailPage() — engine_capacity_cc=NULL, image_urls count=1
[2026-07-24 20:26:08] [MotusApiImporter] findExistingCar() -> no match, will INSERT
[2026-07-24 20:26:08] [MotusApiImporter] insertCar() completed.
[2026-07-24 20:26:08] [MotusApiImporter] --- Processing row 98 (stock/sku: 1446720) ---
[2026-07-24 20:26:08] [MotusApiImporter] parseVehicle() OK — make=VOLKSWAGEN, model=TAIGO, source_url=https://www.motusvw.co.za/midrand/showroom/625-vwmdf859177/2/, image_urls count=1
[2026-07-24 20:26:08] [MotusApiImporter] Skipped detail-page fetch for stock #1446720 — time budget already exhausted.
[2026-07-24 20:26:08] [MotusApiImporter] After enrichFromDetailPage() — engine_capacity_cc=NULL, image_urls count=1
[2026-07-24 20:26:08] [MotusApiImporter] findExistingCar() -> no match, will INSERT
[2026-07-24 20:26:08] [MotusApiImporter] insertCar() completed.
[2026-07-24 20:26:08] [MotusApiImporter] --- Processing row 99 (stock/sku: 1446118) ---
[2026-07-24 20:26:08] [MotusApiImporter] parseVehicle() OK — make=MG, model=HS, source_url=https://www.motusvw.co.za/midrand/showroom/625-vwmdf890989/1/, image_urls count=1
[2026-07-24 20:26:08] [MotusApiImporter] Skipped detail-page fetch for stock #1446118 — time budget already exhausted.
[2026-07-24 20:26:08] [MotusApiImporter] After enrichFromDetailPage() — engine_capacity_cc=NULL, image_urls count=1
[2026-07-24 20:26:08] [MotusApiImporter] findExistingCar() -> no match, will INSERT
[2026-07-24 20:26:08] [MotusApiImporter] insertCar() completed.
[2026-07-24 20:26:08] [MotusApiImporter] --- Processing row 100 (stock/sku: 1446119) ---
[2026-07-24 20:26:08] [MotusApiImporter] parseVehicle() OK — make=MG, model=MG3, source_url=https://www.motusvw.co.za/midrand/showroom/625-vwmdf890997/1/, image_urls count=1
[2026-07-24 20:26:08] [MotusApiImporter] Skipped detail-page fetch for stock #1446119 — time budget already exhausted.
[2026-07-24 20:26:08] [MotusApiImporter] After enrichFromDetailPage() — engine_capacity_cc=NULL, image_urls count=1
[2026-07-24 20:26:08] [MotusApiImporter] findExistingCar() -> no match, will INSERT
[2026-07-24 20:26:08] [MotusApiImporter] insertCar() completed.
[2026-07-24 20:26:08] [MotusApiImporter] --- Processing row 101 (stock/sku: 1446188) ---
[2026-07-24 20:26:08] [MotusApiImporter] parseVehicle() OK — make=TATA, model=TIAGO, source_url=https://www.motusvw.co.za/midrand/showroom/625-vwmdf891531/1/, image_urls count=1
[2026-07-24 20:26:08] [MotusApiImporter] Skipped detail-page fetch for stock #1446188 — time budget already exhausted.
[2026-07-24 20:26:08] [MotusApiImporter] After enrichFromDetailPage() — engine_capacity_cc=NULL, image_urls count=1
[2026-07-24 20:26:08] [MotusApiImporter] findExistingCar() -> no match, will INSERT
[2026-07-24 20:26:08] [MotusApiImporter] insertCar() completed.
[2026-07-24 20:26:08] [MotusApiImporter] --- Processing row 102 (stock/sku: 1446482) ---
[2026-07-24 20:26:08] [MotusApiImporter] parseVehicle() OK — make=VOLKSWAGEN, model=AMAROK, source_url=https://www.motusvw.co.za/midrand/showroom/625-vwmdf885078/1/, image_urls count=1
[2026-07-24 20:26:08] [MotusApiImporter] Skipped detail-page fetch for stock #1446482 — time budget already exhausted.
[2026-07-24 20:26:08] [MotusApiImporter] After enrichFromDetailPage() — engine_capacity_cc=NULL, image_urls count=1
[2026-07-24 20:26:08] [MotusApiImporter] findExistingCar() -> no match, will INSERT
[2026-07-24 20:26:08] [MotusApiImporter] insertCar() completed.
[2026-07-24 20:26:08] [MotusApiImporter] --- Processing row 103 (stock/sku: 1446648) ---
[2026-07-24 20:26:08] [MotusApiImporter] parseVehicle() OK — make=VOLKSWAGEN, model=CADDY, source_url=https://www.motusvw.co.za/midrand/showroom/625-vwmdf872377/1/, image_urls count=1
[2026-07-24 20:26:08] [MotusApiImporter] Skipped detail-page fetch for stock #1446648 — time budget already exhausted.
[2026-07-24 20:26:08] [MotusApiImporter] After enrichFromDetailPage() — engine_capacity_cc=NULL, image_urls count=1
[2026-07-24 20:26:08] [MotusApiImporter] findExistingCar() -> no match, will INSERT
[2026-07-24 20:26:08] [MotusApiImporter] insertCar() completed.
[2026-07-24 20:26:08] [MotusApiImporter] --- Processing row 104 (stock/sku: 1445922) ---
[2026-07-24 20:26:08] [MotusApiImporter] parseVehicle() OK — make=VOLKSWAGEN, model=POLO VIVO, source_url=https://www.motusvw.co.za/midrand/showroom/625-vwmdf893350/1/, image_urls count=1
[2026-07-24 20:26:08] [MotusApiImporter] Skipped detail-page fetch for stock #1445922 — time budget already exhausted.
[2026-07-24 20:26:08] [MotusApiImporter] After enrichFromDetailPage() — engine_capacity_cc=NULL, image_urls count=1
[2026-07-24 20:26:08] [MotusApiImporter] findExistingCar() -> no match, will INSERT
[2026-07-24 20:26:08] [MotusApiImporter] insertCar() completed.
[2026-07-24 20:26:08] [MotusApiImporter] --- Processing row 105 (stock/sku: 1446628) ---
[2026-07-24 20:26:08] [MotusApiImporter] parseVehicle() OK — make=VOLKSWAGEN, model=POLO VIVO, source_url=https://www.motusvw.co.za/midrand/showroom/625-vwmdf873548/2/, image_urls count=1
[2026-07-24 20:26:08] [MotusApiImporter] Skipped detail-page fetch for stock #1446628 — time budget already exhausted.
[2026-07-24 20:26:08] [MotusApiImporter] After enrichFromDetailPage() — engine_capacity_cc=NULL, image_urls count=1
[2026-07-24 20:26:08] [MotusApiImporter] findExistingCar() -> no match, will INSERT
[2026-07-24 20:26:08] [MotusApiImporter] insertCar() completed.
[2026-07-24 20:26:08] [MotusApiImporter] --- Processing row 106 (stock/sku: 1446506) ---
[2026-07-24 20:26:08] [MotusApiImporter] parseVehicle() OK — make=VOLKSWAGEN, model=POLO VIVO, source_url=https://www.motusvw.co.za/midrand/showroom/625-vwmdf884657/2/, image_urls count=1
[2026-07-24 20:26:08] [MotusApiImporter] Skipped detail-page fetch for stock #1446506 — time budget already exhausted.
[2026-07-24 20:26:08] [MotusApiImporter] After enrichFromDetailPage() — engine_capacity_cc=NULL, image_urls count=1
[2026-07-24 20:26:08] [MotusApiImporter] findExistingCar() -> no match, will INSERT
[2026-07-24 20:26:08] [MotusApiImporter] insertCar() completed.
[2026-07-24 20:26:08] [MotusApiImporter] --- Processing row 107 (stock/sku: 1446432) ---
[2026-07-24 20:26:08] [MotusApiImporter] parseVehicle() OK — make=VOLKSWAGEN, model=POLO VIVO, source_url=https://www.motusvw.co.za/midrand/showroom/625-vwmdf886086/1/, image_urls count=1
[2026-07-24 20:26:08] [MotusApiImporter] Skipped detail-page fetch for stock #1446432 — time budget already exhausted.
[2026-07-24 20:26:08] [MotusApiImporter] After enrichFromDetailPage() — engine_capacity_cc=NULL, image_urls count=1
[2026-07-24 20:26:08] [MotusApiImporter] findExistingCar() -> no match, will INSERT
[2026-07-24 20:26:08] [MotusApiImporter] insertCar() completed.
[2026-07-24 20:26:08] [MotusApiImporter] --- Processing row 108 (stock/sku: 1446409) ---
[2026-07-24 20:26:08] [MotusApiImporter] parseVehicle() OK — make=VOLKSWAGEN, model=POLO VIVO, source_url=https://www.motusvw.co.za/midrand/showroom/625-vwmdf886385/1/, image_urls count=1
[2026-07-24 20:26:08] [MotusApiImporter] Skipped detail-page fetch for stock #1446409 — time budget already exhausted.
[2026-07-24 20:26:08] [MotusApiImporter] After enrichFromDetailPage() — engine_capacity_cc=NULL, image_urls count=1
[2026-07-24 20:26:08] [MotusApiImporter] findExistingCar() -> no match, will INSERT
[2026-07-24 20:26:08] [MotusApiImporter] insertCar() completed.
[2026-07-24 20:26:08] [MotusApiImporter] --- Processing row 109 (stock/sku: 1446322) ---
[2026-07-24 20:26:08] [MotusApiImporter] parseVehicle() OK — make=VOLKSWAGEN, model=POLO VIVO, source_url=https://www.motusvw.co.za/midrand/showroom/625-vwmdf888339/1/, image_urls count=1
[2026-07-24 20:26:08] [MotusApiImporter] Skipped detail-page fetch for stock #1446322 — time budget already exhausted.
[2026-07-24 20:26:08] [MotusApiImporter] After enrichFromDetailPage() — engine_capacity_cc=NULL, image_urls count=1
[2026-07-24 20:26:08] [MotusApiImporter] findExistingCar() -> no match, will INSERT
[2026-07-24 20:26:08] [MotusApiImporter] insertCar() completed.
[2026-07-24 20:26:08] [MotusApiImporter] --- Processing row 110 (stock/sku: 1446321) ---
[2026-07-24 20:26:08] [MotusApiImporter] parseVehicle() OK — make=VOLKSWAGEN, model=POLO VIVO, source_url=https://www.motusvw.co.za/midrand/showroom/625-vwmdf888337/1/, image_urls count=1
[2026-07-24 20:26:08] [MotusApiImporter] Skipped detail-page fetch for stock #1446321 — time budget already exhausted.
[2026-07-24 20:26:08] [MotusApiImporter] After enrichFromDetailPage() — engine_capacity_cc=NULL, image_urls count=1
[2026-07-24 20:26:08] [MotusApiImporter] findExistingCar() -> no match, will INSERT
[2026-07-24 20:26:08] [MotusApiImporter] insertCar() completed.
[2026-07-24 20:26:08] [MotusApiImporter] --- Processing row 111 (stock/sku: 1446314) ---
[2026-07-24 20:26:08] [MotusApiImporter] parseVehicle() OK — make=VOLKSWAGEN, model=POLO VIVO, source_url=https://www.motusvw.co.za/midrand/showroom/625-vwmdf888462/1/, image_urls count=1
[2026-07-24 20:26:08] [MotusApiImporter] Skipped detail-page fetch for stock #1446314 — time budget already exhausted.
[2026-07-24 20:26:08] [MotusApiImporter] After enrichFromDetailPage() — engine_capacity_cc=NULL, image_urls count=1
[2026-07-24 20:26:08] [MotusApiImporter] findExistingCar() -> no match, will INSERT
[2026-07-24 20:26:08] [MotusApiImporter] insertCar() completed.
[2026-07-24 20:26:08] [MotusApiImporter] --- Processing row 112 (stock/sku: 1446181) ---
[2026-07-24 20:26:08] [MotusApiImporter] parseVehicle() OK — make=VOLKSWAGEN, model=POLO VIVO, source_url=https://www.motusvw.co.za/midrand/showroom/625-vwmdf890179/3/, image_urls count=1
[2026-07-24 20:26:08] [MotusApiImporter] Skipped detail-page fetch for stock #1446181 — time budget already exhausted.
[2026-07-24 20:26:08] [MotusApiImporter] After enrichFromDetailPage() — engine_capacity_cc=NULL, image_urls count=1
[2026-07-24 20:26:08] [MotusApiImporter] findExistingCar() -> no match, will INSERT
[2026-07-24 20:26:08] [MotusApiImporter] insertCar() completed.
[2026-07-24 20:26:08] [MotusApiImporter] --- Processing row 113 (stock/sku: 1449179) ---
[2026-07-24 20:26:08] [MotusApiImporter] parseVehicle() OK — make=VOLKSWAGEN, model=POLO VIVO, source_url=https://www.motusvw.co.za/midrand/showroom/625-vwmdf875858/2/, image_urls count=1
[2026-07-24 20:26:08] [MotusApiImporter] Skipped detail-page fetch for stock #1449179 — time budget already exhausted.
[2026-07-24 20:26:08] [MotusApiImporter] After enrichFromDetailPage() — engine_capacity_cc=NULL, image_urls count=1
[2026-07-24 20:26:08] [MotusApiImporter] findExistingCar() -> no match, will INSERT
[2026-07-24 20:26:08] [MotusApiImporter] insertCar() completed.
[2026-07-24 20:26:08] [MotusApiImporter] --- Processing row 114 (stock/sku: 1446179) ---
[2026-07-24 20:26:08] [MotusApiImporter] parseVehicle() OK — make=VOLKSWAGEN, model=POLO VIVO, source_url=https://www.motusvw.co.za/midrand/showroom/625-vwmdf890169/1/, image_urls count=1
[2026-07-24 20:26:08] [MotusApiImporter] Skipped detail-page fetch for stock #1446179 — time budget already exhausted.
[2026-07-24 20:26:08] [MotusApiImporter] After enrichFromDetailPage() — engine_capacity_cc=NULL, image_urls count=1
[2026-07-24 20:26:08] [MotusApiImporter] findExistingCar() -> no match, will INSERT
[2026-07-24 20:26:08] [MotusApiImporter] insertCar() completed.
[2026-07-24 20:26:08] [MotusApiImporter] --- Processing row 115 (stock/sku: 1446333) ---
[2026-07-24 20:26:08] [MotusApiImporter] parseVehicle() OK — make=VOLKSWAGEN, model=POLO VIVO, source_url=https://www.motusvw.co.za/midrand/showroom/625-vwmdf888093/1/, image_urls count=1
[2026-07-24 20:26:08] [MotusApiImporter] Skipped detail-page fetch for stock #1446333 — time budget already exhausted.
[2026-07-24 20:26:08] [MotusApiImporter] After enrichFromDetailPage() — engine_capacity_cc=NULL, image_urls count=1
[2026-07-24 20:26:08] [MotusApiImporter] findExistingCar() -> no match, will INSERT
[2026-07-24 20:26:08] [MotusApiImporter] insertCar() completed.
[2026-07-24 20:26:08] [MotusApiImporter] --- Processing row 116 (stock/sku: 1446180) ---
[2026-07-24 20:26:08] [MotusApiImporter] parseVehicle() OK — make=VOLKSWAGEN, model=POLO VIVO, source_url=https://www.motusvw.co.za/midrand/showroom/625-vwmdf890170/1/, image_urls count=1
[2026-07-24 20:26:08] [MotusApiImporter] Skipped detail-page fetch for stock #1446180 — time budget already exhausted.
[2026-07-24 20:26:08] [MotusApiImporter] After enrichFromDetailPage() — engine_capacity_cc=NULL, image_urls count=1
[2026-07-24 20:26:08] [MotusApiImporter] findExistingCar() -> no match, will INSERT
[2026-07-24 20:26:08] [MotusApiImporter] insertCar() completed.
[2026-07-24 20:26:08] [MotusApiImporter] --- Processing row 117 (stock/sku: 1446261) ---
[2026-07-24 20:26:08] [MotusApiImporter] parseVehicle() OK — make=VOLKSWAGEN, model=POLO VIVO, source_url=https://www.motusvw.co.za/midrand/showroom/625-vwmdf889143/1/, image_urls count=1
[2026-07-24 20:26:08] [MotusApiImporter] Skipped detail-page fetch for stock #1446261 — time budget already exhausted.
[2026-07-24 20:26:08] [MotusApiImporter] After enrichFromDetailPage() — engine_capacity_cc=NULL, image_urls count=1
[2026-07-24 20:26:08] [MotusApiImporter] findExistingCar() -> no match, will INSERT
[2026-07-24 20:26:08] [MotusApiImporter] insertCar() completed.
[2026-07-24 20:26:08] [MotusApiImporter] --- Processing row 118 (stock/sku: 1446533) ---
[2026-07-24 20:26:08] [MotusApiImporter] parseVehicle() OK — make=VOLKSWAGEN, model=T-CROSS, source_url=https://www.motusvw.co.za/midrand/showroom/625-vwmdf883411/2/, image_urls count=1
[2026-07-24 20:26:08] [MotusApiImporter] Skipped detail-page fetch for stock #1446533 — time budget already exhausted.
[2026-07-24 20:26:08] [MotusApiImporter] After enrichFromDetailPage() — engine_capacity_cc=NULL, image_urls count=1
[2026-07-24 20:26:08] [MotusApiImporter] findExistingCar() -> no match, will INSERT
[2026-07-24 20:26:08] [MotusApiImporter] insertCar() completed.
[2026-07-24 20:26:08] [MotusApiImporter] --- Processing row 119 (stock/sku: 1446610) ---
[2026-07-24 20:26:08] [MotusApiImporter] parseVehicle() OK — make=VOLKSWAGEN, model=TRANSPORTER, source_url=https://www.motusvw.co.za/midrand/showroom/625-vwmdf875570/1/, image_urls count=1
[2026-07-24 20:26:08] [MotusApiImporter] Skipped detail-page fetch for stock #1446610 — time budget already exhausted.
[2026-07-24 20:26:08] [MotusApiImporter] After enrichFromDetailPage() — engine_capacity_cc=NULL, image_urls count=1
[2026-07-24 20:26:08] [MotusApiImporter] findExistingCar() -> no match, will INSERT
[2026-07-24 20:26:08] [MotusApiImporter] insertCar() completed.
[2026-07-24 20:26:08] [MotusApiImporter] sync() FINISHED — {"imported":120,"updated":0,"skipped":0,"failed":0}
[2026-07-24 20:34:56] [MotusApiImporter] sync() STARTED — dealerId=14, sourceRef=https://www.motusvw.co.za/midrand/showroom/625-vwmdf875570/1/
[2026-07-24 20:34:56] [MotusApiImporter] Time budget: 35s, dealerNameFilter="Motus VW Midrand"
[2026-07-24 20:34:58] [MotusApiImporter] crawlDealership() returned 1 row(s) before dealer-name filtering.
[2026-07-24 20:34:58] [MotusApiImporter] Single-detail-node mode — skipping dealer-name filter.
[2026-07-24 20:34:58] [MotusApiImporter] 25 vehicle(s) already enriched for this dealer — their detail-page fetch will be skipped this run.
[2026-07-24 20:34:58] [MotusApiImporter] --- Processing row 0 (stock/sku: VWM|DF|875570/1) ---
[2026-07-24 20:34:58] [MotusApiImporter] findExistingCar() -> no match, will INSERT
[2026-07-24 20:34:58] [MotusApiImporter] insertCar() completed.
[2026-07-24 20:34:58] [MotusApiImporter] sync() FINISHED — {"imported":1,"updated":0,"skipped":0,"failed":0}
[2026-07-24 20:40:01] [MotusApiImporter] sync() STARTED — dealerId=14, sourceRef=https://www.motusvw.co.za/midrand/showroom/
[2026-07-24 20:40:01] [MotusApiImporter] Time budget: 35s, dealerNameFilter="Motus VW Midrand"
[2026-07-24 20:40:02] [MotusApiImporter] crawlDealership() returned 120 row(s) before dealer-name filtering.
[2026-07-24 20:40:02] [MotusApiImporter] After filterByDealerName(): 120 row(s) remain.
[2026-07-24 20:40:02] [MotusApiImporter] 26 vehicle(s) already enriched for this dealer — their detail-page fetch will be skipped this run.
[2026-07-24 20:40:02] [MotusApiImporter] --- Processing row 0 (stock/sku: 1446776) ---
[2026-07-24 20:40:02] [MotusApiImporter] parseVehicle() OK — make=VOLKSWAGEN, model=POLO, source_url=https://www.motusvw.co.za/midrand/showroom/625-vwmdf852273/5/, image_urls count=1
[2026-07-24 20:40:02] [MotusApiImporter] Stock #1446776 already enriched from a previous run — skipping detail-page fetch to save budget for un-enriched vehicles.
[2026-07-24 20:40:02] [MotusApiImporter] findExistingCar() -> EXISTING car id=1592
[2026-07-24 20:40:02] [MotusApiImporter] updateCar() completed for existing id=1592 (enrichment columns left untouched).
[2026-07-24 20:40:02] [MotusApiImporter] --- Processing row 1 (stock/sku: 1446299) ---
[2026-07-24 20:40:02] [MotusApiImporter] parseVehicle() OK — make=VOLKSWAGEN, model=GOLF 8, source_url=https://www.motusvw.co.za/midrand/showroom/625-vwmdf888609/1/, image_urls count=1
[2026-07-24 20:40:02] [MotusApiImporter] Stock #1446299 already enriched from a previous run — skipping detail-page fetch to save budget for un-enriched vehicles.
[2026-07-24 20:40:02] [MotusApiImporter] findExistingCar() -> EXISTING car id=1593
[2026-07-24 20:40:02] [MotusApiImporter] updateCar() completed for existing id=1593 (enrichment columns left untouched).
[2026-07-24 20:40:02] [MotusApiImporter] --- Processing row 2 (stock/sku: 1446532) ---
[2026-07-24 20:40:02] [MotusApiImporter] parseVehicle() OK — make=VOLKSWAGEN, model=POLO, source_url=https://www.motusvw.co.za/midrand/showroom/625-vwmdf883395/1/, image_urls count=1
[2026-07-24 20:40:02] [MotusApiImporter] Stock #1446532 already enriched from a previous run — skipping detail-page fetch to save budget for un-enriched vehicles.
[2026-07-24 20:40:02] [MotusApiImporter] findExistingCar() -> EXISTING car id=1594
[2026-07-24 20:40:02] [MotusApiImporter] updateCar() completed for existing id=1594 (enrichment columns left untouched).
[2026-07-24 20:40:02] [MotusApiImporter] --- Processing row 3 (stock/sku: 1446295) ---
[2026-07-24 20:40:02] [MotusApiImporter] parseVehicle() OK — make=VOLKSWAGEN, model=POLO, source_url=https://www.motusvw.co.za/midrand/showroom/625-vwmdf888735/1/, image_urls count=1
[2026-07-24 20:40:02] [MotusApiImporter] Stock #1446295 already enriched from a previous run — skipping detail-page fetch to save budget for un-enriched vehicles.
[2026-07-24 20:40:02] [MotusApiImporter] findExistingCar() -> EXISTING car id=1595
[2026-07-24 20:40:02] [MotusApiImporter] updateCar() completed for existing id=1595 (enrichment columns left untouched).
[2026-07-24 20:40:02] [MotusApiImporter] --- Processing row 4 (stock/sku: 1446601) ---
[2026-07-24 20:40:02] [MotusApiImporter] parseVehicle() OK — make=VOLKSWAGEN, model=POLO, source_url=https://www.motusvw.co.za/midrand/showroom/625-bm030used887224/1/, image_urls count=1
[2026-07-24 20:40:02] [MotusApiImporter] Stock #1446601 already enriched from a previous run — skipping detail-page fetch to save budget for un-enriched vehicles.
[2026-07-24 20:40:02] [MotusApiImporter] findExistingCar() -> EXISTING car id=1596
[2026-07-24 20:40:02] [MotusApiImporter] updateCar() completed for existing id=1596 (enrichment columns left untouched).
[2026-07-24 20:40:02] [MotusApiImporter] --- Processing row 5 (stock/sku: 1446065) ---
[2026-07-24 20:40:02] [MotusApiImporter] parseVehicle() OK — make=VOLKSWAGEN, model=POLO, source_url=https://www.motusvw.co.za/midrand/showroom/625-vwmdf890975/1/, image_urls count=1
[2026-07-24 20:40:02] [MotusApiImporter] Stock #1446065 already enriched from a previous run — skipping detail-page fetch to save budget for un-enriched vehicles.
[2026-07-24 20:40:02] [MotusApiImporter] findExistingCar() -> EXISTING car id=1597
[2026-07-24 20:40:02] [MotusApiImporter] updateCar() completed for existing id=1597 (enrichment columns left untouched).
[2026-07-24 20:40:02] [MotusApiImporter] --- Processing row 6 (stock/sku: 1446370) ---
[2026-07-24 20:40:02] [MotusApiImporter] parseVehicle() OK — make=VOLKSWAGEN, model=POLO, source_url=https://www.motusvw.co.za/midrand/showroom/625-vwmdf887435/1/, image_urls count=1
[2026-07-24 20:40:02] [MotusApiImporter] Stock #1446370 already enriched from a previous run — skipping detail-page fetch to save budget for un-enriched vehicles.
[2026-07-24 20:40:02] [MotusApiImporter] findExistingCar() -> EXISTING car id=1598
[2026-07-24 20:40:02] [MotusApiImporter] updateCar() completed for existing id=1598 (enrichment columns left untouched).
[2026-07-24 20:40:02] [MotusApiImporter] --- Processing row 7 (stock/sku: 1446517) ---
[2026-07-24 20:40:02] [MotusApiImporter] parseVehicle() OK — make=VOLKSWAGEN, model=POLO VIVO, source_url=https://www.motusvw.co.za/midrand/showroom/625-vwmdf884987/1/, image_urls count=1
[2026-07-24 20:40:02] [MotusApiImporter] Stock #1446517 already enriched from a previous run — skipping detail-page fetch to save budget for un-enriched vehicles.
[2026-07-24 20:40:02] [MotusApiImporter] findExistingCar() -> EXISTING car id=1599
[2026-07-24 20:40:02] [MotusApiImporter] updateCar() completed for existing id=1599 (enrichment columns left untouched).
[2026-07-24 20:40:02] [MotusApiImporter] --- Processing row 8 (stock/sku: 1446115) ---
[2026-07-24 20:40:02] [MotusApiImporter] parseVehicle() OK — make=VOLKSWAGEN, model=POLO VIVO, source_url=https://www.motusvw.co.za/midrand/showroom/625-vwmdf891042/2/, image_urls count=1
[2026-07-24 20:40:02] [MotusApiImporter] Stock #1446115 already enriched from a previous run — skipping detail-page fetch to save budget for un-enriched vehicles.
[2026-07-24 20:40:02] [MotusApiImporter] findExistingCar() -> EXISTING car id=1600
[2026-07-24 20:40:02] [MotusApiImporter] updateCar() completed for existing id=1600 (enrichment columns left untouched).
[2026-07-24 20:40:02] [MotusApiImporter] --- Processing row 9 (stock/sku: 1446589) ---
[2026-07-24 20:40:02] [MotusApiImporter] parseVehicle() OK — make=VOLKSWAGEN, model=POLO VIVO, source_url=https://www.motusvw.co.za/midrand/showroom/625-vwmdf875588/1/, image_urls count=1
[2026-07-24 20:40:02] [MotusApiImporter] Stock #1446589 already enriched from a previous run — skipping detail-page fetch to save budget for un-enriched vehicles.
[2026-07-24 20:40:02] [MotusApiImporter] findExistingCar() -> EXISTING car id=1601
[2026-07-24 20:40:02] [MotusApiImporter] updateCar() completed for existing id=1601 (enrichment columns left untouched).
[2026-07-24 20:40:02] [MotusApiImporter] --- Processing row 10 (stock/sku: 1446083) ---
[2026-07-24 20:40:02] [MotusApiImporter] parseVehicle() OK — make=VOLKSWAGEN, model=T-CROSS, source_url=https://www.motusvw.co.za/midrand/showroom/625-vwmdf891215/1/, image_urls count=1
[2026-07-24 20:40:02] [MotusApiImporter] Stock #1446083 already enriched from a previous run — skipping detail-page fetch to save budget for un-enriched vehicles.
[2026-07-24 20:40:02] [MotusApiImporter] findExistingCar() -> EXISTING car id=1602
[2026-07-24 20:40:02] [MotusApiImporter] updateCar() completed for existing id=1602 (enrichment columns left untouched).
[2026-07-24 20:40:02] [MotusApiImporter] --- Processing row 11 (stock/sku: 1446395) ---
[2026-07-24 20:40:02] [MotusApiImporter] parseVehicle() OK — make=VOLKSWAGEN, model=T-CROSS, source_url=https://www.motusvw.co.za/midrand/showroom/625-vwmdf886830/1/, image_urls count=1
[2026-07-24 20:40:02] [MotusApiImporter] Stock #1446395 already enriched from a previous run — skipping detail-page fetch to save budget for un-enriched vehicles.
[2026-07-24 20:40:02] [MotusApiImporter] findExistingCar() -> EXISTING car id=1603
[2026-07-24 20:40:02] [MotusApiImporter] updateCar() completed for existing id=1603 (enrichment columns left untouched).
[2026-07-24 20:40:02] [MotusApiImporter] --- Processing row 12 (stock/sku: 1446535) ---
[2026-07-24 20:40:02] [MotusApiImporter] parseVehicle() OK — make=VOLKSWAGEN, model=T-ROC, source_url=https://www.motusvw.co.za/midrand/showroom/625-vwmdf883338/1/, image_urls count=1
[2026-07-24 20:40:02] [MotusApiImporter] Stock #1446535 already enriched from a previous run — skipping detail-page fetch to save budget for un-enriched vehicles.
[2026-07-24 20:40:02] [MotusApiImporter] findExistingCar() -> EXISTING car id=1604
[2026-07-24 20:40:02] [MotusApiImporter] updateCar() completed for existing id=1604 (enrichment columns left untouched).
[2026-07-24 20:40:02] [MotusApiImporter] --- Processing row 13 (stock/sku: 1446315) ---
[2026-07-24 20:40:02] [MotusApiImporter] parseVehicle() OK — make=VOLKSWAGEN, model=T-ROC, source_url=https://www.motusvw.co.za/midrand/showroom/625-vwmdf888464/1/, image_urls count=1
[2026-07-24 20:40:02] [MotusApiImporter] Stock #1446315 already enriched from a previous run — skipping detail-page fetch to save budget for un-enriched vehicles.
[2026-07-24 20:40:02] [MotusApiImporter] findExistingCar() -> EXISTING car id=1605
[2026-07-24 20:40:02] [MotusApiImporter] updateCar() completed for existing id=1605 (enrichment columns left untouched).
[2026-07-24 20:40:02] [MotusApiImporter] --- Processing row 14 (stock/sku: 1446599) ---
[2026-07-24 20:40:02] [MotusApiImporter] parseVehicle() OK — make=VOLKSWAGEN, model=TIGUAN, source_url=https://www.motusvw.co.za/midrand/showroom/625-vwmdf875100/1/, image_urls count=1
[2026-07-24 20:40:02] [MotusApiImporter] Stock #1446599 already enriched from a previous run — skipping detail-page fetch to save budget for un-enriched vehicles.
[2026-07-24 20:40:02] [MotusApiImporter] findExistingCar() -> EXISTING car id=1606
[2026-07-24 20:40:02] [MotusApiImporter] updateCar() completed for existing id=1606 (enrichment columns left untouched).
[2026-07-24 20:40:02] [MotusApiImporter] --- Processing row 15 (stock/sku: 1446192) ---
[2026-07-24 20:40:02] [MotusApiImporter] parseVehicle() OK — make=VOLKSWAGEN, model=TIGUAN, source_url=https://www.motusvw.co.za/midrand/showroom/625-vwmdf890088/2/, image_urls count=1
[2026-07-24 20:40:02] [MotusApiImporter] Stock #1446192 already enriched from a previous run — skipping detail-page fetch to save budget for un-enriched vehicles.
[2026-07-24 20:40:02] [MotusApiImporter] findExistingCar() -> EXISTING car id=1607
[2026-07-24 20:40:02] [MotusApiImporter] updateCar() completed for existing id=1607 (enrichment columns left untouched).
[2026-07-24 20:40:02] [MotusApiImporter] --- Processing row 16 (stock/sku: 1446143) ---
[2026-07-24 20:40:02] [MotusApiImporter] parseVehicle() OK — make=VOLKSWAGEN, model=TIGUAN, source_url=https://www.motusvw.co.za/midrand/showroom/625-vwmdf890778/1/, image_urls count=1
[2026-07-24 20:40:02] [MotusApiImporter] Stock #1446143 already enriched from a previous run — skipping detail-page fetch to save budget for un-enriched vehicles.
[2026-07-24 20:40:02] [MotusApiImporter] findExistingCar() -> EXISTING car id=1608
[2026-07-24 20:40:02] [MotusApiImporter] updateCar() completed for existing id=1608 (enrichment columns left untouched).
[2026-07-24 20:40:02] [MotusApiImporter] --- Processing row 17 (stock/sku: 1446000) ---
[2026-07-24 20:40:02] [MotusApiImporter] parseVehicle() OK — make=VOLKSWAGEN, model=GOLF, source_url=https://www.motusvw.co.za/midrand/showroom/625-vwmdf892223/0/, image_urls count=1
[2026-07-24 20:40:02] [MotusApiImporter] Stock #1446000 already enriched from a previous run — skipping detail-page fetch to save budget for un-enriched vehicles.
[2026-07-24 20:40:02] [MotusApiImporter] findExistingCar() -> EXISTING car id=1609
[2026-07-24 20:40:02] [MotusApiImporter] updateCar() completed for existing id=1609 (enrichment columns left untouched).
[2026-07-24 20:40:02] [MotusApiImporter] --- Processing row 18 (stock/sku: 1445980) ---
[2026-07-24 20:40:02] [MotusApiImporter] parseVehicle() OK — make=VOLKSWAGEN, model=GOLF 8, source_url=https://www.motusvw.co.za/midrand/showroom/625-vwmdf892557/0/, image_urls count=1
[2026-07-24 20:40:02] [MotusApiImporter] Stock #1445980 already enriched from a previous run — skipping detail-page fetch to save budget for un-enriched vehicles.
[2026-07-24 20:40:02] [MotusApiImporter] findExistingCar() -> EXISTING car id=1610
[2026-07-24 20:40:02] [MotusApiImporter] updateCar() completed for existing id=1610 (enrichment columns left untouched).
[2026-07-24 20:40:02] [MotusApiImporter] --- Processing row 19 (stock/sku: 1446122) ---
[2026-07-24 20:40:02] [MotusApiImporter] parseVehicle() OK — make=VOLKSWAGEN, model=GOLF 8, source_url=https://www.motusvw.co.za/midrand/showroom/625-vwmdf890926/0/, image_urls count=1
[2026-07-24 20:40:02] [MotusApiImporter] Stock #1446122 already enriched from a previous run — skipping detail-page fetch to save budget for un-enriched vehicles.
[2026-07-24 20:40:02] [MotusApiImporter] findExistingCar() -> EXISTING car id=1611
[2026-07-24 20:40:02] [MotusApiImporter] updateCar() completed for existing id=1611 (enrichment columns left untouched).
[2026-07-24 20:40:02] [MotusApiImporter] --- Processing row 20 (stock/sku: 1446022) ---
[2026-07-24 20:40:02] [MotusApiImporter] parseVehicle() OK — make=VOLKSWAGEN, model=GOLF 8, source_url=https://www.motusvw.co.za/midrand/showroom/625-vwmdf892077/0/, image_urls count=1
[2026-07-24 20:40:02] [MotusApiImporter] Stock #1446022 already enriched from a previous run — skipping detail-page fetch to save budget for un-enriched vehicles.
[2026-07-24 20:40:02] [MotusApiImporter] findExistingCar() -> EXISTING car id=1612
[2026-07-24 20:40:02] [MotusApiImporter] updateCar() completed for existing id=1612 (enrichment columns left untouched).
[2026-07-24 20:40:02] [MotusApiImporter] --- Processing row 21 (stock/sku: 1446049) ---
[2026-07-24 20:40:02] [MotusApiImporter] parseVehicle() OK — make=VOLKSWAGEN, model=GOLF 8, source_url=https://www.motusvw.co.za/midrand/showroom/625-vwmdf892214/0/, image_urls count=1
[2026-07-24 20:40:02] [MotusApiImporter] Stock #1446049 already enriched from a previous run — skipping detail-page fetch to save budget for un-enriched vehicles.
[2026-07-24 20:40:02] [MotusApiImporter] findExistingCar() -> EXISTING car id=1613
[2026-07-24 20:40:02] [MotusApiImporter] updateCar() completed for existing id=1613 (enrichment columns left untouched).
[2026-07-24 20:40:02] [MotusApiImporter] --- Processing row 22 (stock/sku: 1446001) ---
[2026-07-24 20:40:02] [MotusApiImporter] parseVehicle() OK — make=VOLKSWAGEN, model=GOLF 8, source_url=https://www.motusvw.co.za/midrand/showroom/625-vwmdf892266/0/, image_urls count=1
[2026-07-24 20:40:02] [MotusApiImporter] Stock #1446001 already enriched from a previous run — skipping detail-page fetch to save budget for un-enriched vehicles.
[2026-07-24 20:40:02] [MotusApiImporter] findExistingCar() -> EXISTING car id=1614
[2026-07-24 20:40:02] [MotusApiImporter] updateCar() completed for existing id=1614 (enrichment columns left untouched).
[2026-07-24 20:40:02] [MotusApiImporter] --- Processing row 23 (stock/sku: 1446356) ---
[2026-07-24 20:40:02] [MotusApiImporter] parseVehicle() OK — make=VOLKSWAGEN, model=POLO, source_url=https://www.motusvw.co.za/midrand/showroom/625-vwmdf887866/0/, image_urls count=1
[2026-07-24 20:40:04] [MotusApiImporter] After enrichFromDetailPage() — engine_capacity_cc=999, image_urls count=13
[2026-07-24 20:40:04] [MotusApiImporter] findExistingCar() -> EXISTING car id=1615
[2026-07-24 20:40:04] [MotusApiImporter] updateCar() completed for existing id=1615.
[2026-07-24 20:40:04] [MotusApiImporter] --- Processing row 24 (stock/sku: 1446129) ---
[2026-07-24 20:40:04] [MotusApiImporter] parseVehicle() OK — make=VOLKSWAGEN, model=POLO, source_url=https://www.motusvw.co.za/midrand/showroom/625-vwmdf890824/0/, image_urls count=1
[2026-07-24 20:40:06] [MotusApiImporter] After enrichFromDetailPage() — engine_capacity_cc=999, image_urls count=12
[2026-07-24 20:40:06] [MotusApiImporter] findExistingCar() -> EXISTING car id=1616
[2026-07-24 20:40:06] [MotusApiImporter] updateCar() completed for existing id=1616.
[2026-07-24 20:40:06] [MotusApiImporter] --- Processing row 25 (stock/sku: 1445964) ---
[2026-07-24 20:40:06] [MotusApiImporter] parseVehicle() OK — make=VOLKSWAGEN, model=POLO, source_url=https://www.motusvw.co.za/midrand/showroom/625-vwmdf892733/0/, image_urls count=1
[2026-07-24 20:40:08] [MotusApiImporter] After enrichFromDetailPage() — engine_capacity_cc=999, image_urls count=12
[2026-07-24 20:40:08] [MotusApiImporter] findExistingCar() -> EXISTING car id=1617
[2026-07-24 20:40:08] [MotusApiImporter] updateCar() completed for existing id=1617.
[2026-07-24 20:40:08] [MotusApiImporter] --- Processing row 26 (stock/sku: 1446127) ---
[2026-07-24 20:40:08] [MotusApiImporter] parseVehicle() OK — make=VOLKSWAGEN, model=POLO, source_url=https://www.motusvw.co.za/midrand/showroom/625-vwmdf890793/0/, image_urls count=1
[2026-07-24 20:40:11] [MotusApiImporter] After enrichFromDetailPage() — engine_capacity_cc=999, image_urls count=13
[2026-07-24 20:40:11] [MotusApiImporter] findExistingCar() -> EXISTING car id=1618
[2026-07-24 20:40:11] [MotusApiImporter] updateCar() completed for existing id=1618.
[2026-07-24 20:40:11] [MotusApiImporter] --- Processing row 27 (stock/sku: 1446009) ---
[2026-07-24 20:40:11] [MotusApiImporter] parseVehicle() OK — make=VOLKSWAGEN, model=POLO, source_url=https://www.motusvw.co.za/midrand/showroom/625-vwmdf892148/0/, image_urls count=1
[2026-07-24 20:40:13] [MotusApiImporter] After enrichFromDetailPage() — engine_capacity_cc=999, image_urls count=12
[2026-07-24 20:40:13] [MotusApiImporter] findExistingCar() -> EXISTING car id=1619
[2026-07-24 20:40:13] [MotusApiImporter] updateCar() completed for existing id=1619.
[2026-07-24 20:40:13] [MotusApiImporter] --- Processing row 28 (stock/sku: 1445944) ---
[2026-07-24 20:40:13] [MotusApiImporter] parseVehicle() OK — make=VOLKSWAGEN, model=POLO, source_url=https://www.motusvw.co.za/midrand/showroom/625-vwmdf893079/0/, image_urls count=1
[2026-07-24 20:40:15] [MotusApiImporter] After enrichFromDetailPage() — engine_capacity_cc=999, image_urls count=10
[2026-07-24 20:40:15] [MotusApiImporter] findExistingCar() -> EXISTING car id=1620
[2026-07-24 20:40:15] [MotusApiImporter] updateCar() completed for existing id=1620.
[2026-07-24 20:40:15] [MotusApiImporter] --- Processing row 29 (stock/sku: 1445929) ---
[2026-07-24 20:40:15] [MotusApiImporter] parseVehicle() OK — make=VOLKSWAGEN, model=POLO, source_url=https://www.motusvw.co.za/midrand/showroom/625-vwmdf893255/0/, image_urls count=1
[2026-07-24 20:40:16] [MotusApiImporter] After enrichFromDetailPage() — engine_capacity_cc=999, image_urls count=16
[2026-07-24 20:40:16] [MotusApiImporter] findExistingCar() -> EXISTING car id=1621
[2026-07-24 20:40:16] [MotusApiImporter] updateCar() completed for existing id=1621.
[2026-07-24 20:40:16] [MotusApiImporter] --- Processing row 30 (stock/sku: 1445930) ---
[2026-07-24 20:40:16] [MotusApiImporter] parseVehicle() OK — make=VOLKSWAGEN, model=POLO, source_url=https://www.motusvw.co.za/midrand/showroom/625-vwmdf893267/0/, image_urls count=1
[2026-07-24 20:40:18] [MotusApiImporter] After enrichFromDetailPage() — engine_capacity_cc=999, image_urls count=15
[2026-07-24 20:40:18] [MotusApiImporter] findExistingCar() -> EXISTING car id=1622
[2026-07-24 20:40:18] [MotusApiImporter] updateCar() completed for existing id=1622.
[2026-07-24 20:40:18] [MotusApiImporter] --- Processing row 31 (stock/sku: 1446008) ---
[2026-07-24 20:40:18] [MotusApiImporter] parseVehicle() OK — make=VOLKSWAGEN, model=POLO, source_url=https://www.motusvw.co.za/midrand/showroom/625-vwmdf892145/0/, image_urls count=1
[2026-07-24 20:40:20] [MotusApiImporter] After enrichFromDetailPage() — engine_capacity_cc=999, image_urls count=18
[2026-07-24 20:40:20] [MotusApiImporter] findExistingCar() -> EXISTING car id=1623
[2026-07-24 20:40:20] [MotusApiImporter] updateCar() completed for existing id=1623.
[2026-07-24 20:40:20] [MotusApiImporter] --- Processing row 32 (stock/sku: 1445928) ---
[2026-07-24 20:40:20] [MotusApiImporter] parseVehicle() OK — make=VOLKSWAGEN, model=POLO, source_url=https://www.motusvw.co.za/midrand/showroom/625-vwmdf893252/0/, image_urls count=1
[2026-07-24 20:40:21] [MotusApiImporter] After enrichFromDetailPage() — engine_capacity_cc=999, image_urls count=15
[2026-07-24 20:40:21] [MotusApiImporter] findExistingCar() -> EXISTING car id=1624
[2026-07-24 20:40:21] [MotusApiImporter] updateCar() completed for existing id=1624.
[2026-07-24 20:40:21] [MotusApiImporter] --- Processing row 33 (stock/sku: 1445915) ---
[2026-07-24 20:40:21] [MotusApiImporter] parseVehicle() OK — make=VOLKSWAGEN, model=POLO, source_url=https://www.motusvw.co.za/midrand/showroom/625-vwmdf893516/0/, image_urls count=1
[2026-07-24 20:40:23] [MotusApiImporter] After enrichFromDetailPage() — engine_capacity_cc=999, image_urls count=16
[2026-07-24 20:40:23] [MotusApiImporter] findExistingCar() -> EXISTING car id=1625
[2026-07-24 20:40:23] [MotusApiImporter] updateCar() completed for existing id=1625.
[2026-07-24 20:40:23] [MotusApiImporter] --- Processing row 34 (stock/sku: 1445966) ---
[2026-07-24 20:40:23] [MotusApiImporter] parseVehicle() OK — make=VOLKSWAGEN, model=POLO, source_url=https://www.motusvw.co.za/midrand/showroom/625-vwmdf892527/0/, image_urls count=1
[2026-07-24 20:40:23] [MotusApiImporter] After enrichFromDetailPage() — engine_capacity_cc=1998, image_urls count=16
[2026-07-24 20:40:23] [MotusApiImporter] findExistingCar() -> EXISTING car id=1626
[2026-07-24 20:40:23] [MotusApiImporter] updateCar() completed for existing id=1626.
[2026-07-24 20:40:23] [MotusApiImporter] --- Processing row 35 (stock/sku: 1445835) ---
[2026-07-24 20:40:23] [MotusApiImporter] parseVehicle() OK — make=VOLKSWAGEN, model=POLO, source_url=https://www.motusvw.co.za/midrand/showroom/625-vwmdf894547/0/, image_urls count=1
[2026-07-24 20:40:25] [MotusApiImporter] After enrichFromDetailPage() — engine_capacity_cc=1998, image_urls count=16
[2026-07-24 20:40:25] [MotusApiImporter] findExistingCar() -> EXISTING car id=1627
[2026-07-24 20:40:25] [MotusApiImporter] updateCar() completed for existing id=1627.
[2026-07-24 20:40:25] [MotusApiImporter] --- Processing row 36 (stock/sku: 1445857) ---
[2026-07-24 20:40:25] [MotusApiImporter] parseVehicle() OK — make=VOLKSWAGEN, model=POLO VIVO, source_url=https://www.motusvw.co.za/midrand/showroom/625-vwmdf894310/0/, image_urls count=1
[2026-07-24 20:40:27] [MotusApiImporter] After enrichFromDetailPage() — engine_capacity_cc=1398, image_urls count=13
[2026-07-24 20:40:27] [MotusApiImporter] findExistingCar() -> EXISTING car id=1628
[2026-07-24 20:40:27] [MotusApiImporter] updateCar() completed for existing id=1628.
[2026-07-24 20:40:27] [MotusApiImporter] --- Processing row 37 (stock/sku: 1445858) ---
[2026-07-24 20:40:27] [MotusApiImporter] parseVehicle() OK — make=VOLKSWAGEN, model=POLO VIVO, source_url=https://www.motusvw.co.za/midrand/showroom/625-vwmdf894316/0/, image_urls count=1
[2026-07-24 20:40:29] [MotusApiImporter] After enrichFromDetailPage() — engine_capacity_cc=1398, image_urls count=18
[2026-07-24 20:40:29] [MotusApiImporter] findExistingCar() -> EXISTING car id=1629
[2026-07-24 20:40:29] [MotusApiImporter] updateCar() completed for existing id=1629.
[2026-07-24 20:40:29] [MotusApiImporter] --- Processing row 38 (stock/sku: 1446130) ---
[2026-07-24 20:40:29] [MotusApiImporter] parseVehicle() OK — make=VOLKSWAGEN, model=POLO VIVO, source_url=https://www.motusvw.co.za/midrand/showroom/625-vwmdf890905/0/, image_urls count=1
[2026-07-24 20:40:30] [MotusApiImporter] After enrichFromDetailPage() — engine_capacity_cc=1398, image_urls count=11
[2026-07-24 20:40:30] [MotusApiImporter] findExistingCar() -> EXISTING car id=1630
[2026-07-24 20:40:30] [MotusApiImporter] updateCar() completed for existing id=1630.
[2026-07-24 20:40:30] [MotusApiImporter] --- Processing row 39 (stock/sku: 1445963) ---
[2026-07-24 20:40:30] [MotusApiImporter] parseVehicle() OK — make=VOLKSWAGEN, model=T-CROSS, source_url=https://www.motusvw.co.za/midrand/showroom/625-vwmdf892729/0/, image_urls count=1
[2026-07-24 20:40:32] [MotusApiImporter] After enrichFromDetailPage() — engine_capacity_cc=999, image_urls count=9
[2026-07-24 20:40:32] [MotusApiImporter] findExistingCar() -> EXISTING car id=1631
[2026-07-24 20:40:32] [MotusApiImporter] updateCar() completed for existing id=1631.
[2026-07-24 20:40:32] [MotusApiImporter] --- Processing row 40 (stock/sku: 1445833) ---
[2026-07-24 20:40:32] [MotusApiImporter] parseVehicle() OK — make=VOLKSWAGEN, model=T-CROSS, source_url=https://www.motusvw.co.za/midrand/showroom/625-vwmdf895060/0/, image_urls count=1
[2026-07-24 20:40:34] [MotusApiImporter] After enrichFromDetailPage() — engine_capacity_cc=999, image_urls count=15
[2026-07-24 20:40:34] [MotusApiImporter] findExistingCar() -> EXISTING car id=1632
[2026-07-24 20:40:34] [MotusApiImporter] updateCar() completed for existing id=1632.
[2026-07-24 20:40:34] [MotusApiImporter] --- Processing row 41 (stock/sku: 1445916) ---
[2026-07-24 20:40:34] [MotusApiImporter] parseVehicle() OK — make=VOLKSWAGEN, model=T-CROSS, source_url=https://www.motusvw.co.za/midrand/showroom/625-vwmdf893597/0/, image_urls count=1
[2026-07-24 20:40:35] [MotusApiImporter] After enrichFromDetailPage() — engine_capacity_cc=999, image_urls count=18
[2026-07-24 20:40:35] [MotusApiImporter] findExistingCar() -> EXISTING car id=1633
[2026-07-24 20:40:35] [MotusApiImporter] updateCar() completed for existing id=1633.
[2026-07-24 20:40:35] [MotusApiImporter] --- Processing row 42 (stock/sku: 1445895) ---
[2026-07-24 20:40:35] [MotusApiImporter] parseVehicle() OK — make=VOLKSWAGEN, model=T-CROSS, source_url=https://www.motusvw.co.za/midrand/showroom/625-vwmdf894000/0/, image_urls count=1
[2026-07-24 20:40:36] [MotusApiImporter] After enrichFromDetailPage() — engine_capacity_cc=999, image_urls count=17
[2026-07-24 20:40:36] [MotusApiImporter] findExistingCar() -> EXISTING car id=1634
[2026-07-24 20:40:36] [MotusApiImporter] updateCar() completed for existing id=1634.
[2026-07-24 20:40:36] [MotusApiImporter] --- Processing row 43 (stock/sku: 1445907) ---
[2026-07-24 20:40:36] [MotusApiImporter] parseVehicle() OK — make=VOLKSWAGEN, model=TIGUAN, source_url=https://www.motusvw.co.za/midrand/showroom/625-vwmdf893709/0/, image_urls count=1
[2026-07-24 20:40:38] [MotusApiImporter] After enrichFromDetailPage() — engine_capacity_cc=1395, image_urls count=15
[2026-07-24 20:40:38] [MotusApiImporter] findExistingCar() -> EXISTING car id=1635
[2026-07-24 20:40:38] [MotusApiImporter] updateCar() completed for existing id=1635.
[2026-07-24 20:40:38] [MotusApiImporter] --- Processing row 44 (stock/sku: 1446283) ---
[2026-07-24 20:40:38] [MotusApiImporter] parseVehicle() OK — make=VOLKSWAGEN, model=TIGUAN, source_url=https://www.motusvw.co.za/midrand/showroom/625-vwmdf888104/0/, image_urls count=1
[2026-07-24 20:40:38] [MotusApiImporter] Skipped detail-page fetch for stock #1446283 — time budget already exhausted.
[2026-07-24 20:40:38] [MotusApiImporter] After enrichFromDetailPage() — engine_capacity_cc=NULL, image_urls count=1
[2026-07-24 20:40:38] [MotusApiImporter] findExistingCar() -> EXISTING car id=1636
[2026-07-24 20:40:38] [MotusApiImporter] updateCar() completed for existing id=1636.
[2026-07-24 20:40:38] [MotusApiImporter] --- Processing row 45 (stock/sku: 1446223) ---
[2026-07-24 20:40:38] [MotusApiImporter] parseVehicle() OK — make=JEEP, model=RENEGADE, source_url=https://www.motusvw.co.za/midrand/showroom/625-vwmdf889687/1/, image_urls count=1
[2026-07-24 20:40:38] [MotusApiImporter] Skipped detail-page fetch for stock #1446223 — time budget already exhausted.
[2026-07-24 20:40:38] [MotusApiImporter] After enrichFromDetailPage() — engine_capacity_cc=NULL, image_urls count=1
[2026-07-24 20:40:38] [MotusApiImporter] findExistingCar() -> EXISTING car id=1637
[2026-07-24 20:40:38] [MotusApiImporter] updateCar() completed for existing id=1637.
[2026-07-24 20:40:38] [MotusApiImporter] --- Processing row 46 (stock/sku: 1445923) ---
[2026-07-24 20:40:38] [MotusApiImporter] parseVehicle() OK — make=BMW, model=2 SERIES, source_url=https://www.motusvw.co.za/midrand/showroom/625-vwmdf893379/1/, image_urls count=1
[2026-07-24 20:40:38] [MotusApiImporter] Skipped detail-page fetch for stock #1445923 — time budget already exhausted.
[2026-07-24 20:40:38] [MotusApiImporter] After enrichFromDetailPage() — engine_capacity_cc=NULL, image_urls count=1
[2026-07-24 20:40:38] [MotusApiImporter] findExistingCar() -> EXISTING car id=1638
[2026-07-24 20:40:38] [MotusApiImporter] updateCar() completed for existing id=1638.
[2026-07-24 20:40:38] [MotusApiImporter] --- Processing row 47 (stock/sku: 1445943) ---
[2026-07-24 20:40:38] [MotusApiImporter] parseVehicle() OK — make=FORD, model=ECOSPORT, source_url=https://www.motusvw.co.za/midrand/showroom/625-vwmdf893075/1/, image_urls count=1
[2026-07-24 20:40:38] [MotusApiImporter] Skipped detail-page fetch for stock #1445943 — time budget already exhausted.
[2026-07-24 20:40:38] [MotusApiImporter] After enrichFromDetailPage() — engine_capacity_cc=NULL, image_urls count=1
[2026-07-24 20:40:38] [MotusApiImporter] findExistingCar() -> EXISTING car id=1639
[2026-07-24 20:40:38] [MotusApiImporter] updateCar() completed for existing id=1639.
[2026-07-24 20:40:38] [MotusApiImporter] --- Processing row 48 (stock/sku: 1446850) ---
[2026-07-24 20:40:38] [MotusApiImporter] parseVehicle() OK — make=VOLKSWAGEN, model=POLO, source_url=https://www.motusvw.co.za/midrand/showroom/625-vwmdf258260/1/, image_urls count=1
[2026-07-24 20:40:38] [MotusApiImporter] Skipped detail-page fetch for stock #1446850 — time budget already exhausted.
[2026-07-24 20:40:38] [MotusApiImporter] After enrichFromDetailPage() — engine_capacity_cc=NULL, image_urls count=1
[2026-07-24 20:40:38] [MotusApiImporter] findExistingCar() -> EXISTING car id=1640
[2026-07-24 20:40:38] [MotusApiImporter] updateCar() completed for existing id=1640.
[2026-07-24 20:40:38] [MotusApiImporter] --- Processing row 49 (stock/sku: 1446505) ---
[2026-07-24 20:40:38] [MotusApiImporter] parseVehicle() OK — make=VOLKSWAGEN, model=POLO VIVO, source_url=https://www.motusvw.co.za/midrand/showroom/625-vwmdf608385/2/, image_urls count=1
[2026-07-24 20:40:38] [MotusApiImporter] Skipped detail-page fetch for stock #1446505 — time budget already exhausted.
[2026-07-24 20:40:38] [MotusApiImporter] After enrichFromDetailPage() — engine_capacity_cc=NULL, image_urls count=1
[2026-07-24 20:40:38] [MotusApiImporter] findExistingCar() -> EXISTING car id=1641
[2026-07-24 20:40:38] [MotusApiImporter] updateCar() completed for existing id=1641.
[2026-07-24 20:40:38] [MotusApiImporter] --- Processing row 50 (stock/sku: 1446800) ---
[2026-07-24 20:40:38] [MotusApiImporter] parseVehicle() OK — make=VOLKSWAGEN, model=TIGUAN, source_url=https://www.motusvw.co.za/midrand/showroom/625-vwmdf829969/1/, image_urls count=1
[2026-07-24 20:40:38] [MotusApiImporter] Skipped detail-page fetch for stock #1446800 — time budget already exhausted.
[2026-07-24 20:40:38] [MotusApiImporter] After enrichFromDetailPage() — engine_capacity_cc=NULL, image_urls count=1
[2026-07-24 20:40:38] [MotusApiImporter] findExistingCar() -> EXISTING car id=1642
[2026-07-24 20:40:38] [MotusApiImporter] updateCar() completed for existing id=1642.
[2026-07-24 20:40:38] [MotusApiImporter] --- Processing row 51 (stock/sku: 1446792) ---
[2026-07-24 20:40:38] [MotusApiImporter] parseVehicle() OK — make=VOLKSWAGEN, model=TIGUAN ALLSPACE, source_url=https://www.motusvw.co.za/midrand/showroom/625-vwmdf838290/1/, image_urls count=1
[2026-07-24 20:40:38] [MotusApiImporter] Skipped detail-page fetch for stock #1446792 — time budget already exhausted.
[2026-07-24 20:40:38] [MotusApiImporter] After enrichFromDetailPage() — engine_capacity_cc=NULL, image_urls count=1
[2026-07-24 20:40:38] [MotusApiImporter] findExistingCar() -> EXISTING car id=1643
[2026-07-24 20:40:38] [MotusApiImporter] updateCar() completed for existing id=1643.
[2026-07-24 20:40:38] [MotusApiImporter] --- Processing row 52 (stock/sku: 1449899) ---
[2026-07-24 20:40:38] [MotusApiImporter] parseVehicle() OK — make=VOLKSWAGEN, model=POLO VIVO, source_url=https://www.motusvw.co.za/midrand/showroom/625-vwmdf896660/1/, image_urls count=1
[2026-07-24 20:40:38] [MotusApiImporter] Skipped detail-page fetch for stock #1449899 — time budget already exhausted.
[2026-07-24 20:40:38] [MotusApiImporter] After enrichFromDetailPage() — engine_capacity_cc=NULL, image_urls count=1
[2026-07-24 20:40:38] [MotusApiImporter] findExistingCar() -> EXISTING car id=1644
[2026-07-24 20:40:38] [MotusApiImporter] updateCar() completed for existing id=1644.
[2026-07-24 20:40:38] [MotusApiImporter] --- Processing row 53 (stock/sku: 1446153) ---
[2026-07-24 20:40:38] [MotusApiImporter] parseVehicle() OK — make=VOLKSWAGEN, model=TIGUAN, source_url=https://www.motusvw.co.za/midrand/showroom/625-vwmdf762579/1/, image_urls count=1
[2026-07-24 20:40:38] [MotusApiImporter] Skipped detail-page fetch for stock #1446153 — time budget already exhausted.
[2026-07-24 20:40:38] [MotusApiImporter] After enrichFromDetailPage() — engine_capacity_cc=NULL, image_urls count=1
[2026-07-24 20:40:38] [MotusApiImporter] findExistingCar() -> EXISTING car id=1645
[2026-07-24 20:40:38] [MotusApiImporter] updateCar() completed for existing id=1645.
[2026-07-24 20:40:38] [MotusApiImporter] --- Processing row 54 (stock/sku: 1446811) ---
[2026-07-24 20:40:38] [MotusApiImporter] parseVehicle() OK — make=FORD, model=ECOSPORT, source_url=https://www.motusvw.co.za/midrand/showroom/625-vwmdf889981/1/, image_urls count=1
[2026-07-24 20:40:38] [MotusApiImporter] Skipped detail-page fetch for stock #1446811 — time budget already exhausted.
[2026-07-24 20:40:38] [MotusApiImporter] After enrichFromDetailPage() — engine_capacity_cc=NULL, image_urls count=1
[2026-07-24 20:40:38] [MotusApiImporter] findExistingCar() -> EXISTING car id=1646
[2026-07-24 20:40:38] [MotusApiImporter] updateCar() completed for existing id=1646.
[2026-07-24 20:40:38] [MotusApiImporter] --- Processing row 55 (stock/sku: 1445937) ---
[2026-07-24 20:40:38] [MotusApiImporter] parseVehicle() OK — make=FORD, model=FIGO, source_url=https://www.motusvw.co.za/midrand/showroom/625-vwmdf893195/1/, image_urls count=1
[2026-07-24 20:40:38] [MotusApiImporter] Skipped detail-page fetch for stock #1445937 — time budget already exhausted.
[2026-07-24 20:40:38] [MotusApiImporter] After enrichFromDetailPage() — engine_capacity_cc=NULL, image_urls count=1
[2026-07-24 20:40:38] [MotusApiImporter] findExistingCar() -> EXISTING car id=1647
[2026-07-24 20:40:38] [MotusApiImporter] updateCar() completed for existing id=1647.
[2026-07-24 20:40:38] [MotusApiImporter] --- Processing row 56 (stock/sku: 1446382) ---
[2026-07-24 20:40:38] [MotusApiImporter] parseVehicle() OK — make=VOLKSWAGEN, model=AMAROK, source_url=https://www.motusvw.co.za/midrand/showroom/625-vwmdf421690/1/, image_urls count=1
[2026-07-24 20:40:38] [MotusApiImporter] Skipped detail-page fetch for stock #1446382 — time budget already exhausted.
[2026-07-24 20:40:38] [MotusApiImporter] After enrichFromDetailPage() — engine_capacity_cc=NULL, image_urls count=1
[2026-07-24 20:40:38] [MotusApiImporter] findExistingCar() -> EXISTING car id=1648
[2026-07-24 20:40:38] [MotusApiImporter] updateCar() completed for existing id=1648.
[2026-07-24 20:40:38] [MotusApiImporter] --- Processing row 57 (stock/sku: 1446801) ---
[2026-07-24 20:40:38] [MotusApiImporter] parseVehicle() OK — make=VOLKSWAGEN, model=T-CROSS, source_url=https://www.motusvw.co.za/midrand/showroom/625-vwmdf423363/2/, image_urls count=1
[2026-07-24 20:40:38] [MotusApiImporter] Skipped detail-page fetch for stock #1446801 — time budget already exhausted.
[2026-07-24 20:40:38] [MotusApiImporter] After enrichFromDetailPage() — engine_capacity_cc=NULL, image_urls count=1
[2026-07-24 20:40:38] [MotusApiImporter] findExistingCar() -> EXISTING car id=1649
[2026-07-24 20:40:38] [MotusApiImporter] updateCar() completed for existing id=1649.
[2026-07-24 20:40:38] [MotusApiImporter] --- Processing row 58 (stock/sku: 1446410) ---
[2026-07-24 20:40:38] [MotusApiImporter] parseVehicle() OK — make=VOLKSWAGEN, model=TRANSPORTER, source_url=https://www.motusvw.co.za/midrand/showroom/625-vwmdf886408/4/, image_urls count=1
[2026-07-24 20:40:38] [MotusApiImporter] Skipped detail-page fetch for stock #1446410 — time budget already exhausted.
[2026-07-24 20:40:38] [MotusApiImporter] After enrichFromDetailPage() — engine_capacity_cc=NULL, image_urls count=1
[2026-07-24 20:40:38] [MotusApiImporter] findExistingCar() -> EXISTING car id=1650
[2026-07-24 20:40:38] [MotusApiImporter] updateCar() completed for existing id=1650.
[2026-07-24 20:40:38] [MotusApiImporter] --- Processing row 59 (stock/sku: 1445899) ---
[2026-07-24 20:40:38] [MotusApiImporter] parseVehicle() OK — make=VOLKSWAGEN, model=TRANSPORTER, source_url=https://www.motusvw.co.za/midrand/showroom/625-vwmdf893863/1/, image_urls count=1
[2026-07-24 20:40:38] [MotusApiImporter] Skipped detail-page fetch for stock #1445899 — time budget already exhausted.
[2026-07-24 20:40:38] [MotusApiImporter] After enrichFromDetailPage() — engine_capacity_cc=NULL, image_urls count=1
[2026-07-24 20:40:38] [MotusApiImporter] findExistingCar() -> EXISTING car id=1651
[2026-07-24 20:40:38] [MotusApiImporter] updateCar() completed for existing id=1651.
[2026-07-24 20:40:38] [MotusApiImporter] --- Processing row 60 (stock/sku: 1446142) ---
[2026-07-24 20:40:38] [MotusApiImporter] parseVehicle() OK — make=BMW, model=4 SERIES, source_url=https://www.motusvw.co.za/midrand/showroom/625-vwmdf890748/1/, image_urls count=1
[2026-07-24 20:40:38] [MotusApiImporter] Skipped detail-page fetch for stock #1446142 — time budget already exhausted.
[2026-07-24 20:40:38] [MotusApiImporter] After enrichFromDetailPage() — engine_capacity_cc=NULL, image_urls count=1
[2026-07-24 20:40:38] [MotusApiImporter] findExistingCar() -> EXISTING car id=1652
[2026-07-24 20:40:38] [MotusApiImporter] updateCar() completed for existing id=1652.
[2026-07-24 20:40:38] [MotusApiImporter] --- Processing row 61 (stock/sku: 1446010) ---
[2026-07-24 20:40:38] [MotusApiImporter] parseVehicle() OK — make=JAGUAR, model=F-PACE, source_url=https://www.motusvw.co.za/midrand/showroom/625-vwmdf892204/1/, image_urls count=1
[2026-07-24 20:40:38] [MotusApiImporter] Skipped detail-page fetch for stock #1446010 — time budget already exhausted.
[2026-07-24 20:40:38] [MotusApiImporter] After enrichFromDetailPage() — engine_capacity_cc=NULL, image_urls count=1
[2026-07-24 20:40:38] [MotusApiImporter] findExistingCar() -> EXISTING car id=1653
[2026-07-24 20:40:38] [MotusApiImporter] updateCar() completed for existing id=1653.
[2026-07-24 20:40:38] [MotusApiImporter] --- Processing row 62 (stock/sku: 1448883) ---
[2026-07-24 20:40:38] [MotusApiImporter] parseVehicle() OK — make=KIA, model=RIO, source_url=https://www.motusvw.co.za/midrand/showroom/625-vwmvusc894215/1/, image_urls count=1
[2026-07-24 20:40:38] [MotusApiImporter] Skipped detail-page fetch for stock #1448883 — time budget already exhausted.
[2026-07-24 20:40:38] [MotusApiImporter] After enrichFromDetailPage() — engine_capacity_cc=NULL, image_urls count=1
[2026-07-24 20:40:38] [MotusApiImporter] findExistingCar() -> EXISTING car id=1654
[2026-07-24 20:40:38] [MotusApiImporter] updateCar() completed for existing id=1654.
[2026-07-24 20:40:38] [MotusApiImporter] --- Processing row 63 (stock/sku: 1445715) ---
[2026-07-24 20:40:38] [MotusApiImporter] parseVehicle() OK — make=RENAULT, model=CLIO, source_url=https://www.motusvw.co.za/midrand/showroom/625-vwmdf896334/1/, image_urls count=1
[2026-07-24 20:40:38] [MotusApiImporter] Skipped detail-page fetch for stock #1445715 — time budget already exhausted.
[2026-07-24 20:40:38] [MotusApiImporter] After enrichFromDetailPage() — engine_capacity_cc=NULL, image_urls count=1
[2026-07-24 20:40:38] [MotusApiImporter] findExistingCar() -> EXISTING car id=1655
[2026-07-24 20:40:38] [MotusApiImporter] updateCar() completed for existing id=1655.
[2026-07-24 20:40:38] [MotusApiImporter] --- Processing row 64 (stock/sku: 1445883) ---
[2026-07-24 20:40:38] [MotusApiImporter] parseVehicle() OK — make=VOLKSWAGEN, model=POLO VIVO, source_url=https://www.motusvw.co.za/midrand/showroom/625-vwmdf894125/2/, image_urls count=1
[2026-07-24 20:40:38] [MotusApiImporter] Skipped detail-page fetch for stock #1445883 — time budget already exhausted.
[2026-07-24 20:40:38] [MotusApiImporter] After enrichFromDetailPage() — engine_capacity_cc=NULL, image_urls count=1
[2026-07-24 20:40:38] [MotusApiImporter] findExistingCar() -> EXISTING car id=1656
[2026-07-24 20:40:38] [MotusApiImporter] updateCar() completed for existing id=1656.
[2026-07-24 20:40:38] [MotusApiImporter] --- Processing row 65 (stock/sku: 1445714) ---
[2026-07-24 20:40:38] [MotusApiImporter] parseVehicle() OK — make=VOLKSWAGEN, model=POLO VIVO, source_url=https://www.motusvw.co.za/midrand/showroom/625-vwmdf896260/1/, image_urls count=1
[2026-07-24 20:40:38] [MotusApiImporter] Skipped detail-page fetch for stock #1445714 — time budget already exhausted.
[2026-07-24 20:40:38] [MotusApiImporter] After enrichFromDetailPage() — engine_capacity_cc=NULL, image_urls count=1
[2026-07-24 20:40:38] [MotusApiImporter] findExistingCar() -> EXISTING car id=1657
[2026-07-24 20:40:38] [MotusApiImporter] updateCar() completed for existing id=1657.
[2026-07-24 20:40:38] [MotusApiImporter] --- Processing row 66 (stock/sku: 1446735) ---
[2026-07-24 20:40:38] [MotusApiImporter] parseVehicle() OK — make=VOLKSWAGEN, model=TAIGO, source_url=https://www.motusvw.co.za/midrand/showroom/625-vwmdf861673/2/, image_urls count=1
[2026-07-24 20:40:38] [MotusApiImporter] Skipped detail-page fetch for stock #1446735 — time budget already exhausted.
[2026-07-24 20:40:38] [MotusApiImporter] After enrichFromDetailPage() — engine_capacity_cc=NULL, image_urls count=1
[2026-07-24 20:40:38] [MotusApiImporter] findExistingCar() -> EXISTING car id=1658
[2026-07-24 20:40:38] [MotusApiImporter] updateCar() completed for existing id=1658.
[2026-07-24 20:40:38] [MotusApiImporter] --- Processing row 67 (stock/sku: 1445959) ---
[2026-07-24 20:40:38] [MotusApiImporter] parseVehicle() OK — make=VOLKSWAGEN, model=TRANSPORTER, source_url=https://www.motusvw.co.za/midrand/showroom/625-vwmdf425954/1/, image_urls count=1
[2026-07-24 20:40:38] [MotusApiImporter] Skipped detail-page fetch for stock #1445959 — time budget already exhausted.
[2026-07-24 20:40:38] [MotusApiImporter] After enrichFromDetailPage() — engine_capacity_cc=NULL, image_urls count=1
[2026-07-24 20:40:38] [MotusApiImporter] findExistingCar() -> EXISTING car id=1659
[2026-07-24 20:40:38] [MotusApiImporter] updateCar() completed for existing id=1659.
[2026-07-24 20:40:38] [MotusApiImporter] --- Processing row 68 (stock/sku: 1446051) ---
[2026-07-24 20:40:38] [MotusApiImporter] parseVehicle() OK — make=VOLKSWAGEN, model=AMAROK, source_url=https://www.motusvw.co.za/midrand/showroom/625-vwmdf891606/1/, image_urls count=1
[2026-07-24 20:40:38] [MotusApiImporter] Skipped detail-page fetch for stock #1446051 — time budget already exhausted.
[2026-07-24 20:40:38] [MotusApiImporter] After enrichFromDetailPage() — engine_capacity_cc=NULL, image_urls count=1
[2026-07-24 20:40:38] [MotusApiImporter] findExistingCar() -> EXISTING car id=1660
[2026-07-24 20:40:38] [MotusApiImporter] updateCar() completed for existing id=1660.
[2026-07-24 20:40:38] [MotusApiImporter] --- Processing row 69 (stock/sku: 1446086) ---
[2026-07-24 20:40:38] [MotusApiImporter] parseVehicle() OK — make=VOLKSWAGEN, model=POLO, source_url=https://www.motusvw.co.za/midrand/showroom/625-vwmdf891191/1/, image_urls count=1
[2026-07-24 20:40:38] [MotusApiImporter] Skipped detail-page fetch for stock #1446086 — time budget already exhausted.
[2026-07-24 20:40:38] [MotusApiImporter] After enrichFromDetailPage() — engine_capacity_cc=NULL, image_urls count=1
[2026-07-24 20:40:38] [MotusApiImporter] findExistingCar() -> EXISTING car id=1661
[2026-07-24 20:40:38] [MotusApiImporter] updateCar() completed for existing id=1661.
[2026-07-24 20:40:38] [MotusApiImporter] --- Processing row 70 (stock/sku: 1446654) ---
[2026-07-24 20:40:38] [MotusApiImporter] parseVehicle() OK — make=AUDI, model=Q2, source_url=https://www.motusvw.co.za/midrand/showroom/625-vwmdf872129/1/, image_urls count=1
[2026-07-24 20:40:38] [MotusApiImporter] Skipped detail-page fetch for stock #1446654 — time budget already exhausted.
[2026-07-24 20:40:38] [MotusApiImporter] After enrichFromDetailPage() — engine_capacity_cc=NULL, image_urls count=1
[2026-07-24 20:40:38] [MotusApiImporter] findExistingCar() -> EXISTING car id=1662
[2026-07-24 20:40:38] [MotusApiImporter] updateCar() completed for existing id=1662.
[2026-07-24 20:40:38] [MotusApiImporter] --- Processing row 71 (stock/sku: 1449184) ---
[2026-07-24 20:40:38] [MotusApiImporter] parseVehicle() OK — make=FORD, model=RANGER, source_url=https://www.motusvw.co.za/midrand/showroom/625-vwmdf895758/1/, image_urls count=1
[2026-07-24 20:40:38] [MotusApiImporter] Skipped detail-page fetch for stock #1449184 — time budget already exhausted.
[2026-07-24 20:40:38] [MotusApiImporter] After enrichFromDetailPage() — engine_capacity_cc=NULL, image_urls count=1
[2026-07-24 20:40:38] [MotusApiImporter] findExistingCar() -> EXISTING car id=1663
[2026-07-24 20:40:38] [MotusApiImporter] updateCar() completed for existing id=1663.
[2026-07-24 20:40:38] [MotusApiImporter] --- Processing row 72 (stock/sku: 1448032) ---
[2026-07-24 20:40:38] [MotusApiImporter] parseVehicle() OK — make=HYUNDAI, model=GRAND CRETA, source_url=https://www.motusvw.co.za/midrand/showroom/625-vwmvusc853094/1/, image_urls count=1
[2026-07-24 20:40:38] [MotusApiImporter] Skipped detail-page fetch for stock #1448032 — time budget already exhausted.
[2026-07-24 20:40:38] [MotusApiImporter] After enrichFromDetailPage() — engine_capacity_cc=NULL, image_urls count=1
[2026-07-24 20:40:38] [MotusApiImporter] findExistingCar() -> EXISTING car id=1664
[2026-07-24 20:40:38] [MotusApiImporter] updateCar() completed for existing id=1664.
[2026-07-24 20:40:38] [MotusApiImporter] --- Processing row 73 (stock/sku: 1446809) ---
[2026-07-24 20:40:38] [MotusApiImporter] parseVehicle() OK — make=KIA, model=PICANTO, source_url=https://www.motusvw.co.za/midrand/showroom/625-vwmdf894445/1/, image_urls count=1
[2026-07-24 20:40:38] [MotusApiImporter] Skipped detail-page fetch for stock #1446809 — time budget already exhausted.
[2026-07-24 20:40:38] [MotusApiImporter] After enrichFromDetailPage() — engine_capacity_cc=NULL, image_urls count=1
[2026-07-24 20:40:38] [MotusApiImporter] findExistingCar() -> EXISTING car id=1665
[2026-07-24 20:40:38] [MotusApiImporter] updateCar() completed for existing id=1665.
[2026-07-24 20:40:38] [MotusApiImporter] --- Processing row 74 (stock/sku: 1446810) ---
[2026-07-24 20:40:38] [MotusApiImporter] parseVehicle() OK — make=NISSAN, model=MAGNITE, source_url=https://www.motusvw.co.za/midrand/showroom/625-vwmdf894838/1/, image_urls count=1
[2026-07-24 20:40:38] [MotusApiImporter] Skipped detail-page fetch for stock #1446810 — time budget already exhausted.
[2026-07-24 20:40:38] [MotusApiImporter] After enrichFromDetailPage() — engine_capacity_cc=NULL, image_urls count=1
[2026-07-24 20:40:38] [MotusApiImporter] findExistingCar() -> EXISTING car id=1666
[2026-07-24 20:40:38] [MotusApiImporter] updateCar() completed for existing id=1666.
[2026-07-24 20:40:38] [MotusApiImporter] --- Processing row 75 (stock/sku: 1446523) ---
[2026-07-24 20:40:38] [MotusApiImporter] parseVehicle() OK — make=TOYOTA, model=COROLLA CROSS, source_url=https://www.motusvw.co.za/midrand/showroom/625-bm037used896315/1/, image_urls count=1
[2026-07-24 20:40:38] [MotusApiImporter] Skipped detail-page fetch for stock #1446523 — time budget already exhausted.
[2026-07-24 20:40:38] [MotusApiImporter] After enrichFromDetailPage() — engine_capacity_cc=NULL, image_urls count=1
[2026-07-24 20:40:38] [MotusApiImporter] findExistingCar() -> EXISTING car id=1667
[2026-07-24 20:40:38] [MotusApiImporter] updateCar() completed for existing id=1667.
[2026-07-24 20:40:38] [MotusApiImporter] --- Processing row 76 (stock/sku: 1445994) ---
[2026-07-24 20:40:38] [MotusApiImporter] parseVehicle() OK — make=TOYOTA, model=HILUX, source_url=https://www.motusvw.co.za/midrand/showroom/625-vwmdf892356/1/, image_urls count=1
[2026-07-24 20:40:38] [MotusApiImporter] Skipped detail-page fetch for stock #1445994 — time budget already exhausted.
[2026-07-24 20:40:38] [MotusApiImporter] After enrichFromDetailPage() — engine_capacity_cc=NULL, image_urls count=1
[2026-07-24 20:40:38] [MotusApiImporter] findExistingCar() -> EXISTING car id=1668
[2026-07-24 20:40:38] [MotusApiImporter] updateCar() completed for existing id=1668.
[2026-07-24 20:40:38] [MotusApiImporter] --- Processing row 77 (stock/sku: 1446028) ---
[2026-07-24 20:40:38] [MotusApiImporter] parseVehicle() OK — make=VOLKSWAGEN, model=AMAROK, source_url=https://www.motusvw.co.za/midrand/showroom/625-vwmdf850170/1/, image_urls count=1
[2026-07-24 20:40:38] [MotusApiImporter] Skipped detail-page fetch for stock #1446028 — time budget already exhausted.
[2026-07-24 20:40:38] [MotusApiImporter] After enrichFromDetailPage() — engine_capacity_cc=NULL, image_urls count=1
[2026-07-24 20:40:38] [MotusApiImporter] findExistingCar() -> EXISTING car id=1669
[2026-07-24 20:40:38] [MotusApiImporter] updateCar() completed for existing id=1669.
[2026-07-24 20:40:38] [MotusApiImporter] --- Processing row 78 (stock/sku: 1445881) ---
[2026-07-24 20:40:38] [MotusApiImporter] parseVehicle() OK — make=VOLKSWAGEN, model=POLO, source_url=https://www.motusvw.co.za/midrand/showroom/625-vwmdf894037/1/, image_urls count=1
[2026-07-24 20:40:38] [MotusApiImporter] Skipped detail-page fetch for stock #1445881 — time budget already exhausted.
[2026-07-24 20:40:38] [MotusApiImporter] After enrichFromDetailPage() — engine_capacity_cc=NULL, image_urls count=1
[2026-07-24 20:40:38] [MotusApiImporter] findExistingCar() -> EXISTING car id=1670
[2026-07-24 20:40:38] [MotusApiImporter] updateCar() completed for existing id=1670.
[2026-07-24 20:40:38] [MotusApiImporter] --- Processing row 79 (stock/sku: 1446323) ---
[2026-07-24 20:40:38] [MotusApiImporter] parseVehicle() OK — make=VOLKSWAGEN, model=POLO, source_url=https://www.motusvw.co.za/midrand/showroom/625-vwmdf888345/1/, image_urls count=1
[2026-07-24 20:40:38] [MotusApiImporter] Skipped detail-page fetch for stock #1446323 — time budget already exhausted.
[2026-07-24 20:40:38] [MotusApiImporter] After enrichFromDetailPage() — engine_capacity_cc=NULL, image_urls count=1
[2026-07-24 20:40:38] [MotusApiImporter] findExistingCar() -> EXISTING car id=1671
[2026-07-24 20:40:38] [MotusApiImporter] updateCar() completed for existing id=1671.
[2026-07-24 20:40:38] [MotusApiImporter] --- Processing row 80 (stock/sku: 1446790) ---
[2026-07-24 20:40:38] [MotusApiImporter] parseVehicle() OK — make=VOLKSWAGEN, model=T-CROSS, source_url=https://www.motusvw.co.za/midrand/showroom/625-vwmdf839567/1/, image_urls count=1
[2026-07-24 20:40:38] [MotusApiImporter] Skipped detail-page fetch for stock #1446790 — time budget already exhausted.
[2026-07-24 20:40:38] [MotusApiImporter] After enrichFromDetailPage() — engine_capacity_cc=NULL, image_urls count=1
[2026-07-24 20:40:38] [MotusApiImporter] findExistingCar() -> EXISTING car id=1672
[2026-07-24 20:40:38] [MotusApiImporter] updateCar() completed for existing id=1672.
[2026-07-24 20:40:38] [MotusApiImporter] --- Processing row 81 (stock/sku: 1446786) ---
[2026-07-24 20:40:38] [MotusApiImporter] parseVehicle() OK — make=VOLKSWAGEN, model=T-CROSS, source_url=https://www.motusvw.co.za/midrand/showroom/625-vwmdf843717/8/, image_urls count=1
[2026-07-24 20:40:38] [MotusApiImporter] Skipped detail-page fetch for stock #1446786 — time budget already exhausted.
[2026-07-24 20:40:38] [MotusApiImporter] After enrichFromDetailPage() — engine_capacity_cc=NULL, image_urls count=1
[2026-07-24 20:40:38] [MotusApiImporter] findExistingCar() -> EXISTING car id=1673
[2026-07-24 20:40:38] [MotusApiImporter] updateCar() completed for existing id=1673.
[2026-07-24 20:40:38] [MotusApiImporter] --- Processing row 82 (stock/sku: 1445882) ---
[2026-07-24 20:40:38] [MotusApiImporter] parseVehicle() OK — make=VOLKSWAGEN, model=T-ROC, source_url=https://www.motusvw.co.za/midrand/showroom/625-vwmdf894108/1/, image_urls count=1
[2026-07-24 20:40:38] [MotusApiImporter] Skipped detail-page fetch for stock #1445882 — time budget already exhausted.
[2026-07-24 20:40:38] [MotusApiImporter] After enrichFromDetailPage() — engine_capacity_cc=NULL, image_urls count=1
[2026-07-24 20:40:38] [MotusApiImporter] findExistingCar() -> EXISTING car id=1674
[2026-07-24 20:40:38] [MotusApiImporter] updateCar() completed for existing id=1674.
[2026-07-24 20:40:38] [MotusApiImporter] --- Processing row 83 (stock/sku: 1445751) ---
[2026-07-24 20:40:38] [MotusApiImporter] parseVehicle() OK — make=VOLKSWAGEN, model=TAIGO, source_url=https://www.motusvw.co.za/midrand/showroom/625-vwmdf874038/1/, image_urls count=1
[2026-07-24 20:40:38] [MotusApiImporter] Skipped detail-page fetch for stock #1445751 — time budget already exhausted.
[2026-07-24 20:40:38] [MotusApiImporter] After enrichFromDetailPage() — engine_capacity_cc=NULL, image_urls count=1
[2026-07-24 20:40:38] [MotusApiImporter] findExistingCar() -> EXISTING car id=1675
[2026-07-24 20:40:38] [MotusApiImporter] updateCar() completed for existing id=1675.
[2026-07-24 20:40:38] [MotusApiImporter] --- Processing row 84 (stock/sku: 1446249) ---
[2026-07-24 20:40:38] [MotusApiImporter] parseVehicle() OK — make=SUZUKI, model=SWIFT, source_url=https://www.motusvw.co.za/midrand/showroom/625-vwmdf889410/1/, image_urls count=1
[2026-07-24 20:40:38] [MotusApiImporter] Skipped detail-page fetch for stock #1446249 — time budget already exhausted.
[2026-07-24 20:40:38] [MotusApiImporter] After enrichFromDetailPage() — engine_capacity_cc=NULL, image_urls count=1
[2026-07-24 20:40:38] [MotusApiImporter] findExistingCar() -> EXISTING car id=1676
[2026-07-24 20:40:38] [MotusApiImporter] updateCar() completed for existing id=1676.
[2026-07-24 20:40:38] [MotusApiImporter] --- Processing row 85 (stock/sku: 1445799) ---
[2026-07-24 20:40:38] [MotusApiImporter] parseVehicle() OK — make=SUZUKI, model=SWIFT, source_url=https://www.motusvw.co.za/midrand/showroom/625-vwmdf895482/1/, image_urls count=1
[2026-07-24 20:40:38] [MotusApiImporter] Skipped detail-page fetch for stock #1445799 — time budget already exhausted.
[2026-07-24 20:40:38] [MotusApiImporter] After enrichFromDetailPage() — engine_capacity_cc=NULL, image_urls count=1
[2026-07-24 20:40:38] [MotusApiImporter] findExistingCar() -> EXISTING car id=1677
[2026-07-24 20:40:38] [MotusApiImporter] updateCar() completed for existing id=1677.
[2026-07-24 20:40:38] [MotusApiImporter] --- Processing row 86 (stock/sku: 1445871) ---
[2026-07-24 20:40:38] [MotusApiImporter] parseVehicle() OK — make=SUZUKI, model=SWIFT, source_url=https://www.motusvw.co.za/midrand/showroom/625-vwmdf894155/1/, image_urls count=1
[2026-07-24 20:40:38] [MotusApiImporter] Skipped detail-page fetch for stock #1445871 — time budget already exhausted.
[2026-07-24 20:40:38] [MotusApiImporter] After enrichFromDetailPage() — engine_capacity_cc=NULL, image_urls count=1
[2026-07-24 20:40:38] [MotusApiImporter] findExistingCar() -> EXISTING car id=1678
[2026-07-24 20:40:38] [MotusApiImporter] updateCar() completed for existing id=1678.
[2026-07-24 20:40:38] [MotusApiImporter] --- Processing row 87 (stock/sku: 1445800) ---
[2026-07-24 20:40:38] [MotusApiImporter] parseVehicle() OK — make=SUZUKI, model=SWIFT, source_url=https://www.motusvw.co.za/midrand/showroom/625-vwmdf895483/1/, image_urls count=1
[2026-07-24 20:40:38] [MotusApiImporter] Skipped detail-page fetch for stock #1445800 — time budget already exhausted.
[2026-07-24 20:40:38] [MotusApiImporter] After enrichFromDetailPage() — engine_capacity_cc=NULL, image_urls count=1
[2026-07-24 20:40:38] [MotusApiImporter] findExistingCar() -> EXISTING car id=1679
[2026-07-24 20:40:38] [MotusApiImporter] updateCar() completed for existing id=1679.
[2026-07-24 20:40:38] [MotusApiImporter] --- Processing row 88 (stock/sku: 1446293) ---
[2026-07-24 20:40:38] [MotusApiImporter] parseVehicle() OK — make=TOYOTA, model=STARLET, source_url=https://www.motusvw.co.za/midrand/showroom/625-vwmdf888699/1/, image_urls count=1
[2026-07-24 20:40:38] [MotusApiImporter] Skipped detail-page fetch for stock #1446293 — time budget already exhausted.
[2026-07-24 20:40:38] [MotusApiImporter] After enrichFromDetailPage() — engine_capacity_cc=NULL, image_urls count=1
[2026-07-24 20:40:38] [MotusApiImporter] findExistingCar() -> EXISTING car id=1680
[2026-07-24 20:40:38] [MotusApiImporter] updateCar() completed for existing id=1680.
[2026-07-24 20:40:38] [MotusApiImporter] --- Processing row 89 (stock/sku: 1446743) ---
[2026-07-24 20:40:38] [MotusApiImporter] parseVehicle() OK — make=VOLKSWAGEN, model=AMAROK, source_url=https://www.motusvw.co.za/midrand/showroom/625-vwmdf861452/1/, image_urls count=1
[2026-07-24 20:40:38] [MotusApiImporter] Skipped detail-page fetch for stock #1446743 — time budget already exhausted.
[2026-07-24 20:40:38] [MotusApiImporter] After enrichFromDetailPage() — engine_capacity_cc=NULL, image_urls count=1
[2026-07-24 20:40:38] [MotusApiImporter] findExistingCar() -> EXISTING car id=1681
[2026-07-24 20:40:38] [MotusApiImporter] updateCar() completed for existing id=1681.
[2026-07-24 20:40:38] [MotusApiImporter] --- Processing row 90 (stock/sku: 1446558) ---
[2026-07-24 20:40:38] [MotusApiImporter] parseVehicle() OK — make=VOLKSWAGEN, model=POLO, source_url=https://www.motusvw.co.za/midrand/showroom/625-vwmdf876638/1/, image_urls count=1
[2026-07-24 20:40:38] [MotusApiImporter] Skipped detail-page fetch for stock #1446558 — time budget already exhausted.
[2026-07-24 20:40:38] [MotusApiImporter] After enrichFromDetailPage() — engine_capacity_cc=NULL, image_urls count=1
[2026-07-24 20:40:38] [MotusApiImporter] findExistingCar() -> EXISTING car id=1682
[2026-07-24 20:40:38] [MotusApiImporter] updateCar() completed for existing id=1682.
[2026-07-24 20:40:38] [MotusApiImporter] --- Processing row 91 (stock/sku: 1446729) ---
[2026-07-24 20:40:38] [MotusApiImporter] parseVehicle() OK — make=VOLKSWAGEN, model=POLO, source_url=https://www.motusvw.co.za/midrand/showroom/625-vwmdf864742/3/, image_urls count=1
[2026-07-24 20:40:38] [MotusApiImporter] Skipped detail-page fetch for stock #1446729 — time budget already exhausted.
[2026-07-24 20:40:38] [MotusApiImporter] After enrichFromDetailPage() — engine_capacity_cc=NULL, image_urls count=1
[2026-07-24 20:40:38] [MotusApiImporter] findExistingCar() -> EXISTING car id=1683
[2026-07-24 20:40:38] [MotusApiImporter] updateCar() completed for existing id=1683.
[2026-07-24 20:40:38] [MotusApiImporter] --- Processing row 92 (stock/sku: 1446763) ---
[2026-07-24 20:40:38] [MotusApiImporter] parseVehicle() OK — make=VOLKSWAGEN, model=POLO VIVO, source_url=https://www.motusvw.co.za/midrand/showroom/625-vwmdf858161/1/, image_urls count=1
[2026-07-24 20:40:38] [MotusApiImporter] Skipped detail-page fetch for stock #1446763 — time budget already exhausted.
[2026-07-24 20:40:38] [MotusApiImporter] After enrichFromDetailPage() — engine_capacity_cc=NULL, image_urls count=1
[2026-07-24 20:40:38] [MotusApiImporter] findExistingCar() -> EXISTING car id=1684
[2026-07-24 20:40:38] [MotusApiImporter] updateCar() completed for existing id=1684.
[2026-07-24 20:40:38] [MotusApiImporter] --- Processing row 93 (stock/sku: 1446755) ---
[2026-07-24 20:40:38] [MotusApiImporter] parseVehicle() OK — make=VOLKSWAGEN, model=POLO VIVO, source_url=https://www.motusvw.co.za/midrand/showroom/625-vwmdf859179/4/, image_urls count=1
[2026-07-24 20:40:38] [MotusApiImporter] Skipped detail-page fetch for stock #1446755 — time budget already exhausted.
[2026-07-24 20:40:38] [MotusApiImporter] After enrichFromDetailPage() — engine_capacity_cc=NULL, image_urls count=1
[2026-07-24 20:40:38] [MotusApiImporter] findExistingCar() -> EXISTING car id=1685
[2026-07-24 20:40:38] [MotusApiImporter] updateCar() completed for existing id=1685.
[2026-07-24 20:40:38] [MotusApiImporter] --- Processing row 94 (stock/sku: 1446746) ---
[2026-07-24 20:40:38] [MotusApiImporter] parseVehicle() OK — make=VOLKSWAGEN, model=POLO VIVO, source_url=https://www.motusvw.co.za/midrand/showroom/625-vwmdf860907/1/, image_urls count=1
[2026-07-24 20:40:38] [MotusApiImporter] Skipped detail-page fetch for stock #1446746 — time budget already exhausted.
[2026-07-24 20:40:38] [MotusApiImporter] After enrichFromDetailPage() — engine_capacity_cc=NULL, image_urls count=1
[2026-07-24 20:40:38] [MotusApiImporter] findExistingCar() -> EXISTING car id=1686
[2026-07-24 20:40:38] [MotusApiImporter] updateCar() completed for existing id=1686.
[2026-07-24 20:40:38] [MotusApiImporter] --- Processing row 95 (stock/sku: 1446711) ---
[2026-07-24 20:40:38] [MotusApiImporter] parseVehicle() OK — make=VOLKSWAGEN, model=POLO VIVO, source_url=https://www.motusvw.co.za/midrand/showroom/625-vwmdf868173/2/, image_urls count=1
[2026-07-24 20:40:38] [MotusApiImporter] Skipped detail-page fetch for stock #1446711 — time budget already exhausted.
[2026-07-24 20:40:38] [MotusApiImporter] After enrichFromDetailPage() — engine_capacity_cc=NULL, image_urls count=1
[2026-07-24 20:40:38] [MotusApiImporter] findExistingCar() -> EXISTING car id=1687
[2026-07-24 20:40:38] [MotusApiImporter] updateCar() completed for existing id=1687.
[2026-07-24 20:40:38] [MotusApiImporter] --- Processing row 96 (stock/sku: 1446694) ---
[2026-07-24 20:40:38] [MotusApiImporter] parseVehicle() OK — make=VOLKSWAGEN, model=POLO VIVO, source_url=https://www.motusvw.co.za/midrand/showroom/625-vwmdf869665/2/, image_urls count=1
[2026-07-24 20:40:38] [MotusApiImporter] Skipped detail-page fetch for stock #1446694 — time budget already exhausted.
[2026-07-24 20:40:38] [MotusApiImporter] After enrichFromDetailPage() — engine_capacity_cc=NULL, image_urls count=1
[2026-07-24 20:40:38] [MotusApiImporter] findExistingCar() -> EXISTING car id=1688
[2026-07-24 20:40:38] [MotusApiImporter] updateCar() completed for existing id=1688.
[2026-07-24 20:40:38] [MotusApiImporter] --- Processing row 97 (stock/sku: 1446751) ---
[2026-07-24 20:40:38] [MotusApiImporter] parseVehicle() OK — make=VOLKSWAGEN, model=T-CROSS, source_url=https://www.motusvw.co.za/midrand/showroom/625-vwmdf860129/3/, image_urls count=1
[2026-07-24 20:40:38] [MotusApiImporter] Skipped detail-page fetch for stock #1446751 — time budget already exhausted.
[2026-07-24 20:40:38] [MotusApiImporter] After enrichFromDetailPage() — engine_capacity_cc=NULL, image_urls count=1
[2026-07-24 20:40:38] [MotusApiImporter] findExistingCar() -> EXISTING car id=1689
[2026-07-24 20:40:38] [MotusApiImporter] updateCar() completed for existing id=1689.
[2026-07-24 20:40:38] [MotusApiImporter] --- Processing row 98 (stock/sku: 1446720) ---
[2026-07-24 20:40:38] [MotusApiImporter] parseVehicle() OK — make=VOLKSWAGEN, model=TAIGO, source_url=https://www.motusvw.co.za/midrand/showroom/625-vwmdf859177/2/, image_urls count=1
[2026-07-24 20:40:38] [MotusApiImporter] Skipped detail-page fetch for stock #1446720 — time budget already exhausted.
[2026-07-24 20:40:38] [MotusApiImporter] After enrichFromDetailPage() — engine_capacity_cc=NULL, image_urls count=1
[2026-07-24 20:40:38] [MotusApiImporter] findExistingCar() -> EXISTING car id=1690
[2026-07-24 20:40:38] [MotusApiImporter] updateCar() completed for existing id=1690.
[2026-07-24 20:40:38] [MotusApiImporter] --- Processing row 99 (stock/sku: 1446118) ---
[2026-07-24 20:40:38] [MotusApiImporter] parseVehicle() OK — make=MG, model=HS, source_url=https://www.motusvw.co.za/midrand/showroom/625-vwmdf890989/1/, image_urls count=1
[2026-07-24 20:40:38] [MotusApiImporter] Skipped detail-page fetch for stock #1446118 — time budget already exhausted.
[2026-07-24 20:40:38] [MotusApiImporter] After enrichFromDetailPage() — engine_capacity_cc=NULL, image_urls count=1
[2026-07-24 20:40:38] [MotusApiImporter] findExistingCar() -> EXISTING car id=1691
[2026-07-24 20:40:38] [MotusApiImporter] updateCar() completed for existing id=1691.
[2026-07-24 20:40:38] [MotusApiImporter] --- Processing row 100 (stock/sku: 1446119) ---
[2026-07-24 20:40:38] [MotusApiImporter] parseVehicle() OK — make=MG, model=MG3, source_url=https://www.motusvw.co.za/midrand/showroom/625-vwmdf890997/1/, image_urls count=1
[2026-07-24 20:40:38] [MotusApiImporter] Skipped detail-page fetch for stock #1446119 — time budget already exhausted.
[2026-07-24 20:40:38] [MotusApiImporter] After enrichFromDetailPage() — engine_capacity_cc=NULL, image_urls count=1
[2026-07-24 20:40:38] [MotusApiImporter] findExistingCar() -> EXISTING car id=1692
[2026-07-24 20:40:38] [MotusApiImporter] updateCar() completed for existing id=1692.
[2026-07-24 20:40:38] [MotusApiImporter] --- Processing row 101 (stock/sku: 1446188) ---
[2026-07-24 20:40:38] [MotusApiImporter] parseVehicle() OK — make=TATA, model=TIAGO, source_url=https://www.motusvw.co.za/midrand/showroom/625-vwmdf891531/1/, image_urls count=1
[2026-07-24 20:40:38] [MotusApiImporter] Skipped detail-page fetch for stock #1446188 — time budget already exhausted.
[2026-07-24 20:40:38] [MotusApiImporter] After enrichFromDetailPage() — engine_capacity_cc=NULL, image_urls count=1
[2026-07-24 20:40:38] [MotusApiImporter] findExistingCar() -> EXISTING car id=1693
[2026-07-24 20:40:38] [MotusApiImporter] updateCar() completed for existing id=1693.
[2026-07-24 20:40:38] [MotusApiImporter] --- Processing row 102 (stock/sku: 1446482) ---
[2026-07-24 20:40:38] [MotusApiImporter] parseVehicle() OK — make=VOLKSWAGEN, model=AMAROK, source_url=https://www.motusvw.co.za/midrand/showroom/625-vwmdf885078/1/, image_urls count=1
[2026-07-24 20:40:38] [MotusApiImporter] Skipped detail-page fetch for stock #1446482 — time budget already exhausted.
[2026-07-24 20:40:38] [MotusApiImporter] After enrichFromDetailPage() — engine_capacity_cc=NULL, image_urls count=1
[2026-07-24 20:40:38] [MotusApiImporter] findExistingCar() -> EXISTING car id=1694
[2026-07-24 20:40:38] [MotusApiImporter] updateCar() completed for existing id=1694.
[2026-07-24 20:40:38] [MotusApiImporter] --- Processing row 103 (stock/sku: 1446648) ---
[2026-07-24 20:40:38] [MotusApiImporter] parseVehicle() OK — make=VOLKSWAGEN, model=CADDY, source_url=https://www.motusvw.co.za/midrand/showroom/625-vwmdf872377/1/, image_urls count=1
[2026-07-24 20:40:38] [MotusApiImporter] Skipped detail-page fetch for stock #1446648 — time budget already exhausted.
[2026-07-24 20:40:38] [MotusApiImporter] After enrichFromDetailPage() — engine_capacity_cc=NULL, image_urls count=1
[2026-07-24 20:40:38] [MotusApiImporter] findExistingCar() -> EXISTING car id=1695
[2026-07-24 20:40:38] [MotusApiImporter] updateCar() completed for existing id=1695.
[2026-07-24 20:40:38] [MotusApiImporter] --- Processing row 104 (stock/sku: 1445922) ---
[2026-07-24 20:40:38] [MotusApiImporter] parseVehicle() OK — make=VOLKSWAGEN, model=POLO VIVO, source_url=https://www.motusvw.co.za/midrand/showroom/625-vwmdf893350/1/, image_urls count=1
[2026-07-24 20:40:38] [MotusApiImporter] Skipped detail-page fetch for stock #1445922 — time budget already exhausted.
[2026-07-24 20:40:38] [MotusApiImporter] After enrichFromDetailPage() — engine_capacity_cc=NULL, image_urls count=1
[2026-07-24 20:40:38] [MotusApiImporter] findExistingCar() -> EXISTING car id=1696
[2026-07-24 20:40:38] [MotusApiImporter] updateCar() completed for existing id=1696.
[2026-07-24 20:40:38] [MotusApiImporter] --- Processing row 105 (stock/sku: 1446628) ---
[2026-07-24 20:40:38] [MotusApiImporter] parseVehicle() OK — make=VOLKSWAGEN, model=POLO VIVO, source_url=https://www.motusvw.co.za/midrand/showroom/625-vwmdf873548/2/, image_urls count=1
[2026-07-24 20:40:38] [MotusApiImporter] Skipped detail-page fetch for stock #1446628 — time budget already exhausted.
[2026-07-24 20:40:38] [MotusApiImporter] After enrichFromDetailPage() — engine_capacity_cc=NULL, image_urls count=1
[2026-07-24 20:40:38] [MotusApiImporter] findExistingCar() -> EXISTING car id=1697
[2026-07-24 20:40:38] [MotusApiImporter] updateCar() completed for existing id=1697.
[2026-07-24 20:40:38] [MotusApiImporter] --- Processing row 106 (stock/sku: 1446506) ---
[2026-07-24 20:40:38] [MotusApiImporter] parseVehicle() OK — make=VOLKSWAGEN, model=POLO VIVO, source_url=https://www.motusvw.co.za/midrand/showroom/625-vwmdf884657/2/, image_urls count=1
[2026-07-24 20:40:38] [MotusApiImporter] Skipped detail-page fetch for stock #1446506 — time budget already exhausted.
[2026-07-24 20:40:38] [MotusApiImporter] After enrichFromDetailPage() — engine_capacity_cc=NULL, image_urls count=1
[2026-07-24 20:40:38] [MotusApiImporter] findExistingCar() -> EXISTING car id=1698
[2026-07-24 20:40:38] [MotusApiImporter] updateCar() completed for existing id=1698.
[2026-07-24 20:40:38] [MotusApiImporter] --- Processing row 107 (stock/sku: 1446432) ---
[2026-07-24 20:40:38] [MotusApiImporter] parseVehicle() OK — make=VOLKSWAGEN, model=POLO VIVO, source_url=https://www.motusvw.co.za/midrand/showroom/625-vwmdf886086/1/, image_urls count=1
[2026-07-24 20:40:38] [MotusApiImporter] Skipped detail-page fetch for stock #1446432 — time budget already exhausted.
[2026-07-24 20:40:38] [MotusApiImporter] After enrichFromDetailPage() — engine_capacity_cc=NULL, image_urls count=1
[2026-07-24 20:40:38] [MotusApiImporter] findExistingCar() -> EXISTING car id=1699
[2026-07-24 20:40:38] [MotusApiImporter] updateCar() completed for existing id=1699.
[2026-07-24 20:40:38] [MotusApiImporter] --- Processing row 108 (stock/sku: 1446409) ---
[2026-07-24 20:40:38] [MotusApiImporter] parseVehicle() OK — make=VOLKSWAGEN, model=POLO VIVO, source_url=https://www.motusvw.co.za/midrand/showroom/625-vwmdf886385/1/, image_urls count=1
[2026-07-24 20:40:38] [MotusApiImporter] Skipped detail-page fetch for stock #1446409 — time budget already exhausted.
[2026-07-24 20:40:38] [MotusApiImporter] After enrichFromDetailPage() — engine_capacity_cc=NULL, image_urls count=1
[2026-07-24 20:40:38] [MotusApiImporter] findExistingCar() -> EXISTING car id=1700
[2026-07-24 20:40:38] [MotusApiImporter] updateCar() completed for existing id=1700.
[2026-07-24 20:40:38] [MotusApiImporter] --- Processing row 109 (stock/sku: 1446322) ---
[2026-07-24 20:40:38] [MotusApiImporter] parseVehicle() OK — make=VOLKSWAGEN, model=POLO VIVO, source_url=https://www.motusvw.co.za/midrand/showroom/625-vwmdf888339/1/, image_urls count=1
[2026-07-24 20:40:38] [MotusApiImporter] Skipped detail-page fetch for stock #1446322 — time budget already exhausted.
[2026-07-24 20:40:38] [MotusApiImporter] After enrichFromDetailPage() — engine_capacity_cc=NULL, image_urls count=1
[2026-07-24 20:40:38] [MotusApiImporter] findExistingCar() -> EXISTING car id=1701
[2026-07-24 20:40:38] [MotusApiImporter] updateCar() completed for existing id=1701.
[2026-07-24 20:40:38] [MotusApiImporter] --- Processing row 110 (stock/sku: 1446321) ---
[2026-07-24 20:40:38] [MotusApiImporter] parseVehicle() OK — make=VOLKSWAGEN, model=POLO VIVO, source_url=https://www.motusvw.co.za/midrand/showroom/625-vwmdf888337/1/, image_urls count=1
[2026-07-24 20:40:38] [MotusApiImporter] Skipped detail-page fetch for stock #1446321 — time budget already exhausted.
[2026-07-24 20:40:38] [MotusApiImporter] After enrichFromDetailPage() — engine_capacity_cc=NULL, image_urls count=1
[2026-07-24 20:40:38] [MotusApiImporter] findExistingCar() -> EXISTING car id=1702
[2026-07-24 20:40:38] [MotusApiImporter] updateCar() completed for existing id=1702.
[2026-07-24 20:40:38] [MotusApiImporter] --- Processing row 111 (stock/sku: 1446314) ---
[2026-07-24 20:40:38] [MotusApiImporter] parseVehicle() OK — make=VOLKSWAGEN, model=POLO VIVO, source_url=https://www.motusvw.co.za/midrand/showroom/625-vwmdf888462/1/, image_urls count=1
[2026-07-24 20:40:38] [MotusApiImporter] Skipped detail-page fetch for stock #1446314 — time budget already exhausted.
[2026-07-24 20:40:38] [MotusApiImporter] After enrichFromDetailPage() — engine_capacity_cc=NULL, image_urls count=1
[2026-07-24 20:40:38] [MotusApiImporter] findExistingCar() -> EXISTING car id=1703
[2026-07-24 20:40:38] [MotusApiImporter] updateCar() completed for existing id=1703.
[2026-07-24 20:40:38] [MotusApiImporter] --- Processing row 112 (stock/sku: 1446181) ---
[2026-07-24 20:40:38] [MotusApiImporter] parseVehicle() OK — make=VOLKSWAGEN, model=POLO VIVO, source_url=https://www.motusvw.co.za/midrand/showroom/625-vwmdf890179/3/, image_urls count=1
[2026-07-24 20:40:38] [MotusApiImporter] Skipped detail-page fetch for stock #1446181 — time budget already exhausted.
[2026-07-24 20:40:38] [MotusApiImporter] After enrichFromDetailPage() — engine_capacity_cc=NULL, image_urls count=1
[2026-07-24 20:40:38] [MotusApiImporter] findExistingCar() -> EXISTING car id=1704
[2026-07-24 20:40:38] [MotusApiImporter] updateCar() completed for existing id=1704.
[2026-07-24 20:40:38] [MotusApiImporter] --- Processing row 113 (stock/sku: 1449179) ---
[2026-07-24 20:40:38] [MotusApiImporter] parseVehicle() OK — make=VOLKSWAGEN, model=POLO VIVO, source_url=https://www.motusvw.co.za/midrand/showroom/625-vwmdf875858/2/, image_urls count=1
[2026-07-24 20:40:38] [MotusApiImporter] Skipped detail-page fetch for stock #1449179 — time budget already exhausted.
[2026-07-24 20:40:38] [MotusApiImporter] After enrichFromDetailPage() — engine_capacity_cc=NULL, image_urls count=1
[2026-07-24 20:40:38] [MotusApiImporter] findExistingCar() -> EXISTING car id=1705
[2026-07-24 20:40:38] [MotusApiImporter] updateCar() completed for existing id=1705.
[2026-07-24 20:40:38] [MotusApiImporter] --- Processing row 114 (stock/sku: 1446179) ---
[2026-07-24 20:40:38] [MotusApiImporter] parseVehicle() OK — make=VOLKSWAGEN, model=POLO VIVO, source_url=https://www.motusvw.co.za/midrand/showroom/625-vwmdf890169/1/, image_urls count=1
[2026-07-24 20:40:38] [MotusApiImporter] Skipped detail-page fetch for stock #1446179 — time budget already exhausted.
[2026-07-24 20:40:38] [MotusApiImporter] After enrichFromDetailPage() — engine_capacity_cc=NULL, image_urls count=1
[2026-07-24 20:40:38] [MotusApiImporter] findExistingCar() -> EXISTING car id=1706
[2026-07-24 20:40:38] [MotusApiImporter] updateCar() completed for existing id=1706.
[2026-07-24 20:40:38] [MotusApiImporter] --- Processing row 115 (stock/sku: 1446333) ---
[2026-07-24 20:40:38] [MotusApiImporter] parseVehicle() OK — make=VOLKSWAGEN, model=POLO VIVO, source_url=https://www.motusvw.co.za/midrand/showroom/625-vwmdf888093/1/, image_urls count=1
[2026-07-24 20:40:38] [MotusApiImporter] Skipped detail-page fetch for stock #1446333 — time budget already exhausted.
[2026-07-24 20:40:38] [MotusApiImporter] After enrichFromDetailPage() — engine_capacity_cc=NULL, image_urls count=1
[2026-07-24 20:40:38] [MotusApiImporter] findExistingCar() -> EXISTING car id=1707
[2026-07-24 20:40:38] [MotusApiImporter] updateCar() completed for existing id=1707.
[2026-07-24 20:40:38] [MotusApiImporter] --- Processing row 116 (stock/sku: 1446180) ---
[2026-07-24 20:40:38] [MotusApiImporter] parseVehicle() OK — make=VOLKSWAGEN, model=POLO VIVO, source_url=https://www.motusvw.co.za/midrand/showroom/625-vwmdf890170/1/, image_urls count=1
[2026-07-24 20:40:38] [MotusApiImporter] Skipped detail-page fetch for stock #1446180 — time budget already exhausted.
[2026-07-24 20:40:38] [MotusApiImporter] After enrichFromDetailPage() — engine_capacity_cc=NULL, image_urls count=1
[2026-07-24 20:40:38] [MotusApiImporter] findExistingCar() -> EXISTING car id=1708
[2026-07-24 20:40:38] [MotusApiImporter] updateCar() completed for existing id=1708.
[2026-07-24 20:40:38] [MotusApiImporter] --- Processing row 117 (stock/sku: 1446261) ---
[2026-07-24 20:40:38] [MotusApiImporter] parseVehicle() OK — make=VOLKSWAGEN, model=POLO VIVO, source_url=https://www.motusvw.co.za/midrand/showroom/625-vwmdf889143/1/, image_urls count=1
[2026-07-24 20:40:38] [MotusApiImporter] Skipped detail-page fetch for stock #1446261 — time budget already exhausted.
[2026-07-24 20:40:38] [MotusApiImporter] After enrichFromDetailPage() — engine_capacity_cc=NULL, image_urls count=1
[2026-07-24 20:40:38] [MotusApiImporter] findExistingCar() -> EXISTING car id=1709
[2026-07-24 20:40:38] [MotusApiImporter] updateCar() completed for existing id=1709.
[2026-07-24 20:40:38] [MotusApiImporter] --- Processing row 118 (stock/sku: 1446533) ---
[2026-07-24 20:40:38] [MotusApiImporter] parseVehicle() OK — make=VOLKSWAGEN, model=T-CROSS, source_url=https://www.motusvw.co.za/midrand/showroom/625-vwmdf883411/2/, image_urls count=1
[2026-07-24 20:40:38] [MotusApiImporter] Skipped detail-page fetch for stock #1446533 — time budget already exhausted.
[2026-07-24 20:40:38] [MotusApiImporter] After enrichFromDetailPage() — engine_capacity_cc=NULL, image_urls count=1
[2026-07-24 20:40:38] [MotusApiImporter] findExistingCar() -> EXISTING car id=1710
[2026-07-24 20:40:38] [MotusApiImporter] updateCar() completed for existing id=1710.
[2026-07-24 20:40:38] [MotusApiImporter] --- Processing row 119 (stock/sku: 1446610) ---
[2026-07-24 20:40:38] [MotusApiImporter] parseVehicle() OK — make=VOLKSWAGEN, model=TRANSPORTER, source_url=https://www.motusvw.co.za/midrand/showroom/625-vwmdf875570/1/, image_urls count=1
[2026-07-24 20:40:38] [MotusApiImporter] Skipped detail-page fetch for stock #1446610 — time budget already exhausted.
[2026-07-24 20:40:38] [MotusApiImporter] After enrichFromDetailPage() — engine_capacity_cc=NULL, image_urls count=1
[2026-07-24 20:40:38] [MotusApiImporter] findExistingCar() -> EXISTING car id=1711
[2026-07-24 20:40:38] [MotusApiImporter] updateCar() completed for existing id=1711.
[2026-07-24 20:40:38] [MotusApiImporter] sync() FINISHED — {"imported":0,"updated":120,"skipped":0,"failed":0}
[2026-07-24 20:49:15] [MotusApiImporter] sync() STARTED — dealerId=14, sourceRef=https://www.motusvw.co.za/midrand/showroom/
[2026-07-24 20:49:15] [MotusApiImporter] Time budget: 35s, dealerNameFilter="Motus VW Midrand"
[2026-07-24 20:49:16] [MotusApiImporter] crawlDealership() returned 120 row(s) before dealer-name filtering.
[2026-07-24 20:49:16] [MotusApiImporter] After filterByDealerName(): 120 row(s) remain.
[2026-07-24 20:49:16] [MotusApiImporter] 47 vehicle(s) already enriched for this dealer — their detail-page fetch will be skipped this run.
[2026-07-24 20:49:16] [MotusApiImporter] --- Processing row 0 (stock/sku: 1446776) ---
[2026-07-24 20:49:16] [MotusApiImporter] parseVehicle() OK — make=VOLKSWAGEN, model=POLO, source_url=https://www.motusvw.co.za/midrand/showroom/625-vwmdf852273/5/, image_urls count=1
[2026-07-24 20:49:16] [MotusApiImporter] Stock #1446776 already enriched from a previous run — skipping detail-page fetch to save budget for un-enriched vehicles.
[2026-07-24 20:49:16] [MotusApiImporter] findExistingCar() -> EXISTING car id=1592
[2026-07-24 20:49:16] [MotusApiImporter] updateCar() completed for existing id=1592 (enrichment columns left untouched).
[2026-07-24 20:49:16] [MotusApiImporter] --- Processing row 1 (stock/sku: 1446299) ---
[2026-07-24 20:49:16] [MotusApiImporter] parseVehicle() OK — make=VOLKSWAGEN, model=GOLF 8, source_url=https://www.motusvw.co.za/midrand/showroom/625-vwmdf888609/1/, image_urls count=1
[2026-07-24 20:49:16] [MotusApiImporter] Stock #1446299 already enriched from a previous run — skipping detail-page fetch to save budget for un-enriched vehicles.
[2026-07-24 20:49:16] [MotusApiImporter] findExistingCar() -> EXISTING car id=1593
[2026-07-24 20:49:16] [MotusApiImporter] updateCar() completed for existing id=1593 (enrichment columns left untouched).
[2026-07-24 20:49:16] [MotusApiImporter] --- Processing row 2 (stock/sku: 1446532) ---
[2026-07-24 20:49:16] [MotusApiImporter] parseVehicle() OK — make=VOLKSWAGEN, model=POLO, source_url=https://www.motusvw.co.za/midrand/showroom/625-vwmdf883395/1/, image_urls count=1
[2026-07-24 20:49:16] [MotusApiImporter] Stock #1446532 already enriched from a previous run — skipping detail-page fetch to save budget for un-enriched vehicles.
[2026-07-24 20:49:16] [MotusApiImporter] findExistingCar() -> EXISTING car id=1594
[2026-07-24 20:49:16] [MotusApiImporter] updateCar() completed for existing id=1594 (enrichment columns left untouched).
[2026-07-24 20:49:16] [MotusApiImporter] --- Processing row 3 (stock/sku: 1446295) ---
[2026-07-24 20:49:16] [MotusApiImporter] parseVehicle() OK — make=VOLKSWAGEN, model=POLO, source_url=https://www.motusvw.co.za/midrand/showroom/625-vwmdf888735/1/, image_urls count=1
[2026-07-24 20:49:16] [MotusApiImporter] Stock #1446295 already enriched from a previous run — skipping detail-page fetch to save budget for un-enriched vehicles.
[2026-07-24 20:49:16] [MotusApiImporter] findExistingCar() -> EXISTING car id=1595
[2026-07-24 20:49:16] [MotusApiImporter] updateCar() completed for existing id=1595 (enrichment columns left untouched).
[2026-07-24 20:49:16] [MotusApiImporter] --- Processing row 4 (stock/sku: 1446601) ---
[2026-07-24 20:49:16] [MotusApiImporter] parseVehicle() OK — make=VOLKSWAGEN, model=POLO, source_url=https://www.motusvw.co.za/midrand/showroom/625-bm030used887224/1/, image_urls count=1
[2026-07-24 20:49:16] [MotusApiImporter] Stock #1446601 already enriched from a previous run — skipping detail-page fetch to save budget for un-enriched vehicles.
[2026-07-24 20:49:16] [MotusApiImporter] findExistingCar() -> EXISTING car id=1596
[2026-07-24 20:49:16] [MotusApiImporter] updateCar() completed for existing id=1596 (enrichment columns left untouched).
[2026-07-24 20:49:16] [MotusApiImporter] --- Processing row 5 (stock/sku: 1446065) ---
[2026-07-24 20:49:16] [MotusApiImporter] parseVehicle() OK — make=VOLKSWAGEN, model=POLO, source_url=https://www.motusvw.co.za/midrand/showroom/625-vwmdf890975/1/, image_urls count=1
[2026-07-24 20:49:16] [MotusApiImporter] Stock #1446065 already enriched from a previous run — skipping detail-page fetch to save budget for un-enriched vehicles.
[2026-07-24 20:49:16] [MotusApiImporter] findExistingCar() -> EXISTING car id=1597
[2026-07-24 20:49:16] [MotusApiImporter] updateCar() completed for existing id=1597 (enrichment columns left untouched).
[2026-07-24 20:49:16] [MotusApiImporter] --- Processing row 6 (stock/sku: 1446370) ---
[2026-07-24 20:49:16] [MotusApiImporter] parseVehicle() OK — make=VOLKSWAGEN, model=POLO, source_url=https://www.motusvw.co.za/midrand/showroom/625-vwmdf887435/1/, image_urls count=1
[2026-07-24 20:49:16] [MotusApiImporter] Stock #1446370 already enriched from a previous run — skipping detail-page fetch to save budget for un-enriched vehicles.
[2026-07-24 20:49:16] [MotusApiImporter] findExistingCar() -> EXISTING car id=1598
[2026-07-24 20:49:16] [MotusApiImporter] updateCar() completed for existing id=1598 (enrichment columns left untouched).
[2026-07-24 20:49:16] [MotusApiImporter] --- Processing row 7 (stock/sku: 1446517) ---
[2026-07-24 20:49:16] [MotusApiImporter] parseVehicle() OK — make=VOLKSWAGEN, model=POLO VIVO, source_url=https://www.motusvw.co.za/midrand/showroom/625-vwmdf884987/1/, image_urls count=1
[2026-07-24 20:49:16] [MotusApiImporter] Stock #1446517 already enriched from a previous run — skipping detail-page fetch to save budget for un-enriched vehicles.
[2026-07-24 20:49:16] [MotusApiImporter] findExistingCar() -> EXISTING car id=1599
[2026-07-24 20:49:16] [MotusApiImporter] updateCar() completed for existing id=1599 (enrichment columns left untouched).
[2026-07-24 20:49:16] [MotusApiImporter] --- Processing row 8 (stock/sku: 1446115) ---
[2026-07-24 20:49:16] [MotusApiImporter] parseVehicle() OK — make=VOLKSWAGEN, model=POLO VIVO, source_url=https://www.motusvw.co.za/midrand/showroom/625-vwmdf891042/2/, image_urls count=1
[2026-07-24 20:49:16] [MotusApiImporter] Stock #1446115 already enriched from a previous run — skipping detail-page fetch to save budget for un-enriched vehicles.
[2026-07-24 20:49:16] [MotusApiImporter] findExistingCar() -> EXISTING car id=1600
[2026-07-24 20:49:16] [MotusApiImporter] updateCar() completed for existing id=1600 (enrichment columns left untouched).
[2026-07-24 20:49:16] [MotusApiImporter] --- Processing row 9 (stock/sku: 1446589) ---
[2026-07-24 20:49:16] [MotusApiImporter] parseVehicle() OK — make=VOLKSWAGEN, model=POLO VIVO, source_url=https://www.motusvw.co.za/midrand/showroom/625-vwmdf875588/1/, image_urls count=1
[2026-07-24 20:49:16] [MotusApiImporter] Stock #1446589 already enriched from a previous run — skipping detail-page fetch to save budget for un-enriched vehicles.
[2026-07-24 20:49:16] [MotusApiImporter] findExistingCar() -> EXISTING car id=1601
[2026-07-24 20:49:16] [MotusApiImporter] updateCar() completed for existing id=1601 (enrichment columns left untouched).
[2026-07-24 20:49:16] [MotusApiImporter] --- Processing row 10 (stock/sku: 1446083) ---
[2026-07-24 20:49:16] [MotusApiImporter] parseVehicle() OK — make=VOLKSWAGEN, model=T-CROSS, source_url=https://www.motusvw.co.za/midrand/showroom/625-vwmdf891215/1/, image_urls count=1
[2026-07-24 20:49:16] [MotusApiImporter] Stock #1446083 already enriched from a previous run — skipping detail-page fetch to save budget for un-enriched vehicles.
[2026-07-24 20:49:16] [MotusApiImporter] findExistingCar() -> EXISTING car id=1602
[2026-07-24 20:49:16] [MotusApiImporter] updateCar() completed for existing id=1602 (enrichment columns left untouched).
[2026-07-24 20:49:16] [MotusApiImporter] --- Processing row 11 (stock/sku: 1446395) ---
[2026-07-24 20:49:16] [MotusApiImporter] parseVehicle() OK — make=VOLKSWAGEN, model=T-CROSS, source_url=https://www.motusvw.co.za/midrand/showroom/625-vwmdf886830/1/, image_urls count=1
[2026-07-24 20:49:16] [MotusApiImporter] Stock #1446395 already enriched from a previous run — skipping detail-page fetch to save budget for un-enriched vehicles.
[2026-07-24 20:49:16] [MotusApiImporter] findExistingCar() -> EXISTING car id=1603
[2026-07-24 20:49:16] [MotusApiImporter] updateCar() completed for existing id=1603 (enrichment columns left untouched).
[2026-07-24 20:49:16] [MotusApiImporter] --- Processing row 12 (stock/sku: 1446535) ---
[2026-07-24 20:49:16] [MotusApiImporter] parseVehicle() OK — make=VOLKSWAGEN, model=T-ROC, source_url=https://www.motusvw.co.za/midrand/showroom/625-vwmdf883338/1/, image_urls count=1
[2026-07-24 20:49:16] [MotusApiImporter] Stock #1446535 already enriched from a previous run — skipping detail-page fetch to save budget for un-enriched vehicles.
[2026-07-24 20:49:16] [MotusApiImporter] findExistingCar() -> EXISTING car id=1604
[2026-07-24 20:49:16] [MotusApiImporter] updateCar() completed for existing id=1604 (enrichment columns left untouched).
[2026-07-24 20:49:16] [MotusApiImporter] --- Processing row 13 (stock/sku: 1446315) ---
[2026-07-24 20:49:16] [MotusApiImporter] parseVehicle() OK — make=VOLKSWAGEN, model=T-ROC, source_url=https://www.motusvw.co.za/midrand/showroom/625-vwmdf888464/1/, image_urls count=1
[2026-07-24 20:49:16] [MotusApiImporter] Stock #1446315 already enriched from a previous run — skipping detail-page fetch to save budget for un-enriched vehicles.
[2026-07-24 20:49:16] [MotusApiImporter] findExistingCar() -> EXISTING car id=1605
[2026-07-24 20:49:16] [MotusApiImporter] updateCar() completed for existing id=1605 (enrichment columns left untouched).
[2026-07-24 20:49:16] [MotusApiImporter] --- Processing row 14 (stock/sku: 1446599) ---
[2026-07-24 20:49:16] [MotusApiImporter] parseVehicle() OK — make=VOLKSWAGEN, model=TIGUAN, source_url=https://www.motusvw.co.za/midrand/showroom/625-vwmdf875100/1/, image_urls count=1
[2026-07-24 20:49:16] [MotusApiImporter] Stock #1446599 already enriched from a previous run — skipping detail-page fetch to save budget for un-enriched vehicles.
[2026-07-24 20:49:16] [MotusApiImporter] findExistingCar() -> EXISTING car id=1606
[2026-07-24 20:49:16] [MotusApiImporter] updateCar() completed for existing id=1606 (enrichment columns left untouched).
[2026-07-24 20:49:16] [MotusApiImporter] --- Processing row 15 (stock/sku: 1446192) ---
[2026-07-24 20:49:16] [MotusApiImporter] parseVehicle() OK — make=VOLKSWAGEN, model=TIGUAN, source_url=https://www.motusvw.co.za/midrand/showroom/625-vwmdf890088/2/, image_urls count=1
[2026-07-24 20:49:16] [MotusApiImporter] Stock #1446192 already enriched from a previous run — skipping detail-page fetch to save budget for un-enriched vehicles.
[2026-07-24 20:49:16] [MotusApiImporter] findExistingCar() -> EXISTING car id=1607
[2026-07-24 20:49:16] [MotusApiImporter] updateCar() completed for existing id=1607 (enrichment columns left untouched).
[2026-07-24 20:49:16] [MotusApiImporter] --- Processing row 16 (stock/sku: 1446143) ---
[2026-07-24 20:49:16] [MotusApiImporter] parseVehicle() OK — make=VOLKSWAGEN, model=TIGUAN, source_url=https://www.motusvw.co.za/midrand/showroom/625-vwmdf890778/1/, image_urls count=1
[2026-07-24 20:49:16] [MotusApiImporter] Stock #1446143 already enriched from a previous run — skipping detail-page fetch to save budget for un-enriched vehicles.
[2026-07-24 20:49:16] [MotusApiImporter] findExistingCar() -> EXISTING car id=1608
[2026-07-24 20:49:16] [MotusApiImporter] updateCar() completed for existing id=1608 (enrichment columns left untouched).
[2026-07-24 20:49:16] [MotusApiImporter] --- Processing row 17 (stock/sku: 1446000) ---
[2026-07-24 20:49:16] [MotusApiImporter] parseVehicle() OK — make=VOLKSWAGEN, model=GOLF, source_url=https://www.motusvw.co.za/midrand/showroom/625-vwmdf892223/0/, image_urls count=1
[2026-07-24 20:49:16] [MotusApiImporter] Stock #1446000 already enriched from a previous run — skipping detail-page fetch to save budget for un-enriched vehicles.
[2026-07-24 20:49:16] [MotusApiImporter] findExistingCar() -> EXISTING car id=1609
[2026-07-24 20:49:16] [MotusApiImporter] updateCar() completed for existing id=1609 (enrichment columns left untouched).
[2026-07-24 20:49:16] [MotusApiImporter] --- Processing row 18 (stock/sku: 1445980) ---
[2026-07-24 20:49:16] [MotusApiImporter] parseVehicle() OK — make=VOLKSWAGEN, model=GOLF 8, source_url=https://www.motusvw.co.za/midrand/showroom/625-vwmdf892557/0/, image_urls count=1
[2026-07-24 20:49:16] [MotusApiImporter] Stock #1445980 already enriched from a previous run — skipping detail-page fetch to save budget for un-enriched vehicles.
[2026-07-24 20:49:16] [MotusApiImporter] findExistingCar() -> EXISTING car id=1610
[2026-07-24 20:49:16] [MotusApiImporter] updateCar() completed for existing id=1610 (enrichment columns left untouched).
[2026-07-24 20:49:16] [MotusApiImporter] --- Processing row 19 (stock/sku: 1446122) ---
[2026-07-24 20:49:16] [MotusApiImporter] parseVehicle() OK — make=VOLKSWAGEN, model=GOLF 8, source_url=https://www.motusvw.co.za/midrand/showroom/625-vwmdf890926/0/, image_urls count=1
[2026-07-24 20:49:16] [MotusApiImporter] Stock #1446122 already enriched from a previous run — skipping detail-page fetch to save budget for un-enriched vehicles.
[2026-07-24 20:49:16] [MotusApiImporter] findExistingCar() -> EXISTING car id=1611
[2026-07-24 20:49:16] [MotusApiImporter] updateCar() completed for existing id=1611 (enrichment columns left untouched).
[2026-07-24 20:49:16] [MotusApiImporter] --- Processing row 20 (stock/sku: 1446022) ---
[2026-07-24 20:49:16] [MotusApiImporter] parseVehicle() OK — make=VOLKSWAGEN, model=GOLF 8, source_url=https://www.motusvw.co.za/midrand/showroom/625-vwmdf892077/0/, image_urls count=1
[2026-07-24 20:49:16] [MotusApiImporter] Stock #1446022 already enriched from a previous run — skipping detail-page fetch to save budget for un-enriched vehicles.
[2026-07-24 20:49:16] [MotusApiImporter] findExistingCar() -> EXISTING car id=1612
[2026-07-24 20:49:16] [MotusApiImporter] updateCar() completed for existing id=1612 (enrichment columns left untouched).
[2026-07-24 20:49:16] [MotusApiImporter] --- Processing row 21 (stock/sku: 1446049) ---
[2026-07-24 20:49:16] [MotusApiImporter] parseVehicle() OK — make=VOLKSWAGEN, model=GOLF 8, source_url=https://www.motusvw.co.za/midrand/showroom/625-vwmdf892214/0/, image_urls count=1
[2026-07-24 20:49:16] [MotusApiImporter] Stock #1446049 already enriched from a previous run — skipping detail-page fetch to save budget for un-enriched vehicles.
[2026-07-24 20:49:16] [MotusApiImporter] findExistingCar() -> EXISTING car id=1613
[2026-07-24 20:49:16] [MotusApiImporter] updateCar() completed for existing id=1613 (enrichment columns left untouched).
[2026-07-24 20:49:16] [MotusApiImporter] --- Processing row 22 (stock/sku: 1446001) ---
[2026-07-24 20:49:16] [MotusApiImporter] parseVehicle() OK — make=VOLKSWAGEN, model=GOLF 8, source_url=https://www.motusvw.co.za/midrand/showroom/625-vwmdf892266/0/, image_urls count=1
[2026-07-24 20:49:16] [MotusApiImporter] Stock #1446001 already enriched from a previous run — skipping detail-page fetch to save budget for un-enriched vehicles.
[2026-07-24 20:49:16] [MotusApiImporter] findExistingCar() -> EXISTING car id=1614
[2026-07-24 20:49:16] [MotusApiImporter] updateCar() completed for existing id=1614 (enrichment columns left untouched).
[2026-07-24 20:49:16] [MotusApiImporter] --- Processing row 23 (stock/sku: 1446356) ---
[2026-07-24 20:49:16] [MotusApiImporter] parseVehicle() OK — make=VOLKSWAGEN, model=POLO, source_url=https://www.motusvw.co.za/midrand/showroom/625-vwmdf887866/0/, image_urls count=1
[2026-07-24 20:49:16] [MotusApiImporter] Stock #1446356 already enriched from a previous run — skipping detail-page fetch to save budget for un-enriched vehicles.
[2026-07-24 20:49:16] [MotusApiImporter] findExistingCar() -> EXISTING car id=1615
[2026-07-24 20:49:16] [MotusApiImporter] updateCar() completed for existing id=1615 (enrichment columns left untouched).
[2026-07-24 20:49:16] [MotusApiImporter] --- Processing row 24 (stock/sku: 1446129) ---
[2026-07-24 20:49:16] [MotusApiImporter] parseVehicle() OK — make=VOLKSWAGEN, model=POLO, source_url=https://www.motusvw.co.za/midrand/showroom/625-vwmdf890824/0/, image_urls count=1
[2026-07-24 20:49:16] [MotusApiImporter] Stock #1446129 already enriched from a previous run — skipping detail-page fetch to save budget for un-enriched vehicles.
[2026-07-24 20:49:16] [MotusApiImporter] findExistingCar() -> EXISTING car id=1616
[2026-07-24 20:49:16] [MotusApiImporter] updateCar() completed for existing id=1616 (enrichment columns left untouched).
[2026-07-24 20:49:16] [MotusApiImporter] --- Processing row 25 (stock/sku: 1445964) ---
[2026-07-24 20:49:16] [MotusApiImporter] parseVehicle() OK — make=VOLKSWAGEN, model=POLO, source_url=https://www.motusvw.co.za/midrand/showroom/625-vwmdf892733/0/, image_urls count=1
[2026-07-24 20:49:16] [MotusApiImporter] Stock #1445964 already enriched from a previous run — skipping detail-page fetch to save budget for un-enriched vehicles.
[2026-07-24 20:49:16] [MotusApiImporter] findExistingCar() -> EXISTING car id=1617
[2026-07-24 20:49:16] [MotusApiImporter] updateCar() completed for existing id=1617 (enrichment columns left untouched).
[2026-07-24 20:49:16] [MotusApiImporter] --- Processing row 26 (stock/sku: 1446127) ---
[2026-07-24 20:49:16] [MotusApiImporter] parseVehicle() OK — make=VOLKSWAGEN, model=POLO, source_url=https://www.motusvw.co.za/midrand/showroom/625-vwmdf890793/0/, image_urls count=1
[2026-07-24 20:49:16] [MotusApiImporter] Stock #1446127 already enriched from a previous run — skipping detail-page fetch to save budget for un-enriched vehicles.
[2026-07-24 20:49:16] [MotusApiImporter] findExistingCar() -> EXISTING car id=1618
[2026-07-24 20:49:16] [MotusApiImporter] updateCar() completed for existing id=1618 (enrichment columns left untouched).
[2026-07-24 20:49:16] [MotusApiImporter] --- Processing row 27 (stock/sku: 1446009) ---
[2026-07-24 20:49:16] [MotusApiImporter] parseVehicle() OK — make=VOLKSWAGEN, model=POLO, source_url=https://www.motusvw.co.za/midrand/showroom/625-vwmdf892148/0/, image_urls count=1
[2026-07-24 20:49:16] [MotusApiImporter] Stock #1446009 already enriched from a previous run — skipping detail-page fetch to save budget for un-enriched vehicles.
[2026-07-24 20:49:16] [MotusApiImporter] findExistingCar() -> EXISTING car id=1619
[2026-07-24 20:49:16] [MotusApiImporter] updateCar() completed for existing id=1619 (enrichment columns left untouched).
[2026-07-24 20:49:16] [MotusApiImporter] --- Processing row 28 (stock/sku: 1445944) ---
[2026-07-24 20:49:16] [MotusApiImporter] parseVehicle() OK — make=VOLKSWAGEN, model=POLO, source_url=https://www.motusvw.co.za/midrand/showroom/625-vwmdf893079/0/, image_urls count=1
[2026-07-24 20:49:16] [MotusApiImporter] Stock #1445944 already enriched from a previous run — skipping detail-page fetch to save budget for un-enriched vehicles.
[2026-07-24 20:49:16] [MotusApiImporter] findExistingCar() -> EXISTING car id=1620
[2026-07-24 20:49:16] [MotusApiImporter] updateCar() completed for existing id=1620 (enrichment columns left untouched).
[2026-07-24 20:49:16] [MotusApiImporter] --- Processing row 29 (stock/sku: 1445929) ---
[2026-07-24 20:49:16] [MotusApiImporter] parseVehicle() OK — make=VOLKSWAGEN, model=POLO, source_url=https://www.motusvw.co.za/midrand/showroom/625-vwmdf893255/0/, image_urls count=1
[2026-07-24 20:49:16] [MotusApiImporter] Stock #1445929 already enriched from a previous run — skipping detail-page fetch to save budget for un-enriched vehicles.
[2026-07-24 20:49:16] [MotusApiImporter] findExistingCar() -> EXISTING car id=1621
[2026-07-24 20:49:16] [MotusApiImporter] updateCar() completed for existing id=1621 (enrichment columns left untouched).
[2026-07-24 20:49:16] [MotusApiImporter] --- Processing row 30 (stock/sku: 1445930) ---
[2026-07-24 20:49:16] [MotusApiImporter] parseVehicle() OK — make=VOLKSWAGEN, model=POLO, source_url=https://www.motusvw.co.za/midrand/showroom/625-vwmdf893267/0/, image_urls count=1
[2026-07-24 20:49:16] [MotusApiImporter] Stock #1445930 already enriched from a previous run — skipping detail-page fetch to save budget for un-enriched vehicles.
[2026-07-24 20:49:16] [MotusApiImporter] findExistingCar() -> EXISTING car id=1622
[2026-07-24 20:49:16] [MotusApiImporter] updateCar() completed for existing id=1622 (enrichment columns left untouched).
[2026-07-24 20:49:16] [MotusApiImporter] --- Processing row 31 (stock/sku: 1446008) ---
[2026-07-24 20:49:16] [MotusApiImporter] parseVehicle() OK — make=VOLKSWAGEN, model=POLO, source_url=https://www.motusvw.co.za/midrand/showroom/625-vwmdf892145/0/, image_urls count=1
[2026-07-24 20:49:16] [MotusApiImporter] Stock #1446008 already enriched from a previous run — skipping detail-page fetch to save budget for un-enriched vehicles.
[2026-07-24 20:49:16] [MotusApiImporter] findExistingCar() -> EXISTING car id=1623
[2026-07-24 20:49:16] [MotusApiImporter] updateCar() completed for existing id=1623 (enrichment columns left untouched).
[2026-07-24 20:49:16] [MotusApiImporter] --- Processing row 32 (stock/sku: 1445928) ---
[2026-07-24 20:49:16] [MotusApiImporter] parseVehicle() OK — make=VOLKSWAGEN, model=POLO, source_url=https://www.motusvw.co.za/midrand/showroom/625-vwmdf893252/0/, image_urls count=1
[2026-07-24 20:49:16] [MotusApiImporter] Stock #1445928 already enriched from a previous run — skipping detail-page fetch to save budget for un-enriched vehicles.
[2026-07-24 20:49:16] [MotusApiImporter] findExistingCar() -> EXISTING car id=1624
[2026-07-24 20:49:16] [MotusApiImporter] updateCar() completed for existing id=1624 (enrichment columns left untouched).
[2026-07-24 20:49:16] [MotusApiImporter] --- Processing row 33 (stock/sku: 1445915) ---
[2026-07-24 20:49:16] [MotusApiImporter] parseVehicle() OK — make=VOLKSWAGEN, model=POLO, source_url=https://www.motusvw.co.za/midrand/showroom/625-vwmdf893516/0/, image_urls count=1
[2026-07-24 20:49:16] [MotusApiImporter] Stock #1445915 already enriched from a previous run — skipping detail-page fetch to save budget for un-enriched vehicles.
[2026-07-24 20:49:16] [MotusApiImporter] findExistingCar() -> EXISTING car id=1625
[2026-07-24 20:49:16] [MotusApiImporter] updateCar() completed for existing id=1625 (enrichment columns left untouched).
[2026-07-24 20:49:16] [MotusApiImporter] --- Processing row 34 (stock/sku: 1445966) ---
[2026-07-24 20:49:16] [MotusApiImporter] parseVehicle() OK — make=VOLKSWAGEN, model=POLO, source_url=https://www.motusvw.co.za/midrand/showroom/625-vwmdf892527/0/, image_urls count=1
[2026-07-24 20:49:16] [MotusApiImporter] Stock #1445966 already enriched from a previous run — skipping detail-page fetch to save budget for un-enriched vehicles.
[2026-07-24 20:49:16] [MotusApiImporter] findExistingCar() -> EXISTING car id=1626
[2026-07-24 20:49:16] [MotusApiImporter] updateCar() completed for existing id=1626 (enrichment columns left untouched).
[2026-07-24 20:49:16] [MotusApiImporter] --- Processing row 35 (stock/sku: 1445835) ---
[2026-07-24 20:49:16] [MotusApiImporter] parseVehicle() OK — make=VOLKSWAGEN, model=POLO, source_url=https://www.motusvw.co.za/midrand/showroom/625-vwmdf894547/0/, image_urls count=1
[2026-07-24 20:49:16] [MotusApiImporter] Stock #1445835 already enriched from a previous run — skipping detail-page fetch to save budget for un-enriched vehicles.
[2026-07-24 20:49:16] [MotusApiImporter] findExistingCar() -> EXISTING car id=1627
[2026-07-24 20:49:16] [MotusApiImporter] updateCar() completed for existing id=1627 (enrichment columns left untouched).
[2026-07-24 20:49:16] [MotusApiImporter] --- Processing row 36 (stock/sku: 1445857) ---
[2026-07-24 20:49:16] [MotusApiImporter] parseVehicle() OK — make=VOLKSWAGEN, model=POLO VIVO, source_url=https://www.motusvw.co.za/midrand/showroom/625-vwmdf894310/0/, image_urls count=1
[2026-07-24 20:49:16] [MotusApiImporter] Stock #1445857 already enriched from a previous run — skipping detail-page fetch to save budget for un-enriched vehicles.
[2026-07-24 20:49:16] [MotusApiImporter] findExistingCar() -> EXISTING car id=1628
[2026-07-24 20:49:16] [MotusApiImporter] updateCar() completed for existing id=1628 (enrichment columns left untouched).
[2026-07-24 20:49:16] [MotusApiImporter] --- Processing row 37 (stock/sku: 1445858) ---
[2026-07-24 20:49:16] [MotusApiImporter] parseVehicle() OK — make=VOLKSWAGEN, model=POLO VIVO, source_url=https://www.motusvw.co.za/midrand/showroom/625-vwmdf894316/0/, image_urls count=1
[2026-07-24 20:49:16] [MotusApiImporter] Stock #1445858 already enriched from a previous run — skipping detail-page fetch to save budget for un-enriched vehicles.
[2026-07-24 20:49:16] [MotusApiImporter] findExistingCar() -> EXISTING car id=1629
[2026-07-24 20:49:16] [MotusApiImporter] updateCar() completed for existing id=1629 (enrichment columns left untouched).
[2026-07-24 20:49:16] [MotusApiImporter] --- Processing row 38 (stock/sku: 1446130) ---
[2026-07-24 20:49:16] [MotusApiImporter] parseVehicle() OK — make=VOLKSWAGEN, model=POLO VIVO, source_url=https://www.motusvw.co.za/midrand/showroom/625-vwmdf890905/0/, image_urls count=1
[2026-07-24 20:49:16] [MotusApiImporter] Stock #1446130 already enriched from a previous run — skipping detail-page fetch to save budget for un-enriched vehicles.
[2026-07-24 20:49:16] [MotusApiImporter] findExistingCar() -> EXISTING car id=1630
[2026-07-24 20:49:16] [MotusApiImporter] updateCar() completed for existing id=1630 (enrichment columns left untouched).
[2026-07-24 20:49:16] [MotusApiImporter] --- Processing row 39 (stock/sku: 1445963) ---
[2026-07-24 20:49:16] [MotusApiImporter] parseVehicle() OK — make=VOLKSWAGEN, model=T-CROSS, source_url=https://www.motusvw.co.za/midrand/showroom/625-vwmdf892729/0/, image_urls count=1
[2026-07-24 20:49:16] [MotusApiImporter] Stock #1445963 already enriched from a previous run — skipping detail-page fetch to save budget for un-enriched vehicles.
[2026-07-24 20:49:16] [MotusApiImporter] findExistingCar() -> EXISTING car id=1631
[2026-07-24 20:49:16] [MotusApiImporter] updateCar() completed for existing id=1631 (enrichment columns left untouched).
[2026-07-24 20:49:16] [MotusApiImporter] --- Processing row 40 (stock/sku: 1445833) ---
[2026-07-24 20:49:16] [MotusApiImporter] parseVehicle() OK — make=VOLKSWAGEN, model=T-CROSS, source_url=https://www.motusvw.co.za/midrand/showroom/625-vwmdf895060/0/, image_urls count=1
[2026-07-24 20:49:16] [MotusApiImporter] Stock #1445833 already enriched from a previous run — skipping detail-page fetch to save budget for un-enriched vehicles.
[2026-07-24 20:49:16] [MotusApiImporter] findExistingCar() -> EXISTING car id=1632
[2026-07-24 20:49:16] [MotusApiImporter] updateCar() completed for existing id=1632 (enrichment columns left untouched).
[2026-07-24 20:49:16] [MotusApiImporter] --- Processing row 41 (stock/sku: 1445916) ---
[2026-07-24 20:49:16] [MotusApiImporter] parseVehicle() OK — make=VOLKSWAGEN, model=T-CROSS, source_url=https://www.motusvw.co.za/midrand/showroom/625-vwmdf893597/0/, image_urls count=1
[2026-07-24 20:49:16] [MotusApiImporter] Stock #1445916 already enriched from a previous run — skipping detail-page fetch to save budget for un-enriched vehicles.
[2026-07-24 20:49:16] [MotusApiImporter] findExistingCar() -> EXISTING car id=1633
[2026-07-24 20:49:16] [MotusApiImporter] updateCar() completed for existing id=1633 (enrichment columns left untouched).
[2026-07-24 20:49:16] [MotusApiImporter] --- Processing row 42 (stock/sku: 1445895) ---
[2026-07-24 20:49:16] [MotusApiImporter] parseVehicle() OK — make=VOLKSWAGEN, model=T-CROSS, source_url=https://www.motusvw.co.za/midrand/showroom/625-vwmdf894000/0/, image_urls count=1
[2026-07-24 20:49:16] [MotusApiImporter] Stock #1445895 already enriched from a previous run — skipping detail-page fetch to save budget for un-enriched vehicles.
[2026-07-24 20:49:16] [MotusApiImporter] findExistingCar() -> EXISTING car id=1634
[2026-07-24 20:49:16] [MotusApiImporter] updateCar() completed for existing id=1634 (enrichment columns left untouched).
[2026-07-24 20:49:16] [MotusApiImporter] --- Processing row 43 (stock/sku: 1445907) ---
[2026-07-24 20:49:16] [MotusApiImporter] parseVehicle() OK — make=VOLKSWAGEN, model=TIGUAN, source_url=https://www.motusvw.co.za/midrand/showroom/625-vwmdf893709/0/, image_urls count=1
[2026-07-24 20:49:16] [MotusApiImporter] Stock #1445907 already enriched from a previous run — skipping detail-page fetch to save budget for un-enriched vehicles.
[2026-07-24 20:49:16] [MotusApiImporter] findExistingCar() -> EXISTING car id=1635
[2026-07-24 20:49:16] [MotusApiImporter] updateCar() completed for existing id=1635 (enrichment columns left untouched).
[2026-07-24 20:49:16] [MotusApiImporter] --- Processing row 44 (stock/sku: 1446283) ---
[2026-07-24 20:49:16] [MotusApiImporter] parseVehicle() OK — make=VOLKSWAGEN, model=TIGUAN, source_url=https://www.motusvw.co.za/midrand/showroom/625-vwmdf888104/0/, image_urls count=1
[2026-07-24 20:49:18] [MotusApiImporter] After enrichFromDetailPage() — engine_capacity_cc=1395, image_urls count=17
[2026-07-24 20:49:18] [MotusApiImporter] findExistingCar() -> EXISTING car id=1636
[2026-07-24 20:49:18] [MotusApiImporter] updateCar() completed for existing id=1636.
[2026-07-24 20:49:18] [MotusApiImporter] --- Processing row 45 (stock/sku: 1446223) ---
[2026-07-24 20:49:18] [MotusApiImporter] parseVehicle() OK — make=JEEP, model=RENEGADE, source_url=https://www.motusvw.co.za/midrand/showroom/625-vwmdf889687/1/, image_urls count=1
[2026-07-24 20:49:20] [MotusApiImporter] After enrichFromDetailPage() — engine_capacity_cc=1598, image_urls count=18
[2026-07-24 20:49:20] [MotusApiImporter] findExistingCar() -> EXISTING car id=1637
[2026-07-24 20:49:20] [MotusApiImporter] updateCar() completed for existing id=1637.
[2026-07-24 20:49:20] [MotusApiImporter] --- Processing row 46 (stock/sku: 1445923) ---
[2026-07-24 20:49:20] [MotusApiImporter] parseVehicle() OK — make=BMW, model=2 SERIES, source_url=https://www.motusvw.co.za/midrand/showroom/625-vwmdf893379/1/, image_urls count=1
[2026-07-24 20:49:21] [MotusApiImporter] After enrichFromDetailPage() — engine_capacity_cc=1998, image_urls count=18
[2026-07-24 20:49:21] [MotusApiImporter] findExistingCar() -> EXISTING car id=1638
[2026-07-24 20:49:21] [MotusApiImporter] updateCar() completed for existing id=1638.
[2026-07-24 20:49:21] [MotusApiImporter] --- Processing row 47 (stock/sku: 1445943) ---
[2026-07-24 20:49:21] [MotusApiImporter] parseVehicle() OK — make=FORD, model=ECOSPORT, source_url=https://www.motusvw.co.za/midrand/showroom/625-vwmdf893075/1/, image_urls count=1
[2026-07-24 20:49:23] [MotusApiImporter] After enrichFromDetailPage() — engine_capacity_cc=999, image_urls count=17
[2026-07-24 20:49:23] [MotusApiImporter] findExistingCar() -> EXISTING car id=1639
[2026-07-24 20:49:23] [MotusApiImporter] updateCar() completed for existing id=1639.
[2026-07-24 20:49:23] [MotusApiImporter] --- Processing row 48 (stock/sku: 1446850) ---
[2026-07-24 20:49:23] [MotusApiImporter] parseVehicle() OK — make=VOLKSWAGEN, model=POLO, source_url=https://www.motusvw.co.za/midrand/showroom/625-vwmdf258260/1/, image_urls count=1
[2026-07-24 20:49:24] [MotusApiImporter] After enrichFromDetailPage() — engine_capacity_cc=999, image_urls count=20
[2026-07-24 20:49:24] [MotusApiImporter] findExistingCar() -> EXISTING car id=1640
[2026-07-24 20:49:24] [MotusApiImporter] updateCar() completed for existing id=1640.
[2026-07-24 20:49:24] [MotusApiImporter] --- Processing row 49 (stock/sku: 1446505) ---
[2026-07-24 20:49:24] [MotusApiImporter] parseVehicle() OK — make=VOLKSWAGEN, model=POLO VIVO, source_url=https://www.motusvw.co.za/midrand/showroom/625-vwmdf608385/2/, image_urls count=1
[2026-07-24 20:49:26] [MotusApiImporter] After enrichFromDetailPage() — engine_capacity_cc=1398, image_urls count=16
[2026-07-24 20:49:26] [MotusApiImporter] findExistingCar() -> EXISTING car id=1641
[2026-07-24 20:49:26] [MotusApiImporter] updateCar() completed for existing id=1641.
[2026-07-24 20:49:26] [MotusApiImporter] --- Processing row 50 (stock/sku: 1446800) ---
[2026-07-24 20:49:26] [MotusApiImporter] parseVehicle() OK — make=VOLKSWAGEN, model=TIGUAN, source_url=https://www.motusvw.co.za/midrand/showroom/625-vwmdf829969/1/, image_urls count=1
[2026-07-24 20:49:28] [MotusApiImporter] After enrichFromDetailPage() — engine_capacity_cc=1395, image_urls count=16
[2026-07-24 20:49:28] [MotusApiImporter] findExistingCar() -> EXISTING car id=1642
[2026-07-24 20:49:28] [MotusApiImporter] updateCar() completed for existing id=1642.
[2026-07-24 20:49:28] [MotusApiImporter] --- Processing row 51 (stock/sku: 1446792) ---
[2026-07-24 20:49:28] [MotusApiImporter] parseVehicle() OK — make=VOLKSWAGEN, model=TIGUAN ALLSPACE, source_url=https://www.motusvw.co.za/midrand/showroom/625-vwmdf838290/1/, image_urls count=1
[2026-07-24 20:49:29] [MotusApiImporter] After enrichFromDetailPage() — engine_capacity_cc=1984, image_urls count=17
[2026-07-24 20:49:29] [MotusApiImporter] findExistingCar() -> EXISTING car id=1643
[2026-07-24 20:49:29] [MotusApiImporter] updateCar() completed for existing id=1643.
[2026-07-24 20:49:29] [MotusApiImporter] --- Processing row 52 (stock/sku: 1449899) ---
[2026-07-24 20:49:29] [MotusApiImporter] parseVehicle() OK — make=VOLKSWAGEN, model=POLO VIVO, source_url=https://www.motusvw.co.za/midrand/showroom/625-vwmdf896660/1/, image_urls count=1
[2026-07-24 20:49:30] [MotusApiImporter] After enrichFromDetailPage() — engine_capacity_cc=1398, image_urls count=22
[2026-07-24 20:49:30] [MotusApiImporter] findExistingCar() -> EXISTING car id=1644
[2026-07-24 20:49:30] [MotusApiImporter] updateCar() completed for existing id=1644.
[2026-07-24 20:49:30] [MotusApiImporter] --- Processing row 53 (stock/sku: 1446153) ---
[2026-07-24 20:49:30] [MotusApiImporter] parseVehicle() OK — make=VOLKSWAGEN, model=TIGUAN, source_url=https://www.motusvw.co.za/midrand/showroom/625-vwmdf762579/1/, image_urls count=1
[2026-07-24 20:49:32] [MotusApiImporter] After enrichFromDetailPage() — engine_capacity_cc=1395, image_urls count=16
[2026-07-24 20:49:32] [MotusApiImporter] findExistingCar() -> EXISTING car id=1645
[2026-07-24 20:49:32] [MotusApiImporter] updateCar() completed for existing id=1645.
[2026-07-24 20:49:32] [MotusApiImporter] --- Processing row 54 (stock/sku: 1446811) ---
[2026-07-24 20:49:32] [MotusApiImporter] parseVehicle() OK — make=FORD, model=ECOSPORT, source_url=https://www.motusvw.co.za/midrand/showroom/625-vwmdf889981/1/, image_urls count=1
[2026-07-24 20:49:33] [MotusApiImporter] After enrichFromDetailPage() — engine_capacity_cc=999, image_urls count=15
[2026-07-24 20:49:33] [MotusApiImporter] findExistingCar() -> EXISTING car id=1646
[2026-07-24 20:49:33] [MotusApiImporter] updateCar() completed for existing id=1646.
[2026-07-24 20:49:33] [MotusApiImporter] --- Processing row 55 (stock/sku: 1445937) ---
[2026-07-24 20:49:33] [MotusApiImporter] parseVehicle() OK — make=FORD, model=FIGO, source_url=https://www.motusvw.co.za/midrand/showroom/625-vwmdf893195/1/, image_urls count=1
[2026-07-24 20:49:35] [MotusApiImporter] After enrichFromDetailPage() — engine_capacity_cc=1498, image_urls count=18
[2026-07-24 20:49:35] [MotusApiImporter] findExistingCar() -> EXISTING car id=1647
[2026-07-24 20:49:35] [MotusApiImporter] updateCar() completed for existing id=1647.
[2026-07-24 20:49:35] [MotusApiImporter] --- Processing row 56 (stock/sku: 1446382) ---
[2026-07-24 20:49:35] [MotusApiImporter] parseVehicle() OK — make=VOLKSWAGEN, model=AMAROK, source_url=https://www.motusvw.co.za/midrand/showroom/625-vwmdf421690/1/, image_urls count=1
[2026-07-24 20:49:36] [MotusApiImporter] After enrichFromDetailPage() — engine_capacity_cc=2967, image_urls count=17
[2026-07-24 20:49:36] [MotusApiImporter] findExistingCar() -> EXISTING car id=1648
[2026-07-24 20:49:36] [MotusApiImporter] updateCar() completed for existing id=1648.
[2026-07-24 20:49:36] [MotusApiImporter] --- Processing row 57 (stock/sku: 1446801) ---
[2026-07-24 20:49:36] [MotusApiImporter] parseVehicle() OK — make=VOLKSWAGEN, model=T-CROSS, source_url=https://www.motusvw.co.za/midrand/showroom/625-vwmdf423363/2/, image_urls count=1
[2026-07-24 20:49:38] [MotusApiImporter] After enrichFromDetailPage() — engine_capacity_cc=999, image_urls count=15
[2026-07-24 20:49:38] [MotusApiImporter] findExistingCar() -> EXISTING car id=1649
[2026-07-24 20:49:38] [MotusApiImporter] updateCar() completed for existing id=1649.
[2026-07-24 20:49:38] [MotusApiImporter] --- Processing row 58 (stock/sku: 1446410) ---
[2026-07-24 20:49:38] [MotusApiImporter] parseVehicle() OK — make=VOLKSWAGEN, model=TRANSPORTER, source_url=https://www.motusvw.co.za/midrand/showroom/625-vwmdf886408/4/, image_urls count=1
[2026-07-24 20:49:39] [MotusApiImporter] After enrichFromDetailPage() — engine_capacity_cc=1968, image_urls count=17
[2026-07-24 20:49:39] [MotusApiImporter] findExistingCar() -> EXISTING car id=1650
[2026-07-24 20:49:39] [MotusApiImporter] updateCar() completed for existing id=1650.
[2026-07-24 20:49:39] [MotusApiImporter] --- Processing row 59 (stock/sku: 1445899) ---
[2026-07-24 20:49:39] [MotusApiImporter] parseVehicle() OK — make=VOLKSWAGEN, model=TRANSPORTER, source_url=https://www.motusvw.co.za/midrand/showroom/625-vwmdf893863/1/, image_urls count=1
[2026-07-24 20:49:40] [MotusApiImporter] After enrichFromDetailPage() — engine_capacity_cc=1968, image_urls count=19
[2026-07-24 20:49:40] [MotusApiImporter] findExistingCar() -> EXISTING car id=1651
[2026-07-24 20:49:40] [MotusApiImporter] updateCar() completed for existing id=1651.
[2026-07-24 20:49:40] [MotusApiImporter] --- Processing row 60 (stock/sku: 1446142) ---
[2026-07-24 20:49:40] [MotusApiImporter] parseVehicle() OK — make=BMW, model=4 SERIES, source_url=https://www.motusvw.co.za/midrand/showroom/625-vwmdf890748/1/, image_urls count=1
[2026-07-24 20:49:41] [MotusApiImporter] After enrichFromDetailPage() — engine_capacity_cc=2998, image_urls count=24
[2026-07-24 20:49:41] [MotusApiImporter] findExistingCar() -> EXISTING car id=1652
[2026-07-24 20:49:41] [MotusApiImporter] updateCar() completed for existing id=1652.
[2026-07-24 20:49:41] [MotusApiImporter] --- Processing row 61 (stock/sku: 1446010) ---
[2026-07-24 20:49:41] [MotusApiImporter] parseVehicle() OK — make=JAGUAR, model=F-PACE, source_url=https://www.motusvw.co.za/midrand/showroom/625-vwmdf892204/1/, image_urls count=1
[2026-07-24 20:49:43] [MotusApiImporter] After enrichFromDetailPage() — engine_capacity_cc=1997, image_urls count=20
[2026-07-24 20:49:43] [MotusApiImporter] findExistingCar() -> EXISTING car id=1653
[2026-07-24 20:49:43] [MotusApiImporter] updateCar() completed for existing id=1653.
[2026-07-24 20:49:43] [MotusApiImporter] --- Processing row 62 (stock/sku: 1448883) ---
[2026-07-24 20:49:43] [MotusApiImporter] parseVehicle() OK — make=KIA, model=RIO, source_url=https://www.motusvw.co.za/midrand/showroom/625-vwmvusc894215/1/, image_urls count=1
[2026-07-24 20:49:43] [MotusApiImporter] After enrichFromDetailPage() — engine_capacity_cc=1396, image_urls count=16
[2026-07-24 20:49:43] [MotusApiImporter] findExistingCar() -> EXISTING car id=1654
[2026-07-24 20:49:43] [MotusApiImporter] updateCar() completed for existing id=1654.
[2026-07-24 20:49:43] [MotusApiImporter] --- Processing row 63 (stock/sku: 1445715) ---
[2026-07-24 20:49:43] [MotusApiImporter] parseVehicle() OK — make=RENAULT, model=CLIO, source_url=https://www.motusvw.co.za/midrand/showroom/625-vwmdf896334/1/, image_urls count=1
[2026-07-24 20:49:45] [MotusApiImporter] After enrichFromDetailPage() — engine_capacity_cc=999, image_urls count=24
[2026-07-24 20:49:45] [MotusApiImporter] findExistingCar() -> EXISTING car id=1655
[2026-07-24 20:49:45] [MotusApiImporter] updateCar() completed for existing id=1655.
[2026-07-24 20:49:45] [MotusApiImporter] --- Processing row 64 (stock/sku: 1445883) ---
[2026-07-24 20:49:45] [MotusApiImporter] parseVehicle() OK — make=VOLKSWAGEN, model=POLO VIVO, source_url=https://www.motusvw.co.za/midrand/showroom/625-vwmdf894125/2/, image_urls count=1
[2026-07-24 20:49:46] [MotusApiImporter] After enrichFromDetailPage() — engine_capacity_cc=1398, image_urls count=17
[2026-07-24 20:49:46] [MotusApiImporter] findExistingCar() -> EXISTING car id=1656
[2026-07-24 20:49:46] [MotusApiImporter] updateCar() completed for existing id=1656.
[2026-07-24 20:49:46] [MotusApiImporter] --- Processing row 65 (stock/sku: 1445714) ---
[2026-07-24 20:49:46] [MotusApiImporter] parseVehicle() OK — make=VOLKSWAGEN, model=POLO VIVO, source_url=https://www.motusvw.co.za/midrand/showroom/625-vwmdf896260/1/, image_urls count=1
[2026-07-24 20:49:47] [MotusApiImporter] After enrichFromDetailPage() — engine_capacity_cc=1398, image_urls count=24
[2026-07-24 20:49:47] [MotusApiImporter] findExistingCar() -> EXISTING car id=1657
[2026-07-24 20:49:47] [MotusApiImporter] updateCar() completed for existing id=1657.
[2026-07-24 20:49:47] [MotusApiImporter] --- Processing row 66 (stock/sku: 1446735) ---
[2026-07-24 20:49:47] [MotusApiImporter] parseVehicle() OK — make=VOLKSWAGEN, model=TAIGO, source_url=https://www.motusvw.co.za/midrand/showroom/625-vwmdf861673/2/, image_urls count=1
[2026-07-24 20:49:48] [MotusApiImporter] After enrichFromDetailPage() — engine_capacity_cc=999, image_urls count=17
[2026-07-24 20:49:48] [MotusApiImporter] findExistingCar() -> EXISTING car id=1658
[2026-07-24 20:49:48] [MotusApiImporter] updateCar() completed for existing id=1658.
[2026-07-24 20:49:48] [MotusApiImporter] --- Processing row 67 (stock/sku: 1445959) ---
[2026-07-24 20:49:48] [MotusApiImporter] parseVehicle() OK — make=VOLKSWAGEN, model=TRANSPORTER, source_url=https://www.motusvw.co.za/midrand/showroom/625-vwmdf425954/1/, image_urls count=1
[2026-07-24 20:49:50] [MotusApiImporter] After enrichFromDetailPage() — engine_capacity_cc=1968, image_urls count=18
[2026-07-24 20:49:50] [MotusApiImporter] findExistingCar() -> EXISTING car id=1659
[2026-07-24 20:49:50] [MotusApiImporter] updateCar() completed for existing id=1659.
[2026-07-24 20:49:50] [MotusApiImporter] --- Processing row 68 (stock/sku: 1446051) ---
[2026-07-24 20:49:50] [MotusApiImporter] parseVehicle() OK — make=VOLKSWAGEN, model=AMAROK, source_url=https://www.motusvw.co.za/midrand/showroom/625-vwmdf891606/1/, image_urls count=1
[2026-07-24 20:49:50] [MotusApiImporter] Skipped detail-page fetch for stock #1446051 — time budget already exhausted.
[2026-07-24 20:49:50] [MotusApiImporter] After enrichFromDetailPage() — engine_capacity_cc=NULL, image_urls count=1
[2026-07-24 20:49:50] [MotusApiImporter] findExistingCar() -> EXISTING car id=1660
[2026-07-24 20:49:50] [MotusApiImporter] updateCar() completed for existing id=1660.
[2026-07-24 20:49:50] [MotusApiImporter] --- Processing row 69 (stock/sku: 1446086) ---
[2026-07-24 20:49:50] [MotusApiImporter] parseVehicle() OK — make=VOLKSWAGEN, model=POLO, source_url=https://www.motusvw.co.za/midrand/showroom/625-vwmdf891191/1/, image_urls count=1
[2026-07-24 20:49:50] [MotusApiImporter] Skipped detail-page fetch for stock #1446086 — time budget already exhausted.
[2026-07-24 20:49:50] [MotusApiImporter] After enrichFromDetailPage() — engine_capacity_cc=NULL, image_urls count=1
[2026-07-24 20:49:50] [MotusApiImporter] findExistingCar() -> EXISTING car id=1661
[2026-07-24 20:49:50] [MotusApiImporter] updateCar() completed for existing id=1661.
[2026-07-24 20:49:50] [MotusApiImporter] --- Processing row 70 (stock/sku: 1446654) ---
[2026-07-24 20:49:50] [MotusApiImporter] parseVehicle() OK — make=AUDI, model=Q2, source_url=https://www.motusvw.co.za/midrand/showroom/625-vwmdf872129/1/, image_urls count=1
[2026-07-24 20:49:50] [MotusApiImporter] Skipped detail-page fetch for stock #1446654 — time budget already exhausted.
[2026-07-24 20:49:50] [MotusApiImporter] After enrichFromDetailPage() — engine_capacity_cc=NULL, image_urls count=1
[2026-07-24 20:49:50] [MotusApiImporter] findExistingCar() -> EXISTING car id=1662
[2026-07-24 20:49:50] [MotusApiImporter] updateCar() completed for existing id=1662.
[2026-07-24 20:49:50] [MotusApiImporter] --- Processing row 71 (stock/sku: 1449184) ---
[2026-07-24 20:49:50] [MotusApiImporter] parseVehicle() OK — make=FORD, model=RANGER, source_url=https://www.motusvw.co.za/midrand/showroom/625-vwmdf895758/1/, image_urls count=1
[2026-07-24 20:49:50] [MotusApiImporter] Skipped detail-page fetch for stock #1449184 — time budget already exhausted.
[2026-07-24 20:49:50] [MotusApiImporter] After enrichFromDetailPage() — engine_capacity_cc=NULL, image_urls count=1
[2026-07-24 20:49:50] [MotusApiImporter] findExistingCar() -> EXISTING car id=1663
[2026-07-24 20:49:50] [MotusApiImporter] updateCar() completed for existing id=1663.
[2026-07-24 20:49:50] [MotusApiImporter] --- Processing row 72 (stock/sku: 1448032) ---
[2026-07-24 20:49:50] [MotusApiImporter] parseVehicle() OK — make=HYUNDAI, model=GRAND CRETA, source_url=https://www.motusvw.co.za/midrand/showroom/625-vwmvusc853094/1/, image_urls count=1
[2026-07-24 20:49:50] [MotusApiImporter] Skipped detail-page fetch for stock #1448032 — time budget already exhausted.
[2026-07-24 20:49:50] [MotusApiImporter] After enrichFromDetailPage() — engine_capacity_cc=NULL, image_urls count=1
[2026-07-24 20:49:50] [MotusApiImporter] findExistingCar() -> EXISTING car id=1664
[2026-07-24 20:49:50] [MotusApiImporter] updateCar() completed for existing id=1664.
[2026-07-24 20:49:50] [MotusApiImporter] --- Processing row 73 (stock/sku: 1446809) ---
[2026-07-24 20:49:50] [MotusApiImporter] parseVehicle() OK — make=KIA, model=PICANTO, source_url=https://www.motusvw.co.za/midrand/showroom/625-vwmdf894445/1/, image_urls count=1
[2026-07-24 20:49:50] [MotusApiImporter] Skipped detail-page fetch for stock #1446809 — time budget already exhausted.
[2026-07-24 20:49:50] [MotusApiImporter] After enrichFromDetailPage() — engine_capacity_cc=NULL, image_urls count=1
[2026-07-24 20:49:50] [MotusApiImporter] findExistingCar() -> EXISTING car id=1665
[2026-07-24 20:49:50] [MotusApiImporter] updateCar() completed for existing id=1665.
[2026-07-24 20:49:50] [MotusApiImporter] --- Processing row 74 (stock/sku: 1446810) ---
[2026-07-24 20:49:50] [MotusApiImporter] parseVehicle() OK — make=NISSAN, model=MAGNITE, source_url=https://www.motusvw.co.za/midrand/showroom/625-vwmdf894838/1/, image_urls count=1
[2026-07-24 20:49:50] [MotusApiImporter] Skipped detail-page fetch for stock #1446810 — time budget already exhausted.
[2026-07-24 20:49:50] [MotusApiImporter] After enrichFromDetailPage() — engine_capacity_cc=NULL, image_urls count=1
[2026-07-24 20:49:50] [MotusApiImporter] findExistingCar() -> EXISTING car id=1666
[2026-07-24 20:49:50] [MotusApiImporter] updateCar() completed for existing id=1666.
[2026-07-24 20:49:50] [MotusApiImporter] --- Processing row 75 (stock/sku: 1446523) ---
[2026-07-24 20:49:50] [MotusApiImporter] parseVehicle() OK — make=TOYOTA, model=COROLLA CROSS, source_url=https://www.motusvw.co.za/midrand/showroom/625-bm037used896315/1/, image_urls count=1
[2026-07-24 20:49:50] [MotusApiImporter] Skipped detail-page fetch for stock #1446523 — time budget already exhausted.
[2026-07-24 20:49:50] [MotusApiImporter] After enrichFromDetailPage() — engine_capacity_cc=NULL, image_urls count=1
[2026-07-24 20:49:50] [MotusApiImporter] findExistingCar() -> EXISTING car id=1667
[2026-07-24 20:49:50] [MotusApiImporter] updateCar() completed for existing id=1667.
[2026-07-24 20:49:50] [MotusApiImporter] --- Processing row 76 (stock/sku: 1445994) ---
[2026-07-24 20:49:50] [MotusApiImporter] parseVehicle() OK — make=TOYOTA, model=HILUX, source_url=https://www.motusvw.co.za/midrand/showroom/625-vwmdf892356/1/, image_urls count=1
[2026-07-24 20:49:50] [MotusApiImporter] Skipped detail-page fetch for stock #1445994 — time budget already exhausted.
[2026-07-24 20:49:50] [MotusApiImporter] After enrichFromDetailPage() — engine_capacity_cc=NULL, image_urls count=1
[2026-07-24 20:49:50] [MotusApiImporter] findExistingCar() -> EXISTING car id=1668
[2026-07-24 20:49:50] [MotusApiImporter] updateCar() completed for existing id=1668.
[2026-07-24 20:49:50] [MotusApiImporter] --- Processing row 77 (stock/sku: 1446028) ---
[2026-07-24 20:49:50] [MotusApiImporter] parseVehicle() OK — make=VOLKSWAGEN, model=AMAROK, source_url=https://www.motusvw.co.za/midrand/showroom/625-vwmdf850170/1/, image_urls count=1
[2026-07-24 20:49:50] [MotusApiImporter] Skipped detail-page fetch for stock #1446028 — time budget already exhausted.
[2026-07-24 20:49:50] [MotusApiImporter] After enrichFromDetailPage() — engine_capacity_cc=NULL, image_urls count=1
[2026-07-24 20:49:50] [MotusApiImporter] findExistingCar() -> EXISTING car id=1669
[2026-07-24 20:49:50] [MotusApiImporter] updateCar() completed for existing id=1669.
[2026-07-24 20:49:50] [MotusApiImporter] --- Processing row 78 (stock/sku: 1445881) ---
[2026-07-24 20:49:50] [MotusApiImporter] parseVehicle() OK — make=VOLKSWAGEN, model=POLO, source_url=https://www.motusvw.co.za/midrand/showroom/625-vwmdf894037/1/, image_urls count=1
[2026-07-24 20:49:50] [MotusApiImporter] Skipped detail-page fetch for stock #1445881 — time budget already exhausted.
[2026-07-24 20:49:50] [MotusApiImporter] After enrichFromDetailPage() — engine_capacity_cc=NULL, image_urls count=1
[2026-07-24 20:49:50] [MotusApiImporter] findExistingCar() -> EXISTING car id=1670
[2026-07-24 20:49:50] [MotusApiImporter] updateCar() completed for existing id=1670.
[2026-07-24 20:49:50] [MotusApiImporter] --- Processing row 79 (stock/sku: 1446323) ---
[2026-07-24 20:49:50] [MotusApiImporter] parseVehicle() OK — make=VOLKSWAGEN, model=POLO, source_url=https://www.motusvw.co.za/midrand/showroom/625-vwmdf888345/1/, image_urls count=1
[2026-07-24 20:49:50] [MotusApiImporter] Skipped detail-page fetch for stock #1446323 — time budget already exhausted.
[2026-07-24 20:49:50] [MotusApiImporter] After enrichFromDetailPage() — engine_capacity_cc=NULL, image_urls count=1
[2026-07-24 20:49:50] [MotusApiImporter] findExistingCar() -> EXISTING car id=1671
[2026-07-24 20:49:50] [MotusApiImporter] updateCar() completed for existing id=1671.
[2026-07-24 20:49:50] [MotusApiImporter] --- Processing row 80 (stock/sku: 1446790) ---
[2026-07-24 20:49:50] [MotusApiImporter] parseVehicle() OK — make=VOLKSWAGEN, model=T-CROSS, source_url=https://www.motusvw.co.za/midrand/showroom/625-vwmdf839567/1/, image_urls count=1
[2026-07-24 20:49:50] [MotusApiImporter] Skipped detail-page fetch for stock #1446790 — time budget already exhausted.
[2026-07-24 20:49:50] [MotusApiImporter] After enrichFromDetailPage() — engine_capacity_cc=NULL, image_urls count=1
[2026-07-24 20:49:50] [MotusApiImporter] findExistingCar() -> EXISTING car id=1672
[2026-07-24 20:49:50] [MotusApiImporter] updateCar() completed for existing id=1672.
[2026-07-24 20:49:50] [MotusApiImporter] --- Processing row 81 (stock/sku: 1446786) ---
[2026-07-24 20:49:50] [MotusApiImporter] parseVehicle() OK — make=VOLKSWAGEN, model=T-CROSS, source_url=https://www.motusvw.co.za/midrand/showroom/625-vwmdf843717/8/, image_urls count=1
[2026-07-24 20:49:50] [MotusApiImporter] Skipped detail-page fetch for stock #1446786 — time budget already exhausted.
[2026-07-24 20:49:50] [MotusApiImporter] After enrichFromDetailPage() — engine_capacity_cc=NULL, image_urls count=1
[2026-07-24 20:49:50] [MotusApiImporter] findExistingCar() -> EXISTING car id=1673
[2026-07-24 20:49:50] [MotusApiImporter] updateCar() completed for existing id=1673.
[2026-07-24 20:49:50] [MotusApiImporter] --- Processing row 82 (stock/sku: 1445882) ---
[2026-07-24 20:49:50] [MotusApiImporter] parseVehicle() OK — make=VOLKSWAGEN, model=T-ROC, source_url=https://www.motusvw.co.za/midrand/showroom/625-vwmdf894108/1/, image_urls count=1
[2026-07-24 20:49:50] [MotusApiImporter] Skipped detail-page fetch for stock #1445882 — time budget already exhausted.
[2026-07-24 20:49:50] [MotusApiImporter] After enrichFromDetailPage() — engine_capacity_cc=NULL, image_urls count=1
[2026-07-24 20:49:50] [MotusApiImporter] findExistingCar() -> EXISTING car id=1674
[2026-07-24 20:49:50] [MotusApiImporter] updateCar() completed for existing id=1674.
[2026-07-24 20:49:50] [MotusApiImporter] --- Processing row 83 (stock/sku: 1445751) ---
[2026-07-24 20:49:50] [MotusApiImporter] parseVehicle() OK — make=VOLKSWAGEN, model=TAIGO, source_url=https://www.motusvw.co.za/midrand/showroom/625-vwmdf874038/1/, image_urls count=1
[2026-07-24 20:49:50] [MotusApiImporter] Skipped detail-page fetch for stock #1445751 — time budget already exhausted.
[2026-07-24 20:49:50] [MotusApiImporter] After enrichFromDetailPage() — engine_capacity_cc=NULL, image_urls count=1
[2026-07-24 20:49:50] [MotusApiImporter] findExistingCar() -> EXISTING car id=1675
[2026-07-24 20:49:50] [MotusApiImporter] updateCar() completed for existing id=1675.
[2026-07-24 20:49:50] [MotusApiImporter] --- Processing row 84 (stock/sku: 1446249) ---
[2026-07-24 20:49:50] [MotusApiImporter] parseVehicle() OK — make=SUZUKI, model=SWIFT, source_url=https://www.motusvw.co.za/midrand/showroom/625-vwmdf889410/1/, image_urls count=1
[2026-07-24 20:49:50] [MotusApiImporter] Skipped detail-page fetch for stock #1446249 — time budget already exhausted.
[2026-07-24 20:49:50] [MotusApiImporter] After enrichFromDetailPage() — engine_capacity_cc=NULL, image_urls count=1
[2026-07-24 20:49:50] [MotusApiImporter] findExistingCar() -> EXISTING car id=1676
[2026-07-24 20:49:50] [MotusApiImporter] updateCar() completed for existing id=1676.
[2026-07-24 20:49:50] [MotusApiImporter] --- Processing row 85 (stock/sku: 1445799) ---
[2026-07-24 20:49:50] [MotusApiImporter] parseVehicle() OK — make=SUZUKI, model=SWIFT, source_url=https://www.motusvw.co.za/midrand/showroom/625-vwmdf895482/1/, image_urls count=1
[2026-07-24 20:49:50] [MotusApiImporter] Skipped detail-page fetch for stock #1445799 — time budget already exhausted.
[2026-07-24 20:49:50] [MotusApiImporter] After enrichFromDetailPage() — engine_capacity_cc=NULL, image_urls count=1
[2026-07-24 20:49:50] [MotusApiImporter] findExistingCar() -> EXISTING car id=1677
[2026-07-24 20:49:50] [MotusApiImporter] updateCar() completed for existing id=1677.
[2026-07-24 20:49:50] [MotusApiImporter] --- Processing row 86 (stock/sku: 1445871) ---
[2026-07-24 20:49:50] [MotusApiImporter] parseVehicle() OK — make=SUZUKI, model=SWIFT, source_url=https://www.motusvw.co.za/midrand/showroom/625-vwmdf894155/1/, image_urls count=1
[2026-07-24 20:49:50] [MotusApiImporter] Skipped detail-page fetch for stock #1445871 — time budget already exhausted.
[2026-07-24 20:49:50] [MotusApiImporter] After enrichFromDetailPage() — engine_capacity_cc=NULL, image_urls count=1
[2026-07-24 20:49:50] [MotusApiImporter] findExistingCar() -> EXISTING car id=1678
[2026-07-24 20:49:50] [MotusApiImporter] updateCar() completed for existing id=1678.
[2026-07-24 20:49:50] [MotusApiImporter] --- Processing row 87 (stock/sku: 1445800) ---
[2026-07-24 20:49:50] [MotusApiImporter] parseVehicle() OK — make=SUZUKI, model=SWIFT, source_url=https://www.motusvw.co.za/midrand/showroom/625-vwmdf895483/1/, image_urls count=1
[2026-07-24 20:49:50] [MotusApiImporter] Skipped detail-page fetch for stock #1445800 — time budget already exhausted.
[2026-07-24 20:49:50] [MotusApiImporter] After enrichFromDetailPage() — engine_capacity_cc=NULL, image_urls count=1
[2026-07-24 20:49:50] [MotusApiImporter] findExistingCar() -> EXISTING car id=1679
[2026-07-24 20:49:50] [MotusApiImporter] updateCar() completed for existing id=1679.
[2026-07-24 20:49:50] [MotusApiImporter] --- Processing row 88 (stock/sku: 1446293) ---
[2026-07-24 20:49:50] [MotusApiImporter] parseVehicle() OK — make=TOYOTA, model=STARLET, source_url=https://www.motusvw.co.za/midrand/showroom/625-vwmdf888699/1/, image_urls count=1
[2026-07-24 20:49:50] [MotusApiImporter] Skipped detail-page fetch for stock #1446293 — time budget already exhausted.
[2026-07-24 20:49:50] [MotusApiImporter] After enrichFromDetailPage() — engine_capacity_cc=NULL, image_urls count=1
[2026-07-24 20:49:50] [MotusApiImporter] findExistingCar() -> EXISTING car id=1680
[2026-07-24 20:49:50] [MotusApiImporter] updateCar() completed for existing id=1680.
[2026-07-24 20:49:50] [MotusApiImporter] --- Processing row 89 (stock/sku: 1446743) ---
[2026-07-24 20:49:50] [MotusApiImporter] parseVehicle() OK — make=VOLKSWAGEN, model=AMAROK, source_url=https://www.motusvw.co.za/midrand/showroom/625-vwmdf861452/1/, image_urls count=1
[2026-07-24 20:49:50] [MotusApiImporter] Skipped detail-page fetch for stock #1446743 — time budget already exhausted.
[2026-07-24 20:49:50] [MotusApiImporter] After enrichFromDetailPage() — engine_capacity_cc=NULL, image_urls count=1
[2026-07-24 20:49:50] [MotusApiImporter] findExistingCar() -> EXISTING car id=1681
[2026-07-24 20:49:50] [MotusApiImporter] updateCar() completed for existing id=1681.
[2026-07-24 20:49:50] [MotusApiImporter] --- Processing row 90 (stock/sku: 1446558) ---
[2026-07-24 20:49:50] [MotusApiImporter] parseVehicle() OK — make=VOLKSWAGEN, model=POLO, source_url=https://www.motusvw.co.za/midrand/showroom/625-vwmdf876638/1/, image_urls count=1
[2026-07-24 20:49:50] [MotusApiImporter] Skipped detail-page fetch for stock #1446558 — time budget already exhausted.
[2026-07-24 20:49:50] [MotusApiImporter] After enrichFromDetailPage() — engine_capacity_cc=NULL, image_urls count=1
[2026-07-24 20:49:50] [MotusApiImporter] findExistingCar() -> EXISTING car id=1682
[2026-07-24 20:49:50] [MotusApiImporter] updateCar() completed for existing id=1682.
[2026-07-24 20:49:50] [MotusApiImporter] --- Processing row 91 (stock/sku: 1446729) ---
[2026-07-24 20:49:50] [MotusApiImporter] parseVehicle() OK — make=VOLKSWAGEN, model=POLO, source_url=https://www.motusvw.co.za/midrand/showroom/625-vwmdf864742/3/, image_urls count=1
[2026-07-24 20:49:50] [MotusApiImporter] Skipped detail-page fetch for stock #1446729 — time budget already exhausted.
[2026-07-24 20:49:50] [MotusApiImporter] After enrichFromDetailPage() — engine_capacity_cc=NULL, image_urls count=1
[2026-07-24 20:49:50] [MotusApiImporter] findExistingCar() -> EXISTING car id=1683
[2026-07-24 20:49:50] [MotusApiImporter] updateCar() completed for existing id=1683.
[2026-07-24 20:49:50] [MotusApiImporter] --- Processing row 92 (stock/sku: 1446763) ---
[2026-07-24 20:49:50] [MotusApiImporter] parseVehicle() OK — make=VOLKSWAGEN, model=POLO VIVO, source_url=https://www.motusvw.co.za/midrand/showroom/625-vwmdf858161/1/, image_urls count=1
[2026-07-24 20:49:50] [MotusApiImporter] Skipped detail-page fetch for stock #1446763 — time budget already exhausted.
[2026-07-24 20:49:50] [MotusApiImporter] After enrichFromDetailPage() — engine_capacity_cc=NULL, image_urls count=1
[2026-07-24 20:49:50] [MotusApiImporter] findExistingCar() -> EXISTING car id=1684
[2026-07-24 20:49:50] [MotusApiImporter] updateCar() completed for existing id=1684.
[2026-07-24 20:49:50] [MotusApiImporter] --- Processing row 93 (stock/sku: 1446755) ---
[2026-07-24 20:49:50] [MotusApiImporter] parseVehicle() OK — make=VOLKSWAGEN, model=POLO VIVO, source_url=https://www.motusvw.co.za/midrand/showroom/625-vwmdf859179/4/, image_urls count=1
[2026-07-24 20:49:50] [MotusApiImporter] Skipped detail-page fetch for stock #1446755 — time budget already exhausted.
[2026-07-24 20:49:50] [MotusApiImporter] After enrichFromDetailPage() — engine_capacity_cc=NULL, image_urls count=1
[2026-07-24 20:49:50] [MotusApiImporter] findExistingCar() -> EXISTING car id=1685
[2026-07-24 20:49:50] [MotusApiImporter] updateCar() completed for existing id=1685.
[2026-07-24 20:49:50] [MotusApiImporter] --- Processing row 94 (stock/sku: 1446746) ---
[2026-07-24 20:49:50] [MotusApiImporter] parseVehicle() OK — make=VOLKSWAGEN, model=POLO VIVO, source_url=https://www.motusvw.co.za/midrand/showroom/625-vwmdf860907/1/, image_urls count=1
[2026-07-24 20:49:50] [MotusApiImporter] Skipped detail-page fetch for stock #1446746 — time budget already exhausted.
[2026-07-24 20:49:50] [MotusApiImporter] After enrichFromDetailPage() — engine_capacity_cc=NULL, image_urls count=1
[2026-07-24 20:49:50] [MotusApiImporter] findExistingCar() -> EXISTING car id=1686
[2026-07-24 20:49:50] [MotusApiImporter] updateCar() completed for existing id=1686.
[2026-07-24 20:49:50] [MotusApiImporter] --- Processing row 95 (stock/sku: 1446711) ---
[2026-07-24 20:49:50] [MotusApiImporter] parseVehicle() OK — make=VOLKSWAGEN, model=POLO VIVO, source_url=https://www.motusvw.co.za/midrand/showroom/625-vwmdf868173/2/, image_urls count=1
[2026-07-24 20:49:50] [MotusApiImporter] Skipped detail-page fetch for stock #1446711 — time budget already exhausted.
[2026-07-24 20:49:50] [MotusApiImporter] After enrichFromDetailPage() — engine_capacity_cc=NULL, image_urls count=1
[2026-07-24 20:49:50] [MotusApiImporter] findExistingCar() -> EXISTING car id=1687
[2026-07-24 20:49:50] [MotusApiImporter] updateCar() completed for existing id=1687.
[2026-07-24 20:49:50] [MotusApiImporter] --- Processing row 96 (stock/sku: 1446694) ---
[2026-07-24 20:49:50] [MotusApiImporter] parseVehicle() OK — make=VOLKSWAGEN, model=POLO VIVO, source_url=https://www.motusvw.co.za/midrand/showroom/625-vwmdf869665/2/, image_urls count=1
[2026-07-24 20:49:50] [MotusApiImporter] Skipped detail-page fetch for stock #1446694 — time budget already exhausted.
[2026-07-24 20:49:50] [MotusApiImporter] After enrichFromDetailPage() — engine_capacity_cc=NULL, image_urls count=1
[2026-07-24 20:49:50] [MotusApiImporter] findExistingCar() -> EXISTING car id=1688
[2026-07-24 20:49:50] [MotusApiImporter] updateCar() completed for existing id=1688.
[2026-07-24 20:49:50] [MotusApiImporter] --- Processing row 97 (stock/sku: 1446751) ---
[2026-07-24 20:49:50] [MotusApiImporter] parseVehicle() OK — make=VOLKSWAGEN, model=T-CROSS, source_url=https://www.motusvw.co.za/midrand/showroom/625-vwmdf860129/3/, image_urls count=1
[2026-07-24 20:49:50] [MotusApiImporter] Skipped detail-page fetch for stock #1446751 — time budget already exhausted.
[2026-07-24 20:49:50] [MotusApiImporter] After enrichFromDetailPage() — engine_capacity_cc=NULL, image_urls count=1
[2026-07-24 20:49:50] [MotusApiImporter] findExistingCar() -> EXISTING car id=1689
[2026-07-24 20:49:50] [MotusApiImporter] updateCar() completed for existing id=1689.
[2026-07-24 20:49:50] [MotusApiImporter] --- Processing row 98 (stock/sku: 1446720) ---
[2026-07-24 20:49:50] [MotusApiImporter] parseVehicle() OK — make=VOLKSWAGEN, model=TAIGO, source_url=https://www.motusvw.co.za/midrand/showroom/625-vwmdf859177/2/, image_urls count=1
[2026-07-24 20:49:50] [MotusApiImporter] Skipped detail-page fetch for stock #1446720 — time budget already exhausted.
[2026-07-24 20:49:50] [MotusApiImporter] After enrichFromDetailPage() — engine_capacity_cc=NULL, image_urls count=1
[2026-07-24 20:49:50] [MotusApiImporter] findExistingCar() -> EXISTING car id=1690
[2026-07-24 20:49:50] [MotusApiImporter] updateCar() completed for existing id=1690.
[2026-07-24 20:49:50] [MotusApiImporter] --- Processing row 99 (stock/sku: 1446118) ---
[2026-07-24 20:49:50] [MotusApiImporter] parseVehicle() OK — make=MG, model=HS, source_url=https://www.motusvw.co.za/midrand/showroom/625-vwmdf890989/1/, image_urls count=1
[2026-07-24 20:49:50] [MotusApiImporter] Skipped detail-page fetch for stock #1446118 — time budget already exhausted.
[2026-07-24 20:49:50] [MotusApiImporter] After enrichFromDetailPage() — engine_capacity_cc=NULL, image_urls count=1
[2026-07-24 20:49:50] [MotusApiImporter] findExistingCar() -> EXISTING car id=1691
[2026-07-24 20:49:50] [MotusApiImporter] updateCar() completed for existing id=1691.
[2026-07-24 20:49:50] [MotusApiImporter] --- Processing row 100 (stock/sku: 1446119) ---
[2026-07-24 20:49:50] [MotusApiImporter] parseVehicle() OK — make=MG, model=MG3, source_url=https://www.motusvw.co.za/midrand/showroom/625-vwmdf890997/1/, image_urls count=1
[2026-07-24 20:49:50] [MotusApiImporter] Skipped detail-page fetch for stock #1446119 — time budget already exhausted.
[2026-07-24 20:49:50] [MotusApiImporter] After enrichFromDetailPage() — engine_capacity_cc=NULL, image_urls count=1
[2026-07-24 20:49:50] [MotusApiImporter] findExistingCar() -> EXISTING car id=1692
[2026-07-24 20:49:50] [MotusApiImporter] updateCar() completed for existing id=1692.
[2026-07-24 20:49:50] [MotusApiImporter] --- Processing row 101 (stock/sku: 1446188) ---
[2026-07-24 20:49:50] [MotusApiImporter] parseVehicle() OK — make=TATA, model=TIAGO, source_url=https://www.motusvw.co.za/midrand/showroom/625-vwmdf891531/1/, image_urls count=1
[2026-07-24 20:49:50] [MotusApiImporter] Skipped detail-page fetch for stock #1446188 — time budget already exhausted.
[2026-07-24 20:49:50] [MotusApiImporter] After enrichFromDetailPage() — engine_capacity_cc=NULL, image_urls count=1
[2026-07-24 20:49:50] [MotusApiImporter] findExistingCar() -> EXISTING car id=1693
[2026-07-24 20:49:50] [MotusApiImporter] updateCar() completed for existing id=1693.
[2026-07-24 20:49:50] [MotusApiImporter] --- Processing row 102 (stock/sku: 1446482) ---
[2026-07-24 20:49:50] [MotusApiImporter] parseVehicle() OK — make=VOLKSWAGEN, model=AMAROK, source_url=https://www.motusvw.co.za/midrand/showroom/625-vwmdf885078/1/, image_urls count=1
[2026-07-24 20:49:50] [MotusApiImporter] Skipped detail-page fetch for stock #1446482 — time budget already exhausted.
[2026-07-24 20:49:50] [MotusApiImporter] After enrichFromDetailPage() — engine_capacity_cc=NULL, image_urls count=1
[2026-07-24 20:49:50] [MotusApiImporter] findExistingCar() -> EXISTING car id=1694
[2026-07-24 20:49:50] [MotusApiImporter] updateCar() completed for existing id=1694.
[2026-07-24 20:49:50] [MotusApiImporter] --- Processing row 103 (stock/sku: 1446648) ---
[2026-07-24 20:49:50] [MotusApiImporter] parseVehicle() OK — make=VOLKSWAGEN, model=CADDY, source_url=https://www.motusvw.co.za/midrand/showroom/625-vwmdf872377/1/, image_urls count=1
[2026-07-24 20:49:50] [MotusApiImporter] Skipped detail-page fetch for stock #1446648 — time budget already exhausted.
[2026-07-24 20:49:50] [MotusApiImporter] After enrichFromDetailPage() — engine_capacity_cc=NULL, image_urls count=1
[2026-07-24 20:49:50] [MotusApiImporter] findExistingCar() -> EXISTING car id=1695
[2026-07-24 20:49:50] [MotusApiImporter] updateCar() completed for existing id=1695.
[2026-07-24 20:49:50] [MotusApiImporter] --- Processing row 104 (stock/sku: 1445922) ---
[2026-07-24 20:49:50] [MotusApiImporter] parseVehicle() OK — make=VOLKSWAGEN, model=POLO VIVO, source_url=https://www.motusvw.co.za/midrand/showroom/625-vwmdf893350/1/, image_urls count=1
[2026-07-24 20:49:50] [MotusApiImporter] Skipped detail-page fetch for stock #1445922 — time budget already exhausted.
[2026-07-24 20:49:50] [MotusApiImporter] After enrichFromDetailPage() — engine_capacity_cc=NULL, image_urls count=1
[2026-07-24 20:49:50] [MotusApiImporter] findExistingCar() -> EXISTING car id=1696
[2026-07-24 20:49:50] [MotusApiImporter] updateCar() completed for existing id=1696.
[2026-07-24 20:49:50] [MotusApiImporter] --- Processing row 105 (stock/sku: 1446628) ---
[2026-07-24 20:49:50] [MotusApiImporter] parseVehicle() OK — make=VOLKSWAGEN, model=POLO VIVO, source_url=https://www.motusvw.co.za/midrand/showroom/625-vwmdf873548/2/, image_urls count=1
[2026-07-24 20:49:50] [MotusApiImporter] Skipped detail-page fetch for stock #1446628 — time budget already exhausted.
[2026-07-24 20:49:50] [MotusApiImporter] After enrichFromDetailPage() — engine_capacity_cc=NULL, image_urls count=1
[2026-07-24 20:49:50] [MotusApiImporter] findExistingCar() -> EXISTING car id=1697
[2026-07-24 20:49:50] [MotusApiImporter] updateCar() completed for existing id=1697.
[2026-07-24 20:49:50] [MotusApiImporter] --- Processing row 106 (stock/sku: 1446506) ---
[2026-07-24 20:49:50] [MotusApiImporter] parseVehicle() OK — make=VOLKSWAGEN, model=POLO VIVO, source_url=https://www.motusvw.co.za/midrand/showroom/625-vwmdf884657/2/, image_urls count=1
[2026-07-24 20:49:50] [MotusApiImporter] Skipped detail-page fetch for stock #1446506 — time budget already exhausted.
[2026-07-24 20:49:50] [MotusApiImporter] After enrichFromDetailPage() — engine_capacity_cc=NULL, image_urls count=1
[2026-07-24 20:49:50] [MotusApiImporter] findExistingCar() -> EXISTING car id=1698
[2026-07-24 20:49:50] [MotusApiImporter] updateCar() completed for existing id=1698.
[2026-07-24 20:49:50] [MotusApiImporter] --- Processing row 107 (stock/sku: 1446432) ---
[2026-07-24 20:49:50] [MotusApiImporter] parseVehicle() OK — make=VOLKSWAGEN, model=POLO VIVO, source_url=https://www.motusvw.co.za/midrand/showroom/625-vwmdf886086/1/, image_urls count=1
[2026-07-24 20:49:50] [MotusApiImporter] Skipped detail-page fetch for stock #1446432 — time budget already exhausted.
[2026-07-24 20:49:50] [MotusApiImporter] After enrichFromDetailPage() — engine_capacity_cc=NULL, image_urls count=1
[2026-07-24 20:49:50] [MotusApiImporter] findExistingCar() -> EXISTING car id=1699
[2026-07-24 20:49:50] [MotusApiImporter] updateCar() completed for existing id=1699.
[2026-07-24 20:49:50] [MotusApiImporter] --- Processing row 108 (stock/sku: 1446409) ---
[2026-07-24 20:49:50] [MotusApiImporter] parseVehicle() OK — make=VOLKSWAGEN, model=POLO VIVO, source_url=https://www.motusvw.co.za/midrand/showroom/625-vwmdf886385/1/, image_urls count=1
[2026-07-24 20:49:50] [MotusApiImporter] Skipped detail-page fetch for stock #1446409 — time budget already exhausted.
[2026-07-24 20:49:50] [MotusApiImporter] After enrichFromDetailPage() — engine_capacity_cc=NULL, image_urls count=1
[2026-07-24 20:49:50] [MotusApiImporter] findExistingCar() -> EXISTING car id=1700
[2026-07-24 20:49:50] [MotusApiImporter] updateCar() completed for existing id=1700.
[2026-07-24 20:49:50] [MotusApiImporter] --- Processing row 109 (stock/sku: 1446322) ---
[2026-07-24 20:49:50] [MotusApiImporter] parseVehicle() OK — make=VOLKSWAGEN, model=POLO VIVO, source_url=https://www.motusvw.co.za/midrand/showroom/625-vwmdf888339/1/, image_urls count=1
[2026-07-24 20:49:50] [MotusApiImporter] Skipped detail-page fetch for stock #1446322 — time budget already exhausted.
[2026-07-24 20:49:50] [MotusApiImporter] After enrichFromDetailPage() — engine_capacity_cc=NULL, image_urls count=1
[2026-07-24 20:49:50] [MotusApiImporter] findExistingCar() -> EXISTING car id=1701
[2026-07-24 20:49:50] [MotusApiImporter] updateCar() completed for existing id=1701.
[2026-07-24 20:49:50] [MotusApiImporter] --- Processing row 110 (stock/sku: 1446321) ---
[2026-07-24 20:49:50] [MotusApiImporter] parseVehicle() OK — make=VOLKSWAGEN, model=POLO VIVO, source_url=https://www.motusvw.co.za/midrand/showroom/625-vwmdf888337/1/, image_urls count=1
[2026-07-24 20:49:50] [MotusApiImporter] Skipped detail-page fetch for stock #1446321 — time budget already exhausted.
[2026-07-24 20:49:50] [MotusApiImporter] After enrichFromDetailPage() — engine_capacity_cc=NULL, image_urls count=1
[2026-07-24 20:49:50] [MotusApiImporter] findExistingCar() -> EXISTING car id=1702
[2026-07-24 20:49:50] [MotusApiImporter] updateCar() completed for existing id=1702.
[2026-07-24 20:49:50] [MotusApiImporter] --- Processing row 111 (stock/sku: 1446314) ---
[2026-07-24 20:49:50] [MotusApiImporter] parseVehicle() OK — make=VOLKSWAGEN, model=POLO VIVO, source_url=https://www.motusvw.co.za/midrand/showroom/625-vwmdf888462/1/, image_urls count=1
[2026-07-24 20:49:50] [MotusApiImporter] Skipped detail-page fetch for stock #1446314 — time budget already exhausted.
[2026-07-24 20:49:50] [MotusApiImporter] After enrichFromDetailPage() — engine_capacity_cc=NULL, image_urls count=1
[2026-07-24 20:49:50] [MotusApiImporter] findExistingCar() -> EXISTING car id=1703
[2026-07-24 20:49:50] [MotusApiImporter] updateCar() completed for existing id=1703.
[2026-07-24 20:49:50] [MotusApiImporter] --- Processing row 112 (stock/sku: 1446181) ---
[2026-07-24 20:49:50] [MotusApiImporter] parseVehicle() OK — make=VOLKSWAGEN, model=POLO VIVO, source_url=https://www.motusvw.co.za/midrand/showroom/625-vwmdf890179/3/, image_urls count=1
[2026-07-24 20:49:50] [MotusApiImporter] Skipped detail-page fetch for stock #1446181 — time budget already exhausted.
[2026-07-24 20:49:50] [MotusApiImporter] After enrichFromDetailPage() — engine_capacity_cc=NULL, image_urls count=1
[2026-07-24 20:49:50] [MotusApiImporter] findExistingCar() -> EXISTING car id=1704
[2026-07-24 20:49:50] [MotusApiImporter] updateCar() completed for existing id=1704.
[2026-07-24 20:49:50] [MotusApiImporter] --- Processing row 113 (stock/sku: 1449179) ---
[2026-07-24 20:49:50] [MotusApiImporter] parseVehicle() OK — make=VOLKSWAGEN, model=POLO VIVO, source_url=https://www.motusvw.co.za/midrand/showroom/625-vwmdf875858/2/, image_urls count=1
[2026-07-24 20:49:50] [MotusApiImporter] Skipped detail-page fetch for stock #1449179 — time budget already exhausted.
[2026-07-24 20:49:50] [MotusApiImporter] After enrichFromDetailPage() — engine_capacity_cc=NULL, image_urls count=1
[2026-07-24 20:49:50] [MotusApiImporter] findExistingCar() -> EXISTING car id=1705
[2026-07-24 20:49:50] [MotusApiImporter] updateCar() completed for existing id=1705.
[2026-07-24 20:49:50] [MotusApiImporter] --- Processing row 114 (stock/sku: 1446179) ---
[2026-07-24 20:49:50] [MotusApiImporter] parseVehicle() OK — make=VOLKSWAGEN, model=POLO VIVO, source_url=https://www.motusvw.co.za/midrand/showroom/625-vwmdf890169/1/, image_urls count=1
[2026-07-24 20:49:50] [MotusApiImporter] Skipped detail-page fetch for stock #1446179 — time budget already exhausted.
[2026-07-24 20:49:50] [MotusApiImporter] After enrichFromDetailPage() — engine_capacity_cc=NULL, image_urls count=1
[2026-07-24 20:49:50] [MotusApiImporter] findExistingCar() -> EXISTING car id=1706
[2026-07-24 20:49:50] [MotusApiImporter] updateCar() completed for existing id=1706.
[2026-07-24 20:49:50] [MotusApiImporter] --- Processing row 115 (stock/sku: 1446333) ---
[2026-07-24 20:49:50] [MotusApiImporter] parseVehicle() OK — make=VOLKSWAGEN, model=POLO VIVO, source_url=https://www.motusvw.co.za/midrand/showroom/625-vwmdf888093/1/, image_urls count=1
[2026-07-24 20:49:50] [MotusApiImporter] Skipped detail-page fetch for stock #1446333 — time budget already exhausted.
[2026-07-24 20:49:50] [MotusApiImporter] After enrichFromDetailPage() — engine_capacity_cc=NULL, image_urls count=1
[2026-07-24 20:49:50] [MotusApiImporter] findExistingCar() -> EXISTING car id=1707
[2026-07-24 20:49:50] [MotusApiImporter] updateCar() completed for existing id=1707.
[2026-07-24 20:49:50] [MotusApiImporter] --- Processing row 116 (stock/sku: 1446180) ---
[2026-07-24 20:49:50] [MotusApiImporter] parseVehicle() OK — make=VOLKSWAGEN, model=POLO VIVO, source_url=https://www.motusvw.co.za/midrand/showroom/625-vwmdf890170/1/, image_urls count=1
[2026-07-24 20:49:50] [MotusApiImporter] Skipped detail-page fetch for stock #1446180 — time budget already exhausted.
[2026-07-24 20:49:50] [MotusApiImporter] After enrichFromDetailPage() — engine_capacity_cc=NULL, image_urls count=1
[2026-07-24 20:49:50] [MotusApiImporter] findExistingCar() -> EXISTING car id=1708
[2026-07-24 20:49:50] [MotusApiImporter] updateCar() completed for existing id=1708.
[2026-07-24 20:49:50] [MotusApiImporter] --- Processing row 117 (stock/sku: 1446261) ---
[2026-07-24 20:49:50] [MotusApiImporter] parseVehicle() OK — make=VOLKSWAGEN, model=POLO VIVO, source_url=https://www.motusvw.co.za/midrand/showroom/625-vwmdf889143/1/, image_urls count=1
[2026-07-24 20:49:50] [MotusApiImporter] Skipped detail-page fetch for stock #1446261 — time budget already exhausted.
[2026-07-24 20:49:50] [MotusApiImporter] After enrichFromDetailPage() — engine_capacity_cc=NULL, image_urls count=1
[2026-07-24 20:49:50] [MotusApiImporter] findExistingCar() -> EXISTING car id=1709
[2026-07-24 20:49:50] [MotusApiImporter] updateCar() completed for existing id=1709.
[2026-07-24 20:49:50] [MotusApiImporter] --- Processing row 118 (stock/sku: 1446533) ---
[2026-07-24 20:49:50] [MotusApiImporter] parseVehicle() OK — make=VOLKSWAGEN, model=T-CROSS, source_url=https://www.motusvw.co.za/midrand/showroom/625-vwmdf883411/2/, image_urls count=1
[2026-07-24 20:49:50] [MotusApiImporter] Skipped detail-page fetch for stock #1446533 — time budget already exhausted.
[2026-07-24 20:49:50] [MotusApiImporter] After enrichFromDetailPage() — engine_capacity_cc=NULL, image_urls count=1
[2026-07-24 20:49:50] [MotusApiImporter] findExistingCar() -> EXISTING car id=1710
[2026-07-24 20:49:50] [MotusApiImporter] updateCar() completed for existing id=1710.
[2026-07-24 20:49:50] [MotusApiImporter] --- Processing row 119 (stock/sku: 1446610) ---
[2026-07-24 20:49:50] [MotusApiImporter] parseVehicle() OK — make=VOLKSWAGEN, model=TRANSPORTER, source_url=https://www.motusvw.co.za/midrand/showroom/625-vwmdf875570/1/, image_urls count=1
[2026-07-24 20:49:50] [MotusApiImporter] Skipped detail-page fetch for stock #1446610 — time budget already exhausted.
[2026-07-24 20:49:50] [MotusApiImporter] After enrichFromDetailPage() — engine_capacity_cc=NULL, image_urls count=1
[2026-07-24 20:49:50] [MotusApiImporter] findExistingCar() -> EXISTING car id=1711
[2026-07-24 20:49:50] [MotusApiImporter] updateCar() completed for existing id=1711.
[2026-07-24 20:49:50] [MotusApiImporter] sync() FINISHED — {"imported":0,"updated":120,"skipped":0,"failed":0}
[2026-07-24 20:50:10] [MotusApiImporter] sync() STARTED — dealerId=14, sourceRef=https://www.motusvw.co.za/midrand/showroom/
[2026-07-24 20:50:10] [MotusApiImporter] Time budget: 35s, dealerNameFilter="Motus VW Midrand"
[2026-07-24 20:50:11] [MotusApiImporter] crawlDealership() returned 120 row(s) before dealer-name filtering.
[2026-07-24 20:50:11] [MotusApiImporter] After filterByDealerName(): 120 row(s) remain.
[2026-07-24 20:50:11] [MotusApiImporter] 71 vehicle(s) already enriched for this dealer — their detail-page fetch will be skipped this run.
[2026-07-24 20:50:11] [MotusApiImporter] --- Processing row 0 (stock/sku: 1446776) ---
[2026-07-24 20:50:11] [MotusApiImporter] parseVehicle() OK — make=VOLKSWAGEN, model=POLO, source_url=https://www.motusvw.co.za/midrand/showroom/625-vwmdf852273/5/, image_urls count=1
[2026-07-24 20:50:11] [MotusApiImporter] Stock #1446776 already enriched from a previous run — skipping detail-page fetch to save budget for un-enriched vehicles.
[2026-07-24 20:50:11] [MotusApiImporter] findExistingCar() -> EXISTING car id=1592
[2026-07-24 20:50:11] [MotusApiImporter] updateCar() completed for existing id=1592 (enrichment columns left untouched).
[2026-07-24 20:50:11] [MotusApiImporter] --- Processing row 1 (stock/sku: 1446299) ---
[2026-07-24 20:50:11] [MotusApiImporter] parseVehicle() OK — make=VOLKSWAGEN, model=GOLF 8, source_url=https://www.motusvw.co.za/midrand/showroom/625-vwmdf888609/1/, image_urls count=1
[2026-07-24 20:50:11] [MotusApiImporter] Stock #1446299 already enriched from a previous run — skipping detail-page fetch to save budget for un-enriched vehicles.
[2026-07-24 20:50:11] [MotusApiImporter] findExistingCar() -> EXISTING car id=1593
[2026-07-24 20:50:11] [MotusApiImporter] updateCar() completed for existing id=1593 (enrichment columns left untouched).
[2026-07-24 20:50:11] [MotusApiImporter] --- Processing row 2 (stock/sku: 1446532) ---
[2026-07-24 20:50:11] [MotusApiImporter] parseVehicle() OK — make=VOLKSWAGEN, model=POLO, source_url=https://www.motusvw.co.za/midrand/showroom/625-vwmdf883395/1/, image_urls count=1
[2026-07-24 20:50:11] [MotusApiImporter] Stock #1446532 already enriched from a previous run — skipping detail-page fetch to save budget for un-enriched vehicles.
[2026-07-24 20:50:11] [MotusApiImporter] findExistingCar() -> EXISTING car id=1594
[2026-07-24 20:50:11] [MotusApiImporter] updateCar() completed for existing id=1594 (enrichment columns left untouched).
[2026-07-24 20:50:11] [MotusApiImporter] --- Processing row 3 (stock/sku: 1446295) ---
[2026-07-24 20:50:11] [MotusApiImporter] parseVehicle() OK — make=VOLKSWAGEN, model=POLO, source_url=https://www.motusvw.co.za/midrand/showroom/625-vwmdf888735/1/, image_urls count=1
[2026-07-24 20:50:11] [MotusApiImporter] Stock #1446295 already enriched from a previous run — skipping detail-page fetch to save budget for un-enriched vehicles.
[2026-07-24 20:50:11] [MotusApiImporter] findExistingCar() -> EXISTING car id=1595
[2026-07-24 20:50:11] [MotusApiImporter] updateCar() completed for existing id=1595 (enrichment columns left untouched).
[2026-07-24 20:50:11] [MotusApiImporter] --- Processing row 4 (stock/sku: 1446601) ---
[2026-07-24 20:50:11] [MotusApiImporter] parseVehicle() OK — make=VOLKSWAGEN, model=POLO, source_url=https://www.motusvw.co.za/midrand/showroom/625-bm030used887224/1/, image_urls count=1
[2026-07-24 20:50:11] [MotusApiImporter] Stock #1446601 already enriched from a previous run — skipping detail-page fetch to save budget for un-enriched vehicles.
[2026-07-24 20:50:11] [MotusApiImporter] findExistingCar() -> EXISTING car id=1596
[2026-07-24 20:50:11] [MotusApiImporter] updateCar() completed for existing id=1596 (enrichment columns left untouched).
[2026-07-24 20:50:11] [MotusApiImporter] --- Processing row 5 (stock/sku: 1446065) ---
[2026-07-24 20:50:11] [MotusApiImporter] parseVehicle() OK — make=VOLKSWAGEN, model=POLO, source_url=https://www.motusvw.co.za/midrand/showroom/625-vwmdf890975/1/, image_urls count=1
[2026-07-24 20:50:11] [MotusApiImporter] Stock #1446065 already enriched from a previous run — skipping detail-page fetch to save budget for un-enriched vehicles.
[2026-07-24 20:50:11] [MotusApiImporter] findExistingCar() -> EXISTING car id=1597
[2026-07-24 20:50:11] [MotusApiImporter] updateCar() completed for existing id=1597 (enrichment columns left untouched).
[2026-07-24 20:50:11] [MotusApiImporter] --- Processing row 6 (stock/sku: 1446370) ---
[2026-07-24 20:50:11] [MotusApiImporter] parseVehicle() OK — make=VOLKSWAGEN, model=POLO, source_url=https://www.motusvw.co.za/midrand/showroom/625-vwmdf887435/1/, image_urls count=1
[2026-07-24 20:50:11] [MotusApiImporter] Stock #1446370 already enriched from a previous run — skipping detail-page fetch to save budget for un-enriched vehicles.
[2026-07-24 20:50:11] [MotusApiImporter] findExistingCar() -> EXISTING car id=1598
[2026-07-24 20:50:11] [MotusApiImporter] updateCar() completed for existing id=1598 (enrichment columns left untouched).
[2026-07-24 20:50:11] [MotusApiImporter] --- Processing row 7 (stock/sku: 1446517) ---
[2026-07-24 20:50:11] [MotusApiImporter] parseVehicle() OK — make=VOLKSWAGEN, model=POLO VIVO, source_url=https://www.motusvw.co.za/midrand/showroom/625-vwmdf884987/1/, image_urls count=1
[2026-07-24 20:50:11] [MotusApiImporter] Stock #1446517 already enriched from a previous run — skipping detail-page fetch to save budget for un-enriched vehicles.
[2026-07-24 20:50:11] [MotusApiImporter] findExistingCar() -> EXISTING car id=1599
[2026-07-24 20:50:11] [MotusApiImporter] updateCar() completed for existing id=1599 (enrichment columns left untouched).
[2026-07-24 20:50:11] [MotusApiImporter] --- Processing row 8 (stock/sku: 1446115) ---
[2026-07-24 20:50:11] [MotusApiImporter] parseVehicle() OK — make=VOLKSWAGEN, model=POLO VIVO, source_url=https://www.motusvw.co.za/midrand/showroom/625-vwmdf891042/2/, image_urls count=1
[2026-07-24 20:50:11] [MotusApiImporter] Stock #1446115 already enriched from a previous run — skipping detail-page fetch to save budget for un-enriched vehicles.
[2026-07-24 20:50:11] [MotusApiImporter] findExistingCar() -> EXISTING car id=1600
[2026-07-24 20:50:11] [MotusApiImporter] updateCar() completed for existing id=1600 (enrichment columns left untouched).
[2026-07-24 20:50:11] [MotusApiImporter] --- Processing row 9 (stock/sku: 1446589) ---
[2026-07-24 20:50:11] [MotusApiImporter] parseVehicle() OK — make=VOLKSWAGEN, model=POLO VIVO, source_url=https://www.motusvw.co.za/midrand/showroom/625-vwmdf875588/1/, image_urls count=1
[2026-07-24 20:50:11] [MotusApiImporter] Stock #1446589 already enriched from a previous run — skipping detail-page fetch to save budget for un-enriched vehicles.
[2026-07-24 20:50:11] [MotusApiImporter] findExistingCar() -> EXISTING car id=1601
[2026-07-24 20:50:11] [MotusApiImporter] updateCar() completed for existing id=1601 (enrichment columns left untouched).
[2026-07-24 20:50:11] [MotusApiImporter] --- Processing row 10 (stock/sku: 1446083) ---
[2026-07-24 20:50:11] [MotusApiImporter] parseVehicle() OK — make=VOLKSWAGEN, model=T-CROSS, source_url=https://www.motusvw.co.za/midrand/showroom/625-vwmdf891215/1/, image_urls count=1
[2026-07-24 20:50:11] [MotusApiImporter] Stock #1446083 already enriched from a previous run — skipping detail-page fetch to save budget for un-enriched vehicles.
[2026-07-24 20:50:11] [MotusApiImporter] findExistingCar() -> EXISTING car id=1602
[2026-07-24 20:50:11] [MotusApiImporter] updateCar() completed for existing id=1602 (enrichment columns left untouched).
[2026-07-24 20:50:11] [MotusApiImporter] --- Processing row 11 (stock/sku: 1446395) ---
[2026-07-24 20:50:11] [MotusApiImporter] parseVehicle() OK — make=VOLKSWAGEN, model=T-CROSS, source_url=https://www.motusvw.co.za/midrand/showroom/625-vwmdf886830/1/, image_urls count=1
[2026-07-24 20:50:11] [MotusApiImporter] Stock #1446395 already enriched from a previous run — skipping detail-page fetch to save budget for un-enriched vehicles.
[2026-07-24 20:50:11] [MotusApiImporter] findExistingCar() -> EXISTING car id=1603
[2026-07-24 20:50:11] [MotusApiImporter] updateCar() completed for existing id=1603 (enrichment columns left untouched).
[2026-07-24 20:50:11] [MotusApiImporter] --- Processing row 12 (stock/sku: 1446535) ---
[2026-07-24 20:50:11] [MotusApiImporter] parseVehicle() OK — make=VOLKSWAGEN, model=T-ROC, source_url=https://www.motusvw.co.za/midrand/showroom/625-vwmdf883338/1/, image_urls count=1
[2026-07-24 20:50:11] [MotusApiImporter] Stock #1446535 already enriched from a previous run — skipping detail-page fetch to save budget for un-enriched vehicles.
[2026-07-24 20:50:11] [MotusApiImporter] findExistingCar() -> EXISTING car id=1604
[2026-07-24 20:50:11] [MotusApiImporter] updateCar() completed for existing id=1604 (enrichment columns left untouched).
[2026-07-24 20:50:11] [MotusApiImporter] --- Processing row 13 (stock/sku: 1446315) ---
[2026-07-24 20:50:11] [MotusApiImporter] parseVehicle() OK — make=VOLKSWAGEN, model=T-ROC, source_url=https://www.motusvw.co.za/midrand/showroom/625-vwmdf888464/1/, image_urls count=1
[2026-07-24 20:50:11] [MotusApiImporter] Stock #1446315 already enriched from a previous run — skipping detail-page fetch to save budget for un-enriched vehicles.
[2026-07-24 20:50:11] [MotusApiImporter] findExistingCar() -> EXISTING car id=1605
[2026-07-24 20:50:11] [MotusApiImporter] updateCar() completed for existing id=1605 (enrichment columns left untouched).
[2026-07-24 20:50:11] [MotusApiImporter] --- Processing row 14 (stock/sku: 1446599) ---
[2026-07-24 20:50:11] [MotusApiImporter] parseVehicle() OK — make=VOLKSWAGEN, model=TIGUAN, source_url=https://www.motusvw.co.za/midrand/showroom/625-vwmdf875100/1/, image_urls count=1
[2026-07-24 20:50:11] [MotusApiImporter] Stock #1446599 already enriched from a previous run — skipping detail-page fetch to save budget for un-enriched vehicles.
[2026-07-24 20:50:11] [MotusApiImporter] findExistingCar() -> EXISTING car id=1606
[2026-07-24 20:50:11] [MotusApiImporter] updateCar() completed for existing id=1606 (enrichment columns left untouched).
[2026-07-24 20:50:11] [MotusApiImporter] --- Processing row 15 (stock/sku: 1446192) ---
[2026-07-24 20:50:11] [MotusApiImporter] parseVehicle() OK — make=VOLKSWAGEN, model=TIGUAN, source_url=https://www.motusvw.co.za/midrand/showroom/625-vwmdf890088/2/, image_urls count=1
[2026-07-24 20:50:11] [MotusApiImporter] Stock #1446192 already enriched from a previous run — skipping detail-page fetch to save budget for un-enriched vehicles.
[2026-07-24 20:50:11] [MotusApiImporter] findExistingCar() -> EXISTING car id=1607
[2026-07-24 20:50:11] [MotusApiImporter] updateCar() completed for existing id=1607 (enrichment columns left untouched).
[2026-07-24 20:50:11] [MotusApiImporter] --- Processing row 16 (stock/sku: 1446143) ---
[2026-07-24 20:50:11] [MotusApiImporter] parseVehicle() OK — make=VOLKSWAGEN, model=TIGUAN, source_url=https://www.motusvw.co.za/midrand/showroom/625-vwmdf890778/1/, image_urls count=1
[2026-07-24 20:50:11] [MotusApiImporter] Stock #1446143 already enriched from a previous run — skipping detail-page fetch to save budget for un-enriched vehicles.
[2026-07-24 20:50:11] [MotusApiImporter] findExistingCar() -> EXISTING car id=1608
[2026-07-24 20:50:11] [MotusApiImporter] updateCar() completed for existing id=1608 (enrichment columns left untouched).
[2026-07-24 20:50:11] [MotusApiImporter] --- Processing row 17 (stock/sku: 1446000) ---
[2026-07-24 20:50:11] [MotusApiImporter] parseVehicle() OK — make=VOLKSWAGEN, model=GOLF, source_url=https://www.motusvw.co.za/midrand/showroom/625-vwmdf892223/0/, image_urls count=1
[2026-07-24 20:50:11] [MotusApiImporter] Stock #1446000 already enriched from a previous run — skipping detail-page fetch to save budget for un-enriched vehicles.
[2026-07-24 20:50:11] [MotusApiImporter] findExistingCar() -> EXISTING car id=1609
[2026-07-24 20:50:11] [MotusApiImporter] updateCar() completed for existing id=1609 (enrichment columns left untouched).
[2026-07-24 20:50:11] [MotusApiImporter] --- Processing row 18 (stock/sku: 1445980) ---
[2026-07-24 20:50:11] [MotusApiImporter] parseVehicle() OK — make=VOLKSWAGEN, model=GOLF 8, source_url=https://www.motusvw.co.za/midrand/showroom/625-vwmdf892557/0/, image_urls count=1
[2026-07-24 20:50:11] [MotusApiImporter] Stock #1445980 already enriched from a previous run — skipping detail-page fetch to save budget for un-enriched vehicles.
[2026-07-24 20:50:11] [MotusApiImporter] findExistingCar() -> EXISTING car id=1610
[2026-07-24 20:50:11] [MotusApiImporter] updateCar() completed for existing id=1610 (enrichment columns left untouched).
[2026-07-24 20:50:11] [MotusApiImporter] --- Processing row 19 (stock/sku: 1446122) ---
[2026-07-24 20:50:11] [MotusApiImporter] parseVehicle() OK — make=VOLKSWAGEN, model=GOLF 8, source_url=https://www.motusvw.co.za/midrand/showroom/625-vwmdf890926/0/, image_urls count=1
[2026-07-24 20:50:11] [MotusApiImporter] Stock #1446122 already enriched from a previous run — skipping detail-page fetch to save budget for un-enriched vehicles.
[2026-07-24 20:50:11] [MotusApiImporter] findExistingCar() -> EXISTING car id=1611
[2026-07-24 20:50:11] [MotusApiImporter] updateCar() completed for existing id=1611 (enrichment columns left untouched).
[2026-07-24 20:50:11] [MotusApiImporter] --- Processing row 20 (stock/sku: 1446022) ---
[2026-07-24 20:50:11] [MotusApiImporter] parseVehicle() OK — make=VOLKSWAGEN, model=GOLF 8, source_url=https://www.motusvw.co.za/midrand/showroom/625-vwmdf892077/0/, image_urls count=1
[2026-07-24 20:50:11] [MotusApiImporter] Stock #1446022 already enriched from a previous run — skipping detail-page fetch to save budget for un-enriched vehicles.
[2026-07-24 20:50:11] [MotusApiImporter] findExistingCar() -> EXISTING car id=1612
[2026-07-24 20:50:11] [MotusApiImporter] updateCar() completed for existing id=1612 (enrichment columns left untouched).
[2026-07-24 20:50:11] [MotusApiImporter] --- Processing row 21 (stock/sku: 1446049) ---
[2026-07-24 20:50:11] [MotusApiImporter] parseVehicle() OK — make=VOLKSWAGEN, model=GOLF 8, source_url=https://www.motusvw.co.za/midrand/showroom/625-vwmdf892214/0/, image_urls count=1
[2026-07-24 20:50:11] [MotusApiImporter] Stock #1446049 already enriched from a previous run — skipping detail-page fetch to save budget for un-enriched vehicles.
[2026-07-24 20:50:11] [MotusApiImporter] findExistingCar() -> EXISTING car id=1613
[2026-07-24 20:50:11] [MotusApiImporter] updateCar() completed for existing id=1613 (enrichment columns left untouched).
[2026-07-24 20:50:11] [MotusApiImporter] --- Processing row 22 (stock/sku: 1446001) ---
[2026-07-24 20:50:11] [MotusApiImporter] parseVehicle() OK — make=VOLKSWAGEN, model=GOLF 8, source_url=https://www.motusvw.co.za/midrand/showroom/625-vwmdf892266/0/, image_urls count=1
[2026-07-24 20:50:11] [MotusApiImporter] Stock #1446001 already enriched from a previous run — skipping detail-page fetch to save budget for un-enriched vehicles.
[2026-07-24 20:50:11] [MotusApiImporter] findExistingCar() -> EXISTING car id=1614
[2026-07-24 20:50:11] [MotusApiImporter] updateCar() completed for existing id=1614 (enrichment columns left untouched).
[2026-07-24 20:50:11] [MotusApiImporter] --- Processing row 23 (stock/sku: 1446356) ---
[2026-07-24 20:50:11] [MotusApiImporter] parseVehicle() OK — make=VOLKSWAGEN, model=POLO, source_url=https://www.motusvw.co.za/midrand/showroom/625-vwmdf887866/0/, image_urls count=1
[2026-07-24 20:50:11] [MotusApiImporter] Stock #1446356 already enriched from a previous run — skipping detail-page fetch to save budget for un-enriched vehicles.
[2026-07-24 20:50:11] [MotusApiImporter] findExistingCar() -> EXISTING car id=1615
[2026-07-24 20:50:11] [MotusApiImporter] updateCar() completed for existing id=1615 (enrichment columns left untouched).
[2026-07-24 20:50:11] [MotusApiImporter] --- Processing row 24 (stock/sku: 1446129) ---
[2026-07-24 20:50:11] [MotusApiImporter] parseVehicle() OK — make=VOLKSWAGEN, model=POLO, source_url=https://www.motusvw.co.za/midrand/showroom/625-vwmdf890824/0/, image_urls count=1
[2026-07-24 20:50:11] [MotusApiImporter] Stock #1446129 already enriched from a previous run — skipping detail-page fetch to save budget for un-enriched vehicles.
[2026-07-24 20:50:11] [MotusApiImporter] findExistingCar() -> EXISTING car id=1616
[2026-07-24 20:50:11] [MotusApiImporter] updateCar() completed for existing id=1616 (enrichment columns left untouched).
[2026-07-24 20:50:11] [MotusApiImporter] --- Processing row 25 (stock/sku: 1445964) ---
[2026-07-24 20:50:11] [MotusApiImporter] parseVehicle() OK — make=VOLKSWAGEN, model=POLO, source_url=https://www.motusvw.co.za/midrand/showroom/625-vwmdf892733/0/, image_urls count=1
[2026-07-24 20:50:11] [MotusApiImporter] Stock #1445964 already enriched from a previous run — skipping detail-page fetch to save budget for un-enriched vehicles.
[2026-07-24 20:50:11] [MotusApiImporter] findExistingCar() -> EXISTING car id=1617
[2026-07-24 20:50:11] [MotusApiImporter] updateCar() completed for existing id=1617 (enrichment columns left untouched).
[2026-07-24 20:50:11] [MotusApiImporter] --- Processing row 26 (stock/sku: 1446127) ---
[2026-07-24 20:50:11] [MotusApiImporter] parseVehicle() OK — make=VOLKSWAGEN, model=POLO, source_url=https://www.motusvw.co.za/midrand/showroom/625-vwmdf890793/0/, image_urls count=1
[2026-07-24 20:50:11] [MotusApiImporter] Stock #1446127 already enriched from a previous run — skipping detail-page fetch to save budget for un-enriched vehicles.
[2026-07-24 20:50:11] [MotusApiImporter] findExistingCar() -> EXISTING car id=1618
[2026-07-24 20:50:11] [MotusApiImporter] updateCar() completed for existing id=1618 (enrichment columns left untouched).
[2026-07-24 20:50:11] [MotusApiImporter] --- Processing row 27 (stock/sku: 1446009) ---
[2026-07-24 20:50:11] [MotusApiImporter] parseVehicle() OK — make=VOLKSWAGEN, model=POLO, source_url=https://www.motusvw.co.za/midrand/showroom/625-vwmdf892148/0/, image_urls count=1
[2026-07-24 20:50:11] [MotusApiImporter] Stock #1446009 already enriched from a previous run — skipping detail-page fetch to save budget for un-enriched vehicles.
[2026-07-24 20:50:11] [MotusApiImporter] findExistingCar() -> EXISTING car id=1619
[2026-07-24 20:50:11] [MotusApiImporter] updateCar() completed for existing id=1619 (enrichment columns left untouched).
[2026-07-24 20:50:11] [MotusApiImporter] --- Processing row 28 (stock/sku: 1445944) ---
[2026-07-24 20:50:11] [MotusApiImporter] parseVehicle() OK — make=VOLKSWAGEN, model=POLO, source_url=https://www.motusvw.co.za/midrand/showroom/625-vwmdf893079/0/, image_urls count=1
[2026-07-24 20:50:11] [MotusApiImporter] Stock #1445944 already enriched from a previous run — skipping detail-page fetch to save budget for un-enriched vehicles.
[2026-07-24 20:50:11] [MotusApiImporter] findExistingCar() -> EXISTING car id=1620
[2026-07-24 20:50:11] [MotusApiImporter] updateCar() completed for existing id=1620 (enrichment columns left untouched).
[2026-07-24 20:50:11] [MotusApiImporter] --- Processing row 29 (stock/sku: 1445929) ---
[2026-07-24 20:50:11] [MotusApiImporter] parseVehicle() OK — make=VOLKSWAGEN, model=POLO, source_url=https://www.motusvw.co.za/midrand/showroom/625-vwmdf893255/0/, image_urls count=1
[2026-07-24 20:50:11] [MotusApiImporter] Stock #1445929 already enriched from a previous run — skipping detail-page fetch to save budget for un-enriched vehicles.
[2026-07-24 20:50:11] [MotusApiImporter] findExistingCar() -> EXISTING car id=1621
[2026-07-24 20:50:11] [MotusApiImporter] updateCar() completed for existing id=1621 (enrichment columns left untouched).
[2026-07-24 20:50:11] [MotusApiImporter] --- Processing row 30 (stock/sku: 1445930) ---
[2026-07-24 20:50:11] [MotusApiImporter] parseVehicle() OK — make=VOLKSWAGEN, model=POLO, source_url=https://www.motusvw.co.za/midrand/showroom/625-vwmdf893267/0/, image_urls count=1
[2026-07-24 20:50:11] [MotusApiImporter] Stock #1445930 already enriched from a previous run — skipping detail-page fetch to save budget for un-enriched vehicles.
[2026-07-24 20:50:11] [MotusApiImporter] findExistingCar() -> EXISTING car id=1622
[2026-07-24 20:50:11] [MotusApiImporter] updateCar() completed for existing id=1622 (enrichment columns left untouched).
[2026-07-24 20:50:11] [MotusApiImporter] --- Processing row 31 (stock/sku: 1446008) ---
[2026-07-24 20:50:11] [MotusApiImporter] parseVehicle() OK — make=VOLKSWAGEN, model=POLO, source_url=https://www.motusvw.co.za/midrand/showroom/625-vwmdf892145/0/, image_urls count=1
[2026-07-24 20:50:11] [MotusApiImporter] Stock #1446008 already enriched from a previous run — skipping detail-page fetch to save budget for un-enriched vehicles.
[2026-07-24 20:50:11] [MotusApiImporter] findExistingCar() -> EXISTING car id=1623
[2026-07-24 20:50:11] [MotusApiImporter] updateCar() completed for existing id=1623 (enrichment columns left untouched).
[2026-07-24 20:50:11] [MotusApiImporter] --- Processing row 32 (stock/sku: 1445928) ---
[2026-07-24 20:50:11] [MotusApiImporter] parseVehicle() OK — make=VOLKSWAGEN, model=POLO, source_url=https://www.motusvw.co.za/midrand/showroom/625-vwmdf893252/0/, image_urls count=1
[2026-07-24 20:50:11] [MotusApiImporter] Stock #1445928 already enriched from a previous run — skipping detail-page fetch to save budget for un-enriched vehicles.
[2026-07-24 20:50:11] [MotusApiImporter] findExistingCar() -> EXISTING car id=1624
[2026-07-24 20:50:11] [MotusApiImporter] updateCar() completed for existing id=1624 (enrichment columns left untouched).
[2026-07-24 20:50:11] [MotusApiImporter] --- Processing row 33 (stock/sku: 1445915) ---
[2026-07-24 20:50:11] [MotusApiImporter] parseVehicle() OK — make=VOLKSWAGEN, model=POLO, source_url=https://www.motusvw.co.za/midrand/showroom/625-vwmdf893516/0/, image_urls count=1
[2026-07-24 20:50:11] [MotusApiImporter] Stock #1445915 already enriched from a previous run — skipping detail-page fetch to save budget for un-enriched vehicles.
[2026-07-24 20:50:11] [MotusApiImporter] findExistingCar() -> EXISTING car id=1625
[2026-07-24 20:50:11] [MotusApiImporter] updateCar() completed for existing id=1625 (enrichment columns left untouched).
[2026-07-24 20:50:11] [MotusApiImporter] --- Processing row 34 (stock/sku: 1445966) ---
[2026-07-24 20:50:11] [MotusApiImporter] parseVehicle() OK — make=VOLKSWAGEN, model=POLO, source_url=https://www.motusvw.co.za/midrand/showroom/625-vwmdf892527/0/, image_urls count=1
[2026-07-24 20:50:11] [MotusApiImporter] Stock #1445966 already enriched from a previous run — skipping detail-page fetch to save budget for un-enriched vehicles.
[2026-07-24 20:50:11] [MotusApiImporter] findExistingCar() -> EXISTING car id=1626
[2026-07-24 20:50:11] [MotusApiImporter] updateCar() completed for existing id=1626 (enrichment columns left untouched).
[2026-07-24 20:50:11] [MotusApiImporter] --- Processing row 35 (stock/sku: 1445835) ---
[2026-07-24 20:50:11] [MotusApiImporter] parseVehicle() OK — make=VOLKSWAGEN, model=POLO, source_url=https://www.motusvw.co.za/midrand/showroom/625-vwmdf894547/0/, image_urls count=1
[2026-07-24 20:50:11] [MotusApiImporter] Stock #1445835 already enriched from a previous run — skipping detail-page fetch to save budget for un-enriched vehicles.
[2026-07-24 20:50:11] [MotusApiImporter] findExistingCar() -> EXISTING car id=1627
[2026-07-24 20:50:11] [MotusApiImporter] updateCar() completed for existing id=1627 (enrichment columns left untouched).
[2026-07-24 20:50:11] [MotusApiImporter] --- Processing row 36 (stock/sku: 1445857) ---
[2026-07-24 20:50:11] [MotusApiImporter] parseVehicle() OK — make=VOLKSWAGEN, model=POLO VIVO, source_url=https://www.motusvw.co.za/midrand/showroom/625-vwmdf894310/0/, image_urls count=1
[2026-07-24 20:50:11] [MotusApiImporter] Stock #1445857 already enriched from a previous run — skipping detail-page fetch to save budget for un-enriched vehicles.
[2026-07-24 20:50:11] [MotusApiImporter] findExistingCar() -> EXISTING car id=1628
[2026-07-24 20:50:11] [MotusApiImporter] updateCar() completed for existing id=1628 (enrichment columns left untouched).
[2026-07-24 20:50:11] [MotusApiImporter] --- Processing row 37 (stock/sku: 1445858) ---
[2026-07-24 20:50:11] [MotusApiImporter] parseVehicle() OK — make=VOLKSWAGEN, model=POLO VIVO, source_url=https://www.motusvw.co.za/midrand/showroom/625-vwmdf894316/0/, image_urls count=1
[2026-07-24 20:50:11] [MotusApiImporter] Stock #1445858 already enriched from a previous run — skipping detail-page fetch to save budget for un-enriched vehicles.
[2026-07-24 20:50:11] [MotusApiImporter] findExistingCar() -> EXISTING car id=1629
[2026-07-24 20:50:11] [MotusApiImporter] updateCar() completed for existing id=1629 (enrichment columns left untouched).
[2026-07-24 20:50:11] [MotusApiImporter] --- Processing row 38 (stock/sku: 1446130) ---
[2026-07-24 20:50:11] [MotusApiImporter] parseVehicle() OK — make=VOLKSWAGEN, model=POLO VIVO, source_url=https://www.motusvw.co.za/midrand/showroom/625-vwmdf890905/0/, image_urls count=1
[2026-07-24 20:50:11] [MotusApiImporter] Stock #1446130 already enriched from a previous run — skipping detail-page fetch to save budget for un-enriched vehicles.
[2026-07-24 20:50:11] [MotusApiImporter] findExistingCar() -> EXISTING car id=1630
[2026-07-24 20:50:11] [MotusApiImporter] updateCar() completed for existing id=1630 (enrichment columns left untouched).
[2026-07-24 20:50:11] [MotusApiImporter] --- Processing row 39 (stock/sku: 1445963) ---
[2026-07-24 20:50:11] [MotusApiImporter] parseVehicle() OK — make=VOLKSWAGEN, model=T-CROSS, source_url=https://www.motusvw.co.za/midrand/showroom/625-vwmdf892729/0/, image_urls count=1
[2026-07-24 20:50:11] [MotusApiImporter] Stock #1445963 already enriched from a previous run — skipping detail-page fetch to save budget for un-enriched vehicles.
[2026-07-24 20:50:11] [MotusApiImporter] findExistingCar() -> EXISTING car id=1631
[2026-07-24 20:50:11] [MotusApiImporter] updateCar() completed for existing id=1631 (enrichment columns left untouched).
[2026-07-24 20:50:11] [MotusApiImporter] --- Processing row 40 (stock/sku: 1445833) ---
[2026-07-24 20:50:11] [MotusApiImporter] parseVehicle() OK — make=VOLKSWAGEN, model=T-CROSS, source_url=https://www.motusvw.co.za/midrand/showroom/625-vwmdf895060/0/, image_urls count=1
[2026-07-24 20:50:11] [MotusApiImporter] Stock #1445833 already enriched from a previous run — skipping detail-page fetch to save budget for un-enriched vehicles.
[2026-07-24 20:50:11] [MotusApiImporter] findExistingCar() -> EXISTING car id=1632
[2026-07-24 20:50:11] [MotusApiImporter] updateCar() completed for existing id=1632 (enrichment columns left untouched).
[2026-07-24 20:50:11] [MotusApiImporter] --- Processing row 41 (stock/sku: 1445916) ---
[2026-07-24 20:50:11] [MotusApiImporter] parseVehicle() OK — make=VOLKSWAGEN, model=T-CROSS, source_url=https://www.motusvw.co.za/midrand/showroom/625-vwmdf893597/0/, image_urls count=1
[2026-07-24 20:50:11] [MotusApiImporter] Stock #1445916 already enriched from a previous run — skipping detail-page fetch to save budget for un-enriched vehicles.
[2026-07-24 20:50:11] [MotusApiImporter] findExistingCar() -> EXISTING car id=1633
[2026-07-24 20:50:11] [MotusApiImporter] updateCar() completed for existing id=1633 (enrichment columns left untouched).
[2026-07-24 20:50:11] [MotusApiImporter] --- Processing row 42 (stock/sku: 1445895) ---
[2026-07-24 20:50:11] [MotusApiImporter] parseVehicle() OK — make=VOLKSWAGEN, model=T-CROSS, source_url=https://www.motusvw.co.za/midrand/showroom/625-vwmdf894000/0/, image_urls count=1
[2026-07-24 20:50:11] [MotusApiImporter] Stock #1445895 already enriched from a previous run — skipping detail-page fetch to save budget for un-enriched vehicles.
[2026-07-24 20:50:11] [MotusApiImporter] findExistingCar() -> EXISTING car id=1634
[2026-07-24 20:50:11] [MotusApiImporter] updateCar() completed for existing id=1634 (enrichment columns left untouched).
[2026-07-24 20:50:11] [MotusApiImporter] --- Processing row 43 (stock/sku: 1445907) ---
[2026-07-24 20:50:11] [MotusApiImporter] parseVehicle() OK — make=VOLKSWAGEN, model=TIGUAN, source_url=https://www.motusvw.co.za/midrand/showroom/625-vwmdf893709/0/, image_urls count=1
[2026-07-24 20:50:11] [MotusApiImporter] Stock #1445907 already enriched from a previous run — skipping detail-page fetch to save budget for un-enriched vehicles.
[2026-07-24 20:50:11] [MotusApiImporter] findExistingCar() -> EXISTING car id=1635
[2026-07-24 20:50:11] [MotusApiImporter] updateCar() completed for existing id=1635 (enrichment columns left untouched).
[2026-07-24 20:50:11] [MotusApiImporter] --- Processing row 44 (stock/sku: 1446283) ---
[2026-07-24 20:50:11] [MotusApiImporter] parseVehicle() OK — make=VOLKSWAGEN, model=TIGUAN, source_url=https://www.motusvw.co.za/midrand/showroom/625-vwmdf888104/0/, image_urls count=1
[2026-07-24 20:50:11] [MotusApiImporter] Stock #1446283 already enriched from a previous run — skipping detail-page fetch to save budget for un-enriched vehicles.
[2026-07-24 20:50:11] [MotusApiImporter] findExistingCar() -> EXISTING car id=1636
[2026-07-24 20:50:11] [MotusApiImporter] updateCar() completed for existing id=1636 (enrichment columns left untouched).
[2026-07-24 20:50:11] [MotusApiImporter] --- Processing row 45 (stock/sku: 1446223) ---
[2026-07-24 20:50:11] [MotusApiImporter] parseVehicle() OK — make=JEEP, model=RENEGADE, source_url=https://www.motusvw.co.za/midrand/showroom/625-vwmdf889687/1/, image_urls count=1
[2026-07-24 20:50:11] [MotusApiImporter] Stock #1446223 already enriched from a previous run — skipping detail-page fetch to save budget for un-enriched vehicles.
[2026-07-24 20:50:11] [MotusApiImporter] findExistingCar() -> EXISTING car id=1637
[2026-07-24 20:50:11] [MotusApiImporter] updateCar() completed for existing id=1637 (enrichment columns left untouched).
[2026-07-24 20:50:11] [MotusApiImporter] --- Processing row 46 (stock/sku: 1445923) ---
[2026-07-24 20:50:11] [MotusApiImporter] parseVehicle() OK — make=BMW, model=2 SERIES, source_url=https://www.motusvw.co.za/midrand/showroom/625-vwmdf893379/1/, image_urls count=1
[2026-07-24 20:50:11] [MotusApiImporter] Stock #1445923 already enriched from a previous run — skipping detail-page fetch to save budget for un-enriched vehicles.
[2026-07-24 20:50:11] [MotusApiImporter] findExistingCar() -> EXISTING car id=1638
[2026-07-24 20:50:11] [MotusApiImporter] updateCar() completed for existing id=1638 (enrichment columns left untouched).
[2026-07-24 20:50:11] [MotusApiImporter] --- Processing row 47 (stock/sku: 1445943) ---
[2026-07-24 20:50:11] [MotusApiImporter] parseVehicle() OK — make=FORD, model=ECOSPORT, source_url=https://www.motusvw.co.za/midrand/showroom/625-vwmdf893075/1/, image_urls count=1
[2026-07-24 20:50:11] [MotusApiImporter] Stock #1445943 already enriched from a previous run — skipping detail-page fetch to save budget for un-enriched vehicles.
[2026-07-24 20:50:11] [MotusApiImporter] findExistingCar() -> EXISTING car id=1639
[2026-07-24 20:50:11] [MotusApiImporter] updateCar() completed for existing id=1639 (enrichment columns left untouched).
[2026-07-24 20:50:11] [MotusApiImporter] --- Processing row 48 (stock/sku: 1446850) ---
[2026-07-24 20:50:11] [MotusApiImporter] parseVehicle() OK — make=VOLKSWAGEN, model=POLO, source_url=https://www.motusvw.co.za/midrand/showroom/625-vwmdf258260/1/, image_urls count=1
[2026-07-24 20:50:11] [MotusApiImporter] Stock #1446850 already enriched from a previous run — skipping detail-page fetch to save budget for un-enriched vehicles.
[2026-07-24 20:50:11] [MotusApiImporter] findExistingCar() -> EXISTING car id=1640
[2026-07-24 20:50:11] [MotusApiImporter] updateCar() completed for existing id=1640 (enrichment columns left untouched).
[2026-07-24 20:50:11] [MotusApiImporter] --- Processing row 49 (stock/sku: 1446505) ---
[2026-07-24 20:50:11] [MotusApiImporter] parseVehicle() OK — make=VOLKSWAGEN, model=POLO VIVO, source_url=https://www.motusvw.co.za/midrand/showroom/625-vwmdf608385/2/, image_urls count=1
[2026-07-24 20:50:11] [MotusApiImporter] Stock #1446505 already enriched from a previous run — skipping detail-page fetch to save budget for un-enriched vehicles.
[2026-07-24 20:50:11] [MotusApiImporter] findExistingCar() -> EXISTING car id=1641
[2026-07-24 20:50:11] [MotusApiImporter] updateCar() completed for existing id=1641 (enrichment columns left untouched).
[2026-07-24 20:50:11] [MotusApiImporter] --- Processing row 50 (stock/sku: 1446800) ---
[2026-07-24 20:50:11] [MotusApiImporter] parseVehicle() OK — make=VOLKSWAGEN, model=TIGUAN, source_url=https://www.motusvw.co.za/midrand/showroom/625-vwmdf829969/1/, image_urls count=1
[2026-07-24 20:50:11] [MotusApiImporter] Stock #1446800 already enriched from a previous run — skipping detail-page fetch to save budget for un-enriched vehicles.
[2026-07-24 20:50:11] [MotusApiImporter] findExistingCar() -> EXISTING car id=1642
[2026-07-24 20:50:11] [MotusApiImporter] updateCar() completed for existing id=1642 (enrichment columns left untouched).
[2026-07-24 20:50:11] [MotusApiImporter] --- Processing row 51 (stock/sku: 1446792) ---
[2026-07-24 20:50:11] [MotusApiImporter] parseVehicle() OK — make=VOLKSWAGEN, model=TIGUAN ALLSPACE, source_url=https://www.motusvw.co.za/midrand/showroom/625-vwmdf838290/1/, image_urls count=1
[2026-07-24 20:50:11] [MotusApiImporter] Stock #1446792 already enriched from a previous run — skipping detail-page fetch to save budget for un-enriched vehicles.
[2026-07-24 20:50:11] [MotusApiImporter] findExistingCar() -> EXISTING car id=1643
[2026-07-24 20:50:11] [MotusApiImporter] updateCar() completed for existing id=1643 (enrichment columns left untouched).
[2026-07-24 20:50:11] [MotusApiImporter] --- Processing row 52 (stock/sku: 1449899) ---
[2026-07-24 20:50:11] [MotusApiImporter] parseVehicle() OK — make=VOLKSWAGEN, model=POLO VIVO, source_url=https://www.motusvw.co.za/midrand/showroom/625-vwmdf896660/1/, image_urls count=1
[2026-07-24 20:50:11] [MotusApiImporter] Stock #1449899 already enriched from a previous run — skipping detail-page fetch to save budget for un-enriched vehicles.
[2026-07-24 20:50:11] [MotusApiImporter] findExistingCar() -> EXISTING car id=1644
[2026-07-24 20:50:11] [MotusApiImporter] updateCar() completed for existing id=1644 (enrichment columns left untouched).
[2026-07-24 20:50:11] [MotusApiImporter] --- Processing row 53 (stock/sku: 1446153) ---
[2026-07-24 20:50:11] [MotusApiImporter] parseVehicle() OK — make=VOLKSWAGEN, model=TIGUAN, source_url=https://www.motusvw.co.za/midrand/showroom/625-vwmdf762579/1/, image_urls count=1
[2026-07-24 20:50:11] [MotusApiImporter] Stock #1446153 already enriched from a previous run — skipping detail-page fetch to save budget for un-enriched vehicles.
[2026-07-24 20:50:11] [MotusApiImporter] findExistingCar() -> EXISTING car id=1645
[2026-07-24 20:50:11] [MotusApiImporter] updateCar() completed for existing id=1645 (enrichment columns left untouched).
[2026-07-24 20:50:11] [MotusApiImporter] --- Processing row 54 (stock/sku: 1446811) ---
[2026-07-24 20:50:11] [MotusApiImporter] parseVehicle() OK — make=FORD, model=ECOSPORT, source_url=https://www.motusvw.co.za/midrand/showroom/625-vwmdf889981/1/, image_urls count=1
[2026-07-24 20:50:11] [MotusApiImporter] Stock #1446811 already enriched from a previous run — skipping detail-page fetch to save budget for un-enriched vehicles.
[2026-07-24 20:50:11] [MotusApiImporter] findExistingCar() -> EXISTING car id=1646
[2026-07-24 20:50:11] [MotusApiImporter] updateCar() completed for existing id=1646 (enrichment columns left untouched).
[2026-07-24 20:50:11] [MotusApiImporter] --- Processing row 55 (stock/sku: 1445937) ---
[2026-07-24 20:50:11] [MotusApiImporter] parseVehicle() OK — make=FORD, model=FIGO, source_url=https://www.motusvw.co.za/midrand/showroom/625-vwmdf893195/1/, image_urls count=1
[2026-07-24 20:50:11] [MotusApiImporter] Stock #1445937 already enriched from a previous run — skipping detail-page fetch to save budget for un-enriched vehicles.
[2026-07-24 20:50:11] [MotusApiImporter] findExistingCar() -> EXISTING car id=1647
[2026-07-24 20:50:11] [MotusApiImporter] updateCar() completed for existing id=1647 (enrichment columns left untouched).
[2026-07-24 20:50:11] [MotusApiImporter] --- Processing row 56 (stock/sku: 1446382) ---
[2026-07-24 20:50:11] [MotusApiImporter] parseVehicle() OK — make=VOLKSWAGEN, model=AMAROK, source_url=https://www.motusvw.co.za/midrand/showroom/625-vwmdf421690/1/, image_urls count=1
[2026-07-24 20:50:11] [MotusApiImporter] Stock #1446382 already enriched from a previous run — skipping detail-page fetch to save budget for un-enriched vehicles.
[2026-07-24 20:50:11] [MotusApiImporter] findExistingCar() -> EXISTING car id=1648
[2026-07-24 20:50:11] [MotusApiImporter] updateCar() completed for existing id=1648 (enrichment columns left untouched).
[2026-07-24 20:50:11] [MotusApiImporter] --- Processing row 57 (stock/sku: 1446801) ---
[2026-07-24 20:50:11] [MotusApiImporter] parseVehicle() OK — make=VOLKSWAGEN, model=T-CROSS, source_url=https://www.motusvw.co.za/midrand/showroom/625-vwmdf423363/2/, image_urls count=1
[2026-07-24 20:50:11] [MotusApiImporter] Stock #1446801 already enriched from a previous run — skipping detail-page fetch to save budget for un-enriched vehicles.
[2026-07-24 20:50:11] [MotusApiImporter] findExistingCar() -> EXISTING car id=1649
[2026-07-24 20:50:11] [MotusApiImporter] updateCar() completed for existing id=1649 (enrichment columns left untouched).
[2026-07-24 20:50:11] [MotusApiImporter] --- Processing row 58 (stock/sku: 1446410) ---
[2026-07-24 20:50:11] [MotusApiImporter] parseVehicle() OK — make=VOLKSWAGEN, model=TRANSPORTER, source_url=https://www.motusvw.co.za/midrand/showroom/625-vwmdf886408/4/, image_urls count=1
[2026-07-24 20:50:11] [MotusApiImporter] Stock #1446410 already enriched from a previous run — skipping detail-page fetch to save budget for un-enriched vehicles.
[2026-07-24 20:50:11] [MotusApiImporter] findExistingCar() -> EXISTING car id=1650
[2026-07-24 20:50:11] [MotusApiImporter] updateCar() completed for existing id=1650 (enrichment columns left untouched).
[2026-07-24 20:50:11] [MotusApiImporter] --- Processing row 59 (stock/sku: 1445899) ---
[2026-07-24 20:50:11] [MotusApiImporter] parseVehicle() OK — make=VOLKSWAGEN, model=TRANSPORTER, source_url=https://www.motusvw.co.za/midrand/showroom/625-vwmdf893863/1/, image_urls count=1
[2026-07-24 20:50:11] [MotusApiImporter] Stock #1445899 already enriched from a previous run — skipping detail-page fetch to save budget for un-enriched vehicles.
[2026-07-24 20:50:11] [MotusApiImporter] findExistingCar() -> EXISTING car id=1651
[2026-07-24 20:50:11] [MotusApiImporter] updateCar() completed for existing id=1651 (enrichment columns left untouched).
[2026-07-24 20:50:11] [MotusApiImporter] --- Processing row 60 (stock/sku: 1446142) ---
[2026-07-24 20:50:11] [MotusApiImporter] parseVehicle() OK — make=BMW, model=4 SERIES, source_url=https://www.motusvw.co.za/midrand/showroom/625-vwmdf890748/1/, image_urls count=1
[2026-07-24 20:50:11] [MotusApiImporter] Stock #1446142 already enriched from a previous run — skipping detail-page fetch to save budget for un-enriched vehicles.
[2026-07-24 20:50:11] [MotusApiImporter] findExistingCar() -> EXISTING car id=1652
[2026-07-24 20:50:11] [MotusApiImporter] updateCar() completed for existing id=1652 (enrichment columns left untouched).
[2026-07-24 20:50:11] [MotusApiImporter] --- Processing row 61 (stock/sku: 1446010) ---
[2026-07-24 20:50:11] [MotusApiImporter] parseVehicle() OK — make=JAGUAR, model=F-PACE, source_url=https://www.motusvw.co.za/midrand/showroom/625-vwmdf892204/1/, image_urls count=1
[2026-07-24 20:50:11] [MotusApiImporter] Stock #1446010 already enriched from a previous run — skipping detail-page fetch to save budget for un-enriched vehicles.
[2026-07-24 20:50:11] [MotusApiImporter] findExistingCar() -> EXISTING car id=1653
[2026-07-24 20:50:11] [MotusApiImporter] updateCar() completed for existing id=1653 (enrichment columns left untouched).
[2026-07-24 20:50:11] [MotusApiImporter] --- Processing row 62 (stock/sku: 1448883) ---
[2026-07-24 20:50:11] [MotusApiImporter] parseVehicle() OK — make=KIA, model=RIO, source_url=https://www.motusvw.co.za/midrand/showroom/625-vwmvusc894215/1/, image_urls count=1
[2026-07-24 20:50:11] [MotusApiImporter] Stock #1448883 already enriched from a previous run — skipping detail-page fetch to save budget for un-enriched vehicles.
[2026-07-24 20:50:11] [MotusApiImporter] findExistingCar() -> EXISTING car id=1654
[2026-07-24 20:50:11] [MotusApiImporter] updateCar() completed for existing id=1654 (enrichment columns left untouched).
[2026-07-24 20:50:11] [MotusApiImporter] --- Processing row 63 (stock/sku: 1445715) ---
[2026-07-24 20:50:11] [MotusApiImporter] parseVehicle() OK — make=RENAULT, model=CLIO, source_url=https://www.motusvw.co.za/midrand/showroom/625-vwmdf896334/1/, image_urls count=1
[2026-07-24 20:50:11] [MotusApiImporter] Stock #1445715 already enriched from a previous run — skipping detail-page fetch to save budget for un-enriched vehicles.
[2026-07-24 20:50:11] [MotusApiImporter] findExistingCar() -> EXISTING car id=1655
[2026-07-24 20:50:11] [MotusApiImporter] updateCar() completed for existing id=1655 (enrichment columns left untouched).
[2026-07-24 20:50:11] [MotusApiImporter] --- Processing row 64 (stock/sku: 1445883) ---
[2026-07-24 20:50:11] [MotusApiImporter] parseVehicle() OK — make=VOLKSWAGEN, model=POLO VIVO, source_url=https://www.motusvw.co.za/midrand/showroom/625-vwmdf894125/2/, image_urls count=1
[2026-07-24 20:50:11] [MotusApiImporter] Stock #1445883 already enriched from a previous run — skipping detail-page fetch to save budget for un-enriched vehicles.
[2026-07-24 20:50:11] [MotusApiImporter] findExistingCar() -> EXISTING car id=1656
[2026-07-24 20:50:11] [MotusApiImporter] updateCar() completed for existing id=1656 (enrichment columns left untouched).
[2026-07-24 20:50:11] [MotusApiImporter] --- Processing row 65 (stock/sku: 1445714) ---
[2026-07-24 20:50:11] [MotusApiImporter] parseVehicle() OK — make=VOLKSWAGEN, model=POLO VIVO, source_url=https://www.motusvw.co.za/midrand/showroom/625-vwmdf896260/1/, image_urls count=1
[2026-07-24 20:50:11] [MotusApiImporter] Stock #1445714 already enriched from a previous run — skipping detail-page fetch to save budget for un-enriched vehicles.
[2026-07-24 20:50:11] [MotusApiImporter] findExistingCar() -> EXISTING car id=1657
[2026-07-24 20:50:11] [MotusApiImporter] updateCar() completed for existing id=1657 (enrichment columns left untouched).
[2026-07-24 20:50:11] [MotusApiImporter] --- Processing row 66 (stock/sku: 1446735) ---
[2026-07-24 20:50:11] [MotusApiImporter] parseVehicle() OK — make=VOLKSWAGEN, model=TAIGO, source_url=https://www.motusvw.co.za/midrand/showroom/625-vwmdf861673/2/, image_urls count=1
[2026-07-24 20:50:11] [MotusApiImporter] Stock #1446735 already enriched from a previous run — skipping detail-page fetch to save budget for un-enriched vehicles.
[2026-07-24 20:50:11] [MotusApiImporter] findExistingCar() -> EXISTING car id=1658
[2026-07-24 20:50:11] [MotusApiImporter] updateCar() completed for existing id=1658 (enrichment columns left untouched).
[2026-07-24 20:50:11] [MotusApiImporter] --- Processing row 67 (stock/sku: 1445959) ---
[2026-07-24 20:50:11] [MotusApiImporter] parseVehicle() OK — make=VOLKSWAGEN, model=TRANSPORTER, source_url=https://www.motusvw.co.za/midrand/showroom/625-vwmdf425954/1/, image_urls count=1
[2026-07-24 20:50:11] [MotusApiImporter] Stock #1445959 already enriched from a previous run — skipping detail-page fetch to save budget for un-enriched vehicles.
[2026-07-24 20:50:11] [MotusApiImporter] findExistingCar() -> EXISTING car id=1659
[2026-07-24 20:50:11] [MotusApiImporter] updateCar() completed for existing id=1659 (enrichment columns left untouched).
[2026-07-24 20:50:11] [MotusApiImporter] --- Processing row 68 (stock/sku: 1446051) ---
[2026-07-24 20:50:11] [MotusApiImporter] parseVehicle() OK — make=VOLKSWAGEN, model=AMAROK, source_url=https://www.motusvw.co.za/midrand/showroom/625-vwmdf891606/1/, image_urls count=1
[2026-07-24 20:50:13] [MotusApiImporter] After enrichFromDetailPage() — engine_capacity_cc=2993, image_urls count=17
[2026-07-24 20:50:13] [MotusApiImporter] findExistingCar() -> EXISTING car id=1660
[2026-07-24 20:50:13] [MotusApiImporter] updateCar() completed for existing id=1660.
[2026-07-24 20:50:13] [MotusApiImporter] --- Processing row 69 (stock/sku: 1446086) ---
[2026-07-24 20:50:13] [MotusApiImporter] parseVehicle() OK — make=VOLKSWAGEN, model=POLO, source_url=https://www.motusvw.co.za/midrand/showroom/625-vwmdf891191/1/, image_urls count=1
[2026-07-24 20:50:14] [MotusApiImporter] After enrichFromDetailPage() — engine_capacity_cc=999, image_urls count=18
[2026-07-24 20:50:14] [MotusApiImporter] findExistingCar() -> EXISTING car id=1661
[2026-07-24 20:50:14] [MotusApiImporter] updateCar() completed for existing id=1661.
[2026-07-24 20:50:14] [MotusApiImporter] --- Processing row 70 (stock/sku: 1446654) ---
[2026-07-24 20:50:14] [MotusApiImporter] parseVehicle() OK — make=AUDI, model=Q2, source_url=https://www.motusvw.co.za/midrand/showroom/625-vwmdf872129/1/, image_urls count=1
[2026-07-24 20:50:15] [MotusApiImporter] After enrichFromDetailPage() — engine_capacity_cc=1395, image_urls count=20
[2026-07-24 20:50:15] [MotusApiImporter] findExistingCar() -> EXISTING car id=1662
[2026-07-24 20:50:15] [MotusApiImporter] updateCar() completed for existing id=1662.
[2026-07-24 20:50:15] [MotusApiImporter] --- Processing row 71 (stock/sku: 1449184) ---
[2026-07-24 20:50:15] [MotusApiImporter] parseVehicle() OK — make=FORD, model=RANGER, source_url=https://www.motusvw.co.za/midrand/showroom/625-vwmdf895758/1/, image_urls count=1
[2026-07-24 20:50:17] [MotusApiImporter] After enrichFromDetailPage() — engine_capacity_cc=1996, image_urls count=24
[2026-07-24 20:50:17] [MotusApiImporter] findExistingCar() -> EXISTING car id=1663
[2026-07-24 20:50:17] [MotusApiImporter] updateCar() completed for existing id=1663.
[2026-07-24 20:50:17] [MotusApiImporter] --- Processing row 72 (stock/sku: 1448032) ---
[2026-07-24 20:50:17] [MotusApiImporter] parseVehicle() OK — make=HYUNDAI, model=GRAND CRETA, source_url=https://www.motusvw.co.za/midrand/showroom/625-vwmvusc853094/1/, image_urls count=1
[2026-07-24 20:50:19] [MotusApiImporter] After enrichFromDetailPage() — engine_capacity_cc=1999, image_urls count=18
[2026-07-24 20:50:19] [MotusApiImporter] findExistingCar() -> EXISTING car id=1664
[2026-07-24 20:50:19] [MotusApiImporter] updateCar() completed for existing id=1664.
[2026-07-24 20:50:19] [MotusApiImporter] --- Processing row 73 (stock/sku: 1446809) ---
[2026-07-24 20:50:19] [MotusApiImporter] parseVehicle() OK — make=KIA, model=PICANTO, source_url=https://www.motusvw.co.za/midrand/showroom/625-vwmdf894445/1/, image_urls count=1
[2026-07-24 20:50:20] [MotusApiImporter] After enrichFromDetailPage() — engine_capacity_cc=998, image_urls count=15
[2026-07-24 20:50:20] [MotusApiImporter] findExistingCar() -> EXISTING car id=1665
[2026-07-24 20:50:20] [MotusApiImporter] updateCar() completed for existing id=1665.
[2026-07-24 20:50:20] [MotusApiImporter] --- Processing row 74 (stock/sku: 1446810) ---
[2026-07-24 20:50:20] [MotusApiImporter] parseVehicle() OK — make=NISSAN, model=MAGNITE, source_url=https://www.motusvw.co.za/midrand/showroom/625-vwmdf894838/1/, image_urls count=1
[2026-07-24 20:50:22] [MotusApiImporter] After enrichFromDetailPage() — engine_capacity_cc=999, image_urls count=17
[2026-07-24 20:50:22] [MotusApiImporter] findExistingCar() -> EXISTING car id=1666
[2026-07-24 20:50:22] [MotusApiImporter] updateCar() completed for existing id=1666.
[2026-07-24 20:50:22] [MotusApiImporter] --- Processing row 75 (stock/sku: 1446523) ---
[2026-07-24 20:50:22] [MotusApiImporter] parseVehicle() OK — make=TOYOTA, model=COROLLA CROSS, source_url=https://www.motusvw.co.za/midrand/showroom/625-bm037used896315/1/, image_urls count=1
[2026-07-24 20:50:23] [MotusApiImporter] After enrichFromDetailPage() — engine_capacity_cc=1798, image_urls count=23
[2026-07-24 20:50:23] [MotusApiImporter] findExistingCar() -> EXISTING car id=1667
[2026-07-24 20:50:23] [MotusApiImporter] updateCar() completed for existing id=1667.
[2026-07-24 20:50:23] [MotusApiImporter] --- Processing row 76 (stock/sku: 1445994) ---
[2026-07-24 20:50:23] [MotusApiImporter] parseVehicle() OK — make=TOYOTA, model=HILUX, source_url=https://www.motusvw.co.za/midrand/showroom/625-vwmdf892356/1/, image_urls count=1
[2026-07-24 20:50:25] [MotusApiImporter] After enrichFromDetailPage() — engine_capacity_cc=2755, image_urls count=16
[2026-07-24 20:50:25] [MotusApiImporter] findExistingCar() -> EXISTING car id=1668
[2026-07-24 20:50:25] [MotusApiImporter] updateCar() completed for existing id=1668.
[2026-07-24 20:50:25] [MotusApiImporter] --- Processing row 77 (stock/sku: 1446028) ---
[2026-07-24 20:50:25] [MotusApiImporter] parseVehicle() OK — make=VOLKSWAGEN, model=AMAROK, source_url=https://www.motusvw.co.za/midrand/showroom/625-vwmdf850170/1/, image_urls count=1
[2026-07-24 20:50:27] [MotusApiImporter] After enrichFromDetailPage() — engine_capacity_cc=2993, image_urls count=14
[2026-07-24 20:50:27] [MotusApiImporter] findExistingCar() -> EXISTING car id=1669
[2026-07-24 20:50:27] [MotusApiImporter] updateCar() completed for existing id=1669.
[2026-07-24 20:50:27] [MotusApiImporter] --- Processing row 78 (stock/sku: 1445881) ---
[2026-07-24 20:50:27] [MotusApiImporter] parseVehicle() OK — make=VOLKSWAGEN, model=POLO, source_url=https://www.motusvw.co.za/midrand/showroom/625-vwmdf894037/1/, image_urls count=1
[2026-07-24 20:50:28] [MotusApiImporter] After enrichFromDetailPage() — engine_capacity_cc=1598, image_urls count=17
[2026-07-24 20:50:28] [MotusApiImporter] findExistingCar() -> EXISTING car id=1670
[2026-07-24 20:50:28] [MotusApiImporter] updateCar() completed for existing id=1670.
[2026-07-24 20:50:28] [MotusApiImporter] --- Processing row 79 (stock/sku: 1446323) ---
[2026-07-24 20:50:28] [MotusApiImporter] parseVehicle() OK — make=VOLKSWAGEN, model=POLO, source_url=https://www.motusvw.co.za/midrand/showroom/625-vwmdf888345/1/, image_urls count=1
[2026-07-24 20:50:29] [MotusApiImporter] After enrichFromDetailPage() — engine_capacity_cc=999, image_urls count=17
[2026-07-24 20:50:29] [MotusApiImporter] findExistingCar() -> EXISTING car id=1671
[2026-07-24 20:50:29] [MotusApiImporter] updateCar() completed for existing id=1671.
[2026-07-24 20:50:29] [MotusApiImporter] --- Processing row 80 (stock/sku: 1446790) ---
[2026-07-24 20:50:29] [MotusApiImporter] parseVehicle() OK — make=VOLKSWAGEN, model=T-CROSS, source_url=https://www.motusvw.co.za/midrand/showroom/625-vwmdf839567/1/, image_urls count=1
[2026-07-24 20:50:30] [MotusApiImporter] After enrichFromDetailPage() — engine_capacity_cc=999, image_urls count=16
[2026-07-24 20:50:30] [MotusApiImporter] findExistingCar() -> EXISTING car id=1672
[2026-07-24 20:50:30] [MotusApiImporter] updateCar() completed for existing id=1672.
[2026-07-24 20:50:30] [MotusApiImporter] --- Processing row 81 (stock/sku: 1446786) ---
[2026-07-24 20:50:30] [MotusApiImporter] parseVehicle() OK — make=VOLKSWAGEN, model=T-CROSS, source_url=https://www.motusvw.co.za/midrand/showroom/625-vwmdf843717/8/, image_urls count=1
[2026-07-24 20:50:31] [MotusApiImporter] After enrichFromDetailPage() — engine_capacity_cc=999, image_urls count=16
[2026-07-24 20:50:31] [MotusApiImporter] findExistingCar() -> EXISTING car id=1673
[2026-07-24 20:50:31] [MotusApiImporter] updateCar() completed for existing id=1673.
[2026-07-24 20:50:31] [MotusApiImporter] --- Processing row 82 (stock/sku: 1445882) ---
[2026-07-24 20:50:31] [MotusApiImporter] parseVehicle() OK — make=VOLKSWAGEN, model=T-ROC, source_url=https://www.motusvw.co.za/midrand/showroom/625-vwmdf894108/1/, image_urls count=1
[2026-07-24 20:50:33] [MotusApiImporter] After enrichFromDetailPage() — engine_capacity_cc=1984, image_urls count=19
[2026-07-24 20:50:33] [MotusApiImporter] findExistingCar() -> EXISTING car id=1674
[2026-07-24 20:50:33] [MotusApiImporter] updateCar() completed for existing id=1674.
[2026-07-24 20:50:33] [MotusApiImporter] --- Processing row 83 (stock/sku: 1445751) ---
[2026-07-24 20:50:33] [MotusApiImporter] parseVehicle() OK — make=VOLKSWAGEN, model=TAIGO, source_url=https://www.motusvw.co.za/midrand/showroom/625-vwmdf874038/1/, image_urls count=1
[2026-07-24 20:50:33] [MotusApiImporter] After enrichFromDetailPage() — engine_capacity_cc=999, image_urls count=24
[2026-07-24 20:50:33] [MotusApiImporter] findExistingCar() -> EXISTING car id=1675
[2026-07-24 20:50:33] [MotusApiImporter] updateCar() completed for existing id=1675.
[2026-07-24 20:50:33] [MotusApiImporter] --- Processing row 84 (stock/sku: 1446249) ---
[2026-07-24 20:50:33] [MotusApiImporter] parseVehicle() OK — make=SUZUKI, model=SWIFT, source_url=https://www.motusvw.co.za/midrand/showroom/625-vwmdf889410/1/, image_urls count=1
[2026-07-24 20:50:35] [MotusApiImporter] After enrichFromDetailPage() — engine_capacity_cc=1197, image_urls count=18
[2026-07-24 20:50:35] [MotusApiImporter] findExistingCar() -> EXISTING car id=1676
[2026-07-24 20:50:35] [MotusApiImporter] updateCar() completed for existing id=1676.
[2026-07-24 20:50:35] [MotusApiImporter] --- Processing row 85 (stock/sku: 1445799) ---
[2026-07-24 20:50:35] [MotusApiImporter] parseVehicle() OK — make=SUZUKI, model=SWIFT, source_url=https://www.motusvw.co.za/midrand/showroom/625-vwmdf895482/1/, image_urls count=1
[2026-07-24 20:50:37] [MotusApiImporter] After enrichFromDetailPage() — engine_capacity_cc=1197, image_urls count=14
[2026-07-24 20:50:37] [MotusApiImporter] findExistingCar() -> EXISTING car id=1677
[2026-07-24 20:50:37] [MotusApiImporter] updateCar() completed for existing id=1677.
[2026-07-24 20:50:37] [MotusApiImporter] --- Processing row 86 (stock/sku: 1445871) ---
[2026-07-24 20:50:37] [MotusApiImporter] parseVehicle() OK — make=SUZUKI, model=SWIFT, source_url=https://www.motusvw.co.za/midrand/showroom/625-vwmdf894155/1/, image_urls count=1
[2026-07-24 20:50:39] [MotusApiImporter] After enrichFromDetailPage() — engine_capacity_cc=1197, image_urls count=17
[2026-07-24 20:50:39] [MotusApiImporter] findExistingCar() -> EXISTING car id=1678
[2026-07-24 20:50:39] [MotusApiImporter] updateCar() completed for existing id=1678.
[2026-07-24 20:50:39] [MotusApiImporter] --- Processing row 87 (stock/sku: 1445800) ---
[2026-07-24 20:50:39] [MotusApiImporter] parseVehicle() OK — make=SUZUKI, model=SWIFT, source_url=https://www.motusvw.co.za/midrand/showroom/625-vwmdf895483/1/, image_urls count=1
[2026-07-24 20:50:40] [MotusApiImporter] After enrichFromDetailPage() — engine_capacity_cc=1197, image_urls count=15
[2026-07-24 20:50:40] [MotusApiImporter] findExistingCar() -> EXISTING car id=1679
[2026-07-24 20:50:40] [MotusApiImporter] updateCar() completed for existing id=1679.
[2026-07-24 20:50:40] [MotusApiImporter] --- Processing row 88 (stock/sku: 1446293) ---
[2026-07-24 20:50:40] [MotusApiImporter] parseVehicle() OK — make=TOYOTA, model=STARLET, source_url=https://www.motusvw.co.za/midrand/showroom/625-vwmdf888699/1/, image_urls count=1
[2026-07-24 20:50:42] [MotusApiImporter] After enrichFromDetailPage() — engine_capacity_cc=1462, image_urls count=18
[2026-07-24 20:50:42] [MotusApiImporter] findExistingCar() -> EXISTING car id=1680
[2026-07-24 20:50:42] [MotusApiImporter] updateCar() completed for existing id=1680.
[2026-07-24 20:50:42] [MotusApiImporter] --- Processing row 89 (stock/sku: 1446743) ---
[2026-07-24 20:50:42] [MotusApiImporter] parseVehicle() OK — make=VOLKSWAGEN, model=AMAROK, source_url=https://www.motusvw.co.za/midrand/showroom/625-vwmdf861452/1/, image_urls count=1
[2026-07-24 20:50:44] [MotusApiImporter] After enrichFromDetailPage() — engine_capacity_cc=2993, image_urls count=16
[2026-07-24 20:50:44] [MotusApiImporter] findExistingCar() -> EXISTING car id=1681
[2026-07-24 20:50:44] [MotusApiImporter] updateCar() completed for existing id=1681.
[2026-07-24 20:50:44] [MotusApiImporter] --- Processing row 90 (stock/sku: 1446558) ---
[2026-07-24 20:50:44] [MotusApiImporter] parseVehicle() OK — make=VOLKSWAGEN, model=POLO, source_url=https://www.motusvw.co.za/midrand/showroom/625-vwmdf876638/1/, image_urls count=1
[2026-07-24 20:50:45] [MotusApiImporter] After enrichFromDetailPage() — engine_capacity_cc=999, image_urls count=17
[2026-07-24 20:50:45] [MotusApiImporter] findExistingCar() -> EXISTING car id=1682
[2026-07-24 20:50:45] [MotusApiImporter] updateCar() completed for existing id=1682.
[2026-07-24 20:50:45] [MotusApiImporter] --- Processing row 91 (stock/sku: 1446729) ---
[2026-07-24 20:50:45] [MotusApiImporter] parseVehicle() OK — make=VOLKSWAGEN, model=POLO, source_url=https://www.motusvw.co.za/midrand/showroom/625-vwmdf864742/3/, image_urls count=1
[2026-07-24 20:50:45] [MotusApiImporter] Skipped detail-page fetch for stock #1446729 — time budget already exhausted.
[2026-07-24 20:50:45] [MotusApiImporter] After enrichFromDetailPage() — engine_capacity_cc=NULL, image_urls count=1
[2026-07-24 20:50:45] [MotusApiImporter] findExistingCar() -> EXISTING car id=1683
[2026-07-24 20:50:45] [MotusApiImporter] updateCar() completed for existing id=1683.
[2026-07-24 20:50:45] [MotusApiImporter] --- Processing row 92 (stock/sku: 1446763) ---
[2026-07-24 20:50:45] [MotusApiImporter] parseVehicle() OK — make=VOLKSWAGEN, model=POLO VIVO, source_url=https://www.motusvw.co.za/midrand/showroom/625-vwmdf858161/1/, image_urls count=1
[2026-07-24 20:50:45] [MotusApiImporter] Skipped detail-page fetch for stock #1446763 — time budget already exhausted.
[2026-07-24 20:50:45] [MotusApiImporter] After enrichFromDetailPage() — engine_capacity_cc=NULL, image_urls count=1
[2026-07-24 20:50:45] [MotusApiImporter] findExistingCar() -> EXISTING car id=1684
[2026-07-24 20:50:45] [MotusApiImporter] updateCar() completed for existing id=1684.
[2026-07-24 20:50:45] [MotusApiImporter] --- Processing row 93 (stock/sku: 1446755) ---
[2026-07-24 20:50:45] [MotusApiImporter] parseVehicle() OK — make=VOLKSWAGEN, model=POLO VIVO, source_url=https://www.motusvw.co.za/midrand/showroom/625-vwmdf859179/4/, image_urls count=1
[2026-07-24 20:50:45] [MotusApiImporter] Skipped detail-page fetch for stock #1446755 — time budget already exhausted.
[2026-07-24 20:50:45] [MotusApiImporter] After enrichFromDetailPage() — engine_capacity_cc=NULL, image_urls count=1
[2026-07-24 20:50:45] [MotusApiImporter] findExistingCar() -> EXISTING car id=1685
[2026-07-24 20:50:45] [MotusApiImporter] updateCar() completed for existing id=1685.
[2026-07-24 20:50:45] [MotusApiImporter] --- Processing row 94 (stock/sku: 1446746) ---
[2026-07-24 20:50:45] [MotusApiImporter] parseVehicle() OK — make=VOLKSWAGEN, model=POLO VIVO, source_url=https://www.motusvw.co.za/midrand/showroom/625-vwmdf860907/1/, image_urls count=1
[2026-07-24 20:50:45] [MotusApiImporter] Skipped detail-page fetch for stock #1446746 — time budget already exhausted.
[2026-07-24 20:50:45] [MotusApiImporter] After enrichFromDetailPage() — engine_capacity_cc=NULL, image_urls count=1
[2026-07-24 20:50:45] [MotusApiImporter] findExistingCar() -> EXISTING car id=1686
[2026-07-24 20:50:45] [MotusApiImporter] updateCar() completed for existing id=1686.
[2026-07-24 20:50:45] [MotusApiImporter] --- Processing row 95 (stock/sku: 1446711) ---
[2026-07-24 20:50:45] [MotusApiImporter] parseVehicle() OK — make=VOLKSWAGEN, model=POLO VIVO, source_url=https://www.motusvw.co.za/midrand/showroom/625-vwmdf868173/2/, image_urls count=1
[2026-07-24 20:50:45] [MotusApiImporter] Skipped detail-page fetch for stock #1446711 — time budget already exhausted.
[2026-07-24 20:50:45] [MotusApiImporter] After enrichFromDetailPage() — engine_capacity_cc=NULL, image_urls count=1
[2026-07-24 20:50:45] [MotusApiImporter] findExistingCar() -> EXISTING car id=1687
[2026-07-24 20:50:45] [MotusApiImporter] updateCar() completed for existing id=1687.
[2026-07-24 20:50:45] [MotusApiImporter] --- Processing row 96 (stock/sku: 1446694) ---
[2026-07-24 20:50:45] [MotusApiImporter] parseVehicle() OK — make=VOLKSWAGEN, model=POLO VIVO, source_url=https://www.motusvw.co.za/midrand/showroom/625-vwmdf869665/2/, image_urls count=1
[2026-07-24 20:50:45] [MotusApiImporter] Skipped detail-page fetch for stock #1446694 — time budget already exhausted.
[2026-07-24 20:50:45] [MotusApiImporter] After enrichFromDetailPage() — engine_capacity_cc=NULL, image_urls count=1
[2026-07-24 20:50:45] [MotusApiImporter] findExistingCar() -> EXISTING car id=1688
[2026-07-24 20:50:45] [MotusApiImporter] updateCar() completed for existing id=1688.
[2026-07-24 20:50:45] [MotusApiImporter] --- Processing row 97 (stock/sku: 1446751) ---
[2026-07-24 20:50:45] [MotusApiImporter] parseVehicle() OK — make=VOLKSWAGEN, model=T-CROSS, source_url=https://www.motusvw.co.za/midrand/showroom/625-vwmdf860129/3/, image_urls count=1
[2026-07-24 20:50:45] [MotusApiImporter] Skipped detail-page fetch for stock #1446751 — time budget already exhausted.
[2026-07-24 20:50:45] [MotusApiImporter] After enrichFromDetailPage() — engine_capacity_cc=NULL, image_urls count=1
[2026-07-24 20:50:45] [MotusApiImporter] findExistingCar() -> EXISTING car id=1689
[2026-07-24 20:50:45] [MotusApiImporter] updateCar() completed for existing id=1689.
[2026-07-24 20:50:45] [MotusApiImporter] --- Processing row 98 (stock/sku: 1446720) ---
[2026-07-24 20:50:45] [MotusApiImporter] parseVehicle() OK — make=VOLKSWAGEN, model=TAIGO, source_url=https://www.motusvw.co.za/midrand/showroom/625-vwmdf859177/2/, image_urls count=1
[2026-07-24 20:50:45] [MotusApiImporter] Skipped detail-page fetch for stock #1446720 — time budget already exhausted.
[2026-07-24 20:50:45] [MotusApiImporter] After enrichFromDetailPage() — engine_capacity_cc=NULL, image_urls count=1
[2026-07-24 20:50:45] [MotusApiImporter] findExistingCar() -> EXISTING car id=1690
[2026-07-24 20:50:45] [MotusApiImporter] updateCar() completed for existing id=1690.
[2026-07-24 20:50:45] [MotusApiImporter] --- Processing row 99 (stock/sku: 1446118) ---
[2026-07-24 20:50:45] [MotusApiImporter] parseVehicle() OK — make=MG, model=HS, source_url=https://www.motusvw.co.za/midrand/showroom/625-vwmdf890989/1/, image_urls count=1
[2026-07-24 20:50:45] [MotusApiImporter] Skipped detail-page fetch for stock #1446118 — time budget already exhausted.
[2026-07-24 20:50:45] [MotusApiImporter] After enrichFromDetailPage() — engine_capacity_cc=NULL, image_urls count=1
[2026-07-24 20:50:45] [MotusApiImporter] findExistingCar() -> EXISTING car id=1691
[2026-07-24 20:50:45] [MotusApiImporter] updateCar() completed for existing id=1691.
[2026-07-24 20:50:45] [MotusApiImporter] --- Processing row 100 (stock/sku: 1446119) ---
[2026-07-24 20:50:45] [MotusApiImporter] parseVehicle() OK — make=MG, model=MG3, source_url=https://www.motusvw.co.za/midrand/showroom/625-vwmdf890997/1/, image_urls count=1
[2026-07-24 20:50:45] [MotusApiImporter] Skipped detail-page fetch for stock #1446119 — time budget already exhausted.
[2026-07-24 20:50:45] [MotusApiImporter] After enrichFromDetailPage() — engine_capacity_cc=NULL, image_urls count=1
[2026-07-24 20:50:45] [MotusApiImporter] findExistingCar() -> EXISTING car id=1692
[2026-07-24 20:50:45] [MotusApiImporter] updateCar() completed for existing id=1692.
[2026-07-24 20:50:45] [MotusApiImporter] --- Processing row 101 (stock/sku: 1446188) ---
[2026-07-24 20:50:45] [MotusApiImporter] parseVehicle() OK — make=TATA, model=TIAGO, source_url=https://www.motusvw.co.za/midrand/showroom/625-vwmdf891531/1/, image_urls count=1
[2026-07-24 20:50:45] [MotusApiImporter] Skipped detail-page fetch for stock #1446188 — time budget already exhausted.
[2026-07-24 20:50:45] [MotusApiImporter] After enrichFromDetailPage() — engine_capacity_cc=NULL, image_urls count=1
[2026-07-24 20:50:45] [MotusApiImporter] findExistingCar() -> EXISTING car id=1693
[2026-07-24 20:50:45] [MotusApiImporter] updateCar() completed for existing id=1693.
[2026-07-24 20:50:45] [MotusApiImporter] --- Processing row 102 (stock/sku: 1446482) ---
[2026-07-24 20:50:45] [MotusApiImporter] parseVehicle() OK — make=VOLKSWAGEN, model=AMAROK, source_url=https://www.motusvw.co.za/midrand/showroom/625-vwmdf885078/1/, image_urls count=1
[2026-07-24 20:50:45] [MotusApiImporter] Skipped detail-page fetch for stock #1446482 — time budget already exhausted.
[2026-07-24 20:50:45] [MotusApiImporter] After enrichFromDetailPage() — engine_capacity_cc=NULL, image_urls count=1
[2026-07-24 20:50:45] [MotusApiImporter] findExistingCar() -> EXISTING car id=1694
[2026-07-24 20:50:45] [MotusApiImporter] updateCar() completed for existing id=1694.
[2026-07-24 20:50:45] [MotusApiImporter] --- Processing row 103 (stock/sku: 1446648) ---
[2026-07-24 20:50:45] [MotusApiImporter] parseVehicle() OK — make=VOLKSWAGEN, model=CADDY, source_url=https://www.motusvw.co.za/midrand/showroom/625-vwmdf872377/1/, image_urls count=1
[2026-07-24 20:50:45] [MotusApiImporter] Skipped detail-page fetch for stock #1446648 — time budget already exhausted.
[2026-07-24 20:50:45] [MotusApiImporter] After enrichFromDetailPage() — engine_capacity_cc=NULL, image_urls count=1
[2026-07-24 20:50:45] [MotusApiImporter] findExistingCar() -> EXISTING car id=1695
[2026-07-24 20:50:45] [MotusApiImporter] updateCar() completed for existing id=1695.
[2026-07-24 20:50:45] [MotusApiImporter] --- Processing row 104 (stock/sku: 1445922) ---
[2026-07-24 20:50:45] [MotusApiImporter] parseVehicle() OK — make=VOLKSWAGEN, model=POLO VIVO, source_url=https://www.motusvw.co.za/midrand/showroom/625-vwmdf893350/1/, image_urls count=1
[2026-07-24 20:50:45] [MotusApiImporter] Skipped detail-page fetch for stock #1445922 — time budget already exhausted.
[2026-07-24 20:50:45] [MotusApiImporter] After enrichFromDetailPage() — engine_capacity_cc=NULL, image_urls count=1
[2026-07-24 20:50:45] [MotusApiImporter] findExistingCar() -> EXISTING car id=1696
[2026-07-24 20:50:45] [MotusApiImporter] updateCar() completed for existing id=1696.
[2026-07-24 20:50:45] [MotusApiImporter] --- Processing row 105 (stock/sku: 1446628) ---
[2026-07-24 20:50:45] [MotusApiImporter] parseVehicle() OK — make=VOLKSWAGEN, model=POLO VIVO, source_url=https://www.motusvw.co.za/midrand/showroom/625-vwmdf873548/2/, image_urls count=1
[2026-07-24 20:50:45] [MotusApiImporter] Skipped detail-page fetch for stock #1446628 — time budget already exhausted.
[2026-07-24 20:50:45] [MotusApiImporter] After enrichFromDetailPage() — engine_capacity_cc=NULL, image_urls count=1
[2026-07-24 20:50:45] [MotusApiImporter] findExistingCar() -> EXISTING car id=1697
[2026-07-24 20:50:45] [MotusApiImporter] updateCar() completed for existing id=1697.
[2026-07-24 20:50:45] [MotusApiImporter] --- Processing row 106 (stock/sku: 1446506) ---
[2026-07-24 20:50:45] [MotusApiImporter] parseVehicle() OK — make=VOLKSWAGEN, model=POLO VIVO, source_url=https://www.motusvw.co.za/midrand/showroom/625-vwmdf884657/2/, image_urls count=1
[2026-07-24 20:50:45] [MotusApiImporter] Skipped detail-page fetch for stock #1446506 — time budget already exhausted.
[2026-07-24 20:50:45] [MotusApiImporter] After enrichFromDetailPage() — engine_capacity_cc=NULL, image_urls count=1
[2026-07-24 20:50:45] [MotusApiImporter] findExistingCar() -> EXISTING car id=1698
[2026-07-24 20:50:45] [MotusApiImporter] updateCar() completed for existing id=1698.
[2026-07-24 20:50:45] [MotusApiImporter] --- Processing row 107 (stock/sku: 1446432) ---
[2026-07-24 20:50:45] [MotusApiImporter] parseVehicle() OK — make=VOLKSWAGEN, model=POLO VIVO, source_url=https://www.motusvw.co.za/midrand/showroom/625-vwmdf886086/1/, image_urls count=1
[2026-07-24 20:50:45] [MotusApiImporter] Skipped detail-page fetch for stock #1446432 — time budget already exhausted.
[2026-07-24 20:50:45] [MotusApiImporter] After enrichFromDetailPage() — engine_capacity_cc=NULL, image_urls count=1
[2026-07-24 20:50:45] [MotusApiImporter] findExistingCar() -> EXISTING car id=1699
[2026-07-24 20:50:45] [MotusApiImporter] updateCar() completed for existing id=1699.
[2026-07-24 20:50:45] [MotusApiImporter] --- Processing row 108 (stock/sku: 1446409) ---
[2026-07-24 20:50:45] [MotusApiImporter] parseVehicle() OK — make=VOLKSWAGEN, model=POLO VIVO, source_url=https://www.motusvw.co.za/midrand/showroom/625-vwmdf886385/1/, image_urls count=1
[2026-07-24 20:50:45] [MotusApiImporter] Skipped detail-page fetch for stock #1446409 — time budget already exhausted.
[2026-07-24 20:50:45] [MotusApiImporter] After enrichFromDetailPage() — engine_capacity_cc=NULL, image_urls count=1
[2026-07-24 20:50:45] [MotusApiImporter] findExistingCar() -> EXISTING car id=1700
[2026-07-24 20:50:45] [MotusApiImporter] updateCar() completed for existing id=1700.
[2026-07-24 20:50:45] [MotusApiImporter] --- Processing row 109 (stock/sku: 1446322) ---
[2026-07-24 20:50:45] [MotusApiImporter] parseVehicle() OK — make=VOLKSWAGEN, model=POLO VIVO, source_url=https://www.motusvw.co.za/midrand/showroom/625-vwmdf888339/1/, image_urls count=1
[2026-07-24 20:50:45] [MotusApiImporter] Skipped detail-page fetch for stock #1446322 — time budget already exhausted.
[2026-07-24 20:50:45] [MotusApiImporter] After enrichFromDetailPage() — engine_capacity_cc=NULL, image_urls count=1
[2026-07-24 20:50:45] [MotusApiImporter] findExistingCar() -> EXISTING car id=1701
[2026-07-24 20:50:45] [MotusApiImporter] updateCar() completed for existing id=1701.
[2026-07-24 20:50:45] [MotusApiImporter] --- Processing row 110 (stock/sku: 1446321) ---
[2026-07-24 20:50:45] [MotusApiImporter] parseVehicle() OK — make=VOLKSWAGEN, model=POLO VIVO, source_url=https://www.motusvw.co.za/midrand/showroom/625-vwmdf888337/1/, image_urls count=1
[2026-07-24 20:50:45] [MotusApiImporter] Skipped detail-page fetch for stock #1446321 — time budget already exhausted.
[2026-07-24 20:50:45] [MotusApiImporter] After enrichFromDetailPage() — engine_capacity_cc=NULL, image_urls count=1
[2026-07-24 20:50:45] [MotusApiImporter] findExistingCar() -> EXISTING car id=1702
[2026-07-24 20:50:45] [MotusApiImporter] updateCar() completed for existing id=1702.
[2026-07-24 20:50:45] [MotusApiImporter] --- Processing row 111 (stock/sku: 1446314) ---
[2026-07-24 20:50:45] [MotusApiImporter] parseVehicle() OK — make=VOLKSWAGEN, model=POLO VIVO, source_url=https://www.motusvw.co.za/midrand/showroom/625-vwmdf888462/1/, image_urls count=1
[2026-07-24 20:50:45] [MotusApiImporter] Skipped detail-page fetch for stock #1446314 — time budget already exhausted.
[2026-07-24 20:50:45] [MotusApiImporter] After enrichFromDetailPage() — engine_capacity_cc=NULL, image_urls count=1
[2026-07-24 20:50:45] [MotusApiImporter] findExistingCar() -> EXISTING car id=1703
[2026-07-24 20:50:45] [MotusApiImporter] updateCar() completed for existing id=1703.
[2026-07-24 20:50:45] [MotusApiImporter] --- Processing row 112 (stock/sku: 1446181) ---
[2026-07-24 20:50:45] [MotusApiImporter] parseVehicle() OK — make=VOLKSWAGEN, model=POLO VIVO, source_url=https://www.motusvw.co.za/midrand/showroom/625-vwmdf890179/3/, image_urls count=1
[2026-07-24 20:50:45] [MotusApiImporter] Skipped detail-page fetch for stock #1446181 — time budget already exhausted.
[2026-07-24 20:50:45] [MotusApiImporter] After enrichFromDetailPage() — engine_capacity_cc=NULL, image_urls count=1
[2026-07-24 20:50:45] [MotusApiImporter] findExistingCar() -> EXISTING car id=1704
[2026-07-24 20:50:45] [MotusApiImporter] updateCar() completed for existing id=1704.
[2026-07-24 20:50:45] [MotusApiImporter] --- Processing row 113 (stock/sku: 1449179) ---
[2026-07-24 20:50:45] [MotusApiImporter] parseVehicle() OK — make=VOLKSWAGEN, model=POLO VIVO, source_url=https://www.motusvw.co.za/midrand/showroom/625-vwmdf875858/2/, image_urls count=1
[2026-07-24 20:50:45] [MotusApiImporter] Skipped detail-page fetch for stock #1449179 — time budget already exhausted.
[2026-07-24 20:50:45] [MotusApiImporter] After enrichFromDetailPage() — engine_capacity_cc=NULL, image_urls count=1
[2026-07-24 20:50:45] [MotusApiImporter] findExistingCar() -> EXISTING car id=1705
[2026-07-24 20:50:45] [MotusApiImporter] updateCar() completed for existing id=1705.
[2026-07-24 20:50:45] [MotusApiImporter] --- Processing row 114 (stock/sku: 1446179) ---
[2026-07-24 20:50:45] [MotusApiImporter] parseVehicle() OK — make=VOLKSWAGEN, model=POLO VIVO, source_url=https://www.motusvw.co.za/midrand/showroom/625-vwmdf890169/1/, image_urls count=1
[2026-07-24 20:50:45] [MotusApiImporter] Skipped detail-page fetch for stock #1446179 — time budget already exhausted.
[2026-07-24 20:50:45] [MotusApiImporter] After enrichFromDetailPage() — engine_capacity_cc=NULL, image_urls count=1
[2026-07-24 20:50:45] [MotusApiImporter] findExistingCar() -> EXISTING car id=1706
[2026-07-24 20:50:45] [MotusApiImporter] updateCar() completed for existing id=1706.
[2026-07-24 20:50:45] [MotusApiImporter] --- Processing row 115 (stock/sku: 1446333) ---
[2026-07-24 20:50:45] [MotusApiImporter] parseVehicle() OK — make=VOLKSWAGEN, model=POLO VIVO, source_url=https://www.motusvw.co.za/midrand/showroom/625-vwmdf888093/1/, image_urls count=1
[2026-07-24 20:50:45] [MotusApiImporter] Skipped detail-page fetch for stock #1446333 — time budget already exhausted.
[2026-07-24 20:50:45] [MotusApiImporter] After enrichFromDetailPage() — engine_capacity_cc=NULL, image_urls count=1
[2026-07-24 20:50:45] [MotusApiImporter] findExistingCar() -> EXISTING car id=1707
[2026-07-24 20:50:45] [MotusApiImporter] updateCar() completed for existing id=1707.
[2026-07-24 20:50:45] [MotusApiImporter] --- Processing row 116 (stock/sku: 1446180) ---
[2026-07-24 20:50:45] [MotusApiImporter] parseVehicle() OK — make=VOLKSWAGEN, model=POLO VIVO, source_url=https://www.motusvw.co.za/midrand/showroom/625-vwmdf890170/1/, image_urls count=1
[2026-07-24 20:50:45] [MotusApiImporter] Skipped detail-page fetch for stock #1446180 — time budget already exhausted.
[2026-07-24 20:50:45] [MotusApiImporter] After enrichFromDetailPage() — engine_capacity_cc=NULL, image_urls count=1
[2026-07-24 20:50:45] [MotusApiImporter] findExistingCar() -> EXISTING car id=1708
[2026-07-24 20:50:45] [MotusApiImporter] updateCar() completed for existing id=1708.
[2026-07-24 20:50:45] [MotusApiImporter] --- Processing row 117 (stock/sku: 1446261) ---
[2026-07-24 20:50:45] [MotusApiImporter] parseVehicle() OK — make=VOLKSWAGEN, model=POLO VIVO, source_url=https://www.motusvw.co.za/midrand/showroom/625-vwmdf889143/1/, image_urls count=1
[2026-07-24 20:50:45] [MotusApiImporter] Skipped detail-page fetch for stock #1446261 — time budget already exhausted.
[2026-07-24 20:50:45] [MotusApiImporter] After enrichFromDetailPage() — engine_capacity_cc=NULL, image_urls count=1
[2026-07-24 20:50:45] [MotusApiImporter] findExistingCar() -> EXISTING car id=1709
[2026-07-24 20:50:45] [MotusApiImporter] updateCar() completed for existing id=1709.
[2026-07-24 20:50:45] [MotusApiImporter] --- Processing row 118 (stock/sku: 1446533) ---
[2026-07-24 20:50:45] [MotusApiImporter] parseVehicle() OK — make=VOLKSWAGEN, model=T-CROSS, source_url=https://www.motusvw.co.za/midrand/showroom/625-vwmdf883411/2/, image_urls count=1
[2026-07-24 20:50:45] [MotusApiImporter] Skipped detail-page fetch for stock #1446533 — time budget already exhausted.
[2026-07-24 20:50:45] [MotusApiImporter] After enrichFromDetailPage() — engine_capacity_cc=NULL, image_urls count=1
[2026-07-24 20:50:45] [MotusApiImporter] findExistingCar() -> EXISTING car id=1710
[2026-07-24 20:50:45] [MotusApiImporter] updateCar() completed for existing id=1710.
[2026-07-24 20:50:45] [MotusApiImporter] --- Processing row 119 (stock/sku: 1446610) ---
[2026-07-24 20:50:45] [MotusApiImporter] parseVehicle() OK — make=VOLKSWAGEN, model=TRANSPORTER, source_url=https://www.motusvw.co.za/midrand/showroom/625-vwmdf875570/1/, image_urls count=1
[2026-07-24 20:50:45] [MotusApiImporter] Skipped detail-page fetch for stock #1446610 — time budget already exhausted.
[2026-07-24 20:50:45] [MotusApiImporter] After enrichFromDetailPage() — engine_capacity_cc=NULL, image_urls count=1
[2026-07-24 20:50:45] [MotusApiImporter] findExistingCar() -> EXISTING car id=1711
[2026-07-24 20:50:45] [MotusApiImporter] updateCar() completed for existing id=1711.
[2026-07-24 20:50:45] [MotusApiImporter] sync() FINISHED — {"imported":0,"updated":120,"skipped":0,"failed":0}
[2026-07-24 20:51:07] [MotusApiImporter] sync() STARTED — dealerId=14, sourceRef=https://www.motusvw.co.za/midrand/showroom/
[2026-07-24 20:51:07] [MotusApiImporter] Time budget: 35s, dealerNameFilter="Motus VW Midrand"
[2026-07-24 20:51:08] [MotusApiImporter] crawlDealership() returned 120 row(s) before dealer-name filtering.
[2026-07-24 20:51:08] [MotusApiImporter] After filterByDealerName(): 120 row(s) remain.
[2026-07-24 20:51:08] [MotusApiImporter] 94 vehicle(s) already enriched for this dealer — their detail-page fetch will be skipped this run.
[2026-07-24 20:51:08] [MotusApiImporter] --- Processing row 0 (stock/sku: 1446776) ---
[2026-07-24 20:51:08] [MotusApiImporter] parseVehicle() OK — make=VOLKSWAGEN, model=POLO, source_url=https://www.motusvw.co.za/midrand/showroom/625-vwmdf852273/5/, image_urls count=1
[2026-07-24 20:51:08] [MotusApiImporter] Stock #1446776 already enriched from a previous run — skipping detail-page fetch to save budget for un-enriched vehicles.
[2026-07-24 20:51:08] [MotusApiImporter] findExistingCar() -> EXISTING car id=1592
[2026-07-24 20:51:08] [MotusApiImporter] updateCar() completed for existing id=1592 (enrichment columns left untouched).
[2026-07-24 20:51:08] [MotusApiImporter] --- Processing row 1 (stock/sku: 1446299) ---
[2026-07-24 20:51:08] [MotusApiImporter] parseVehicle() OK — make=VOLKSWAGEN, model=GOLF 8, source_url=https://www.motusvw.co.za/midrand/showroom/625-vwmdf888609/1/, image_urls count=1
[2026-07-24 20:51:08] [MotusApiImporter] Stock #1446299 already enriched from a previous run — skipping detail-page fetch to save budget for un-enriched vehicles.
[2026-07-24 20:51:08] [MotusApiImporter] findExistingCar() -> EXISTING car id=1593
[2026-07-24 20:51:08] [MotusApiImporter] updateCar() completed for existing id=1593 (enrichment columns left untouched).
[2026-07-24 20:51:08] [MotusApiImporter] --- Processing row 2 (stock/sku: 1446532) ---
[2026-07-24 20:51:08] [MotusApiImporter] parseVehicle() OK — make=VOLKSWAGEN, model=POLO, source_url=https://www.motusvw.co.za/midrand/showroom/625-vwmdf883395/1/, image_urls count=1
[2026-07-24 20:51:08] [MotusApiImporter] Stock #1446532 already enriched from a previous run — skipping detail-page fetch to save budget for un-enriched vehicles.
[2026-07-24 20:51:08] [MotusApiImporter] findExistingCar() -> EXISTING car id=1594
[2026-07-24 20:51:08] [MotusApiImporter] updateCar() completed for existing id=1594 (enrichment columns left untouched).
[2026-07-24 20:51:08] [MotusApiImporter] --- Processing row 3 (stock/sku: 1446295) ---
[2026-07-24 20:51:08] [MotusApiImporter] parseVehicle() OK — make=VOLKSWAGEN, model=POLO, source_url=https://www.motusvw.co.za/midrand/showroom/625-vwmdf888735/1/, image_urls count=1
[2026-07-24 20:51:08] [MotusApiImporter] Stock #1446295 already enriched from a previous run — skipping detail-page fetch to save budget for un-enriched vehicles.
[2026-07-24 20:51:08] [MotusApiImporter] findExistingCar() -> EXISTING car id=1595
[2026-07-24 20:51:08] [MotusApiImporter] updateCar() completed for existing id=1595 (enrichment columns left untouched).
[2026-07-24 20:51:08] [MotusApiImporter] --- Processing row 4 (stock/sku: 1446601) ---
[2026-07-24 20:51:08] [MotusApiImporter] parseVehicle() OK — make=VOLKSWAGEN, model=POLO, source_url=https://www.motusvw.co.za/midrand/showroom/625-bm030used887224/1/, image_urls count=1
[2026-07-24 20:51:08] [MotusApiImporter] Stock #1446601 already enriched from a previous run — skipping detail-page fetch to save budget for un-enriched vehicles.
[2026-07-24 20:51:08] [MotusApiImporter] findExistingCar() -> EXISTING car id=1596
[2026-07-24 20:51:08] [MotusApiImporter] updateCar() completed for existing id=1596 (enrichment columns left untouched).
[2026-07-24 20:51:08] [MotusApiImporter] --- Processing row 5 (stock/sku: 1446065) ---
[2026-07-24 20:51:08] [MotusApiImporter] parseVehicle() OK — make=VOLKSWAGEN, model=POLO, source_url=https://www.motusvw.co.za/midrand/showroom/625-vwmdf890975/1/, image_urls count=1
[2026-07-24 20:51:08] [MotusApiImporter] Stock #1446065 already enriched from a previous run — skipping detail-page fetch to save budget for un-enriched vehicles.
[2026-07-24 20:51:08] [MotusApiImporter] findExistingCar() -> EXISTING car id=1597
[2026-07-24 20:51:08] [MotusApiImporter] updateCar() completed for existing id=1597 (enrichment columns left untouched).
[2026-07-24 20:51:08] [MotusApiImporter] --- Processing row 6 (stock/sku: 1446370) ---
[2026-07-24 20:51:08] [MotusApiImporter] parseVehicle() OK — make=VOLKSWAGEN, model=POLO, source_url=https://www.motusvw.co.za/midrand/showroom/625-vwmdf887435/1/, image_urls count=1
[2026-07-24 20:51:08] [MotusApiImporter] Stock #1446370 already enriched from a previous run — skipping detail-page fetch to save budget for un-enriched vehicles.
[2026-07-24 20:51:08] [MotusApiImporter] findExistingCar() -> EXISTING car id=1598
[2026-07-24 20:51:08] [MotusApiImporter] updateCar() completed for existing id=1598 (enrichment columns left untouched).
[2026-07-24 20:51:08] [MotusApiImporter] --- Processing row 7 (stock/sku: 1446517) ---
[2026-07-24 20:51:08] [MotusApiImporter] parseVehicle() OK — make=VOLKSWAGEN, model=POLO VIVO, source_url=https://www.motusvw.co.za/midrand/showroom/625-vwmdf884987/1/, image_urls count=1
[2026-07-24 20:51:08] [MotusApiImporter] Stock #1446517 already enriched from a previous run — skipping detail-page fetch to save budget for un-enriched vehicles.
[2026-07-24 20:51:08] [MotusApiImporter] findExistingCar() -> EXISTING car id=1599
[2026-07-24 20:51:08] [MotusApiImporter] updateCar() completed for existing id=1599 (enrichment columns left untouched).
[2026-07-24 20:51:08] [MotusApiImporter] --- Processing row 8 (stock/sku: 1446115) ---
[2026-07-24 20:51:08] [MotusApiImporter] parseVehicle() OK — make=VOLKSWAGEN, model=POLO VIVO, source_url=https://www.motusvw.co.za/midrand/showroom/625-vwmdf891042/2/, image_urls count=1
[2026-07-24 20:51:08] [MotusApiImporter] Stock #1446115 already enriched from a previous run — skipping detail-page fetch to save budget for un-enriched vehicles.
[2026-07-24 20:51:08] [MotusApiImporter] findExistingCar() -> EXISTING car id=1600
[2026-07-24 20:51:08] [MotusApiImporter] updateCar() completed for existing id=1600 (enrichment columns left untouched).
[2026-07-24 20:51:08] [MotusApiImporter] --- Processing row 9 (stock/sku: 1446589) ---
[2026-07-24 20:51:08] [MotusApiImporter] parseVehicle() OK — make=VOLKSWAGEN, model=POLO VIVO, source_url=https://www.motusvw.co.za/midrand/showroom/625-vwmdf875588/1/, image_urls count=1
[2026-07-24 20:51:08] [MotusApiImporter] Stock #1446589 already enriched from a previous run — skipping detail-page fetch to save budget for un-enriched vehicles.
[2026-07-24 20:51:08] [MotusApiImporter] findExistingCar() -> EXISTING car id=1601
[2026-07-24 20:51:08] [MotusApiImporter] updateCar() completed for existing id=1601 (enrichment columns left untouched).
[2026-07-24 20:51:08] [MotusApiImporter] --- Processing row 10 (stock/sku: 1446083) ---
[2026-07-24 20:51:08] [MotusApiImporter] parseVehicle() OK — make=VOLKSWAGEN, model=T-CROSS, source_url=https://www.motusvw.co.za/midrand/showroom/625-vwmdf891215/1/, image_urls count=1
[2026-07-24 20:51:08] [MotusApiImporter] Stock #1446083 already enriched from a previous run — skipping detail-page fetch to save budget for un-enriched vehicles.
[2026-07-24 20:51:08] [MotusApiImporter] findExistingCar() -> EXISTING car id=1602
[2026-07-24 20:51:08] [MotusApiImporter] updateCar() completed for existing id=1602 (enrichment columns left untouched).
[2026-07-24 20:51:08] [MotusApiImporter] --- Processing row 11 (stock/sku: 1446395) ---
[2026-07-24 20:51:08] [MotusApiImporter] parseVehicle() OK — make=VOLKSWAGEN, model=T-CROSS, source_url=https://www.motusvw.co.za/midrand/showroom/625-vwmdf886830/1/, image_urls count=1
[2026-07-24 20:51:08] [MotusApiImporter] Stock #1446395 already enriched from a previous run — skipping detail-page fetch to save budget for un-enriched vehicles.
[2026-07-24 20:51:08] [MotusApiImporter] findExistingCar() -> EXISTING car id=1603
[2026-07-24 20:51:08] [MotusApiImporter] updateCar() completed for existing id=1603 (enrichment columns left untouched).
[2026-07-24 20:51:08] [MotusApiImporter] --- Processing row 12 (stock/sku: 1446535) ---
[2026-07-24 20:51:08] [MotusApiImporter] parseVehicle() OK — make=VOLKSWAGEN, model=T-ROC, source_url=https://www.motusvw.co.za/midrand/showroom/625-vwmdf883338/1/, image_urls count=1
[2026-07-24 20:51:08] [MotusApiImporter] Stock #1446535 already enriched from a previous run — skipping detail-page fetch to save budget for un-enriched vehicles.
[2026-07-24 20:51:08] [MotusApiImporter] findExistingCar() -> EXISTING car id=1604
[2026-07-24 20:51:08] [MotusApiImporter] updateCar() completed for existing id=1604 (enrichment columns left untouched).
[2026-07-24 20:51:08] [MotusApiImporter] --- Processing row 13 (stock/sku: 1446315) ---
[2026-07-24 20:51:08] [MotusApiImporter] parseVehicle() OK — make=VOLKSWAGEN, model=T-ROC, source_url=https://www.motusvw.co.za/midrand/showroom/625-vwmdf888464/1/, image_urls count=1
[2026-07-24 20:51:08] [MotusApiImporter] Stock #1446315 already enriched from a previous run — skipping detail-page fetch to save budget for un-enriched vehicles.
[2026-07-24 20:51:08] [MotusApiImporter] findExistingCar() -> EXISTING car id=1605
[2026-07-24 20:51:08] [MotusApiImporter] updateCar() completed for existing id=1605 (enrichment columns left untouched).
[2026-07-24 20:51:08] [MotusApiImporter] --- Processing row 14 (stock/sku: 1446599) ---
[2026-07-24 20:51:08] [MotusApiImporter] parseVehicle() OK — make=VOLKSWAGEN, model=TIGUAN, source_url=https://www.motusvw.co.za/midrand/showroom/625-vwmdf875100/1/, image_urls count=1
[2026-07-24 20:51:08] [MotusApiImporter] Stock #1446599 already enriched from a previous run — skipping detail-page fetch to save budget for un-enriched vehicles.
[2026-07-24 20:51:08] [MotusApiImporter] findExistingCar() -> EXISTING car id=1606
[2026-07-24 20:51:08] [MotusApiImporter] updateCar() completed for existing id=1606 (enrichment columns left untouched).
[2026-07-24 20:51:08] [MotusApiImporter] --- Processing row 15 (stock/sku: 1446192) ---
[2026-07-24 20:51:08] [MotusApiImporter] parseVehicle() OK — make=VOLKSWAGEN, model=TIGUAN, source_url=https://www.motusvw.co.za/midrand/showroom/625-vwmdf890088/2/, image_urls count=1
[2026-07-24 20:51:08] [MotusApiImporter] Stock #1446192 already enriched from a previous run — skipping detail-page fetch to save budget for un-enriched vehicles.
[2026-07-24 20:51:08] [MotusApiImporter] findExistingCar() -> EXISTING car id=1607
[2026-07-24 20:51:08] [MotusApiImporter] updateCar() completed for existing id=1607 (enrichment columns left untouched).
[2026-07-24 20:51:08] [MotusApiImporter] --- Processing row 16 (stock/sku: 1446143) ---
[2026-07-24 20:51:08] [MotusApiImporter] parseVehicle() OK — make=VOLKSWAGEN, model=TIGUAN, source_url=https://www.motusvw.co.za/midrand/showroom/625-vwmdf890778/1/, image_urls count=1
[2026-07-24 20:51:08] [MotusApiImporter] Stock #1446143 already enriched from a previous run — skipping detail-page fetch to save budget for un-enriched vehicles.
[2026-07-24 20:51:08] [MotusApiImporter] findExistingCar() -> EXISTING car id=1608
[2026-07-24 20:51:08] [MotusApiImporter] updateCar() completed for existing id=1608 (enrichment columns left untouched).
[2026-07-24 20:51:08] [MotusApiImporter] --- Processing row 17 (stock/sku: 1446000) ---
[2026-07-24 20:51:08] [MotusApiImporter] parseVehicle() OK — make=VOLKSWAGEN, model=GOLF, source_url=https://www.motusvw.co.za/midrand/showroom/625-vwmdf892223/0/, image_urls count=1
[2026-07-24 20:51:08] [MotusApiImporter] Stock #1446000 already enriched from a previous run — skipping detail-page fetch to save budget for un-enriched vehicles.
[2026-07-24 20:51:08] [MotusApiImporter] findExistingCar() -> EXISTING car id=1609
[2026-07-24 20:51:08] [MotusApiImporter] updateCar() completed for existing id=1609 (enrichment columns left untouched).
[2026-07-24 20:51:08] [MotusApiImporter] --- Processing row 18 (stock/sku: 1445980) ---
[2026-07-24 20:51:08] [MotusApiImporter] parseVehicle() OK — make=VOLKSWAGEN, model=GOLF 8, source_url=https://www.motusvw.co.za/midrand/showroom/625-vwmdf892557/0/, image_urls count=1
[2026-07-24 20:51:08] [MotusApiImporter] Stock #1445980 already enriched from a previous run — skipping detail-page fetch to save budget for un-enriched vehicles.
[2026-07-24 20:51:08] [MotusApiImporter] findExistingCar() -> EXISTING car id=1610
[2026-07-24 20:51:08] [MotusApiImporter] updateCar() completed for existing id=1610 (enrichment columns left untouched).
[2026-07-24 20:51:08] [MotusApiImporter] --- Processing row 19 (stock/sku: 1446122) ---
[2026-07-24 20:51:08] [MotusApiImporter] parseVehicle() OK — make=VOLKSWAGEN, model=GOLF 8, source_url=https://www.motusvw.co.za/midrand/showroom/625-vwmdf890926/0/, image_urls count=1
[2026-07-24 20:51:08] [MotusApiImporter] Stock #1446122 already enriched from a previous run — skipping detail-page fetch to save budget for un-enriched vehicles.
[2026-07-24 20:51:08] [MotusApiImporter] findExistingCar() -> EXISTING car id=1611
[2026-07-24 20:51:08] [MotusApiImporter] updateCar() completed for existing id=1611 (enrichment columns left untouched).
[2026-07-24 20:51:08] [MotusApiImporter] --- Processing row 20 (stock/sku: 1446022) ---
[2026-07-24 20:51:08] [MotusApiImporter] parseVehicle() OK — make=VOLKSWAGEN, model=GOLF 8, source_url=https://www.motusvw.co.za/midrand/showroom/625-vwmdf892077/0/, image_urls count=1
[2026-07-24 20:51:08] [MotusApiImporter] Stock #1446022 already enriched from a previous run — skipping detail-page fetch to save budget for un-enriched vehicles.
[2026-07-24 20:51:08] [MotusApiImporter] findExistingCar() -> EXISTING car id=1612
[2026-07-24 20:51:08] [MotusApiImporter] updateCar() completed for existing id=1612 (enrichment columns left untouched).
[2026-07-24 20:51:08] [MotusApiImporter] --- Processing row 21 (stock/sku: 1446049) ---
[2026-07-24 20:51:08] [MotusApiImporter] parseVehicle() OK — make=VOLKSWAGEN, model=GOLF 8, source_url=https://www.motusvw.co.za/midrand/showroom/625-vwmdf892214/0/, image_urls count=1
[2026-07-24 20:51:08] [MotusApiImporter] Stock #1446049 already enriched from a previous run — skipping detail-page fetch to save budget for un-enriched vehicles.
[2026-07-24 20:51:08] [MotusApiImporter] findExistingCar() -> EXISTING car id=1613
[2026-07-24 20:51:08] [MotusApiImporter] updateCar() completed for existing id=1613 (enrichment columns left untouched).
[2026-07-24 20:51:08] [MotusApiImporter] --- Processing row 22 (stock/sku: 1446001) ---
[2026-07-24 20:51:08] [MotusApiImporter] parseVehicle() OK — make=VOLKSWAGEN, model=GOLF 8, source_url=https://www.motusvw.co.za/midrand/showroom/625-vwmdf892266/0/, image_urls count=1
[2026-07-24 20:51:08] [MotusApiImporter] Stock #1446001 already enriched from a previous run — skipping detail-page fetch to save budget for un-enriched vehicles.
[2026-07-24 20:51:08] [MotusApiImporter] findExistingCar() -> EXISTING car id=1614
[2026-07-24 20:51:08] [MotusApiImporter] updateCar() completed for existing id=1614 (enrichment columns left untouched).
[2026-07-24 20:51:08] [MotusApiImporter] --- Processing row 23 (stock/sku: 1446356) ---
[2026-07-24 20:51:08] [MotusApiImporter] parseVehicle() OK — make=VOLKSWAGEN, model=POLO, source_url=https://www.motusvw.co.za/midrand/showroom/625-vwmdf887866/0/, image_urls count=1
[2026-07-24 20:51:08] [MotusApiImporter] Stock #1446356 already enriched from a previous run — skipping detail-page fetch to save budget for un-enriched vehicles.
[2026-07-24 20:51:08] [MotusApiImporter] findExistingCar() -> EXISTING car id=1615
[2026-07-24 20:51:08] [MotusApiImporter] updateCar() completed for existing id=1615 (enrichment columns left untouched).
[2026-07-24 20:51:08] [MotusApiImporter] --- Processing row 24 (stock/sku: 1446129) ---
[2026-07-24 20:51:08] [MotusApiImporter] parseVehicle() OK — make=VOLKSWAGEN, model=POLO, source_url=https://www.motusvw.co.za/midrand/showroom/625-vwmdf890824/0/, image_urls count=1
[2026-07-24 20:51:08] [MotusApiImporter] Stock #1446129 already enriched from a previous run — skipping detail-page fetch to save budget for un-enriched vehicles.
[2026-07-24 20:51:08] [MotusApiImporter] findExistingCar() -> EXISTING car id=1616
[2026-07-24 20:51:08] [MotusApiImporter] updateCar() completed for existing id=1616 (enrichment columns left untouched).
[2026-07-24 20:51:08] [MotusApiImporter] --- Processing row 25 (stock/sku: 1445964) ---
[2026-07-24 20:51:08] [MotusApiImporter] parseVehicle() OK — make=VOLKSWAGEN, model=POLO, source_url=https://www.motusvw.co.za/midrand/showroom/625-vwmdf892733/0/, image_urls count=1
[2026-07-24 20:51:08] [MotusApiImporter] Stock #1445964 already enriched from a previous run — skipping detail-page fetch to save budget for un-enriched vehicles.
[2026-07-24 20:51:08] [MotusApiImporter] findExistingCar() -> EXISTING car id=1617
[2026-07-24 20:51:08] [MotusApiImporter] updateCar() completed for existing id=1617 (enrichment columns left untouched).
[2026-07-24 20:51:08] [MotusApiImporter] --- Processing row 26 (stock/sku: 1446127) ---
[2026-07-24 20:51:08] [MotusApiImporter] parseVehicle() OK — make=VOLKSWAGEN, model=POLO, source_url=https://www.motusvw.co.za/midrand/showroom/625-vwmdf890793/0/, image_urls count=1
[2026-07-24 20:51:08] [MotusApiImporter] Stock #1446127 already enriched from a previous run — skipping detail-page fetch to save budget for un-enriched vehicles.
[2026-07-24 20:51:08] [MotusApiImporter] findExistingCar() -> EXISTING car id=1618
[2026-07-24 20:51:08] [MotusApiImporter] updateCar() completed for existing id=1618 (enrichment columns left untouched).
[2026-07-24 20:51:08] [MotusApiImporter] --- Processing row 27 (stock/sku: 1446009) ---
[2026-07-24 20:51:08] [MotusApiImporter] parseVehicle() OK — make=VOLKSWAGEN, model=POLO, source_url=https://www.motusvw.co.za/midrand/showroom/625-vwmdf892148/0/, image_urls count=1
[2026-07-24 20:51:08] [MotusApiImporter] Stock #1446009 already enriched from a previous run — skipping detail-page fetch to save budget for un-enriched vehicles.
[2026-07-24 20:51:08] [MotusApiImporter] findExistingCar() -> EXISTING car id=1619
[2026-07-24 20:51:08] [MotusApiImporter] updateCar() completed for existing id=1619 (enrichment columns left untouched).
[2026-07-24 20:51:08] [MotusApiImporter] --- Processing row 28 (stock/sku: 1445944) ---
[2026-07-24 20:51:08] [MotusApiImporter] parseVehicle() OK — make=VOLKSWAGEN, model=POLO, source_url=https://www.motusvw.co.za/midrand/showroom/625-vwmdf893079/0/, image_urls count=1
[2026-07-24 20:51:08] [MotusApiImporter] Stock #1445944 already enriched from a previous run — skipping detail-page fetch to save budget for un-enriched vehicles.
[2026-07-24 20:51:08] [MotusApiImporter] findExistingCar() -> EXISTING car id=1620
[2026-07-24 20:51:08] [MotusApiImporter] updateCar() completed for existing id=1620 (enrichment columns left untouched).
[2026-07-24 20:51:08] [MotusApiImporter] --- Processing row 29 (stock/sku: 1445929) ---
[2026-07-24 20:51:08] [MotusApiImporter] parseVehicle() OK — make=VOLKSWAGEN, model=POLO, source_url=https://www.motusvw.co.za/midrand/showroom/625-vwmdf893255/0/, image_urls count=1
[2026-07-24 20:51:08] [MotusApiImporter] Stock #1445929 already enriched from a previous run — skipping detail-page fetch to save budget for un-enriched vehicles.
[2026-07-24 20:51:08] [MotusApiImporter] findExistingCar() -> EXISTING car id=1621
[2026-07-24 20:51:08] [MotusApiImporter] updateCar() completed for existing id=1621 (enrichment columns left untouched).
[2026-07-24 20:51:08] [MotusApiImporter] --- Processing row 30 (stock/sku: 1445930) ---
[2026-07-24 20:51:08] [MotusApiImporter] parseVehicle() OK — make=VOLKSWAGEN, model=POLO, source_url=https://www.motusvw.co.za/midrand/showroom/625-vwmdf893267/0/, image_urls count=1
[2026-07-24 20:51:08] [MotusApiImporter] Stock #1445930 already enriched from a previous run — skipping detail-page fetch to save budget for un-enriched vehicles.
[2026-07-24 20:51:08] [MotusApiImporter] findExistingCar() -> EXISTING car id=1622
[2026-07-24 20:51:08] [MotusApiImporter] updateCar() completed for existing id=1622 (enrichment columns left untouched).
[2026-07-24 20:51:08] [MotusApiImporter] --- Processing row 31 (stock/sku: 1446008) ---
[2026-07-24 20:51:08] [MotusApiImporter] parseVehicle() OK — make=VOLKSWAGEN, model=POLO, source_url=https://www.motusvw.co.za/midrand/showroom/625-vwmdf892145/0/, image_urls count=1
[2026-07-24 20:51:08] [MotusApiImporter] Stock #1446008 already enriched from a previous run — skipping detail-page fetch to save budget for un-enriched vehicles.
[2026-07-24 20:51:08] [MotusApiImporter] findExistingCar() -> EXISTING car id=1623
[2026-07-24 20:51:08] [MotusApiImporter] updateCar() completed for existing id=1623 (enrichment columns left untouched).
[2026-07-24 20:51:08] [MotusApiImporter] --- Processing row 32 (stock/sku: 1445928) ---
[2026-07-24 20:51:08] [MotusApiImporter] parseVehicle() OK — make=VOLKSWAGEN, model=POLO, source_url=https://www.motusvw.co.za/midrand/showroom/625-vwmdf893252/0/, image_urls count=1
[2026-07-24 20:51:08] [MotusApiImporter] Stock #1445928 already enriched from a previous run — skipping detail-page fetch to save budget for un-enriched vehicles.
[2026-07-24 20:51:08] [MotusApiImporter] findExistingCar() -> EXISTING car id=1624
[2026-07-24 20:51:08] [MotusApiImporter] updateCar() completed for existing id=1624 (enrichment columns left untouched).
[2026-07-24 20:51:08] [MotusApiImporter] --- Processing row 33 (stock/sku: 1445915) ---
[2026-07-24 20:51:08] [MotusApiImporter] parseVehicle() OK — make=VOLKSWAGEN, model=POLO, source_url=https://www.motusvw.co.za/midrand/showroom/625-vwmdf893516/0/, image_urls count=1
[2026-07-24 20:51:08] [MotusApiImporter] Stock #1445915 already enriched from a previous run — skipping detail-page fetch to save budget for un-enriched vehicles.
[2026-07-24 20:51:08] [MotusApiImporter] findExistingCar() -> EXISTING car id=1625
[2026-07-24 20:51:08] [MotusApiImporter] updateCar() completed for existing id=1625 (enrichment columns left untouched).
[2026-07-24 20:51:08] [MotusApiImporter] --- Processing row 34 (stock/sku: 1445966) ---
[2026-07-24 20:51:08] [MotusApiImporter] parseVehicle() OK — make=VOLKSWAGEN, model=POLO, source_url=https://www.motusvw.co.za/midrand/showroom/625-vwmdf892527/0/, image_urls count=1
[2026-07-24 20:51:08] [MotusApiImporter] Stock #1445966 already enriched from a previous run — skipping detail-page fetch to save budget for un-enriched vehicles.
[2026-07-24 20:51:08] [MotusApiImporter] findExistingCar() -> EXISTING car id=1626
[2026-07-24 20:51:08] [MotusApiImporter] updateCar() completed for existing id=1626 (enrichment columns left untouched).
[2026-07-24 20:51:08] [MotusApiImporter] --- Processing row 35 (stock/sku: 1445835) ---
[2026-07-24 20:51:08] [MotusApiImporter] parseVehicle() OK — make=VOLKSWAGEN, model=POLO, source_url=https://www.motusvw.co.za/midrand/showroom/625-vwmdf894547/0/, image_urls count=1
[2026-07-24 20:51:08] [MotusApiImporter] Stock #1445835 already enriched from a previous run — skipping detail-page fetch to save budget for un-enriched vehicles.
[2026-07-24 20:51:08] [MotusApiImporter] findExistingCar() -> EXISTING car id=1627
[2026-07-24 20:51:08] [MotusApiImporter] updateCar() completed for existing id=1627 (enrichment columns left untouched).
[2026-07-24 20:51:08] [MotusApiImporter] --- Processing row 36 (stock/sku: 1445857) ---
[2026-07-24 20:51:08] [MotusApiImporter] parseVehicle() OK — make=VOLKSWAGEN, model=POLO VIVO, source_url=https://www.motusvw.co.za/midrand/showroom/625-vwmdf894310/0/, image_urls count=1
[2026-07-24 20:51:08] [MotusApiImporter] Stock #1445857 already enriched from a previous run — skipping detail-page fetch to save budget for un-enriched vehicles.
[2026-07-24 20:51:08] [MotusApiImporter] findExistingCar() -> EXISTING car id=1628
[2026-07-24 20:51:08] [MotusApiImporter] updateCar() completed for existing id=1628 (enrichment columns left untouched).
[2026-07-24 20:51:08] [MotusApiImporter] --- Processing row 37 (stock/sku: 1445858) ---
[2026-07-24 20:51:08] [MotusApiImporter] parseVehicle() OK — make=VOLKSWAGEN, model=POLO VIVO, source_url=https://www.motusvw.co.za/midrand/showroom/625-vwmdf894316/0/, image_urls count=1
[2026-07-24 20:51:08] [MotusApiImporter] Stock #1445858 already enriched from a previous run — skipping detail-page fetch to save budget for un-enriched vehicles.
[2026-07-24 20:51:08] [MotusApiImporter] findExistingCar() -> EXISTING car id=1629
[2026-07-24 20:51:08] [MotusApiImporter] updateCar() completed for existing id=1629 (enrichment columns left untouched).
[2026-07-24 20:51:08] [MotusApiImporter] --- Processing row 38 (stock/sku: 1446130) ---
[2026-07-24 20:51:08] [MotusApiImporter] parseVehicle() OK — make=VOLKSWAGEN, model=POLO VIVO, source_url=https://www.motusvw.co.za/midrand/showroom/625-vwmdf890905/0/, image_urls count=1
[2026-07-24 20:51:08] [MotusApiImporter] Stock #1446130 already enriched from a previous run — skipping detail-page fetch to save budget for un-enriched vehicles.
[2026-07-24 20:51:08] [MotusApiImporter] findExistingCar() -> EXISTING car id=1630
[2026-07-24 20:51:08] [MotusApiImporter] updateCar() completed for existing id=1630 (enrichment columns left untouched).
[2026-07-24 20:51:08] [MotusApiImporter] --- Processing row 39 (stock/sku: 1445963) ---
[2026-07-24 20:51:08] [MotusApiImporter] parseVehicle() OK — make=VOLKSWAGEN, model=T-CROSS, source_url=https://www.motusvw.co.za/midrand/showroom/625-vwmdf892729/0/, image_urls count=1
[2026-07-24 20:51:08] [MotusApiImporter] Stock #1445963 already enriched from a previous run — skipping detail-page fetch to save budget for un-enriched vehicles.
[2026-07-24 20:51:08] [MotusApiImporter] findExistingCar() -> EXISTING car id=1631
[2026-07-24 20:51:08] [MotusApiImporter] updateCar() completed for existing id=1631 (enrichment columns left untouched).
[2026-07-24 20:51:08] [MotusApiImporter] --- Processing row 40 (stock/sku: 1445833) ---
[2026-07-24 20:51:08] [MotusApiImporter] parseVehicle() OK — make=VOLKSWAGEN, model=T-CROSS, source_url=https://www.motusvw.co.za/midrand/showroom/625-vwmdf895060/0/, image_urls count=1
[2026-07-24 20:51:08] [MotusApiImporter] Stock #1445833 already enriched from a previous run — skipping detail-page fetch to save budget for un-enriched vehicles.
[2026-07-24 20:51:08] [MotusApiImporter] findExistingCar() -> EXISTING car id=1632
[2026-07-24 20:51:08] [MotusApiImporter] updateCar() completed for existing id=1632 (enrichment columns left untouched).
[2026-07-24 20:51:08] [MotusApiImporter] --- Processing row 41 (stock/sku: 1445916) ---
[2026-07-24 20:51:08] [MotusApiImporter] parseVehicle() OK — make=VOLKSWAGEN, model=T-CROSS, source_url=https://www.motusvw.co.za/midrand/showroom/625-vwmdf893597/0/, image_urls count=1
[2026-07-24 20:51:08] [MotusApiImporter] Stock #1445916 already enriched from a previous run — skipping detail-page fetch to save budget for un-enriched vehicles.
[2026-07-24 20:51:08] [MotusApiImporter] findExistingCar() -> EXISTING car id=1633
[2026-07-24 20:51:08] [MotusApiImporter] updateCar() completed for existing id=1633 (enrichment columns left untouched).
[2026-07-24 20:51:08] [MotusApiImporter] --- Processing row 42 (stock/sku: 1445895) ---
[2026-07-24 20:51:08] [MotusApiImporter] parseVehicle() OK — make=VOLKSWAGEN, model=T-CROSS, source_url=https://www.motusvw.co.za/midrand/showroom/625-vwmdf894000/0/, image_urls count=1
[2026-07-24 20:51:08] [MotusApiImporter] Stock #1445895 already enriched from a previous run — skipping detail-page fetch to save budget for un-enriched vehicles.
[2026-07-24 20:51:08] [MotusApiImporter] findExistingCar() -> EXISTING car id=1634
[2026-07-24 20:51:08] [MotusApiImporter] updateCar() completed for existing id=1634 (enrichment columns left untouched).
[2026-07-24 20:51:08] [MotusApiImporter] --- Processing row 43 (stock/sku: 1445907) ---
[2026-07-24 20:51:08] [MotusApiImporter] parseVehicle() OK — make=VOLKSWAGEN, model=TIGUAN, source_url=https://www.motusvw.co.za/midrand/showroom/625-vwmdf893709/0/, image_urls count=1
[2026-07-24 20:51:08] [MotusApiImporter] Stock #1445907 already enriched from a previous run — skipping detail-page fetch to save budget for un-enriched vehicles.
[2026-07-24 20:51:08] [MotusApiImporter] findExistingCar() -> EXISTING car id=1635
[2026-07-24 20:51:08] [MotusApiImporter] updateCar() completed for existing id=1635 (enrichment columns left untouched).
[2026-07-24 20:51:08] [MotusApiImporter] --- Processing row 44 (stock/sku: 1446283) ---
[2026-07-24 20:51:08] [MotusApiImporter] parseVehicle() OK — make=VOLKSWAGEN, model=TIGUAN, source_url=https://www.motusvw.co.za/midrand/showroom/625-vwmdf888104/0/, image_urls count=1
[2026-07-24 20:51:08] [MotusApiImporter] Stock #1446283 already enriched from a previous run — skipping detail-page fetch to save budget for un-enriched vehicles.
[2026-07-24 20:51:08] [MotusApiImporter] findExistingCar() -> EXISTING car id=1636
[2026-07-24 20:51:08] [MotusApiImporter] updateCar() completed for existing id=1636 (enrichment columns left untouched).
[2026-07-24 20:51:08] [MotusApiImporter] --- Processing row 45 (stock/sku: 1446223) ---
[2026-07-24 20:51:08] [MotusApiImporter] parseVehicle() OK — make=JEEP, model=RENEGADE, source_url=https://www.motusvw.co.za/midrand/showroom/625-vwmdf889687/1/, image_urls count=1
[2026-07-24 20:51:08] [MotusApiImporter] Stock #1446223 already enriched from a previous run — skipping detail-page fetch to save budget for un-enriched vehicles.
[2026-07-24 20:51:08] [MotusApiImporter] findExistingCar() -> EXISTING car id=1637
[2026-07-24 20:51:08] [MotusApiImporter] updateCar() completed for existing id=1637 (enrichment columns left untouched).
[2026-07-24 20:51:08] [MotusApiImporter] --- Processing row 46 (stock/sku: 1445923) ---
[2026-07-24 20:51:08] [MotusApiImporter] parseVehicle() OK — make=BMW, model=2 SERIES, source_url=https://www.motusvw.co.za/midrand/showroom/625-vwmdf893379/1/, image_urls count=1
[2026-07-24 20:51:08] [MotusApiImporter] Stock #1445923 already enriched from a previous run — skipping detail-page fetch to save budget for un-enriched vehicles.
[2026-07-24 20:51:08] [MotusApiImporter] findExistingCar() -> EXISTING car id=1638
[2026-07-24 20:51:08] [MotusApiImporter] updateCar() completed for existing id=1638 (enrichment columns left untouched).
[2026-07-24 20:51:08] [MotusApiImporter] --- Processing row 47 (stock/sku: 1445943) ---
[2026-07-24 20:51:08] [MotusApiImporter] parseVehicle() OK — make=FORD, model=ECOSPORT, source_url=https://www.motusvw.co.za/midrand/showroom/625-vwmdf893075/1/, image_urls count=1
[2026-07-24 20:51:08] [MotusApiImporter] Stock #1445943 already enriched from a previous run — skipping detail-page fetch to save budget for un-enriched vehicles.
[2026-07-24 20:51:08] [MotusApiImporter] findExistingCar() -> EXISTING car id=1639
[2026-07-24 20:51:08] [MotusApiImporter] updateCar() completed for existing id=1639 (enrichment columns left untouched).
[2026-07-24 20:51:08] [MotusApiImporter] --- Processing row 48 (stock/sku: 1446850) ---
[2026-07-24 20:51:08] [MotusApiImporter] parseVehicle() OK — make=VOLKSWAGEN, model=POLO, source_url=https://www.motusvw.co.za/midrand/showroom/625-vwmdf258260/1/, image_urls count=1
[2026-07-24 20:51:08] [MotusApiImporter] Stock #1446850 already enriched from a previous run — skipping detail-page fetch to save budget for un-enriched vehicles.
[2026-07-24 20:51:08] [MotusApiImporter] findExistingCar() -> EXISTING car id=1640
[2026-07-24 20:51:08] [MotusApiImporter] updateCar() completed for existing id=1640 (enrichment columns left untouched).
[2026-07-24 20:51:08] [MotusApiImporter] --- Processing row 49 (stock/sku: 1446505) ---
[2026-07-24 20:51:08] [MotusApiImporter] parseVehicle() OK — make=VOLKSWAGEN, model=POLO VIVO, source_url=https://www.motusvw.co.za/midrand/showroom/625-vwmdf608385/2/, image_urls count=1
[2026-07-24 20:51:08] [MotusApiImporter] Stock #1446505 already enriched from a previous run — skipping detail-page fetch to save budget for un-enriched vehicles.
[2026-07-24 20:51:08] [MotusApiImporter] findExistingCar() -> EXISTING car id=1641
[2026-07-24 20:51:08] [MotusApiImporter] updateCar() completed for existing id=1641 (enrichment columns left untouched).
[2026-07-24 20:51:08] [MotusApiImporter] --- Processing row 50 (stock/sku: 1446800) ---
[2026-07-24 20:51:08] [MotusApiImporter] parseVehicle() OK — make=VOLKSWAGEN, model=TIGUAN, source_url=https://www.motusvw.co.za/midrand/showroom/625-vwmdf829969/1/, image_urls count=1
[2026-07-24 20:51:08] [MotusApiImporter] Stock #1446800 already enriched from a previous run — skipping detail-page fetch to save budget for un-enriched vehicles.
[2026-07-24 20:51:08] [MotusApiImporter] findExistingCar() -> EXISTING car id=1642
[2026-07-24 20:51:08] [MotusApiImporter] updateCar() completed for existing id=1642 (enrichment columns left untouched).
[2026-07-24 20:51:08] [MotusApiImporter] --- Processing row 51 (stock/sku: 1446792) ---
[2026-07-24 20:51:08] [MotusApiImporter] parseVehicle() OK — make=VOLKSWAGEN, model=TIGUAN ALLSPACE, source_url=https://www.motusvw.co.za/midrand/showroom/625-vwmdf838290/1/, image_urls count=1
[2026-07-24 20:51:08] [MotusApiImporter] Stock #1446792 already enriched from a previous run — skipping detail-page fetch to save budget for un-enriched vehicles.
[2026-07-24 20:51:08] [MotusApiImporter] findExistingCar() -> EXISTING car id=1643
[2026-07-24 20:51:08] [MotusApiImporter] updateCar() completed for existing id=1643 (enrichment columns left untouched).
[2026-07-24 20:51:08] [MotusApiImporter] --- Processing row 52 (stock/sku: 1449899) ---
[2026-07-24 20:51:08] [MotusApiImporter] parseVehicle() OK — make=VOLKSWAGEN, model=POLO VIVO, source_url=https://www.motusvw.co.za/midrand/showroom/625-vwmdf896660/1/, image_urls count=1
[2026-07-24 20:51:08] [MotusApiImporter] Stock #1449899 already enriched from a previous run — skipping detail-page fetch to save budget for un-enriched vehicles.
[2026-07-24 20:51:08] [MotusApiImporter] findExistingCar() -> EXISTING car id=1644
[2026-07-24 20:51:08] [MotusApiImporter] updateCar() completed for existing id=1644 (enrichment columns left untouched).
[2026-07-24 20:51:08] [MotusApiImporter] --- Processing row 53 (stock/sku: 1446153) ---
[2026-07-24 20:51:08] [MotusApiImporter] parseVehicle() OK — make=VOLKSWAGEN, model=TIGUAN, source_url=https://www.motusvw.co.za/midrand/showroom/625-vwmdf762579/1/, image_urls count=1
[2026-07-24 20:51:08] [MotusApiImporter] Stock #1446153 already enriched from a previous run — skipping detail-page fetch to save budget for un-enriched vehicles.
[2026-07-24 20:51:08] [MotusApiImporter] findExistingCar() -> EXISTING car id=1645
[2026-07-24 20:51:08] [MotusApiImporter] updateCar() completed for existing id=1645 (enrichment columns left untouched).
[2026-07-24 20:51:08] [MotusApiImporter] --- Processing row 54 (stock/sku: 1446811) ---
[2026-07-24 20:51:08] [MotusApiImporter] parseVehicle() OK — make=FORD, model=ECOSPORT, source_url=https://www.motusvw.co.za/midrand/showroom/625-vwmdf889981/1/, image_urls count=1
[2026-07-24 20:51:08] [MotusApiImporter] Stock #1446811 already enriched from a previous run — skipping detail-page fetch to save budget for un-enriched vehicles.
[2026-07-24 20:51:08] [MotusApiImporter] findExistingCar() -> EXISTING car id=1646
[2026-07-24 20:51:08] [MotusApiImporter] updateCar() completed for existing id=1646 (enrichment columns left untouched).
[2026-07-24 20:51:08] [MotusApiImporter] --- Processing row 55 (stock/sku: 1445937) ---
[2026-07-24 20:51:08] [MotusApiImporter] parseVehicle() OK — make=FORD, model=FIGO, source_url=https://www.motusvw.co.za/midrand/showroom/625-vwmdf893195/1/, image_urls count=1
[2026-07-24 20:51:08] [MotusApiImporter] Stock #1445937 already enriched from a previous run — skipping detail-page fetch to save budget for un-enriched vehicles.
[2026-07-24 20:51:08] [MotusApiImporter] findExistingCar() -> EXISTING car id=1647
[2026-07-24 20:51:08] [MotusApiImporter] updateCar() completed for existing id=1647 (enrichment columns left untouched).
[2026-07-24 20:51:08] [MotusApiImporter] --- Processing row 56 (stock/sku: 1446382) ---
[2026-07-24 20:51:08] [MotusApiImporter] parseVehicle() OK — make=VOLKSWAGEN, model=AMAROK, source_url=https://www.motusvw.co.za/midrand/showroom/625-vwmdf421690/1/, image_urls count=1
[2026-07-24 20:51:08] [MotusApiImporter] Stock #1446382 already enriched from a previous run — skipping detail-page fetch to save budget for un-enriched vehicles.
[2026-07-24 20:51:08] [MotusApiImporter] findExistingCar() -> EXISTING car id=1648
[2026-07-24 20:51:08] [MotusApiImporter] updateCar() completed for existing id=1648 (enrichment columns left untouched).
[2026-07-24 20:51:08] [MotusApiImporter] --- Processing row 57 (stock/sku: 1446801) ---
[2026-07-24 20:51:08] [MotusApiImporter] parseVehicle() OK — make=VOLKSWAGEN, model=T-CROSS, source_url=https://www.motusvw.co.za/midrand/showroom/625-vwmdf423363/2/, image_urls count=1
[2026-07-24 20:51:08] [MotusApiImporter] Stock #1446801 already enriched from a previous run — skipping detail-page fetch to save budget for un-enriched vehicles.
[2026-07-24 20:51:08] [MotusApiImporter] findExistingCar() -> EXISTING car id=1649
[2026-07-24 20:51:08] [MotusApiImporter] updateCar() completed for existing id=1649 (enrichment columns left untouched).
[2026-07-24 20:51:08] [MotusApiImporter] --- Processing row 58 (stock/sku: 1446410) ---
[2026-07-24 20:51:08] [MotusApiImporter] parseVehicle() OK — make=VOLKSWAGEN, model=TRANSPORTER, source_url=https://www.motusvw.co.za/midrand/showroom/625-vwmdf886408/4/, image_urls count=1
[2026-07-24 20:51:08] [MotusApiImporter] Stock #1446410 already enriched from a previous run — skipping detail-page fetch to save budget for un-enriched vehicles.
[2026-07-24 20:51:08] [MotusApiImporter] findExistingCar() -> EXISTING car id=1650
[2026-07-24 20:51:08] [MotusApiImporter] updateCar() completed for existing id=1650 (enrichment columns left untouched).
[2026-07-24 20:51:08] [MotusApiImporter] --- Processing row 59 (stock/sku: 1445899) ---
[2026-07-24 20:51:08] [MotusApiImporter] parseVehicle() OK — make=VOLKSWAGEN, model=TRANSPORTER, source_url=https://www.motusvw.co.za/midrand/showroom/625-vwmdf893863/1/, image_urls count=1
[2026-07-24 20:51:08] [MotusApiImporter] Stock #1445899 already enriched from a previous run — skipping detail-page fetch to save budget for un-enriched vehicles.
[2026-07-24 20:51:08] [MotusApiImporter] findExistingCar() -> EXISTING car id=1651
[2026-07-24 20:51:08] [MotusApiImporter] updateCar() completed for existing id=1651 (enrichment columns left untouched).
[2026-07-24 20:51:08] [MotusApiImporter] --- Processing row 60 (stock/sku: 1446142) ---
[2026-07-24 20:51:08] [MotusApiImporter] parseVehicle() OK — make=BMW, model=4 SERIES, source_url=https://www.motusvw.co.za/midrand/showroom/625-vwmdf890748/1/, image_urls count=1
[2026-07-24 20:51:08] [MotusApiImporter] Stock #1446142 already enriched from a previous run — skipping detail-page fetch to save budget for un-enriched vehicles.
[2026-07-24 20:51:08] [MotusApiImporter] findExistingCar() -> EXISTING car id=1652
[2026-07-24 20:51:08] [MotusApiImporter] updateCar() completed for existing id=1652 (enrichment columns left untouched).
[2026-07-24 20:51:08] [MotusApiImporter] --- Processing row 61 (stock/sku: 1446010) ---
[2026-07-24 20:51:08] [MotusApiImporter] parseVehicle() OK — make=JAGUAR, model=F-PACE, source_url=https://www.motusvw.co.za/midrand/showroom/625-vwmdf892204/1/, image_urls count=1
[2026-07-24 20:51:08] [MotusApiImporter] Stock #1446010 already enriched from a previous run — skipping detail-page fetch to save budget for un-enriched vehicles.
[2026-07-24 20:51:08] [MotusApiImporter] findExistingCar() -> EXISTING car id=1653
[2026-07-24 20:51:08] [MotusApiImporter] updateCar() completed for existing id=1653 (enrichment columns left untouched).
[2026-07-24 20:51:08] [MotusApiImporter] --- Processing row 62 (stock/sku: 1448883) ---
[2026-07-24 20:51:08] [MotusApiImporter] parseVehicle() OK — make=KIA, model=RIO, source_url=https://www.motusvw.co.za/midrand/showroom/625-vwmvusc894215/1/, image_urls count=1
[2026-07-24 20:51:08] [MotusApiImporter] Stock #1448883 already enriched from a previous run — skipping detail-page fetch to save budget for un-enriched vehicles.
[2026-07-24 20:51:08] [MotusApiImporter] findExistingCar() -> EXISTING car id=1654
[2026-07-24 20:51:08] [MotusApiImporter] updateCar() completed for existing id=1654 (enrichment columns left untouched).
[2026-07-24 20:51:08] [MotusApiImporter] --- Processing row 63 (stock/sku: 1445715) ---
[2026-07-24 20:51:08] [MotusApiImporter] parseVehicle() OK — make=RENAULT, model=CLIO, source_url=https://www.motusvw.co.za/midrand/showroom/625-vwmdf896334/1/, image_urls count=1
[2026-07-24 20:51:08] [MotusApiImporter] Stock #1445715 already enriched from a previous run — skipping detail-page fetch to save budget for un-enriched vehicles.
[2026-07-24 20:51:08] [MotusApiImporter] findExistingCar() -> EXISTING car id=1655
[2026-07-24 20:51:08] [MotusApiImporter] updateCar() completed for existing id=1655 (enrichment columns left untouched).
[2026-07-24 20:51:08] [MotusApiImporter] --- Processing row 64 (stock/sku: 1445883) ---
[2026-07-24 20:51:08] [MotusApiImporter] parseVehicle() OK — make=VOLKSWAGEN, model=POLO VIVO, source_url=https://www.motusvw.co.za/midrand/showroom/625-vwmdf894125/2/, image_urls count=1
[2026-07-24 20:51:08] [MotusApiImporter] Stock #1445883 already enriched from a previous run — skipping detail-page fetch to save budget for un-enriched vehicles.
[2026-07-24 20:51:08] [MotusApiImporter] findExistingCar() -> EXISTING car id=1656
[2026-07-24 20:51:08] [MotusApiImporter] updateCar() completed for existing id=1656 (enrichment columns left untouched).
[2026-07-24 20:51:08] [MotusApiImporter] --- Processing row 65 (stock/sku: 1445714) ---
[2026-07-24 20:51:08] [MotusApiImporter] parseVehicle() OK — make=VOLKSWAGEN, model=POLO VIVO, source_url=https://www.motusvw.co.za/midrand/showroom/625-vwmdf896260/1/, image_urls count=1
[2026-07-24 20:51:08] [MotusApiImporter] Stock #1445714 already enriched from a previous run — skipping detail-page fetch to save budget for un-enriched vehicles.
[2026-07-24 20:51:09] [MotusApiImporter] findExistingCar() -> EXISTING car id=1657
[2026-07-24 20:51:09] [MotusApiImporter] updateCar() completed for existing id=1657 (enrichment columns left untouched).
[2026-07-24 20:51:09] [MotusApiImporter] --- Processing row 66 (stock/sku: 1446735) ---
[2026-07-24 20:51:09] [MotusApiImporter] parseVehicle() OK — make=VOLKSWAGEN, model=TAIGO, source_url=https://www.motusvw.co.za/midrand/showroom/625-vwmdf861673/2/, image_urls count=1
[2026-07-24 20:51:09] [MotusApiImporter] Stock #1446735 already enriched from a previous run — skipping detail-page fetch to save budget for un-enriched vehicles.
[2026-07-24 20:51:09] [MotusApiImporter] findExistingCar() -> EXISTING car id=1658
[2026-07-24 20:51:09] [MotusApiImporter] updateCar() completed for existing id=1658 (enrichment columns left untouched).
[2026-07-24 20:51:09] [MotusApiImporter] --- Processing row 67 (stock/sku: 1445959) ---
[2026-07-24 20:51:09] [MotusApiImporter] parseVehicle() OK — make=VOLKSWAGEN, model=TRANSPORTER, source_url=https://www.motusvw.co.za/midrand/showroom/625-vwmdf425954/1/, image_urls count=1
[2026-07-24 20:51:09] [MotusApiImporter] Stock #1445959 already enriched from a previous run — skipping detail-page fetch to save budget for un-enriched vehicles.
[2026-07-24 20:51:09] [MotusApiImporter] findExistingCar() -> EXISTING car id=1659
[2026-07-24 20:51:09] [MotusApiImporter] updateCar() completed for existing id=1659 (enrichment columns left untouched).
[2026-07-24 20:51:09] [MotusApiImporter] --- Processing row 68 (stock/sku: 1446051) ---
[2026-07-24 20:51:09] [MotusApiImporter] parseVehicle() OK — make=VOLKSWAGEN, model=AMAROK, source_url=https://www.motusvw.co.za/midrand/showroom/625-vwmdf891606/1/, image_urls count=1
[2026-07-24 20:51:09] [MotusApiImporter] Stock #1446051 already enriched from a previous run — skipping detail-page fetch to save budget for un-enriched vehicles.
[2026-07-24 20:51:09] [MotusApiImporter] findExistingCar() -> EXISTING car id=1660
[2026-07-24 20:51:09] [MotusApiImporter] updateCar() completed for existing id=1660 (enrichment columns left untouched).
[2026-07-24 20:51:09] [MotusApiImporter] --- Processing row 69 (stock/sku: 1446086) ---
[2026-07-24 20:51:09] [MotusApiImporter] parseVehicle() OK — make=VOLKSWAGEN, model=POLO, source_url=https://www.motusvw.co.za/midrand/showroom/625-vwmdf891191/1/, image_urls count=1
[2026-07-24 20:51:09] [MotusApiImporter] Stock #1446086 already enriched from a previous run — skipping detail-page fetch to save budget for un-enriched vehicles.
[2026-07-24 20:51:09] [MotusApiImporter] findExistingCar() -> EXISTING car id=1661
[2026-07-24 20:51:09] [MotusApiImporter] updateCar() completed for existing id=1661 (enrichment columns left untouched).
[2026-07-24 20:51:09] [MotusApiImporter] --- Processing row 70 (stock/sku: 1446654) ---
[2026-07-24 20:51:09] [MotusApiImporter] parseVehicle() OK — make=AUDI, model=Q2, source_url=https://www.motusvw.co.za/midrand/showroom/625-vwmdf872129/1/, image_urls count=1
[2026-07-24 20:51:09] [MotusApiImporter] Stock #1446654 already enriched from a previous run — skipping detail-page fetch to save budget for un-enriched vehicles.
[2026-07-24 20:51:09] [MotusApiImporter] findExistingCar() -> EXISTING car id=1662
[2026-07-24 20:51:09] [MotusApiImporter] updateCar() completed for existing id=1662 (enrichment columns left untouched).
[2026-07-24 20:51:09] [MotusApiImporter] --- Processing row 71 (stock/sku: 1449184) ---
[2026-07-24 20:51:09] [MotusApiImporter] parseVehicle() OK — make=FORD, model=RANGER, source_url=https://www.motusvw.co.za/midrand/showroom/625-vwmdf895758/1/, image_urls count=1
[2026-07-24 20:51:09] [MotusApiImporter] Stock #1449184 already enriched from a previous run — skipping detail-page fetch to save budget for un-enriched vehicles.
[2026-07-24 20:51:09] [MotusApiImporter] findExistingCar() -> EXISTING car id=1663
[2026-07-24 20:51:09] [MotusApiImporter] updateCar() completed for existing id=1663 (enrichment columns left untouched).
[2026-07-24 20:51:09] [MotusApiImporter] --- Processing row 72 (stock/sku: 1448032) ---
[2026-07-24 20:51:09] [MotusApiImporter] parseVehicle() OK — make=HYUNDAI, model=GRAND CRETA, source_url=https://www.motusvw.co.za/midrand/showroom/625-vwmvusc853094/1/, image_urls count=1
[2026-07-24 20:51:09] [MotusApiImporter] Stock #1448032 already enriched from a previous run — skipping detail-page fetch to save budget for un-enriched vehicles.
[2026-07-24 20:51:09] [MotusApiImporter] findExistingCar() -> EXISTING car id=1664
[2026-07-24 20:51:09] [MotusApiImporter] updateCar() completed for existing id=1664 (enrichment columns left untouched).
[2026-07-24 20:51:09] [MotusApiImporter] --- Processing row 73 (stock/sku: 1446809) ---
[2026-07-24 20:51:09] [MotusApiImporter] parseVehicle() OK — make=KIA, model=PICANTO, source_url=https://www.motusvw.co.za/midrand/showroom/625-vwmdf894445/1/, image_urls count=1
[2026-07-24 20:51:09] [MotusApiImporter] Stock #1446809 already enriched from a previous run — skipping detail-page fetch to save budget for un-enriched vehicles.
[2026-07-24 20:51:09] [MotusApiImporter] findExistingCar() -> EXISTING car id=1665
[2026-07-24 20:51:09] [MotusApiImporter] updateCar() completed for existing id=1665 (enrichment columns left untouched).
[2026-07-24 20:51:09] [MotusApiImporter] --- Processing row 74 (stock/sku: 1446810) ---
[2026-07-24 20:51:09] [MotusApiImporter] parseVehicle() OK — make=NISSAN, model=MAGNITE, source_url=https://www.motusvw.co.za/midrand/showroom/625-vwmdf894838/1/, image_urls count=1
[2026-07-24 20:51:09] [MotusApiImporter] Stock #1446810 already enriched from a previous run — skipping detail-page fetch to save budget for un-enriched vehicles.
[2026-07-24 20:51:09] [MotusApiImporter] findExistingCar() -> EXISTING car id=1666
[2026-07-24 20:51:09] [MotusApiImporter] updateCar() completed for existing id=1666 (enrichment columns left untouched).
[2026-07-24 20:51:09] [MotusApiImporter] --- Processing row 75 (stock/sku: 1446523) ---
[2026-07-24 20:51:09] [MotusApiImporter] parseVehicle() OK — make=TOYOTA, model=COROLLA CROSS, source_url=https://www.motusvw.co.za/midrand/showroom/625-bm037used896315/1/, image_urls count=1
[2026-07-24 20:51:09] [MotusApiImporter] Stock #1446523 already enriched from a previous run — skipping detail-page fetch to save budget for un-enriched vehicles.
[2026-07-24 20:51:09] [MotusApiImporter] findExistingCar() -> EXISTING car id=1667
[2026-07-24 20:51:09] [MotusApiImporter] updateCar() completed for existing id=1667 (enrichment columns left untouched).
[2026-07-24 20:51:09] [MotusApiImporter] --- Processing row 76 (stock/sku: 1445994) ---
[2026-07-24 20:51:09] [MotusApiImporter] parseVehicle() OK — make=TOYOTA, model=HILUX, source_url=https://www.motusvw.co.za/midrand/showroom/625-vwmdf892356/1/, image_urls count=1
[2026-07-24 20:51:09] [MotusApiImporter] Stock #1445994 already enriched from a previous run — skipping detail-page fetch to save budget for un-enriched vehicles.
[2026-07-24 20:51:09] [MotusApiImporter] findExistingCar() -> EXISTING car id=1668
[2026-07-24 20:51:09] [MotusApiImporter] updateCar() completed for existing id=1668 (enrichment columns left untouched).
[2026-07-24 20:51:09] [MotusApiImporter] --- Processing row 77 (stock/sku: 1446028) ---
[2026-07-24 20:51:09] [MotusApiImporter] parseVehicle() OK — make=VOLKSWAGEN, model=AMAROK, source_url=https://www.motusvw.co.za/midrand/showroom/625-vwmdf850170/1/, image_urls count=1
[2026-07-24 20:51:09] [MotusApiImporter] Stock #1446028 already enriched from a previous run — skipping detail-page fetch to save budget for un-enriched vehicles.
[2026-07-24 20:51:09] [MotusApiImporter] findExistingCar() -> EXISTING car id=1669
[2026-07-24 20:51:09] [MotusApiImporter] updateCar() completed for existing id=1669 (enrichment columns left untouched).
[2026-07-24 20:51:09] [MotusApiImporter] --- Processing row 78 (stock/sku: 1445881) ---
[2026-07-24 20:51:09] [MotusApiImporter] parseVehicle() OK — make=VOLKSWAGEN, model=POLO, source_url=https://www.motusvw.co.za/midrand/showroom/625-vwmdf894037/1/, image_urls count=1
[2026-07-24 20:51:09] [MotusApiImporter] Stock #1445881 already enriched from a previous run — skipping detail-page fetch to save budget for un-enriched vehicles.
[2026-07-24 20:51:09] [MotusApiImporter] findExistingCar() -> EXISTING car id=1670
[2026-07-24 20:51:09] [MotusApiImporter] updateCar() completed for existing id=1670 (enrichment columns left untouched).
[2026-07-24 20:51:09] [MotusApiImporter] --- Processing row 79 (stock/sku: 1446323) ---
[2026-07-24 20:51:09] [MotusApiImporter] parseVehicle() OK — make=VOLKSWAGEN, model=POLO, source_url=https://www.motusvw.co.za/midrand/showroom/625-vwmdf888345/1/, image_urls count=1
[2026-07-24 20:51:09] [MotusApiImporter] Stock #1446323 already enriched from a previous run — skipping detail-page fetch to save budget for un-enriched vehicles.
[2026-07-24 20:51:09] [MotusApiImporter] findExistingCar() -> EXISTING car id=1671
[2026-07-24 20:51:09] [MotusApiImporter] updateCar() completed for existing id=1671 (enrichment columns left untouched).
[2026-07-24 20:51:09] [MotusApiImporter] --- Processing row 80 (stock/sku: 1446790) ---
[2026-07-24 20:51:09] [MotusApiImporter] parseVehicle() OK — make=VOLKSWAGEN, model=T-CROSS, source_url=https://www.motusvw.co.za/midrand/showroom/625-vwmdf839567/1/, image_urls count=1
[2026-07-24 20:51:09] [MotusApiImporter] Stock #1446790 already enriched from a previous run — skipping detail-page fetch to save budget for un-enriched vehicles.
[2026-07-24 20:51:09] [MotusApiImporter] findExistingCar() -> EXISTING car id=1672
[2026-07-24 20:51:09] [MotusApiImporter] updateCar() completed for existing id=1672 (enrichment columns left untouched).
[2026-07-24 20:51:09] [MotusApiImporter] --- Processing row 81 (stock/sku: 1446786) ---
[2026-07-24 20:51:09] [MotusApiImporter] parseVehicle() OK — make=VOLKSWAGEN, model=T-CROSS, source_url=https://www.motusvw.co.za/midrand/showroom/625-vwmdf843717/8/, image_urls count=1
[2026-07-24 20:51:09] [MotusApiImporter] Stock #1446786 already enriched from a previous run — skipping detail-page fetch to save budget for un-enriched vehicles.
[2026-07-24 20:51:09] [MotusApiImporter] findExistingCar() -> EXISTING car id=1673
[2026-07-24 20:51:09] [MotusApiImporter] updateCar() completed for existing id=1673 (enrichment columns left untouched).
[2026-07-24 20:51:09] [MotusApiImporter] --- Processing row 82 (stock/sku: 1445882) ---
[2026-07-24 20:51:09] [MotusApiImporter] parseVehicle() OK — make=VOLKSWAGEN, model=T-ROC, source_url=https://www.motusvw.co.za/midrand/showroom/625-vwmdf894108/1/, image_urls count=1
[2026-07-24 20:51:09] [MotusApiImporter] Stock #1445882 already enriched from a previous run — skipping detail-page fetch to save budget for un-enriched vehicles.
[2026-07-24 20:51:09] [MotusApiImporter] findExistingCar() -> EXISTING car id=1674
[2026-07-24 20:51:09] [MotusApiImporter] updateCar() completed for existing id=1674 (enrichment columns left untouched).
[2026-07-24 20:51:09] [MotusApiImporter] --- Processing row 83 (stock/sku: 1445751) ---
[2026-07-24 20:51:09] [MotusApiImporter] parseVehicle() OK — make=VOLKSWAGEN, model=TAIGO, source_url=https://www.motusvw.co.za/midrand/showroom/625-vwmdf874038/1/, image_urls count=1
[2026-07-24 20:51:09] [MotusApiImporter] Stock #1445751 already enriched from a previous run — skipping detail-page fetch to save budget for un-enriched vehicles.
[2026-07-24 20:51:09] [MotusApiImporter] findExistingCar() -> EXISTING car id=1675
[2026-07-24 20:51:09] [MotusApiImporter] updateCar() completed for existing id=1675 (enrichment columns left untouched).
[2026-07-24 20:51:09] [MotusApiImporter] --- Processing row 84 (stock/sku: 1446249) ---
[2026-07-24 20:51:09] [MotusApiImporter] parseVehicle() OK — make=SUZUKI, model=SWIFT, source_url=https://www.motusvw.co.za/midrand/showroom/625-vwmdf889410/1/, image_urls count=1
[2026-07-24 20:51:09] [MotusApiImporter] Stock #1446249 already enriched from a previous run — skipping detail-page fetch to save budget for un-enriched vehicles.
[2026-07-24 20:51:09] [MotusApiImporter] findExistingCar() -> EXISTING car id=1676
[2026-07-24 20:51:09] [MotusApiImporter] updateCar() completed for existing id=1676 (enrichment columns left untouched).
[2026-07-24 20:51:09] [MotusApiImporter] --- Processing row 85 (stock/sku: 1445799) ---
[2026-07-24 20:51:09] [MotusApiImporter] parseVehicle() OK — make=SUZUKI, model=SWIFT, source_url=https://www.motusvw.co.za/midrand/showroom/625-vwmdf895482/1/, image_urls count=1
[2026-07-24 20:51:09] [MotusApiImporter] Stock #1445799 already enriched from a previous run — skipping detail-page fetch to save budget for un-enriched vehicles.
[2026-07-24 20:51:09] [MotusApiImporter] findExistingCar() -> EXISTING car id=1677
[2026-07-24 20:51:09] [MotusApiImporter] updateCar() completed for existing id=1677 (enrichment columns left untouched).
[2026-07-24 20:51:09] [MotusApiImporter] --- Processing row 86 (stock/sku: 1445871) ---
[2026-07-24 20:51:09] [MotusApiImporter] parseVehicle() OK — make=SUZUKI, model=SWIFT, source_url=https://www.motusvw.co.za/midrand/showroom/625-vwmdf894155/1/, image_urls count=1
[2026-07-24 20:51:09] [MotusApiImporter] Stock #1445871 already enriched from a previous run — skipping detail-page fetch to save budget for un-enriched vehicles.
[2026-07-24 20:51:09] [MotusApiImporter] findExistingCar() -> EXISTING car id=1678
[2026-07-24 20:51:09] [MotusApiImporter] updateCar() completed for existing id=1678 (enrichment columns left untouched).
[2026-07-24 20:51:09] [MotusApiImporter] --- Processing row 87 (stock/sku: 1445800) ---
[2026-07-24 20:51:09] [MotusApiImporter] parseVehicle() OK — make=SUZUKI, model=SWIFT, source_url=https://www.motusvw.co.za/midrand/showroom/625-vwmdf895483/1/, image_urls count=1
[2026-07-24 20:51:09] [MotusApiImporter] Stock #1445800 already enriched from a previous run — skipping detail-page fetch to save budget for un-enriched vehicles.
[2026-07-24 20:51:09] [MotusApiImporter] findExistingCar() -> EXISTING car id=1679
[2026-07-24 20:51:09] [MotusApiImporter] updateCar() completed for existing id=1679 (enrichment columns left untouched).
[2026-07-24 20:51:09] [MotusApiImporter] --- Processing row 88 (stock/sku: 1446293) ---
[2026-07-24 20:51:09] [MotusApiImporter] parseVehicle() OK — make=TOYOTA, model=STARLET, source_url=https://www.motusvw.co.za/midrand/showroom/625-vwmdf888699/1/, image_urls count=1
[2026-07-24 20:51:09] [MotusApiImporter] Stock #1446293 already enriched from a previous run — skipping detail-page fetch to save budget for un-enriched vehicles.
[2026-07-24 20:51:09] [MotusApiImporter] findExistingCar() -> EXISTING car id=1680
[2026-07-24 20:51:09] [MotusApiImporter] updateCar() completed for existing id=1680 (enrichment columns left untouched).
[2026-07-24 20:51:09] [MotusApiImporter] --- Processing row 89 (stock/sku: 1446743) ---
[2026-07-24 20:51:09] [MotusApiImporter] parseVehicle() OK — make=VOLKSWAGEN, model=AMAROK, source_url=https://www.motusvw.co.za/midrand/showroom/625-vwmdf861452/1/, image_urls count=1
[2026-07-24 20:51:09] [MotusApiImporter] Stock #1446743 already enriched from a previous run — skipping detail-page fetch to save budget for un-enriched vehicles.
[2026-07-24 20:51:09] [MotusApiImporter] findExistingCar() -> EXISTING car id=1681
[2026-07-24 20:51:09] [MotusApiImporter] updateCar() completed for existing id=1681 (enrichment columns left untouched).
[2026-07-24 20:51:09] [MotusApiImporter] --- Processing row 90 (stock/sku: 1446558) ---
[2026-07-24 20:51:09] [MotusApiImporter] parseVehicle() OK — make=VOLKSWAGEN, model=POLO, source_url=https://www.motusvw.co.za/midrand/showroom/625-vwmdf876638/1/, image_urls count=1
[2026-07-24 20:51:09] [MotusApiImporter] Stock #1446558 already enriched from a previous run — skipping detail-page fetch to save budget for un-enriched vehicles.
[2026-07-24 20:51:09] [MotusApiImporter] findExistingCar() -> EXISTING car id=1682
[2026-07-24 20:51:09] [MotusApiImporter] updateCar() completed for existing id=1682 (enrichment columns left untouched).
[2026-07-24 20:51:09] [MotusApiImporter] --- Processing row 91 (stock/sku: 1446729) ---
[2026-07-24 20:51:09] [MotusApiImporter] parseVehicle() OK — make=VOLKSWAGEN, model=POLO, source_url=https://www.motusvw.co.za/midrand/showroom/625-vwmdf864742/3/, image_urls count=1
[2026-07-24 20:51:10] [MotusApiImporter] After enrichFromDetailPage() — engine_capacity_cc=999, image_urls count=17
[2026-07-24 20:51:10] [MotusApiImporter] findExistingCar() -> EXISTING car id=1683
[2026-07-24 20:51:10] [MotusApiImporter] updateCar() completed for existing id=1683.
[2026-07-24 20:51:10] [MotusApiImporter] --- Processing row 92 (stock/sku: 1446763) ---
[2026-07-24 20:51:10] [MotusApiImporter] parseVehicle() OK — make=VOLKSWAGEN, model=POLO VIVO, source_url=https://www.motusvw.co.za/midrand/showroom/625-vwmdf858161/1/, image_urls count=1
[2026-07-24 20:51:11] [MotusApiImporter] After enrichFromDetailPage() — engine_capacity_cc=1398, image_urls count=18
[2026-07-24 20:51:11] [MotusApiImporter] findExistingCar() -> EXISTING car id=1684
[2026-07-24 20:51:11] [MotusApiImporter] updateCar() completed for existing id=1684.
[2026-07-24 20:51:11] [MotusApiImporter] --- Processing row 93 (stock/sku: 1446755) ---
[2026-07-24 20:51:11] [MotusApiImporter] parseVehicle() OK — make=VOLKSWAGEN, model=POLO VIVO, source_url=https://www.motusvw.co.za/midrand/showroom/625-vwmdf859179/4/, image_urls count=1
[2026-07-24 20:51:13] [MotusApiImporter] After enrichFromDetailPage() — engine_capacity_cc=1398, image_urls count=22
[2026-07-24 20:51:13] [MotusApiImporter] findExistingCar() -> EXISTING car id=1685
[2026-07-24 20:51:13] [MotusApiImporter] updateCar() completed for existing id=1685.
[2026-07-24 20:51:13] [MotusApiImporter] --- Processing row 94 (stock/sku: 1446746) ---
[2026-07-24 20:51:13] [MotusApiImporter] parseVehicle() OK — make=VOLKSWAGEN, model=POLO VIVO, source_url=https://www.motusvw.co.za/midrand/showroom/625-vwmdf860907/1/, image_urls count=1
[2026-07-24 20:51:14] [MotusApiImporter] After enrichFromDetailPage() — engine_capacity_cc=1398, image_urls count=15
[2026-07-24 20:51:14] [MotusApiImporter] findExistingCar() -> EXISTING car id=1686
[2026-07-24 20:51:14] [MotusApiImporter] updateCar() completed for existing id=1686.
[2026-07-24 20:51:14] [MotusApiImporter] --- Processing row 95 (stock/sku: 1446711) ---
[2026-07-24 20:51:14] [MotusApiImporter] parseVehicle() OK — make=VOLKSWAGEN, model=POLO VIVO, source_url=https://www.motusvw.co.za/midrand/showroom/625-vwmdf868173/2/, image_urls count=1
[2026-07-24 20:51:16] [MotusApiImporter] After enrichFromDetailPage() — engine_capacity_cc=1398, image_urls count=17
[2026-07-24 20:51:16] [MotusApiImporter] findExistingCar() -> EXISTING car id=1687
[2026-07-24 20:51:16] [MotusApiImporter] updateCar() completed for existing id=1687.
[2026-07-24 20:51:16] [MotusApiImporter] --- Processing row 96 (stock/sku: 1446694) ---
[2026-07-24 20:51:16] [MotusApiImporter] parseVehicle() OK — make=VOLKSWAGEN, model=POLO VIVO, source_url=https://www.motusvw.co.za/midrand/showroom/625-vwmdf869665/2/, image_urls count=1
[2026-07-24 20:51:17] [MotusApiImporter] After enrichFromDetailPage() — engine_capacity_cc=1398, image_urls count=12
[2026-07-24 20:51:17] [MotusApiImporter] findExistingCar() -> EXISTING car id=1688
[2026-07-24 20:51:17] [MotusApiImporter] updateCar() completed for existing id=1688.
[2026-07-24 20:51:17] [MotusApiImporter] --- Processing row 97 (stock/sku: 1446751) ---
[2026-07-24 20:51:17] [MotusApiImporter] parseVehicle() OK — make=VOLKSWAGEN, model=T-CROSS, source_url=https://www.motusvw.co.za/midrand/showroom/625-vwmdf860129/3/, image_urls count=1
[2026-07-24 20:51:19] [MotusApiImporter] After enrichFromDetailPage() — engine_capacity_cc=999, image_urls count=18
[2026-07-24 20:51:19] [MotusApiImporter] findExistingCar() -> EXISTING car id=1689
[2026-07-24 20:51:19] [MotusApiImporter] updateCar() completed for existing id=1689.
[2026-07-24 20:51:19] [MotusApiImporter] --- Processing row 98 (stock/sku: 1446720) ---
[2026-07-24 20:51:19] [MotusApiImporter] parseVehicle() OK — make=VOLKSWAGEN, model=TAIGO, source_url=https://www.motusvw.co.za/midrand/showroom/625-vwmdf859177/2/, image_urls count=1
[2026-07-24 20:51:20] [MotusApiImporter] After enrichFromDetailPage() — engine_capacity_cc=999, image_urls count=11
[2026-07-24 20:51:20] [MotusApiImporter] findExistingCar() -> EXISTING car id=1690
[2026-07-24 20:51:20] [MotusApiImporter] updateCar() completed for existing id=1690.
[2026-07-24 20:51:20] [MotusApiImporter] --- Processing row 99 (stock/sku: 1446118) ---
[2026-07-24 20:51:20] [MotusApiImporter] parseVehicle() OK — make=MG, model=HS, source_url=https://www.motusvw.co.za/midrand/showroom/625-vwmdf890989/1/, image_urls count=1
[2026-07-24 20:51:21] [MotusApiImporter] After enrichFromDetailPage() — engine_capacity_cc=1496, image_urls count=19
[2026-07-24 20:51:21] [MotusApiImporter] findExistingCar() -> EXISTING car id=1691
[2026-07-24 20:51:21] [MotusApiImporter] updateCar() completed for existing id=1691.
[2026-07-24 20:51:21] [MotusApiImporter] --- Processing row 100 (stock/sku: 1446119) ---
[2026-07-24 20:51:21] [MotusApiImporter] parseVehicle() OK — make=MG, model=MG3, source_url=https://www.motusvw.co.za/midrand/showroom/625-vwmdf890997/1/, image_urls count=1
[2026-07-24 20:51:22] [MotusApiImporter] After enrichFromDetailPage() — engine_capacity_cc=1495, image_urls count=20
[2026-07-24 20:51:22] [MotusApiImporter] findExistingCar() -> EXISTING car id=1692
[2026-07-24 20:51:22] [MotusApiImporter] updateCar() completed for existing id=1692.
[2026-07-24 20:51:22] [MotusApiImporter] --- Processing row 101 (stock/sku: 1446188) ---
[2026-07-24 20:51:22] [MotusApiImporter] parseVehicle() OK — make=TATA, model=TIAGO, source_url=https://www.motusvw.co.za/midrand/showroom/625-vwmdf891531/1/, image_urls count=1
[2026-07-24 20:51:24] [MotusApiImporter] After enrichFromDetailPage() — engine_capacity_cc=1199, image_urls count=19
[2026-07-24 20:51:24] [MotusApiImporter] findExistingCar() -> EXISTING car id=1693
[2026-07-24 20:51:24] [MotusApiImporter] updateCar() completed for existing id=1693.
[2026-07-24 20:51:24] [MotusApiImporter] --- Processing row 102 (stock/sku: 1446482) ---
[2026-07-24 20:51:24] [MotusApiImporter] parseVehicle() OK — make=VOLKSWAGEN, model=AMAROK, source_url=https://www.motusvw.co.za/midrand/showroom/625-vwmdf885078/1/, image_urls count=1
[2026-07-24 20:51:26] [MotusApiImporter] After enrichFromDetailPage() — engine_capacity_cc=2993, image_urls count=16
[2026-07-24 20:51:26] [MotusApiImporter] findExistingCar() -> EXISTING car id=1694
[2026-07-24 20:51:26] [MotusApiImporter] updateCar() completed for existing id=1694.
[2026-07-24 20:51:26] [MotusApiImporter] --- Processing row 103 (stock/sku: 1446648) ---
[2026-07-24 20:51:26] [MotusApiImporter] parseVehicle() OK — make=VOLKSWAGEN, model=CADDY, source_url=https://www.motusvw.co.za/midrand/showroom/625-vwmdf872377/1/, image_urls count=1
[2026-07-24 20:51:28] [MotusApiImporter] After enrichFromDetailPage() — engine_capacity_cc=1968, image_urls count=17
[2026-07-24 20:51:28] [MotusApiImporter] findExistingCar() -> EXISTING car id=1695
[2026-07-24 20:51:28] [MotusApiImporter] updateCar() completed for existing id=1695.
[2026-07-24 20:51:28] [MotusApiImporter] --- Processing row 104 (stock/sku: 1445922) ---
[2026-07-24 20:51:28] [MotusApiImporter] parseVehicle() OK — make=VOLKSWAGEN, model=POLO VIVO, source_url=https://www.motusvw.co.za/midrand/showroom/625-vwmdf893350/1/, image_urls count=1
[2026-07-24 20:51:29] [MotusApiImporter] After enrichFromDetailPage() — engine_capacity_cc=1398, image_urls count=20
[2026-07-24 20:51:29] [MotusApiImporter] findExistingCar() -> EXISTING car id=1696
[2026-07-24 20:51:29] [MotusApiImporter] updateCar() completed for existing id=1696.
[2026-07-24 20:51:29] [MotusApiImporter] --- Processing row 105 (stock/sku: 1446628) ---
[2026-07-24 20:51:29] [MotusApiImporter] parseVehicle() OK — make=VOLKSWAGEN, model=POLO VIVO, source_url=https://www.motusvw.co.za/midrand/showroom/625-vwmdf873548/2/, image_urls count=1
[2026-07-24 20:51:32] [MotusApiImporter] After enrichFromDetailPage() — engine_capacity_cc=1398, image_urls count=16
[2026-07-24 20:51:32] [MotusApiImporter] findExistingCar() -> EXISTING car id=1697
[2026-07-24 20:51:32] [MotusApiImporter] updateCar() completed for existing id=1697.
[2026-07-24 20:51:32] [MotusApiImporter] --- Processing row 106 (stock/sku: 1446506) ---
[2026-07-24 20:51:32] [MotusApiImporter] parseVehicle() OK — make=VOLKSWAGEN, model=POLO VIVO, source_url=https://www.motusvw.co.za/midrand/showroom/625-vwmdf884657/2/, image_urls count=1
[2026-07-24 20:51:33] [MotusApiImporter] After enrichFromDetailPage() — engine_capacity_cc=1398, image_urls count=18
[2026-07-24 20:51:33] [MotusApiImporter] findExistingCar() -> EXISTING car id=1698
[2026-07-24 20:51:33] [MotusApiImporter] updateCar() completed for existing id=1698.
[2026-07-24 20:51:33] [MotusApiImporter] --- Processing row 107 (stock/sku: 1446432) ---
[2026-07-24 20:51:33] [MotusApiImporter] parseVehicle() OK — make=VOLKSWAGEN, model=POLO VIVO, source_url=https://www.motusvw.co.za/midrand/showroom/625-vwmdf886086/1/, image_urls count=1
[2026-07-24 20:51:35] [MotusApiImporter] After enrichFromDetailPage() — engine_capacity_cc=1398, image_urls count=16
[2026-07-24 20:51:35] [MotusApiImporter] findExistingCar() -> EXISTING car id=1699
[2026-07-24 20:51:35] [MotusApiImporter] updateCar() completed for existing id=1699.
[2026-07-24 20:51:35] [MotusApiImporter] --- Processing row 108 (stock/sku: 1446409) ---
[2026-07-24 20:51:35] [MotusApiImporter] parseVehicle() OK — make=VOLKSWAGEN, model=POLO VIVO, source_url=https://www.motusvw.co.za/midrand/showroom/625-vwmdf886385/1/, image_urls count=1
[2026-07-24 20:51:36] [MotusApiImporter] After enrichFromDetailPage() — engine_capacity_cc=1398, image_urls count=17
[2026-07-24 20:51:36] [MotusApiImporter] findExistingCar() -> EXISTING car id=1700
[2026-07-24 20:51:36] [MotusApiImporter] updateCar() completed for existing id=1700.
[2026-07-24 20:51:36] [MotusApiImporter] --- Processing row 109 (stock/sku: 1446322) ---
[2026-07-24 20:51:36] [MotusApiImporter] parseVehicle() OK — make=VOLKSWAGEN, model=POLO VIVO, source_url=https://www.motusvw.co.za/midrand/showroom/625-vwmdf888339/1/, image_urls count=1
[2026-07-24 20:51:38] [MotusApiImporter] After enrichFromDetailPage() — engine_capacity_cc=1398, image_urls count=17
[2026-07-24 20:51:38] [MotusApiImporter] findExistingCar() -> EXISTING car id=1701
[2026-07-24 20:51:38] [MotusApiImporter] updateCar() completed for existing id=1701.
[2026-07-24 20:51:38] [MotusApiImporter] --- Processing row 110 (stock/sku: 1446321) ---
[2026-07-24 20:51:38] [MotusApiImporter] parseVehicle() OK — make=VOLKSWAGEN, model=POLO VIVO, source_url=https://www.motusvw.co.za/midrand/showroom/625-vwmdf888337/1/, image_urls count=1
[2026-07-24 20:51:39] [MotusApiImporter] After enrichFromDetailPage() — engine_capacity_cc=1598, image_urls count=17
[2026-07-24 20:51:39] [MotusApiImporter] findExistingCar() -> EXISTING car id=1702
[2026-07-24 20:51:39] [MotusApiImporter] updateCar() completed for existing id=1702.
[2026-07-24 20:51:39] [MotusApiImporter] --- Processing row 111 (stock/sku: 1446314) ---
[2026-07-24 20:51:39] [MotusApiImporter] parseVehicle() OK — make=VOLKSWAGEN, model=POLO VIVO, source_url=https://www.motusvw.co.za/midrand/showroom/625-vwmdf888462/1/, image_urls count=1
[2026-07-24 20:51:41] [MotusApiImporter] After enrichFromDetailPage() — engine_capacity_cc=1598, image_urls count=16
[2026-07-24 20:51:41] [MotusApiImporter] findExistingCar() -> EXISTING car id=1703
[2026-07-24 20:51:41] [MotusApiImporter] updateCar() completed for existing id=1703.
[2026-07-24 20:51:41] [MotusApiImporter] --- Processing row 112 (stock/sku: 1446181) ---
[2026-07-24 20:51:41] [MotusApiImporter] parseVehicle() OK — make=VOLKSWAGEN, model=POLO VIVO, source_url=https://www.motusvw.co.za/midrand/showroom/625-vwmdf890179/3/, image_urls count=1
[2026-07-24 20:51:48] [MotusApiImporter] After enrichFromDetailPage() — engine_capacity_cc=1598, image_urls count=18
[2026-07-24 20:51:48] [MotusApiImporter] findExistingCar() -> EXISTING car id=1704
[2026-07-24 20:51:48] [MotusApiImporter] updateCar() completed for existing id=1704.
[2026-07-24 20:51:48] [MotusApiImporter] --- Processing row 113 (stock/sku: 1449179) ---
[2026-07-24 20:51:48] [MotusApiImporter] parseVehicle() OK — make=VOLKSWAGEN, model=POLO VIVO, source_url=https://www.motusvw.co.za/midrand/showroom/625-vwmdf875858/2/, image_urls count=1
[2026-07-24 20:51:48] [MotusApiImporter] Skipped detail-page fetch for stock #1449179 — time budget already exhausted.
[2026-07-24 20:51:48] [MotusApiImporter] After enrichFromDetailPage() — engine_capacity_cc=NULL, image_urls count=1
[2026-07-24 20:51:48] [MotusApiImporter] findExistingCar() -> EXISTING car id=1705
[2026-07-24 20:51:48] [MotusApiImporter] updateCar() completed for existing id=1705.
[2026-07-24 20:51:48] [MotusApiImporter] --- Processing row 114 (stock/sku: 1446179) ---
[2026-07-24 20:51:48] [MotusApiImporter] parseVehicle() OK — make=VOLKSWAGEN, model=POLO VIVO, source_url=https://www.motusvw.co.za/midrand/showroom/625-vwmdf890169/1/, image_urls count=1
[2026-07-24 20:51:48] [MotusApiImporter] Skipped detail-page fetch for stock #1446179 — time budget already exhausted.
[2026-07-24 20:51:48] [MotusApiImporter] After enrichFromDetailPage() — engine_capacity_cc=NULL, image_urls count=1
[2026-07-24 20:51:48] [MotusApiImporter] findExistingCar() -> EXISTING car id=1706
[2026-07-24 20:51:48] [MotusApiImporter] updateCar() completed for existing id=1706.
[2026-07-24 20:51:48] [MotusApiImporter] --- Processing row 115 (stock/sku: 1446333) ---
[2026-07-24 20:51:48] [MotusApiImporter] parseVehicle() OK — make=VOLKSWAGEN, model=POLO VIVO, source_url=https://www.motusvw.co.za/midrand/showroom/625-vwmdf888093/1/, image_urls count=1
[2026-07-24 20:51:48] [MotusApiImporter] Skipped detail-page fetch for stock #1446333 — time budget already exhausted.
[2026-07-24 20:51:48] [MotusApiImporter] After enrichFromDetailPage() — engine_capacity_cc=NULL, image_urls count=1
[2026-07-24 20:51:48] [MotusApiImporter] findExistingCar() -> EXISTING car id=1707
[2026-07-24 20:51:48] [MotusApiImporter] updateCar() completed for existing id=1707.
[2026-07-24 20:51:48] [MotusApiImporter] --- Processing row 116 (stock/sku: 1446180) ---
[2026-07-24 20:51:48] [MotusApiImporter] parseVehicle() OK — make=VOLKSWAGEN, model=POLO VIVO, source_url=https://www.motusvw.co.za/midrand/showroom/625-vwmdf890170/1/, image_urls count=1
[2026-07-24 20:51:48] [MotusApiImporter] Skipped detail-page fetch for stock #1446180 — time budget already exhausted.
[2026-07-24 20:51:48] [MotusApiImporter] After enrichFromDetailPage() — engine_capacity_cc=NULL, image_urls count=1
[2026-07-24 20:51:48] [MotusApiImporter] findExistingCar() -> EXISTING car id=1708
[2026-07-24 20:51:48] [MotusApiImporter] updateCar() completed for existing id=1708.
[2026-07-24 20:51:48] [MotusApiImporter] --- Processing row 117 (stock/sku: 1446261) ---
[2026-07-24 20:51:48] [MotusApiImporter] parseVehicle() OK — make=VOLKSWAGEN, model=POLO VIVO, source_url=https://www.motusvw.co.za/midrand/showroom/625-vwmdf889143/1/, image_urls count=1
[2026-07-24 20:51:48] [MotusApiImporter] Skipped detail-page fetch for stock #1446261 — time budget already exhausted.
[2026-07-24 20:51:48] [MotusApiImporter] After enrichFromDetailPage() — engine_capacity_cc=NULL, image_urls count=1
[2026-07-24 20:51:48] [MotusApiImporter] findExistingCar() -> EXISTING car id=1709
[2026-07-24 20:51:48] [MotusApiImporter] updateCar() completed for existing id=1709.
[2026-07-24 20:51:48] [MotusApiImporter] --- Processing row 118 (stock/sku: 1446533) ---
[2026-07-24 20:51:48] [MotusApiImporter] parseVehicle() OK — make=VOLKSWAGEN, model=T-CROSS, source_url=https://www.motusvw.co.za/midrand/showroom/625-vwmdf883411/2/, image_urls count=1
[2026-07-24 20:51:48] [MotusApiImporter] Skipped detail-page fetch for stock #1446533 — time budget already exhausted.
[2026-07-24 20:51:48] [MotusApiImporter] After enrichFromDetailPage() — engine_capacity_cc=NULL, image_urls count=1
[2026-07-24 20:51:48] [MotusApiImporter] findExistingCar() -> EXISTING car id=1710
[2026-07-24 20:51:48] [MotusApiImporter] updateCar() completed for existing id=1710.
[2026-07-24 20:51:48] [MotusApiImporter] --- Processing row 119 (stock/sku: 1446610) ---
[2026-07-24 20:51:48] [MotusApiImporter] parseVehicle() OK — make=VOLKSWAGEN, model=TRANSPORTER, source_url=https://www.motusvw.co.za/midrand/showroom/625-vwmdf875570/1/, image_urls count=1
[2026-07-24 20:51:48] [MotusApiImporter] Skipped detail-page fetch for stock #1446610 — time budget already exhausted.
[2026-07-24 20:51:48] [MotusApiImporter] After enrichFromDetailPage() — engine_capacity_cc=NULL, image_urls count=1
[2026-07-24 20:51:48] [MotusApiImporter] findExistingCar() -> EXISTING car id=1711
[2026-07-24 20:51:48] [MotusApiImporter] updateCar() completed for existing id=1711.
[2026-07-24 20:51:48] [MotusApiImporter] sync() FINISHED — {"imported":0,"updated":120,"skipped":0,"failed":0}
[2026-07-24 21:01:22] [MotusApiImporter] sync() STARTED — dealerId=14, sourceRef=https://www.motusvw.co.za/midrand/showroom/625-vwmdf875570/1/
[2026-07-24 21:01:22] [MotusApiImporter] Time budget: 35s, dealerNameFilter="Motus VW Midrand"
[2026-07-24 21:01:23] [MotusApiImporter] crawlDealership() returned 1 row(s) before dealer-name filtering.
[2026-07-24 21:01:23] [MotusApiImporter] Single-detail-node mode — skipping dealer-name filter.
[2026-07-24 21:01:23] [MotusApiImporter] 0 vehicle(s) already enriched for this dealer — their detail-page fetch will be skipped this run.
[2026-07-24 21:01:23] [MotusApiImporter] --- Processing row 0 (stock/sku: VWM|DF|875570/1) ---
[2026-07-24 21:01:23] [MotusApiImporter] findExistingCar() -> no match, will INSERT
[2026-07-24 21:01:23] [MotusApiImporter] insertCar() completed.
[2026-07-24 21:01:23] [MotusApiImporter] sync() FINISHED — {"imported":1,"updated":0,"skipped":0,"failed":0}
[2026-07-24 21:08:12] [MotusApiImporter] sync() STARTED — dealerId=14, sourceRef=https://www.motusvw.co.za/midrand/showroom/625-vwmdf425954/1/
[2026-07-24 21:08:12] [MotusApiImporter] Time budget: 35s, dealerNameFilter="Motus VW Midrand"
[2026-07-24 21:08:14] [MotusApiImporter] crawlDealership() returned 1 row(s) before dealer-name filtering.
[2026-07-24 21:08:14] [MotusApiImporter] Single-detail-node mode — skipping dealer-name filter.
[2026-07-24 21:08:14] [MotusApiImporter] 1 vehicle(s) already enriched for this dealer — their detail-page fetch will be skipped this run.
[2026-07-24 21:08:14] [MotusApiImporter] --- Processing row 0 (stock/sku: VWM|DF|425954/1) ---
[2026-07-24 21:08:14] [MotusApiImporter] findExistingCar() -> no match, will INSERT
[2026-07-24 21:08:14] [MotusApiImporter] insertCar() completed.
[2026-07-24 21:08:14] [MotusApiImporter] sync() FINISHED — {"imported":1,"updated":0,"skipped":0,"failed":0}
[2026-07-25 12:15:21] [import-motus.php] UNCAUGHT Error: Call to undefined method MotusApiImporter::discover() in /home/u637509541/domains/salesdesk.co.za/public_html/app/dealer/import-motus.php:157
#0 {main}
[2026-07-25 12:23:01] [MotusApiImporter] discover() STARTED — dealerId=14, sourceRef=https://www.motusvw.co.za/midrand/showroom/
[2026-07-25 12:23:03] [MotusApiImporter] discover(): crawlDealership() returned 116 row(s).
[2026-07-25 12:23:03] [MotusApiImporter] discover() FINISHED — {"imported":116,"updated":0,"skipped":0,"failed":0}, pending_enrichment=116
[2026-07-25 12:23:05] [MotusApiImporter] enrichNextBatch(): enriched car id=1715 OK.
[2026-07-25 12:23:06] [MotusApiImporter] enrichNextBatch(): enriched car id=1716 OK.
[2026-07-25 12:23:08] [MotusApiImporter] enrichNextBatch(): enriched car id=1717 OK.
[2026-07-25 12:23:10] [MotusApiImporter] enrichNextBatch(): enriched car id=1718 OK.
[2026-07-25 12:23:11] [MotusApiImporter] enrichNextBatch(): enriched car id=1719 OK.
[2026-07-25 12:23:13] [MotusApiImporter] enrichNextBatch(): enriched car id=1720 OK.
[2026-07-25 12:23:15] [MotusApiImporter] enrichNextBatch(): enriched car id=1721 OK.
[2026-07-25 12:23:16] [MotusApiImporter] enrichNextBatch(): enriched car id=1722 OK.
[2026-07-25 12:23:18] [MotusApiImporter] enrichNextBatch(): enriched car id=1723 OK.
[2026-07-25 12:23:19] [MotusApiImporter] enrichNextBatch(): enriched car id=1724 OK.
[2026-07-25 12:23:21] [MotusApiImporter] enrichNextBatch(): enriched car id=1725 OK.
[2026-07-25 12:23:22] [MotusApiImporter] enrichNextBatch(): enriched car id=1726 OK.
[2026-07-25 12:23:24] [MotusApiImporter] enrichNextBatch(): enriched car id=1727 OK.
[2026-07-25 12:23:25] [MotusApiImporter] enrichNextBatch(): enriched car id=1728 OK.
[2026-07-25 12:23:27] [MotusApiImporter] enrichNextBatch(): enriched car id=1729 OK.
[2026-07-25 12:23:30] [MotusApiImporter] enrichNextBatch(): enriched car id=1730 OK.
[2026-07-25 12:23:32] [MotusApiImporter] enrichNextBatch(): enriched car id=1731 OK.
[2026-07-25 12:23:34] [MotusApiImporter] enrichNextBatch(): enriched car id=1732 OK.
[2026-07-25 12:23:35] [MotusApiImporter] enrichNextBatch(): enriched car id=1733 OK.
[2026-07-25 12:23:37] [MotusApiImporter] enrichNextBatch(): enriched car id=1734 OK.
[2026-07-25 12:23:38] [MotusApiImporter] enrichNextBatch(): enriched car id=1735 OK.
[2026-07-25 12:23:40] [MotusApiImporter] enrichNextBatch(): enriched car id=1736 OK.
[2026-07-25 12:23:42] [MotusApiImporter] enrichNextBatch(): enriched car id=1737 OK.
[2026-07-25 12:23:43] [MotusApiImporter] enrichNextBatch(): enriched car id=1738 OK.
[2026-07-25 12:23:44] [MotusApiImporter] enrichNextBatch(): enriched car id=1739 OK.
[2026-07-25 12:23:46] [MotusApiImporter] enrichNextBatch(): enriched car id=1740 OK.
[2026-07-25 12:23:48] [MotusApiImporter] enrichNextBatch(): enriched car id=1741 OK.
[2026-07-25 12:23:49] [MotusApiImporter] enrichNextBatch(): enriched car id=1742 OK.
[2026-07-25 12:23:51] [MotusApiImporter] enrichNextBatch(): enriched car id=1743 OK.
[2026-07-25 12:23:52] [MotusApiImporter] enrichNextBatch(): enriched car id=1744 OK.
[2026-07-25 12:23:55] [MotusApiImporter] enrichNextBatch(): enriched car id=1745 OK.
[2026-07-25 12:23:57] [MotusApiImporter] enrichNextBatch(): enriched car id=1746 OK.
[2026-07-25 12:23:59] [MotusApiImporter] enrichNextBatch(): enriched car id=1747 OK.
[2026-07-25 12:24:00] [MotusApiImporter] enrichNextBatch(): enriched car id=1748 OK.
[2026-07-25 12:24:02] [MotusApiImporter] enrichNextBatch(): enriched car id=1749 OK.
[2026-07-25 12:24:03] [MotusApiImporter] enrichNextBatch(): enriched car id=1750 OK.
[2026-07-25 12:24:05] [MotusApiImporter] enrichNextBatch(): enriched car id=1751 OK.
[2026-07-25 12:24:07] [MotusApiImporter] enrichNextBatch(): enriched car id=1752 OK.
[2026-07-25 12:24:08] [MotusApiImporter] enrichNextBatch(): enriched car id=1753 OK.
[2026-07-25 12:24:09] [MotusApiImporter] enrichNextBatch(): enriched car id=1754 OK.
[2026-07-25 12:24:10] [MotusApiImporter] enrichNextBatch(): enriched car id=1755 OK.
[2026-07-25 12:24:12] [MotusApiImporter] enrichNextBatch(): enriched car id=1756 OK.
[2026-07-25 12:24:13] [MotusApiImporter] enrichNextBatch(): enriched car id=1757 OK.
[2026-07-25 12:24:14] [MotusApiImporter] enrichNextBatch(): enriched car id=1758 OK.
[2026-07-25 12:24:16] [MotusApiImporter] enrichNextBatch(): enriched car id=1759 OK.
[2026-07-25 12:24:20] [MotusApiImporter] enrichNextBatch(): enriched car id=1760 OK.
[2026-07-25 12:24:21] [MotusApiImporter] enrichNextBatch(): enriched car id=1761 OK.
[2026-07-25 12:24:23] [MotusApiImporter] enrichNextBatch(): enriched car id=1762 OK.
[2026-07-25 12:24:25] [MotusApiImporter] enrichNextBatch(): enriched car id=1763 OK.
[2026-07-25 12:24:27] [MotusApiImporter] enrichNextBatch(): enriched car id=1764 OK.
[2026-07-25 12:24:28] [MotusApiImporter] enrichNextBatch(): enriched car id=1765 OK.
[2026-07-25 12:24:30] [MotusApiImporter] enrichNextBatch(): enriched car id=1766 OK.
[2026-07-25 12:24:31] [MotusApiImporter] enrichNextBatch(): enriched car id=1767 OK.
[2026-07-25 12:24:31] [MotusApiImporter] enrichNextBatch(): enriched car id=1768 OK.
[2026-07-25 12:24:33] [MotusApiImporter] enrichNextBatch(): enriched car id=1769 OK.
[2026-07-25 12:24:35] [MotusApiImporter] enrichNextBatch(): enriched car id=1770 OK.
[2026-07-25 12:24:36] [MotusApiImporter] enrichNextBatch(): enriched car id=1771 OK.
[2026-07-25 12:24:37] [MotusApiImporter] enrichNextBatch(): enriched car id=1772 OK.
[2026-07-25 12:24:38] [MotusApiImporter] enrichNextBatch(): enriched car id=1773 OK.
[2026-07-25 12:24:39] [MotusApiImporter] enrichNextBatch(): enriched car id=1774 OK.
[2026-07-25 12:24:42] [MotusApiImporter] enrichNextBatch(): enriched car id=1775 OK.
[2026-07-25 12:24:43] [MotusApiImporter] enrichNextBatch(): enriched car id=1776 OK.
[2026-07-25 12:24:44] [MotusApiImporter] enrichNextBatch(): enriched car id=1777 OK.
[2026-07-25 12:24:46] [MotusApiImporter] enrichNextBatch(): enriched car id=1778 OK.
[2026-07-25 12:24:48] [MotusApiImporter] enrichNextBatch(): enriched car id=1779 OK.
[2026-07-25 12:24:50] [MotusApiImporter] enrichNextBatch(): enriched car id=1780 OK.
[2026-07-25 12:24:51] [MotusApiImporter] enrichNextBatch(): enriched car id=1781 OK.
[2026-07-25 12:24:52] [MotusApiImporter] enrichNextBatch(): enriched car id=1782 OK.
[2026-07-25 12:24:54] [MotusApiImporter] enrichNextBatch(): enriched car id=1783 OK.
[2026-07-25 12:24:56] [MotusApiImporter] enrichNextBatch(): enriched car id=1784 OK.
[2026-07-25 12:24:57] [MotusApiImporter] enrichNextBatch(): enriched car id=1785 OK.
[2026-07-25 12:24:58] [MotusApiImporter] enrichNextBatch(): enriched car id=1786 OK.
[2026-07-25 12:25:00] [MotusApiImporter] enrichNextBatch(): enriched car id=1787 OK.
[2026-07-25 12:25:01] [MotusApiImporter] enrichNextBatch(): enriched car id=1788 OK.
[2026-07-25 12:25:02] [MotusApiImporter] enrichNextBatch(): enriched car id=1789 OK.
[2026-07-25 12:25:09] [MotusApiImporter] enrichNextBatch(): enriched car id=1790 OK.
[2026-07-25 12:25:11] [MotusApiImporter] enrichNextBatch(): enriched car id=1791 OK.
[2026-07-25 12:25:13] [MotusApiImporter] enrichNextBatch(): enriched car id=1792 OK.
[2026-07-25 12:25:14] [MotusApiImporter] enrichNextBatch(): enriched car id=1793 OK.
[2026-07-25 12:25:15] [MotusApiImporter] enrichNextBatch(): enriched car id=1794 OK.
[2026-07-25 12:25:16] [MotusApiImporter] enrichNextBatch(): enriched car id=1795 OK.
[2026-07-25 12:25:18] [MotusApiImporter] enrichNextBatch(): enriched car id=1796 OK.
[2026-07-25 12:25:20] [MotusApiImporter] enrichNextBatch(): enriched car id=1797 OK.
[2026-07-25 12:25:22] [MotusApiImporter] enrichNextBatch(): enriched car id=1798 OK.
[2026-07-25 12:25:23] [MotusApiImporter] enrichNextBatch(): enriched car id=1799 OK.
[2026-07-25 12:25:24] [MotusApiImporter] enrichNextBatch(): enriched car id=1800 OK.
[2026-07-25 12:25:26] [MotusApiImporter] enrichNextBatch(): enriched car id=1801 OK.
[2026-07-25 12:25:27] [MotusApiImporter] enrichNextBatch(): enriched car id=1802 OK.
[2026-07-25 12:25:29] [MotusApiImporter] enrichNextBatch(): enriched car id=1803 OK.
[2026-07-25 12:25:30] [MotusApiImporter] enrichNextBatch(): enriched car id=1804 OK.
[2026-07-25 12:25:33] [MotusApiImporter] enrichNextBatch(): enriched car id=1805 OK.
[2026-07-25 12:25:34] [MotusApiImporter] enrichNextBatch(): enriched car id=1806 OK.
[2026-07-25 12:25:36] [MotusApiImporter] enrichNextBatch(): enriched car id=1807 OK.
[2026-07-25 12:25:38] [MotusApiImporter] enrichNextBatch(): enriched car id=1808 OK.
[2026-07-25 12:25:39] [MotusApiImporter] enrichNextBatch(): enriched car id=1809 OK.
[2026-07-25 12:25:41] [MotusApiImporter] enrichNextBatch(): enriched car id=1810 OK.
[2026-07-25 12:25:42] [MotusApiImporter] enrichNextBatch(): enriched car id=1811 OK.
[2026-07-25 12:25:44] [MotusApiImporter] enrichNextBatch(): enriched car id=1812 OK.
[2026-07-25 12:25:45] [MotusApiImporter] enrichNextBatch(): enriched car id=1813 OK.
[2026-07-25 12:25:47] [MotusApiImporter] enrichNextBatch(): enriched car id=1814 OK.
[2026-07-25 12:25:48] [MotusApiImporter] enrichNextBatch(): enriched car id=1815 OK.
[2026-07-25 12:25:49] [MotusApiImporter] enrichNextBatch(): enriched car id=1816 OK.
[2026-07-25 12:25:50] [MotusApiImporter] enrichNextBatch(): enriched car id=1817 OK.
[2026-07-25 12:25:52] [MotusApiImporter] enrichNextBatch(): enriched car id=1818 OK.
[2026-07-25 12:25:53] [MotusApiImporter] enrichNextBatch(): enriched car id=1819 OK.
[2026-07-25 12:25:57] [MotusApiImporter] enrichNextBatch(): enriched car id=1820 OK.
[2026-07-25 12:25:58] [MotusApiImporter] enrichNextBatch(): enriched car id=1821 OK.
[2026-07-25 12:26:00] [MotusApiImporter] enrichNextBatch(): enriched car id=1822 OK.
[2026-07-25 12:26:02] [MotusApiImporter] enrichNextBatch(): enriched car id=1823 OK.
[2026-07-25 12:26:04] [MotusApiImporter] enrichNextBatch(): enriched car id=1824 OK.
[2026-07-25 12:26:05] [MotusApiImporter] enrichNextBatch(): enriched car id=1825 OK.
[2026-07-25 12:26:06] [MotusApiImporter] enrichNextBatch(): enriched car id=1826 OK.
[2026-07-25 12:26:08] [MotusApiImporter] enrichNextBatch(): enriched car id=1827 OK.
[2026-07-25 12:26:09] [MotusApiImporter] enrichNextBatch(): enriched car id=1828 OK.
[2026-07-25 12:26:11] [MotusApiImporter] enrichNextBatch(): enriched car id=1829 OK.
[2026-07-25 12:26:13] [MotusApiImporter] enrichNextBatch(): enriched car id=1830 OK.
[2026-07-25 19:23:46] [MotusApiImporter] discover() STARTED — dealerId=16, sourceRef=https://www.motusvw.co.za/vereeniging/showroom/
[2026-07-25 19:23:47] [MotusApiImporter] discover(): crawlDealership() returned 80 row(s).
[2026-07-25 19:23:47] [MotusApiImporter] discover() FINISHED — {"imported":80,"updated":0,"skipped":0,"failed":0}, pending_enrichment=80
[2026-07-25 19:23:50] [MotusApiImporter] enrichNextBatch(): enriched car id=1831 OK.
[2026-07-25 19:23:51] [MotusApiImporter] enrichNextBatch(): enriched car id=1832 OK.
[2026-07-25 19:23:52] [MotusApiImporter] enrichNextBatch(): enriched car id=1833 OK.
[2026-07-25 19:23:54] [MotusApiImporter] enrichNextBatch(): enriched car id=1834 OK.
[2026-07-25 19:23:55] [MotusApiImporter] enrichNextBatch(): enriched car id=1835 OK.
[2026-07-25 19:23:57] [MotusApiImporter] enrichNextBatch(): enriched car id=1836 OK.
[2026-07-25 19:23:59] [MotusApiImporter] enrichNextBatch(): enriched car id=1837 OK.
[2026-07-25 19:24:00] [MotusApiImporter] enrichNextBatch(): enriched car id=1838 OK.
[2026-07-25 19:24:01] [MotusApiImporter] enrichNextBatch(): enriched car id=1839 OK.
[2026-07-25 19:24:02] [MotusApiImporter] enrichNextBatch(): enriched car id=1840 OK.
[2026-07-25 19:24:03] [MotusApiImporter] enrichNextBatch(): enriched car id=1841 OK.
[2026-07-25 19:24:04] [MotusApiImporter] enrichNextBatch(): enriched car id=1842 OK.
[2026-07-25 19:24:06] [MotusApiImporter] enrichNextBatch(): enriched car id=1843 OK.
[2026-07-25 19:24:08] [MotusApiImporter] enrichNextBatch(): enriched car id=1844 OK.
[2026-07-25 19:24:09] [MotusApiImporter] enrichNextBatch(): enriched car id=1845 OK.
[2026-07-25 19:24:13] [MotusApiImporter] enrichNextBatch(): enriched car id=1846 OK.
[2026-07-25 19:24:14] [MotusApiImporter] enrichNextBatch(): enriched car id=1847 OK.
[2026-07-25 19:24:16] [MotusApiImporter] enrichNextBatch(): enriched car id=1848 OK.
[2026-07-25 19:24:18] [MotusApiImporter] enrichNextBatch(): enriched car id=1849 OK.
[2026-07-25 19:24:20] [MotusApiImporter] enrichNextBatch(): enriched car id=1850 OK.
[2026-07-25 19:24:21] [MotusApiImporter] enrichNextBatch(): enriched car id=1851 OK.
[2026-07-25 19:24:22] [MotusApiImporter] enrichNextBatch(): enriched car id=1852 OK.
[2026-07-25 19:24:23] [MotusApiImporter] enrichNextBatch(): enriched car id=1853 OK.
[2026-07-25 19:24:24] [MotusApiImporter] enrichNextBatch(): enriched car id=1854 OK.
[2026-07-25 19:24:26] [MotusApiImporter] enrichNextBatch(): enriched car id=1855 OK.
[2026-07-25 19:24:27] [MotusApiImporter] enrichNextBatch(): enriched car id=1856 OK.
[2026-07-25 19:24:28] [MotusApiImporter] enrichNextBatch(): enriched car id=1857 OK.
[2026-07-25 19:24:30] [MotusApiImporter] enrichNextBatch(): enriched car id=1858 OK.
[2026-07-25 19:24:32] [MotusApiImporter] enrichNextBatch(): enriched car id=1859 OK.
[2026-07-25 19:24:32] [MotusApiImporter] enrichNextBatch(): enriched car id=1860 OK.
[2026-07-25 19:24:36] [MotusApiImporter] enrichNextBatch(): enriched car id=1861 OK.
[2026-07-25 19:24:38] [MotusApiImporter] enrichNextBatch(): enriched car id=1862 OK.
[2026-07-25 19:24:39] [MotusApiImporter] enrichNextBatch(): enriched car id=1863 OK.
[2026-07-25 19:24:41] [MotusApiImporter] enrichNextBatch(): enriched car id=1864 OK.
[2026-07-25 19:24:42] [MotusApiImporter] enrichNextBatch(): enriched car id=1865 OK.
[2026-07-25 19:24:44] [MotusApiImporter] enrichNextBatch(): enriched car id=1866 OK.
[2026-07-25 19:24:45] [MotusApiImporter] enrichNextBatch(): enriched car id=1867 OK.
[2026-07-25 19:24:46] [MotusApiImporter] enrichNextBatch(): enriched car id=1868 OK.
[2026-07-25 19:24:48] [MotusApiImporter] enrichNextBatch(): enriched car id=1869 OK.
[2026-07-25 19:24:49] [MotusApiImporter] enrichNextBatch(): enriched car id=1870 OK.
[2026-07-25 19:24:51] [MotusApiImporter] enrichNextBatch(): enriched car id=1871 OK.
[2026-07-25 19:24:53] [MotusApiImporter] enrichNextBatch(): enriched car id=1872 OK.
[2026-07-25 19:24:55] [MotusApiImporter] enrichNextBatch(): enriched car id=1873 OK.
[2026-07-25 19:24:56] [MotusApiImporter] enrichNextBatch(): enriched car id=1874 OK.
[2026-07-25 19:24:58] [MotusApiImporter] enrichNextBatch(): enriched car id=1875 OK.
[2026-07-25 19:25:02] [MotusApiImporter] enrichNextBatch(): enriched car id=1876 OK.
[2026-07-25 19:25:03] [MotusApiImporter] enrichNextBatch(): enriched car id=1877 OK.
[2026-07-25 19:25:05] [MotusApiImporter] enrichNextBatch(): enriched car id=1878 OK.
[2026-07-25 19:25:07] [MotusApiImporter] enrichNextBatch(): enriched car id=1879 OK.
[2026-07-25 19:25:08] [MotusApiImporter] enrichNextBatch(): enriched car id=1880 OK.
[2026-07-25 19:25:09] [MotusApiImporter] enrichNextBatch(): enriched car id=1881 OK.
[2026-07-25 19:25:11] [MotusApiImporter] enrichNextBatch(): enriched car id=1882 OK.
[2026-07-25 19:25:13] [MotusApiImporter] enrichNextBatch(): enriched car id=1883 OK.
[2026-07-25 19:25:15] [MotusApiImporter] enrichNextBatch(): enriched car id=1884 OK.
[2026-07-25 19:25:16] [MotusApiImporter] enrichNextBatch(): enriched car id=1885 OK.
[2026-07-25 19:25:17] [MotusApiImporter] enrichNextBatch(): enriched car id=1886 OK.
[2026-07-25 19:25:18] [MotusApiImporter] enrichNextBatch(): enriched car id=1887 OK.
[2026-07-25 19:25:20] [MotusApiImporter] enrichNextBatch(): enriched car id=1888 OK.
[2026-07-25 19:25:22] [MotusApiImporter] enrichNextBatch(): enriched car id=1889 OK.
[2026-07-25 19:25:23] [MotusApiImporter] enrichNextBatch(): enriched car id=1890 OK.
[2026-07-25 19:25:27] [MotusApiImporter] enrichNextBatch(): enriched car id=1891 OK.
[2026-07-25 19:25:28] [MotusApiImporter] enrichNextBatch(): enriched car id=1892 OK.
[2026-07-25 19:25:30] [MotusApiImporter] enrichNextBatch(): enriched car id=1893 OK.
[2026-07-25 19:25:32] [MotusApiImporter] enrichNextBatch(): enriched car id=1894 OK.
[2026-07-25 19:25:34] [MotusApiImporter] enrichNextBatch(): enriched car id=1895 OK.
[2026-07-25 19:25:34] [MotusApiImporter] enrichNextBatch(): enriched car id=1896 OK.
[2026-07-25 19:25:35] [MotusApiImporter] enrichNextBatch(): enriched car id=1897 OK.
[2026-07-25 19:25:37] [MotusApiImporter] enrichNextBatch(): enriched car id=1898 OK.
[2026-07-25 19:25:38] [MotusApiImporter] enrichNextBatch(): enriched car id=1899 OK.
[2026-07-25 19:25:39] [MotusApiImporter] enrichNextBatch(): enriched car id=1900 OK.
[2026-07-25 19:25:40] [MotusApiImporter] enrichNextBatch(): enriched car id=1901 OK.
[2026-07-25 19:25:41] [MotusApiImporter] enrichNextBatch(): enriched car id=1902 OK.
[2026-07-25 19:25:43] [MotusApiImporter] enrichNextBatch(): enriched car id=1903 OK.
[2026-07-25 19:25:44] [MotusApiImporter] enrichNextBatch(): enriched car id=1904 OK.
[2026-07-25 19:25:46] [MotusApiImporter] enrichNextBatch(): enriched car id=1905 OK.
[2026-07-25 19:27:09] [MotusApiImporter] discover() STARTED — dealerId=16, sourceRef=https://www.motusvw.co.za/vereeniging/showroom/
[2026-07-25 19:27:10] [MotusApiImporter] discover(): crawlDealership() returned 80 row(s).
[2026-07-25 19:27:10] [MotusApiImporter] discover() FINISHED — {"imported":0,"updated":80,"skipped":0,"failed":0}, pending_enrichment=5
[2026-07-25 19:27:12] [MotusApiImporter] enrichNextBatch(): enriched car id=1906 OK.
[2026-07-25 19:27:14] [MotusApiImporter] enrichNextBatch(): enriched car id=1907 OK.
[2026-07-25 19:27:16] [MotusApiImporter] enrichNextBatch(): enriched car id=1908 OK.
[2026-07-25 19:27:16] [MotusApiImporter] enrichNextBatch(): enriched car id=1909 OK.
[2026-07-25 19:27:18] [MotusApiImporter] enrichNextBatch(): enriched car id=1910 OK.
[2026-07-25 19:29:58] [MotusApiImporter] discover() STARTED — dealerId=17, sourceRef=https://www.motusvw.co.za/welkom/showroom/
[2026-07-25 19:30:02] [MotusApiImporter] discover(): crawlDealership() returned 43 row(s).
[2026-07-25 19:30:02] [MotusApiImporter] discover() row 0 FAILED: Year out of range or missing (1990-2027): 0
[2026-07-25 19:30:02] [MotusApiImporter] discover() row 11 FAILED: Year out of range or missing (1990-2027): 0
[2026-07-25 19:30:02] [MotusApiImporter] discover() row 12 FAILED: Year out of range or missing (1990-2027): 0
[2026-07-25 19:30:02] [MotusApiImporter] discover() row 13 FAILED: Year out of range or missing (1990-2027): 0
[2026-07-25 19:30:02] [MotusApiImporter] discover() FINISHED — {"imported":39,"updated":0,"skipped":0,"failed":4}, pending_enrichment=39
[2026-07-25 19:30:05] [MotusApiImporter] enrichNextBatch(): enriched car id=1911 OK.
[2026-07-25 19:30:06] [MotusApiImporter] enrichNextBatch(): enriched car id=1912 OK.
[2026-07-25 19:30:08] [MotusApiImporter] enrichNextBatch(): enriched car id=1913 OK.
[2026-07-25 19:30:10] [MotusApiImporter] enrichNextBatch(): enriched car id=1914 OK.
[2026-07-25 19:30:12] [MotusApiImporter] enrichNextBatch(): enriched car id=1915 OK.
[2026-07-25 19:30:13] [MotusApiImporter] enrichNextBatch(): enriched car id=1916 OK.
[2026-07-25 19:30:15] [MotusApiImporter] enrichNextBatch(): enriched car id=1917 OK.
[2026-07-25 19:30:17] [MotusApiImporter] enrichNextBatch(): enriched car id=1918 OK.
[2026-07-25 19:30:18] [MotusApiImporter] enrichNextBatch(): enriched car id=1919 OK.
[2026-07-25 19:30:20] [MotusApiImporter] enrichNextBatch(): enriched car id=1920 OK.
[2026-07-25 19:30:21] [MotusApiImporter] enrichNextBatch(): enriched car id=1921 OK.
[2026-07-25 19:30:23] [MotusApiImporter] enrichNextBatch(): enriched car id=1922 OK.
[2026-07-25 19:30:24] [MotusApiImporter] enrichNextBatch(): enriched car id=1923 OK.
[2026-07-25 19:30:25] [MotusApiImporter] enrichNextBatch(): enriched car id=1924 OK.
[2026-07-25 19:30:27] [MotusApiImporter] enrichNextBatch(): enriched car id=1925 OK.
[2026-07-25 19:30:29] [MotusApiImporter] enrichNextBatch(): enriched car id=1926 OK.
[2026-07-25 19:30:31] [MotusApiImporter] enrichNextBatch(): enriched car id=1927 OK.
[2026-07-25 19:30:33] [MotusApiImporter] enrichNextBatch(): enriched car id=1928 OK.
[2026-07-25 19:30:34] [MotusApiImporter] enrichNextBatch(): enriched car id=1929 OK.
[2026-07-25 19:30:35] [MotusApiImporter] enrichNextBatch(): enriched car id=1930 OK.
[2026-07-25 19:30:37] [MotusApiImporter] enrichNextBatch(): enriched car id=1931 OK.
[2026-07-25 19:30:38] [MotusApiImporter] enrichNextBatch(): enriched car id=1932 OK.
[2026-07-25 19:30:39] [MotusApiImporter] enrichNextBatch(): enriched car id=1933 OK.
[2026-07-25 19:30:40] [MotusApiImporter] enrichNextBatch(): enriched car id=1934 OK.
[2026-07-25 19:30:42] [MotusApiImporter] enrichNextBatch(): enriched car id=1935 OK.
[2026-07-25 19:30:44] [MotusApiImporter] enrichNextBatch(): enriched car id=1936 OK.
[2026-07-25 19:30:46] [MotusApiImporter] enrichNextBatch(): enriched car id=1937 OK.
[2026-07-25 19:30:47] [MotusApiImporter] enrichNextBatch(): enriched car id=1938 OK.
[2026-07-25 19:30:48] [MotusApiImporter] enrichNextBatch(): enriched car id=1939 OK.
[2026-07-25 19:30:50] [MotusApiImporter] enrichNextBatch(): enriched car id=1940 OK.
[2026-07-25 19:30:53] [MotusApiImporter] enrichNextBatch(): enriched car id=1941 OK.
[2026-07-25 19:30:54] [MotusApiImporter] enrichNextBatch(): enriched car id=1942 OK.
[2026-07-25 19:30:55] [MotusApiImporter] enrichNextBatch(): enriched car id=1943 OK.
[2026-07-25 19:30:57] [MotusApiImporter] enrichNextBatch(): enriched car id=1944 OK.
[2026-07-25 19:30:59] [MotusApiImporter] enrichNextBatch(): enriched car id=1945 OK.
[2026-07-25 19:31:00] [MotusApiImporter] enrichNextBatch(): enriched car id=1946 OK.
[2026-07-25 19:31:02] [MotusApiImporter] enrichNextBatch(): enriched car id=1947 OK.
[2026-07-25 19:31:04] [MotusApiImporter] enrichNextBatch(): enriched car id=1948 OK.
[2026-07-25 19:31:06] [MotusApiImporter] enrichNextBatch(): enriched car id=1949 OK.
[2026-07-25 19:35:09] [MotusApiImporter] discover() STARTED — dealerId=18, sourceRef=https://www.motusvw.co.za/kempton-park/showroom/?
[2026-07-25 19:35:11] [MotusApiImporter] discover(): crawlDealership() returned 71 row(s).
[2026-07-25 19:35:11] [MotusApiImporter] discover() row 0 FAILED: Year out of range or missing (1990-2027): 0
[2026-07-25 19:35:11] [MotusApiImporter] discover() row 25 FAILED: Year out of range or missing (1990-2027): 0
[2026-07-25 19:35:11] [MotusApiImporter] discover() FINISHED — {"imported":69,"updated":0,"skipped":0,"failed":2}, pending_enrichment=69
[2026-07-25 19:35:14] [MotusApiImporter] enrichNextBatch(): enriched car id=1950 OK.
[2026-07-25 19:35:14] [MotusApiImporter] enrichNextBatch(): enriched car id=1951 OK.
[2026-07-25 19:35:16] [MotusApiImporter] enrichNextBatch(): enriched car id=1952 OK.
[2026-07-25 19:35:17] [MotusApiImporter] enrichNextBatch(): enriched car id=1953 OK.
[2026-07-25 19:35:18] [MotusApiImporter] enrichNextBatch(): enriched car id=1954 OK.
[2026-07-25 19:35:19] [MotusApiImporter] enrichNextBatch(): enriched car id=1955 OK.
[2026-07-25 19:35:21] [MotusApiImporter] enrichNextBatch(): enriched car id=1956 OK.
[2026-07-25 19:35:22] [MotusApiImporter] enrichNextBatch(): enriched car id=1957 OK.
[2026-07-25 19:35:23] [MotusApiImporter] enrichNextBatch(): enriched car id=1958 OK.
[2026-07-25 19:35:24] [MotusApiImporter] enrichNextBatch(): enriched car id=1959 OK.
[2026-07-25 19:35:25] [MotusApiImporter] enrichNextBatch(): enriched car id=1960 OK.
[2026-07-25 19:35:27] [MotusApiImporter] enrichNextBatch(): enriched car id=1961 OK.
[2026-07-25 19:35:29] [MotusApiImporter] enrichNextBatch(): enriched car id=1962 OK.
[2026-07-25 19:35:31] [MotusApiImporter] enrichNextBatch(): enriched car id=1963 OK.
[2026-07-25 19:35:32] [MotusApiImporter] enrichNextBatch(): enriched car id=1964 OK.
[2026-07-25 19:35:42] [MotusApiImporter] enrichNextBatch(): enriched car id=1965 OK.
[2026-07-25 19:35:43] [MotusApiImporter] enrichNextBatch(): enriched car id=1966 OK.
[2026-07-25 19:35:45] [MotusApiImporter] enrichNextBatch(): enriched car id=1967 OK.
[2026-07-25 19:35:46] [MotusApiImporter] enrichNextBatch(): enriched car id=1968 OK.
[2026-07-25 19:35:48] [MotusApiImporter] enrichNextBatch(): enriched car id=1969 OK.
[2026-07-25 19:35:49] [MotusApiImporter] enrichNextBatch(): enriched car id=1970 OK.
[2026-07-25 19:35:50] [MotusApiImporter] enrichNextBatch(): enriched car id=1971 OK.
[2026-07-25 19:35:51] [MotusApiImporter] enrichNextBatch(): enriched car id=1972 OK.
[2026-07-25 19:35:52] [MotusApiImporter] enrichNextBatch(): enriched car id=1973 OK.
[2026-07-25 19:35:54] [MotusApiImporter] enrichNextBatch(): enriched car id=1974 OK.
[2026-07-25 19:35:56] [MotusApiImporter] enrichNextBatch(): enriched car id=1975 OK.
[2026-07-25 19:35:57] [MotusApiImporter] enrichNextBatch(): enriched car id=1976 OK.
[2026-07-25 19:35:59] [MotusApiImporter] enrichNextBatch(): enriched car id=1977 OK.
[2026-07-25 19:36:00] [MotusApiImporter] enrichNextBatch(): enriched car id=1978 OK.
[2026-07-25 19:36:01] [MotusApiImporter] enrichNextBatch(): enriched car id=1979 OK.
[2026-07-25 19:36:04] [MotusApiImporter] enrichNextBatch(): enriched car id=1980 OK.
[2026-07-25 19:36:05] [MotusApiImporter] enrichNextBatch(): enriched car id=1981 OK.
[2026-07-25 19:36:06] [MotusApiImporter] enrichNextBatch(): enriched car id=1982 OK.
[2026-07-25 19:36:08] [MotusApiImporter] enrichNextBatch(): enriched car id=1983 OK.
[2026-07-25 19:36:10] [MotusApiImporter] enrichNextBatch(): enriched car id=1984 OK.
[2026-07-25 19:36:11] [MotusApiImporter] enrichNextBatch(): enriched car id=1985 OK.
[2026-07-25 19:36:12] [MotusApiImporter] enrichNextBatch(): enriched car id=1986 OK.
[2026-07-25 19:36:13] [MotusApiImporter] enrichNextBatch(): enriched car id=1987 OK.
[2026-07-25 19:36:15] [MotusApiImporter] enrichNextBatch(): enriched car id=1988 OK.
[2026-07-25 19:36:16] [MotusApiImporter] enrichNextBatch(): enriched car id=1989 OK.
[2026-07-25 19:36:17] [MotusApiImporter] enrichNextBatch(): enriched car id=1990 OK.
[2026-07-25 19:36:18] [MotusApiImporter] enrichNextBatch(): enriched car id=1991 OK.
[2026-07-25 19:36:19] [MotusApiImporter] enrichNextBatch(): enriched car id=1992 OK.
[2026-07-25 19:36:20] [MotusApiImporter] enrichNextBatch(): enriched car id=1993 OK.
[2026-07-25 19:36:22] [MotusApiImporter] enrichNextBatch(): enriched car id=1994 OK.
[2026-07-25 19:36:25] [MotusApiImporter] enrichNextBatch(): enriched car id=1995 OK.
[2026-07-25 19:36:27] [MotusApiImporter] enrichNextBatch(): enriched car id=1996 OK.
[2026-07-25 19:36:29] [MotusApiImporter] enrichNextBatch(): enriched car id=1997 OK.
[2026-07-25 19:36:30] [MotusApiImporter] enrichNextBatch(): enriched car id=1998 OK.
[2026-07-25 19:36:32] [MotusApiImporter] enrichNextBatch(): enriched car id=1999 OK.
[2026-07-25 19:36:34] [MotusApiImporter] enrichNextBatch(): enriched car id=2000 OK.
[2026-07-25 19:36:35] [MotusApiImporter] enrichNextBatch(): enriched car id=2001 OK.
[2026-07-25 19:36:36] [MotusApiImporter] enrichNextBatch(): enriched car id=2002 OK.
[2026-07-25 19:36:38] [MotusApiImporter] enrichNextBatch(): enriched car id=2003 OK.
[2026-07-25 19:36:39] [MotusApiImporter] enrichNextBatch(): enriched car id=2004 OK.
[2026-07-25 19:36:40] [MotusApiImporter] enrichNextBatch(): enriched car id=2005 OK.
[2026-07-25 19:36:41] [MotusApiImporter] enrichNextBatch(): enriched car id=2006 OK.
[2026-07-25 19:36:43] [MotusApiImporter] enrichNextBatch(): enriched car id=2007 OK.
[2026-07-25 19:36:44] [MotusApiImporter] enrichNextBatch(): enriched car id=2008 OK.
[2026-07-25 19:36:45] [MotusApiImporter] enrichNextBatch(): enriched car id=2009 OK.
[2026-07-25 19:36:48] [MotusApiImporter] enrichNextBatch(): enriched car id=2010 OK.
[2026-07-25 19:36:49] [MotusApiImporter] enrichNextBatch(): enriched car id=2011 OK.
[2026-07-25 19:36:50] [MotusApiImporter] enrichNextBatch(): enriched car id=2012 OK.
[2026-07-25 19:36:51] [MotusApiImporter] enrichNextBatch(): enriched car id=2013 OK.
[2026-07-25 19:36:53] [MotusApiImporter] enrichNextBatch(): enriched car id=2014 OK.
[2026-07-25 19:36:55] [MotusApiImporter] enrichNextBatch(): enriched car id=2015 OK.
[2026-07-25 19:36:56] [MotusApiImporter] enrichNextBatch(): enriched car id=2016 OK.
[2026-07-25 19:36:58] [MotusApiImporter] enrichNextBatch(): enriched car id=2017 OK.
[2026-07-25 19:36:59] [MotusApiImporter] enrichNextBatch(): enriched car id=2018 OK.
[2026-07-25 19:44:40] [MotusApiImporter] discover() STARTED — dealerId=18, sourceRef=https://www.motusvw.co.za/kempton-park/showroom/624-vwadf886600/1/
[2026-07-25 19:44:41] [MotusApiImporter] discover(): crawlDealership() returned 1 row(s).
[2026-07-25 19:44:41] [MotusApiImporter] discover() FINISHED — {"imported":1,"updated":0,"skipped":0,"failed":0}, pending_enrichment=0
[2026-07-25 20:16:21] [MotusApiImporter] discover() STARTED — dealerId=19, sourceRef=https://www.motusvw.co.za/germiston/showroom/
[2026-07-25 20:16:23] [MotusApiImporter] discover(): crawlDealership() returned 108 row(s).
[2026-07-25 20:16:23] [MotusApiImporter] discover() row 21 FAILED: Year out of range or missing (1990-2027): 0
[2026-07-25 20:16:23] [MotusApiImporter] discover() row 22 FAILED: Year out of range or missing (1990-2027): 0
[2026-07-25 20:16:23] [MotusApiImporter] discover() row 23 FAILED: Year out of range or missing (1990-2027): 0
[2026-07-25 20:16:23] [MotusApiImporter] discover() row 24 FAILED: Year out of range or missing (1990-2027): 0
[2026-07-25 20:16:23] [MotusApiImporter] discover() row 25 FAILED: Year out of range or missing (1990-2027): 0
[2026-07-25 20:16:23] [MotusApiImporter] discover() row 26 FAILED: Year out of range or missing (1990-2027): 0
[2026-07-25 20:16:23] [MotusApiImporter] discover() row 27 FAILED: Year out of range or missing (1990-2027): 0
[2026-07-25 20:16:23] [MotusApiImporter] discover() row 61 FAILED: Year out of range or missing (1990-2027): 0
[2026-07-25 20:16:23] [MotusApiImporter] discover() row 62 FAILED: Year out of range or missing (1990-2027): 0
[2026-07-25 20:16:23] [MotusApiImporter] discover() row 63 FAILED: Year out of range or missing (1990-2027): 0
[2026-07-25 20:16:23] [MotusApiImporter] discover() FINISHED — {"imported":98,"updated":0,"skipped":0,"failed":10}, pending_enrichment=98
[2026-07-25 20:16:25] [MotusApiImporter] enrichNextBatch(): enriched car id=2020 OK.
[2026-07-25 20:16:27] [MotusApiImporter] enrichNextBatch(): enriched car id=2021 OK.
[2026-07-25 20:16:29] [MotusApiImporter] enrichNextBatch(): enriched car id=2022 OK.
[2026-07-25 20:16:31] [MotusApiImporter] enrichNextBatch(): enriched car id=2023 OK.
[2026-07-25 20:16:31] [MotusApiImporter] enrichNextBatch(): enriched car id=2024 OK.
[2026-07-25 20:16:33] [MotusApiImporter] enrichNextBatch(): enriched car id=2025 OK.
[2026-07-25 20:16:35] [MotusApiImporter] enrichNextBatch(): enriched car id=2026 OK.
[2026-07-25 20:16:36] [MotusApiImporter] enrichNextBatch(): enriched car id=2027 OK.
[2026-07-25 20:16:37] [MotusApiImporter] enrichNextBatch(): enriched car id=2028 OK.
[2026-07-25 20:16:38] [MotusApiImporter] enrichNextBatch(): enriched car id=2029 OK.
[2026-07-25 20:16:39] [MotusApiImporter] enrichNextBatch(): enriched car id=2030 OK.
[2026-07-25 20:16:41] [MotusApiImporter] enrichNextBatch(): enriched car id=2031 OK.
[2026-07-25 20:16:42] [MotusApiImporter] enrichNextBatch(): enriched car id=2032 OK.
[2026-07-25 20:16:44] [MotusApiImporter] enrichNextBatch(): enriched car id=2033 OK.
[2026-07-25 20:16:44] [MotusApiImporter] enrichNextBatch(): enriched car id=2034 OK.
[2026-07-25 20:16:47] [MotusApiImporter] enrichNextBatch(): enriched car id=2035 OK.
[2026-07-25 20:16:49] [MotusApiImporter] enrichNextBatch(): enriched car id=2036 OK.
[2026-07-25 20:16:51] [MotusApiImporter] enrichNextBatch(): enriched car id=2037 OK.
[2026-07-25 20:16:52] [MotusApiImporter] enrichNextBatch(): enriched car id=2038 OK.
[2026-07-25 20:16:54] [MotusApiImporter] enrichNextBatch(): enriched car id=2039 OK.
[2026-07-25 20:16:56] [MotusApiImporter] enrichNextBatch(): enriched car id=2040 OK.
[2026-07-25 20:16:57] [MotusApiImporter] enrichNextBatch(): enriched car id=2041 OK.
[2026-07-25 20:16:58] [MotusApiImporter] enrichNextBatch(): enriched car id=2042 OK.
[2026-07-25 20:16:59] [MotusApiImporter] enrichNextBatch(): enriched car id=2043 OK.
[2026-07-25 20:17:01] [MotusApiImporter] enrichNextBatch(): enriched car id=2044 OK.
[2026-07-25 20:17:03] [MotusApiImporter] enrichNextBatch(): enriched car id=2045 OK.
[2026-07-25 20:17:04] [MotusApiImporter] enrichNextBatch(): enriched car id=2046 OK.
[2026-07-25 20:17:05] [MotusApiImporter] enrichNextBatch(): enriched car id=2047 OK.
[2026-07-25 20:17:07] [MotusApiImporter] enrichNextBatch(): enriched car id=2048 OK.
[2026-07-25 20:17:09] [MotusApiImporter] enrichNextBatch(): enriched car id=2049 OK.
[2026-07-25 20:17:12] [MotusApiImporter] enrichNextBatch(): enriched car id=2050 OK.
[2026-07-25 20:17:13] [MotusApiImporter] enrichNextBatch(): enriched car id=2051 OK.
[2026-07-25 20:17:14] [MotusApiImporter] enrichNextBatch(): enriched car id=2052 OK.
[2026-07-25 20:17:15] [MotusApiImporter] enrichNextBatch(): enriched car id=2053 OK.
[2026-07-25 20:17:17] [MotusApiImporter] enrichNextBatch(): enriched car id=2054 OK.
[2026-07-25 20:17:19] [MotusApiImporter] enrichNextBatch(): enriched car id=2055 OK.
[2026-07-25 20:17:20] [MotusApiImporter] enrichNextBatch(): enriched car id=2056 OK.
[2026-07-25 20:17:21] [MotusApiImporter] enrichNextBatch(): enriched car id=2057 OK.
[2026-07-25 20:17:23] [MotusApiImporter] enrichNextBatch(): enriched car id=2058 OK.
[2026-07-25 20:17:24] [MotusApiImporter] enrichNextBatch(): enriched car id=2059 OK.
[2026-07-25 20:17:26] [MotusApiImporter] enrichNextBatch(): enriched car id=2060 OK.
[2026-07-25 20:17:28] [MotusApiImporter] enrichNextBatch(): enriched car id=2061 OK.
[2026-07-25 20:17:29] [MotusApiImporter] enrichNextBatch(): enriched car id=2062 OK.
[2026-07-25 20:17:30] [MotusApiImporter] enrichNextBatch(): enriched car id=2063 OK.
[2026-07-25 20:17:31] [MotusApiImporter] enrichNextBatch(): enriched car id=2064 OK.
[2026-07-25 20:18:14] [MotusApiImporter] enrichNextBatch(): enriched car id=2065 OK.
[2026-07-25 20:18:15] [MotusApiImporter] enrichNextBatch(): enriched car id=2066 OK.
[2026-07-25 20:18:16] [MotusApiImporter] enrichNextBatch(): enriched car id=2067 OK.
[2026-07-25 20:18:18] [MotusApiImporter] enrichNextBatch(): enriched car id=2068 OK.
[2026-07-25 20:18:20] [MotusApiImporter] enrichNextBatch(): enriched car id=2069 OK.
[2026-07-25 20:18:21] [MotusApiImporter] enrichNextBatch(): enriched car id=2070 OK.
[2026-07-25 20:18:23] [MotusApiImporter] enrichNextBatch(): enriched car id=2071 OK.
[2026-07-25 20:18:24] [MotusApiImporter] enrichNextBatch(): enriched car id=2072 OK.
[2026-07-25 20:18:26] [MotusApiImporter] enrichNextBatch(): enriched car id=2073 OK.
[2026-07-25 20:18:28] [MotusApiImporter] enrichNextBatch(): enriched car id=2074 OK.
[2026-07-25 20:18:30] [MotusApiImporter] enrichNextBatch(): enriched car id=2075 OK.
[2026-07-25 20:18:31] [MotusApiImporter] enrichNextBatch(): enriched car id=2076 OK.
[2026-07-25 20:18:32] [MotusApiImporter] enrichNextBatch(): enriched car id=2077 OK.
[2026-07-25 20:18:33] [MotusApiImporter] enrichNextBatch(): enriched car id=2078 OK.
[2026-07-25 20:18:34] [MotusApiImporter] enrichNextBatch(): enriched car id=2079 OK.
[2026-07-25 20:18:39] [MotusApiImporter] enrichNextBatch(): enriched car id=2080 OK.
[2026-07-25 20:18:41] [MotusApiImporter] enrichNextBatch(): enriched car id=2081 OK.
[2026-07-25 20:18:42] [MotusApiImporter] enrichNextBatch(): enriched car id=2082 OK.
[2026-07-25 20:18:44] [MotusApiImporter] enrichNextBatch(): enriched car id=2083 OK.
[2026-07-25 20:18:45] [MotusApiImporter] enrichNextBatch(): enriched car id=2084 OK.
[2026-07-25 20:18:46] [MotusApiImporter] enrichNextBatch(): enriched car id=2085 OK.
[2026-07-25 20:18:48] [MotusApiImporter] enrichNextBatch(): enriched car id=2086 OK.
[2026-07-25 20:18:49] [MotusApiImporter] enrichNextBatch(): enriched car id=2087 OK.
[2026-07-25 20:18:50] [MotusApiImporter] enrichNextBatch(): enriched car id=2088 OK.
[2026-07-25 20:18:52] [MotusApiImporter] enrichNextBatch(): enriched car id=2089 OK.
[2026-07-25 20:18:53] [MotusApiImporter] enrichNextBatch(): enriched car id=2090 OK.
[2026-07-25 20:18:54] [MotusApiImporter] enrichNextBatch(): enriched car id=2091 OK.
[2026-07-25 20:18:55] [MotusApiImporter] enrichNextBatch(): enriched car id=2092 OK.
[2026-07-25 20:18:57] [MotusApiImporter] enrichNextBatch(): enriched car id=2093 OK.
[2026-07-25 20:18:58] [MotusApiImporter] enrichNextBatch(): enriched car id=2094 OK.
[2026-07-25 20:19:02] [MotusApiImporter] enrichNextBatch(): enriched car id=2095 OK.
[2026-07-25 20:19:04] [MotusApiImporter] enrichNextBatch(): enriched car id=2096 OK.
[2026-07-25 20:19:06] [MotusApiImporter] enrichNextBatch(): enriched car id=2097 OK.
[2026-07-25 20:19:07] [MotusApiImporter] enrichNextBatch(): enriched car id=2098 OK.
[2026-07-25 20:19:09] [MotusApiImporter] enrichNextBatch(): enriched car id=2099 OK.
[2026-07-25 20:19:10] [MotusApiImporter] enrichNextBatch(): enriched car id=2100 OK.
[2026-07-25 20:19:12] [MotusApiImporter] enrichNextBatch(): enriched car id=2101 OK.
[2026-07-25 20:19:13] [MotusApiImporter] enrichNextBatch(): enriched car id=2102 OK.
[2026-07-25 20:19:14] [MotusApiImporter] enrichNextBatch(): enriched car id=2103 OK.
[2026-07-25 20:19:16] [MotusApiImporter] enrichNextBatch(): enriched car id=2104 OK.
[2026-07-25 20:19:16] [MotusApiImporter] enrichNextBatch(): enriched car id=2105 OK.
[2026-07-25 20:19:17] [MotusApiImporter] enrichNextBatch(): enriched car id=2106 OK.
[2026-07-25 20:19:19] [MotusApiImporter] enrichNextBatch(): enriched car id=2107 OK.
[2026-07-25 20:19:21] [MotusApiImporter] enrichNextBatch(): enriched car id=2108 OK.
[2026-07-25 20:19:22] [MotusApiImporter] enrichNextBatch(): enriched car id=2109 OK.
[2026-07-25 20:19:26] [MotusApiImporter] enrichNextBatch(): enriched car id=2110 OK.
[2026-07-25 20:19:27] [MotusApiImporter] enrichNextBatch(): enriched car id=2111 OK.
[2026-07-25 20:19:28] [MotusApiImporter] enrichNextBatch(): enriched car id=2112 OK.
[2026-07-25 20:19:30] [MotusApiImporter] enrichNextBatch(): enriched car id=2113 OK.
[2026-07-25 20:19:31] [MotusApiImporter] enrichNextBatch(): enriched car id=2114 OK.
[2026-07-25 20:19:32] [MotusApiImporter] enrichNextBatch(): enriched car id=2115 OK.
[2026-07-25 20:19:34] [MotusApiImporter] enrichNextBatch(): enriched car id=2116 OK.
[2026-07-25 20:19:35] [MotusApiImporter] enrichNextBatch(): enriched car id=2117 OK.
[2026-07-26 06:17:04] [MotusApiImporter] discover() STARTED — dealerId=14, sourceRef=https://www.motusvw.co.za/edenvale/showroom/
[2026-07-26 06:17:05] [MotusApiImporter] discover(): crawlDealership() returned 49 row(s).
[2026-07-26 06:17:05] [MotusApiImporter] discover() row 47 FAILED: Missing or invalid price (priceUnformatted) in VLPData entry.
[2026-07-26 06:17:05] [MotusApiImporter] discover() FINISHED — {"imported":48,"updated":0,"skipped":0,"failed":1}, pending_enrichment=48, marked_sold=0
[2026-07-26 06:17:08] [MotusApiImporter] enrichNextBatch(): enriched car id=2118 OK.
[2026-07-26 06:17:09] [MotusApiImporter] enrichNextBatch(): enriched car id=2119 OK.
[2026-07-26 06:17:10] [MotusApiImporter] enrichNextBatch(): enriched car id=2120 OK.
[2026-07-26 06:17:12] [MotusApiImporter] enrichNextBatch(): enriched car id=2121 OK.
[2026-07-26 06:17:13] [MotusApiImporter] enrichNextBatch(): enriched car id=2122 OK.
[2026-07-26 06:17:14] [MotusApiImporter] enrichNextBatch(): enriched car id=2123 OK.
[2026-07-26 06:17:15] [MotusApiImporter] enrichNextBatch(): enriched car id=2124 OK.
[2026-07-26 06:17:17] [MotusApiImporter] enrichNextBatch(): enriched car id=2125 OK.
[2026-07-26 06:17:18] [MotusApiImporter] enrichNextBatch(): enriched car id=2126 OK.
[2026-07-26 06:17:19] [MotusApiImporter] enrichNextBatch(): enriched car id=2127 OK.
[2026-07-26 06:17:20] [MotusApiImporter] enrichNextBatch(): enriched car id=2128 OK.
[2026-07-26 06:17:22] [MotusApiImporter] enrichNextBatch(): enriched car id=2129 OK.
[2026-07-26 06:17:23] [MotusApiImporter] enrichNextBatch(): enriched car id=2130 OK.
[2026-07-26 06:17:25] [MotusApiImporter] enrichNextBatch(): enriched car id=2131 OK.
[2026-07-26 06:17:26] [MotusApiImporter] enrichNextBatch(): enriched car id=2132 OK.
[2026-07-26 06:17:29] [MotusApiImporter] enrichNextBatch(): enriched car id=2133 OK.
[2026-07-26 06:17:30] [MotusApiImporter] enrichNextBatch(): enriched car id=2134 OK.
[2026-07-26 06:17:31] [MotusApiImporter] enrichNextBatch(): enriched car id=2135 OK.
[2026-07-26 06:17:33] [MotusApiImporter] enrichNextBatch(): enriched car id=2136 OK.
[2026-07-26 06:17:34] [MotusApiImporter] enrichNextBatch(): enriched car id=2137 OK.
[2026-07-26 06:17:35] [MotusApiImporter] enrichNextBatch(): enriched car id=2138 OK.
[2026-07-26 06:17:37] [MotusApiImporter] enrichNextBatch(): enriched car id=2139 OK.
[2026-07-26 06:17:39] [MotusApiImporter] enrichNextBatch(): enriched car id=2140 OK.
[2026-07-26 06:17:40] [MotusApiImporter] enrichNextBatch(): enriched car id=2141 OK.
[2026-07-26 06:17:41] [MotusApiImporter] enrichNextBatch(): enriched car id=2142 OK.
[2026-07-26 06:17:43] [MotusApiImporter] enrichNextBatch(): enriched car id=2143 OK.
[2026-07-26 06:17:44] [MotusApiImporter] enrichNextBatch(): enriched car id=2144 OK.
[2026-07-26 06:17:45] [MotusApiImporter] enrichNextBatch(): enriched car id=2145 OK.
[2026-07-26 06:17:47] [MotusApiImporter] enrichNextBatch(): enriched car id=2146 OK.
[2026-07-26 06:17:48] [MotusApiImporter] enrichNextBatch(): enriched car id=2147 OK.
[2026-07-26 06:17:51] [MotusApiImporter] enrichNextBatch(): enriched car id=2148 OK.
[2026-07-26 06:17:53] [MotusApiImporter] enrichNextBatch(): enriched car id=2149 OK.
[2026-07-26 06:17:55] [MotusApiImporter] enrichNextBatch(): enriched car id=2150 OK.
[2026-07-26 06:17:56] [MotusApiImporter] enrichNextBatch(): enriched car id=2151 OK.
[2026-07-26 06:17:57] [MotusApiImporter] enrichNextBatch(): enriched car id=2152 OK.
[2026-07-26 06:17:58] [MotusApiImporter] enrichNextBatch(): enriched car id=2153 OK.
[2026-07-26 06:18:00] [MotusApiImporter] enrichNextBatch(): enriched car id=2154 OK.
[2026-07-26 06:18:02] [MotusApiImporter] enrichNextBatch(): enriched car id=2155 OK.
[2026-07-26 06:18:03] [MotusApiImporter] enrichNextBatch(): enriched car id=2156 OK.
[2026-07-26 06:18:05] [MotusApiImporter] enrichNextBatch(): enriched car id=2157 OK.
[2026-07-26 06:18:06] [MotusApiImporter] enrichNextBatch(): enriched car id=2158 OK.
[2026-07-26 06:18:08] [MotusApiImporter] enrichNextBatch(): enriched car id=2159 OK.
[2026-07-26 06:18:10] [MotusApiImporter] enrichNextBatch(): enriched car id=2160 OK.
[2026-07-26 06:18:11] [MotusApiImporter] enrichNextBatch(): enriched car id=2161 OK.
[2026-07-26 06:18:12] [MotusApiImporter] enrichNextBatch(): enriched car id=2162 OK.
[2026-07-26 06:18:16] [MotusApiImporter] enrichNextBatch(): enriched car id=2163 OK.
[2026-07-26 06:18:18] [MotusApiImporter] enrichNextBatch(): enriched car id=2164 OK.
[2026-07-26 06:18:20] [MotusApiImporter] enrichNextBatch(): enriched car id=2165 OK.
[2026-07-26 07:51:08] [MotusApiImporter] discover() STARTED — dealerId=20, sourceRef=https://www.motusvw.co.za/fourways/showroom/
[2026-07-26 07:51:10] [MotusApiImporter] discover(): crawlDealership() returned 87 row(s).
[2026-07-26 07:51:10] [MotusApiImporter] discover() row 0 FAILED: Year out of range or missing (1990-2027): 0
[2026-07-26 07:51:10] [MotusApiImporter] discover() row 19 FAILED: Year out of range or missing (1990-2027): 0
[2026-07-26 07:51:10] [MotusApiImporter] discover() row 34 FAILED: Year out of range or missing (1990-2027): 0
[2026-07-26 07:51:10] [MotusApiImporter] discover() row 35 FAILED: Year out of range or missing (1990-2027): 0
[2026-07-26 07:51:10] [MotusApiImporter] discover() FINISHED — {"imported":83,"updated":0,"skipped":0,"failed":4}, pending_enrichment=83, marked_sold=0
[2026-07-26 07:51:12] [MotusApiImporter] enrichNextBatch(): enriched car id=2166 OK.
[2026-07-26 07:51:13] [MotusApiImporter] enrichNextBatch(): enriched car id=2167 OK.
[2026-07-26 07:51:14] [MotusApiImporter] enrichNextBatch(): enriched car id=2168 OK.
[2026-07-26 07:51:15] [MotusApiImporter] enrichNextBatch(): enriched car id=2169 OK.
[2026-07-26 07:51:16] [MotusApiImporter] enrichNextBatch(): enriched car id=2170 OK.
[2026-07-26 07:51:17] [MotusApiImporter] enrichNextBatch(): enriched car id=2171 OK.
[2026-07-26 07:51:18] [MotusApiImporter] enrichNextBatch(): enriched car id=2172 OK.
[2026-07-26 07:51:19] [MotusApiImporter] enrichNextBatch(): enriched car id=2173 OK.
[2026-07-26 07:51:20] [MotusApiImporter] enrichNextBatch(): enriched car id=2174 OK.
[2026-07-26 07:51:21] [MotusApiImporter] enrichNextBatch(): enriched car id=2175 OK.
[2026-07-26 07:51:22] [MotusApiImporter] enrichNextBatch(): enriched car id=2176 OK.
[2026-07-26 07:51:23] [MotusApiImporter] enrichNextBatch(): enriched car id=2177 OK.
[2026-07-26 07:51:25] [MotusApiImporter] enrichNextBatch(): enriched car id=2178 OK.
[2026-07-26 07:51:27] [MotusApiImporter] enrichNextBatch(): enriched car id=2179 OK.
[2026-07-26 07:51:28] [MotusApiImporter] enrichNextBatch(): enriched car id=2180 OK.
[2026-07-26 07:51:31] [MotusApiImporter] enrichNextBatch(): enriched car id=2181 OK.
[2026-07-26 07:51:33] [MotusApiImporter] enrichNextBatch(): enriched car id=2182 OK.
[2026-07-26 07:51:35] [MotusApiImporter] enrichNextBatch(): enriched car id=2183 OK.
[2026-07-26 07:51:36] [MotusApiImporter] enrichNextBatch(): enriched car id=2184 OK.
[2026-07-26 07:51:37] [MotusApiImporter] enrichNextBatch(): enriched car id=2185 OK.
[2026-07-26 07:51:38] [MotusApiImporter] enrichNextBatch(): enriched car id=2186 OK.
[2026-07-26 07:51:39] [MotusApiImporter] enrichNextBatch(): enriched car id=2187 OK.
[2026-07-26 07:51:40] [MotusApiImporter] enrichNextBatch(): enriched car id=2188 OK.
[2026-07-26 07:51:41] [MotusApiImporter] enrichNextBatch(): enriched car id=2189 OK.
[2026-07-26 07:51:42] [MotusApiImporter] enrichNextBatch(): enriched car id=2190 OK.
[2026-07-26 07:51:44] [MotusApiImporter] enrichNextBatch(): enriched car id=2191 OK.
[2026-07-26 07:51:46] [MotusApiImporter] enrichNextBatch(): enriched car id=2192 OK.
[2026-07-26 07:51:47] [MotusApiImporter] enrichNextBatch(): enriched car id=2193 OK.
[2026-07-26 07:51:49] [MotusApiImporter] enrichNextBatch(): enriched car id=2194 OK.
[2026-07-26 07:51:50] [MotusApiImporter] enrichNextBatch(): enriched car id=2195 OK.
[2026-07-26 07:51:53] [MotusApiImporter] enrichNextBatch(): enriched car id=2196 OK.
[2026-07-26 07:51:55] [MotusApiImporter] enrichNextBatch(): enriched car id=2197 OK.
[2026-07-26 07:51:55] [MotusApiImporter] enrichNextBatch(): enriched car id=2198 OK.
[2026-07-26 07:51:57] [MotusApiImporter] enrichNextBatch(): enriched car id=2199 OK.
[2026-07-26 07:51:59] [MotusApiImporter] enrichNextBatch(): enriched car id=2200 OK.
[2026-07-26 07:52:00] [MotusApiImporter] enrichNextBatch(): enriched car id=2201 OK.
[2026-07-26 07:52:01] [MotusApiImporter] enrichNextBatch(): enriched car id=2202 OK.
[2026-07-26 07:52:03] [MotusApiImporter] enrichNextBatch(): enriched car id=2203 OK.
[2026-07-26 07:52:05] [MotusApiImporter] enrichNextBatch(): enriched car id=2204 OK.
[2026-07-26 07:52:06] [MotusApiImporter] enrichNextBatch(): enriched car id=2205 OK.
[2026-07-26 07:52:08] [MotusApiImporter] enrichNextBatch(): enriched car id=2206 OK.
[2026-07-26 07:52:08] [MotusApiImporter] enrichNextBatch(): enriched car id=2207 OK.
[2026-07-26 07:52:09] [MotusApiImporter] enrichNextBatch(): enriched car id=2208 OK.
[2026-07-26 07:52:11] [MotusApiImporter] enrichNextBatch(): enriched car id=2209 OK.
[2026-07-26 07:52:13] [MotusApiImporter] enrichNextBatch(): enriched car id=2210 OK.
[2026-07-26 07:52:16] [MotusApiImporter] enrichNextBatch(): enriched car id=2211 OK.
[2026-07-26 07:52:17] [MotusApiImporter] enrichNextBatch(): enriched car id=2212 OK.
[2026-07-26 07:52:19] [MotusApiImporter] enrichNextBatch(): enriched car id=2213 OK.
[2026-07-26 07:52:20] [MotusApiImporter] enrichNextBatch(): enriched car id=2214 OK.
[2026-07-26 07:52:23] [MotusApiImporter] enrichNextBatch(): enriched car id=2215 OK.
[2026-07-26 07:52:25] [MotusApiImporter] enrichNextBatch(): enriched car id=2216 OK.
[2026-07-26 07:52:26] [MotusApiImporter] enrichNextBatch(): enriched car id=2217 OK.
[2026-07-26 07:52:28] [MotusApiImporter] enrichNextBatch(): enriched car id=2218 OK.
[2026-07-26 07:52:29] [MotusApiImporter] enrichNextBatch(): enriched car id=2219 OK.
[2026-07-26 07:52:30] [MotusApiImporter] enrichNextBatch(): enriched car id=2220 OK.
[2026-07-26 07:52:32] [MotusApiImporter] enrichNextBatch(): enriched car id=2221 OK.
[2026-07-26 07:52:33] [MotusApiImporter] enrichNextBatch(): enriched car id=2222 OK.
[2026-07-26 07:52:35] [MotusApiImporter] enrichNextBatch(): enriched car id=2223 OK.
[2026-07-26 07:52:37] [MotusApiImporter] enrichNextBatch(): enriched car id=2224 OK.
[2026-07-26 07:52:38] [MotusApiImporter] enrichNextBatch(): enriched car id=2225 OK.
[2026-07-26 07:52:41] [MotusApiImporter] enrichNextBatch(): enriched car id=2226 OK.
[2026-07-26 07:52:43] [MotusApiImporter] enrichNextBatch(): enriched car id=2227 OK.
[2026-07-26 07:52:45] [MotusApiImporter] enrichNextBatch(): enriched car id=2228 OK.
[2026-07-26 07:52:46] [MotusApiImporter] enrichNextBatch(): enriched car id=2229 OK.
[2026-07-26 07:52:48] [MotusApiImporter] enrichNextBatch(): enriched car id=2230 OK.
[2026-07-26 07:52:49] [MotusApiImporter] enrichNextBatch(): enriched car id=2231 OK.
[2026-07-26 07:52:50] [MotusApiImporter] enrichNextBatch(): enriched car id=2232 OK.
[2026-07-26 07:52:52] [MotusApiImporter] enrichNextBatch(): enriched car id=2233 OK.
[2026-07-26 07:52:54] [MotusApiImporter] enrichNextBatch(): enriched car id=2234 OK.
[2026-07-26 07:52:54] [MotusApiImporter] enrichNextBatch(): enriched car id=2235 OK.
[2026-07-26 07:52:56] [MotusApiImporter] enrichNextBatch(): enriched car id=2236 OK.
[2026-07-26 07:52:58] [MotusApiImporter] enrichNextBatch(): enriched car id=2237 OK.
[2026-07-26 07:53:00] [MotusApiImporter] enrichNextBatch(): enriched car id=2238 OK.
[2026-07-26 07:53:00] [MotusApiImporter] enrichNextBatch(): enriched car id=2239 OK.
[2026-07-26 07:53:02] [MotusApiImporter] enrichNextBatch(): enriched car id=2240 OK.
[2026-07-26 07:53:05] [MotusApiImporter] enrichNextBatch(): enriched car id=2241 OK.
[2026-07-26 07:53:07] [MotusApiImporter] enrichNextBatch(): enriched car id=2242 OK.
[2026-07-26 07:53:09] [MotusApiImporter] enrichNextBatch(): enriched car id=2243 OK.
[2026-07-26 07:53:10] [MotusApiImporter] enrichNextBatch(): enriched car id=2244 OK.
[2026-07-26 07:53:11] [MotusApiImporter] enrichNextBatch(): enriched car id=2245 OK.
[2026-07-26 07:53:13] [MotusApiImporter] enrichNextBatch(): enriched car id=2246 OK.
[2026-07-26 07:53:14] [MotusApiImporter] enrichNextBatch(): enriched car id=2247 OK.
[2026-07-26 07:53:15] [MotusApiImporter] enrichNextBatch(): enriched car id=2248 OK.
[2026-07-26 07:56:38] [MotusApiImporter] discover() STARTED — dealerId=21, sourceRef=https://www.motusvw.co.za/edenvale/showroom/
[2026-07-26 07:56:40] [MotusApiImporter] discover(): crawlDealership() returned 49 row(s).
[2026-07-26 07:56:41] [MotusApiImporter] discover() row 47 FAILED: Missing or invalid price (priceUnformatted) in VLPData entry.
[2026-07-26 07:56:41] [MotusApiImporter] discover() FINISHED — {"imported":48,"updated":0,"skipped":0,"failed":1}, pending_enrichment=48, marked_sold=0
[2026-07-26 07:56:43] [MotusApiImporter] enrichNextBatch(): enriched car id=2249 OK.
[2026-07-26 07:56:44] [MotusApiImporter] enrichNextBatch(): enriched car id=2250 OK.
[2026-07-26 07:56:46] [MotusApiImporter] enrichNextBatch(): enriched car id=2251 OK.
[2026-07-26 07:56:48] [MotusApiImporter] enrichNextBatch(): enriched car id=2252 OK.
[2026-07-26 07:56:49] [MotusApiImporter] enrichNextBatch(): enriched car id=2253 OK.
[2026-07-26 07:56:51] [MotusApiImporter] enrichNextBatch(): enriched car id=2254 OK.
[2026-07-26 07:56:53] [MotusApiImporter] enrichNextBatch(): enriched car id=2255 OK.
[2026-07-26 07:56:54] [MotusApiImporter] enrichNextBatch(): enriched car id=2256 OK.
[2026-07-26 07:56:56] [MotusApiImporter] enrichNextBatch(): enriched car id=2257 OK.
[2026-07-26 07:56:57] [MotusApiImporter] enrichNextBatch(): enriched car id=2258 OK.
[2026-07-26 07:56:58] [MotusApiImporter] enrichNextBatch(): enriched car id=2259 OK.
[2026-07-26 07:56:59] [MotusApiImporter] enrichNextBatch(): enriched car id=2260 OK.
[2026-07-26 07:57:00] [MotusApiImporter] enrichNextBatch(): enriched car id=2261 OK.
[2026-07-26 07:57:02] [MotusApiImporter] enrichNextBatch(): enriched car id=2262 OK.
[2026-07-26 07:57:04] [MotusApiImporter] enrichNextBatch(): enriched car id=2263 OK.
[2026-07-26 07:57:06] [MotusApiImporter] enrichNextBatch(): enriched car id=2264 OK.
[2026-07-26 07:57:08] [MotusApiImporter] enrichNextBatch(): enriched car id=2265 OK.
[2026-07-26 07:57:10] [MotusApiImporter] enrichNextBatch(): enriched car id=2266 OK.
[2026-07-26 07:57:12] [MotusApiImporter] enrichNextBatch(): enriched car id=2267 OK.
[2026-07-26 07:57:13] [MotusApiImporter] enrichNextBatch(): enriched car id=2268 OK.
[2026-07-26 07:57:14] [MotusApiImporter] enrichNextBatch(): enriched car id=2269 OK.
[2026-07-26 07:57:16] [MotusApiImporter] enrichNextBatch(): enriched car id=2270 OK.
[2026-07-26 07:57:18] [MotusApiImporter] enrichNextBatch(): enriched car id=2271 OK.
[2026-07-26 07:57:19] [MotusApiImporter] enrichNextBatch(): enriched car id=2272 OK.
[2026-07-26 07:57:21] [MotusApiImporter] enrichNextBatch(): enriched car id=2273 OK.
[2026-07-26 07:57:22] [MotusApiImporter] enrichNextBatch(): enriched car id=2274 OK.
[2026-07-26 07:57:24] [MotusApiImporter] enrichNextBatch(): enriched car id=2275 OK.
[2026-07-26 07:57:25] [MotusApiImporter] enrichNextBatch(): enriched car id=2276 OK.
[2026-07-26 07:57:27] [MotusApiImporter] enrichNextBatch(): enriched car id=2277 OK.
[2026-07-26 07:57:27] [MotusApiImporter] enrichNextBatch(): enriched car id=2278 OK.
[2026-07-26 07:57:33] [MotusApiImporter] enrichNextBatch(): enriched car id=2279 OK.
[2026-07-26 07:57:35] [MotusApiImporter] enrichNextBatch(): enriched car id=2280 OK.
[2026-07-26 07:57:37] [MotusApiImporter] enrichNextBatch(): enriched car id=2281 OK.
[2026-07-26 07:57:38] [MotusApiImporter] enrichNextBatch(): enriched car id=2282 OK.
[2026-07-26 07:57:39] [MotusApiImporter] enrichNextBatch(): enriched car id=2283 OK.
[2026-07-26 07:57:40] [MotusApiImporter] enrichNextBatch(): enriched car id=2284 OK.
[2026-07-26 07:57:42] [MotusApiImporter] enrichNextBatch(): enriched car id=2285 OK.
[2026-07-26 07:57:44] [MotusApiImporter] enrichNextBatch(): enriched car id=2286 OK.
[2026-07-26 07:57:45] [MotusApiImporter] enrichNextBatch(): enriched car id=2287 OK.
[2026-07-26 07:57:47] [MotusApiImporter] enrichNextBatch(): enriched car id=2288 OK.
[2026-07-26 07:57:48] [MotusApiImporter] enrichNextBatch(): enriched car id=2289 OK.
[2026-07-26 07:57:50] [MotusApiImporter] enrichNextBatch(): enriched car id=2290 OK.
[2026-07-26 07:57:52] [MotusApiImporter] enrichNextBatch(): enriched car id=2291 OK.
[2026-07-26 07:57:52] [MotusApiImporter] enrichNextBatch(): enriched car id=2292 OK.
[2026-07-26 07:57:54] [MotusApiImporter] enrichNextBatch(): enriched car id=2293 OK.
[2026-07-26 07:57:59] [MotusApiImporter] enrichNextBatch(): enriched car id=2294 OK.
[2026-07-26 07:58:01] [MotusApiImporter] enrichNextBatch(): enriched car id=2295 OK.
[2026-07-26 07:58:03] [MotusApiImporter] enrichNextBatch(): enriched car id=2296 OK.
[2026-07-26 08:04:08] [MotusApiImporter] discover() STARTED — dealerId=22, sourceRef=https://www.motusvw.co.za/east-rand-mall/showroom/
[2026-07-26 08:04:09] [MotusApiImporter] discover(): crawlDealership() returned 48 row(s).
[2026-07-26 08:04:09] [MotusApiImporter] discover() FINISHED — {"imported":48,"updated":0,"skipped":0,"failed":0}, pending_enrichment=48, marked_sold=0
[2026-07-26 08:04:11] [MotusApiImporter] enrichNextBatch(): enriched car id=2297 OK.
[2026-07-26 08:04:12] [MotusApiImporter] enrichNextBatch(): enriched car id=2298 OK.
[2026-07-26 08:04:14] [MotusApiImporter] enrichNextBatch(): enriched car id=2299 OK.
[2026-07-26 08:04:16] [MotusApiImporter] enrichNextBatch(): enriched car id=2300 OK.
[2026-07-26 08:04:17] [MotusApiImporter] enrichNextBatch(): enriched car id=2301 OK.
[2026-07-26 08:04:18] [MotusApiImporter] enrichNextBatch(): enriched car id=2302 OK.
[2026-07-26 08:04:20] [MotusApiImporter] enrichNextBatch(): enriched car id=2303 OK.
[2026-07-26 08:04:21] [MotusApiImporter] enrichNextBatch(): enriched car id=2304 OK.
[2026-07-26 08:04:22] [MotusApiImporter] enrichNextBatch(): enriched car id=2305 OK.
[2026-07-26 08:04:24] [MotusApiImporter] enrichNextBatch(): enriched car id=2306 OK.
[2026-07-26 08:04:25] [MotusApiImporter] enrichNextBatch(): enriched car id=2307 OK.
[2026-07-26 08:04:27] [MotusApiImporter] enrichNextBatch(): enriched car id=2308 OK.
[2026-07-26 08:04:29] [MotusApiImporter] enrichNextBatch(): enriched car id=2309 OK.
[2026-07-26 08:04:30] [MotusApiImporter] enrichNextBatch(): enriched car id=2310 OK.
[2026-07-26 08:04:31] [MotusApiImporter] enrichNextBatch(): enriched car id=2311 OK.
[2026-07-26 08:04:33] [MotusApiImporter] enrichNextBatch(): enriched car id=2312 OK.
[2026-07-26 08:04:35] [MotusApiImporter] enrichNextBatch(): enriched car id=2313 OK.
[2026-07-26 08:04:36] [MotusApiImporter] enrichNextBatch(): enriched car id=2314 OK.
[2026-07-26 08:04:38] [MotusApiImporter] enrichNextBatch(): enriched car id=2315 OK.
[2026-07-26 08:04:40] [MotusApiImporter] enrichNextBatch(): enriched car id=2316 OK.
[2026-07-26 08:04:41] [MotusApiImporter] enrichNextBatch(): enriched car id=2317 OK.
[2026-07-26 08:04:42] [MotusApiImporter] enrichNextBatch(): enriched car id=2318 OK.
[2026-07-26 08:04:43] [MotusApiImporter] enrichNextBatch(): enriched car id=2319 OK.
[2026-07-26 08:04:45] [MotusApiImporter] enrichNextBatch(): enriched car id=2320 OK.
[2026-07-26 08:04:46] [MotusApiImporter] enrichNextBatch(): enriched car id=2321 OK.
[2026-07-26 08:04:47] [MotusApiImporter] enrichNextBatch(): enriched car id=2322 OK.
[2026-07-26 08:04:49] [MotusApiImporter] enrichNextBatch(): enriched car id=2323 OK.
[2026-07-26 08:04:50] [MotusApiImporter] enrichNextBatch(): enriched car id=2324 OK.
[2026-07-26 08:04:52] [MotusApiImporter] enrichNextBatch(): enriched car id=2325 OK.
[2026-07-26 08:04:53] [MotusApiImporter] enrichNextBatch(): enriched car id=2326 OK.
[2026-07-26 08:04:56] [MotusApiImporter] enrichNextBatch(): enriched car id=2327 OK.
[2026-07-26 08:04:57] [MotusApiImporter] enrichNextBatch(): enriched car id=2328 OK.
[2026-07-26 08:04:57] [MotusApiImporter] enrichNextBatch(): enriched car id=2329 OK.
[2026-07-26 08:04:59] [MotusApiImporter] enrichNextBatch(): enriched car id=2330 OK.
[2026-07-26 08:05:00] [MotusApiImporter] enrichNextBatch(): enriched car id=2331 OK.
[2026-07-26 08:05:01] [MotusApiImporter] enrichNextBatch(): enriched car id=2332 OK.
[2026-07-26 08:05:01] [MotusApiImporter] enrichNextBatch(): enriched car id=2333 OK.
[2026-07-26 08:05:03] [MotusApiImporter] enrichNextBatch(): enriched car id=2334 OK.
[2026-07-26 08:05:05] [MotusApiImporter] enrichNextBatch(): enriched car id=2335 OK.
[2026-07-26 08:05:05] [MotusApiImporter] enrichNextBatch(): enriched car id=2336 OK.
[2026-07-26 08:05:07] [MotusApiImporter] enrichNextBatch(): enriched car id=2337 OK.
[2026-07-26 08:05:09] [MotusApiImporter] enrichNextBatch(): enriched car id=2338 OK.
[2026-07-26 08:05:11] [MotusApiImporter] enrichNextBatch(): enriched car id=2339 OK.
[2026-07-26 08:05:12] [MotusApiImporter] enrichNextBatch(): enriched car id=2340 OK.
[2026-07-26 08:05:14] [MotusApiImporter] enrichNextBatch(): enriched car id=2341 OK.
[2026-07-26 08:05:17] [MotusApiImporter] enrichNextBatch(): enriched car id=2342 OK.
[2026-07-26 08:05:19] [MotusApiImporter] enrichNextBatch(): enriched car id=2343 OK.
[2026-07-26 08:05:20] [MotusApiImporter] enrichNextBatch(): enriched car id=2344 OK.
[2026-07-26 08:10:04] [MotusApiImporter] discover() STARTED — dealerId=23, sourceRef=https://www.motusvw.co.za/bloemfontein/showroom/
[2026-07-26 08:10:05] [MotusApiImporter] discover(): crawlDealership() returned 90 row(s).
[2026-07-26 08:10:06] [MotusApiImporter] discover() FINISHED — {"imported":90,"updated":0,"skipped":0,"failed":0}, pending_enrichment=90, marked_sold=0
[2026-07-26 08:10:08] [MotusApiImporter] enrichNextBatch(): enriched car id=2345 OK.
[2026-07-26 08:10:10] [MotusApiImporter] enrichNextBatch(): enriched car id=2346 OK.
[2026-07-26 08:10:11] [MotusApiImporter] enrichNextBatch(): enriched car id=2347 OK.
[2026-07-26 08:10:13] [MotusApiImporter] enrichNextBatch(): enriched car id=2348 OK.
[2026-07-26 08:10:14] [MotusApiImporter] enrichNextBatch(): enriched car id=2349 OK.
[2026-07-26 08:10:14] [MotusApiImporter] enrichNextBatch(): enriched car id=2350 OK.
[2026-07-26 08:10:15] [MotusApiImporter] enrichNextBatch(): enriched car id=2351 OK.
[2026-07-26 08:10:17] [MotusApiImporter] enrichNextBatch(): enriched car id=2352 OK.
[2026-07-26 08:10:19] [MotusApiImporter] enrichNextBatch(): enriched car id=2353 OK.
[2026-07-26 08:10:21] [MotusApiImporter] enrichNextBatch(): enriched car id=2354 OK.
[2026-07-26 08:10:22] [MotusApiImporter] enrichNextBatch(): enriched car id=2355 OK.
[2026-07-26 08:10:22] [MotusApiImporter] enrichNextBatch(): enriched car id=2356 OK.
[2026-07-26 08:10:24] [MotusApiImporter] enrichNextBatch(): enriched car id=2357 OK.
[2026-07-26 08:10:25] [MotusApiImporter] enrichNextBatch(): enriched car id=2358 OK.
[2026-07-26 08:10:27] [MotusApiImporter] enrichNextBatch(): enriched car id=2359 OK.
[2026-07-26 08:10:29] [MotusApiImporter] enrichNextBatch(): enriched car id=2360 OK.
[2026-07-26 08:10:31] [MotusApiImporter] enrichNextBatch(): enriched car id=2361 OK.
[2026-07-26 08:10:33] [MotusApiImporter] enrichNextBatch(): enriched car id=2362 OK.
[2026-07-26 08:10:34] [MotusApiImporter] enrichNextBatch(): enriched car id=2363 OK.
[2026-07-26 08:10:35] [MotusApiImporter] enrichNextBatch(): enriched car id=2364 OK.
[2026-07-26 08:10:37] [MotusApiImporter] enrichNextBatch(): enriched car id=2365 OK.
[2026-07-26 08:10:38] [MotusApiImporter] enrichNextBatch(): enriched car id=2366 OK.
[2026-07-26 08:10:39] [MotusApiImporter] enrichNextBatch(): enriched car id=2367 OK.
[2026-07-26 08:10:40] [MotusApiImporter] enrichNextBatch(): enriched car id=2368 OK.
[2026-07-26 08:10:41] [MotusApiImporter] enrichNextBatch(): enriched car id=2369 OK.
[2026-07-26 08:10:43] [MotusApiImporter] enrichNextBatch(): enriched car id=2370 OK.
[2026-07-26 08:10:45] [MotusApiImporter] enrichNextBatch(): enriched car id=2371 OK.
[2026-07-26 08:10:46] [MotusApiImporter] enrichNextBatch(): enriched car id=2372 OK.
[2026-07-26 08:10:48] [MotusApiImporter] enrichNextBatch(): enriched car id=2373 OK.
[2026-07-26 08:10:49] [MotusApiImporter] enrichNextBatch(): enriched car id=2374 OK.
[2026-07-26 08:10:53] [MotusApiImporter] enrichNextBatch(): enriched car id=2375 OK.
[2026-07-26 08:10:55] [MotusApiImporter] enrichNextBatch(): enriched car id=2376 OK.
[2026-07-26 08:10:57] [MotusApiImporter] enrichNextBatch(): enriched car id=2377 OK.
[2026-07-26 08:10:58] [MotusApiImporter] enrichNextBatch(): enriched car id=2378 OK.
[2026-07-26 08:10:59] [MotusApiImporter] enrichNextBatch(): enriched car id=2379 OK.
[2026-07-26 08:11:00] [MotusApiImporter] enrichNextBatch(): enriched car id=2380 OK.
[2026-07-26 08:11:01] [MotusApiImporter] enrichNextBatch(): enriched car id=2381 OK.
[2026-07-26 08:11:03] [MotusApiImporter] enrichNextBatch(): enriched car id=2382 OK.
[2026-07-26 08:11:05] [MotusApiImporter] enrichNextBatch(): enriched car id=2383 OK.
[2026-07-26 08:11:06] [MotusApiImporter] enrichNextBatch(): enriched car id=2384 OK.
[2026-07-26 08:11:08] [MotusApiImporter] enrichNextBatch(): enriched car id=2385 OK.
[2026-07-26 08:11:09] [MotusApiImporter] enrichNextBatch(): enriched car id=2386 OK.
[2026-07-26 08:11:11] [MotusApiImporter] enrichNextBatch(): enriched car id=2387 OK.
[2026-07-26 08:11:13] [MotusApiImporter] enrichNextBatch(): enriched car id=2388 OK.
[2026-07-26 08:11:14] [MotusApiImporter] enrichNextBatch(): enriched car id=2389 OK.
[2026-07-26 08:11:18] [MotusApiImporter] enrichNextBatch(): enriched car id=2390 OK.
[2026-07-26 08:11:20] [MotusApiImporter] enrichNextBatch(): enriched car id=2391 OK.
[2026-07-26 08:11:21] [MotusApiImporter] enrichNextBatch(): enriched car id=2392 OK.
[2026-07-26 08:11:23] [MotusApiImporter] enrichNextBatch(): enriched car id=2393 OK.
[2026-07-26 08:11:24] [MotusApiImporter] enrichNextBatch(): enriched car id=2394 OK.
[2026-07-26 08:11:26] [MotusApiImporter] enrichNextBatch(): enriched car id=2395 OK.
[2026-07-26 08:11:27] [MotusApiImporter] enrichNextBatch(): enriched car id=2396 OK.
[2026-07-26 08:11:28] [MotusApiImporter] enrichNextBatch(): enriched car id=2397 OK.
[2026-07-26 08:11:29] [MotusApiImporter] enrichNextBatch(): enriched car id=2398 OK.
[2026-07-26 08:11:31] [MotusApiImporter] enrichNextBatch(): enriched car id=2399 OK.
[2026-07-26 08:11:32] [MotusApiImporter] enrichNextBatch(): enriched car id=2400 OK.
[2026-07-26 08:11:34] [MotusApiImporter] enrichNextBatch(): enriched car id=2401 OK.
[2026-07-26 08:11:36] [MotusApiImporter] enrichNextBatch(): enriched car id=2402 OK.
[2026-07-26 08:11:38] [MotusApiImporter] enrichNextBatch(): enriched car id=2403 OK.
[2026-07-26 08:11:38] [MotusApiImporter] enrichNextBatch(): enriched car id=2404 OK.
[2026-07-26 08:11:42] [MotusApiImporter] enrichNextBatch(): enriched car id=2405 OK.
[2026-07-26 08:11:42] [MotusApiImporter] enrichNextBatch(): enriched car id=2406 OK.
[2026-07-26 08:11:44] [MotusApiImporter] enrichNextBatch(): enriched car id=2407 OK.
[2026-07-26 08:11:45] [MotusApiImporter] enrichNextBatch(): enriched car id=2408 OK.
[2026-07-26 08:11:46] [MotusApiImporter] enrichNextBatch(): enriched car id=2409 OK.
[2026-07-26 08:11:47] [MotusApiImporter] enrichNextBatch(): enriched car id=2410 OK.
[2026-07-26 08:11:48] [MotusApiImporter] enrichNextBatch(): enriched car id=2411 OK.
[2026-07-26 08:11:49] [MotusApiImporter] enrichNextBatch(): enriched car id=2412 OK.
[2026-07-26 08:11:51] [MotusApiImporter] enrichNextBatch(): enriched car id=2413 OK.
[2026-07-26 08:11:53] [MotusApiImporter] enrichNextBatch(): enriched car id=2414 OK.
[2026-07-26 08:11:54] [MotusApiImporter] enrichNextBatch(): enriched car id=2415 OK.
[2026-07-26 08:11:55] [MotusApiImporter] enrichNextBatch(): enriched car id=2416 OK.
[2026-07-26 08:11:57] [MotusApiImporter] enrichNextBatch(): enriched car id=2417 OK.
[2026-07-26 08:11:59] [MotusApiImporter] enrichNextBatch(): enriched car id=2418 OK.
[2026-07-26 08:12:00] [MotusApiImporter] enrichNextBatch(): enriched car id=2419 OK.
[2026-07-26 08:12:03] [MotusApiImporter] enrichNextBatch(): enriched car id=2420 OK.
[2026-07-26 08:12:04] [MotusApiImporter] enrichNextBatch(): enriched car id=2421 OK.
[2026-07-26 08:12:05] [MotusApiImporter] enrichNextBatch(): enriched car id=2422 OK.
[2026-07-26 08:12:06] [MotusApiImporter] enrichNextBatch(): enriched car id=2423 OK.
[2026-07-26 08:12:08] [MotusApiImporter] enrichNextBatch(): enriched car id=2424 OK.
[2026-07-26 08:12:09] [MotusApiImporter] enrichNextBatch(): enriched car id=2425 OK.
[2026-07-26 08:12:11] [MotusApiImporter] enrichNextBatch(): enriched car id=2426 OK.
[2026-07-26 08:12:13] [MotusApiImporter] enrichNextBatch(): enriched car id=2427 OK.
[2026-07-26 08:12:14] [MotusApiImporter] enrichNextBatch(): enriched car id=2428 OK.
[2026-07-26 08:12:16] [MotusApiImporter] enrichNextBatch(): enriched car id=2429 OK.
[2026-07-26 08:12:17] [MotusApiImporter] enrichNextBatch(): enriched car id=2430 OK.
[2026-07-26 08:12:18] [MotusApiImporter] enrichNextBatch(): enriched car id=2431 OK.
[2026-07-26 08:12:20] [MotusApiImporter] enrichNextBatch(): enriched car id=2432 OK.
[2026-07-26 08:12:21] [MotusApiImporter] enrichNextBatch(): enriched car id=2433 OK.
[2026-07-26 08:12:23] [MotusApiImporter] enrichNextBatch(): enriched car id=2434 OK.
[2026-07-26 08:16:25] [MotusApiImporter] discover() STARTED — dealerId=24, sourceRef=https://www.motusvw.co.za/alberton/showroom/
[2026-07-26 08:16:26] [MotusApiImporter] discover(): crawlDealership() returned 84 row(s).
[2026-07-26 08:16:26] [MotusApiImporter] discover() row 34 FAILED: Year out of range or missing (1990-2027): 0
[2026-07-26 08:16:26] [MotusApiImporter] discover() row 35 FAILED: Year out of range or missing (1990-2027): 0
[2026-07-26 08:16:26] [MotusApiImporter] discover() row 36 FAILED: Year out of range or missing (1990-2027): 0
[2026-07-26 08:16:26] [MotusApiImporter] discover() row 37 FAILED: Year out of range or missing (1990-2027): 0
[2026-07-26 08:16:26] [MotusApiImporter] discover() row 38 FAILED: Year out of range or missing (1990-2027): 0
[2026-07-26 08:16:26] [MotusApiImporter] discover() row 39 FAILED: Year out of range or missing (1990-2027): 0
[2026-07-26 08:16:26] [MotusApiImporter] discover() FINISHED — {"imported":78,"updated":0,"skipped":0,"failed":6}, pending_enrichment=78, marked_sold=0
[2026-07-26 08:16:27] [MotusApiImporter] enrichNextBatch(): enriched car id=2435 OK.
[2026-07-26 08:16:29] [MotusApiImporter] enrichNextBatch(): enriched car id=2436 OK.
[2026-07-26 08:16:30] [MotusApiImporter] enrichNextBatch(): enriched car id=2437 OK.
[2026-07-26 08:16:32] [MotusApiImporter] enrichNextBatch(): enriched car id=2438 OK.
[2026-07-26 08:16:33] [MotusApiImporter] enrichNextBatch(): enriched car id=2439 OK.
[2026-07-26 08:16:34] [MotusApiImporter] enrichNextBatch(): enriched car id=2440 OK.
[2026-07-26 08:16:35] [MotusApiImporter] enrichNextBatch(): enriched car id=2441 OK.
[2026-07-26 08:16:36] [MotusApiImporter] enrichNextBatch(): enriched car id=2442 OK.
[2026-07-26 08:16:38] [MotusApiImporter] enrichNextBatch(): enriched car id=2443 OK.
[2026-07-26 08:16:39] [MotusApiImporter] enrichNextBatch(): enriched car id=2444 OK.
[2026-07-26 08:16:41] [MotusApiImporter] enrichNextBatch(): enriched car id=2445 OK.
[2026-07-26 08:16:42] [MotusApiImporter] enrichNextBatch(): enriched car id=2446 OK.
[2026-07-26 08:16:43] [MotusApiImporter] enrichNextBatch(): enriched car id=2447 OK.
[2026-07-26 08:16:45] [MotusApiImporter] enrichNextBatch(): enriched car id=2448 OK.
[2026-07-26 08:16:47] [MotusApiImporter] enrichNextBatch(): enriched car id=2449 OK.
[2026-07-26 08:16:52] [MotusApiImporter] enrichNextBatch(): enriched car id=2450 OK.
[2026-07-26 08:16:53] [MotusApiImporter] enrichNextBatch(): enriched car id=2451 OK.
[2026-07-26 08:16:54] [MotusApiImporter] enrichNextBatch(): enriched car id=2452 OK.
[2026-07-26 08:16:55] [MotusApiImporter] enrichNextBatch(): enriched car id=2453 OK.
[2026-07-26 08:16:57] [MotusApiImporter] enrichNextBatch(): enriched car id=2454 OK.
[2026-07-26 08:16:59] [MotusApiImporter] enrichNextBatch(): enriched car id=2455 OK.
[2026-07-26 08:17:01] [MotusApiImporter] enrichNextBatch(): enriched car id=2456 OK.
[2026-07-26 08:17:02] [MotusApiImporter] enrichNextBatch(): enriched car id=2457 OK.
[2026-07-26 08:17:03] [MotusApiImporter] enrichNextBatch(): enriched car id=2458 OK.
[2026-07-26 08:17:04] [MotusApiImporter] enrichNextBatch(): enriched car id=2459 OK.
[2026-07-26 08:17:05] [MotusApiImporter] enrichNextBatch(): enriched car id=2460 OK.
[2026-07-26 08:17:06] [MotusApiImporter] enrichNextBatch(): enriched car id=2461 OK.
[2026-07-26 08:17:07] [MotusApiImporter] enrichNextBatch(): enriched car id=2462 OK.
[2026-07-26 08:17:09] [MotusApiImporter] enrichNextBatch(): enriched car id=2463 OK.
[2026-07-26 08:17:11] [MotusApiImporter] enrichNextBatch(): enriched car id=2464 OK.
[2026-07-26 08:17:14] [MotusApiImporter] enrichNextBatch(): enriched car id=2465 OK.
[2026-07-26 08:17:15] [MotusApiImporter] enrichNextBatch(): enriched car id=2466 OK.
[2026-07-26 08:17:17] [MotusApiImporter] enrichNextBatch(): enriched car id=2467 OK.
[2026-07-26 08:17:19] [MotusApiImporter] enrichNextBatch(): enriched car id=2468 OK.
[2026-07-26 08:17:20] [MotusApiImporter] enrichNextBatch(): enriched car id=2469 OK.
[2026-07-26 08:17:21] [MotusApiImporter] enrichNextBatch(): enriched car id=2470 OK.
[2026-07-26 08:17:23] [MotusApiImporter] enrichNextBatch(): enriched car id=2471 OK.
[2026-07-26 08:17:24] [MotusApiImporter] enrichNextBatch(): enriched car id=2472 OK.
[2026-07-26 08:17:26] [MotusApiImporter] enrichNextBatch(): enriched car id=2473 OK.
[2026-07-26 08:17:27] [MotusApiImporter] enrichNextBatch(): enriched car id=2474 OK.
[2026-07-26 08:17:29] [MotusApiImporter] enrichNextBatch(): enriched car id=2475 OK.
[2026-07-26 08:17:31] [MotusApiImporter] enrichNextBatch(): enriched car id=2476 OK.
[2026-07-26 08:17:33] [MotusApiImporter] enrichNextBatch(): enriched car id=2477 OK.
[2026-07-26 08:17:34] [MotusApiImporter] enrichNextBatch(): enriched car id=2478 OK.
[2026-07-26 08:17:35] [MotusApiImporter] enrichNextBatch(): enriched car id=2479 OK.
[2026-07-26 08:17:39] [MotusApiImporter] enrichNextBatch(): enriched car id=2480 OK.
[2026-07-26 08:17:40] [MotusApiImporter] enrichNextBatch(): enriched car id=2481 OK.
[2026-07-26 08:17:42] [MotusApiImporter] enrichNextBatch(): enriched car id=2482 OK.
[2026-07-26 08:17:44] [MotusApiImporter] enrichNextBatch(): enriched car id=2483 OK.
[2026-07-26 08:17:45] [MotusApiImporter] enrichNextBatch(): enriched car id=2484 OK.
[2026-07-26 08:17:45] [MotusApiImporter] enrichNextBatch(): enriched car id=2485 OK.
[2026-07-26 08:17:46] [MotusApiImporter] enrichNextBatch(): enriched car id=2486 OK.
[2026-07-26 08:17:47] [MotusApiImporter] enrichNextBatch(): enriched car id=2487 OK.
[2026-07-26 08:17:49] [MotusApiImporter] enrichNextBatch(): enriched car id=2488 OK.
[2026-07-26 08:17:49] [MotusApiImporter] enrichNextBatch(): enriched car id=2489 OK.
[2026-07-26 08:17:50] [MotusApiImporter] enrichNextBatch(): enriched car id=2490 OK.
[2026-07-26 08:17:52] [MotusApiImporter] enrichNextBatch(): enriched car id=2491 OK.
[2026-07-26 08:17:53] [MotusApiImporter] enrichNextBatch(): enriched car id=2492 OK.
[2026-07-26 08:17:54] [MotusApiImporter] enrichNextBatch(): enriched car id=2493 OK.
[2026-07-26 08:17:55] [MotusApiImporter] enrichNextBatch(): enriched car id=2494 OK.
[2026-07-26 08:17:59] [MotusApiImporter] enrichNextBatch(): enriched car id=2495 OK.
[2026-07-26 08:18:00] [MotusApiImporter] enrichNextBatch(): enriched car id=2496 OK.
[2026-07-26 08:18:02] [MotusApiImporter] enrichNextBatch(): enriched car id=2497 OK.
[2026-07-26 08:18:03] [MotusApiImporter] enrichNextBatch(): enriched car id=2498 OK.
[2026-07-26 08:18:05] [MotusApiImporter] enrichNextBatch(): enriched car id=2499 OK.
[2026-07-26 08:18:07] [MotusApiImporter] enrichNextBatch(): enriched car id=2500 OK.
[2026-07-26 08:18:09] [MotusApiImporter] enrichNextBatch(): enriched car id=2501 OK.
[2026-07-26 08:18:10] [MotusApiImporter] enrichNextBatch(): enriched car id=2502 OK.
[2026-07-26 08:18:11] [MotusApiImporter] enrichNextBatch(): enriched car id=2503 OK.
[2026-07-26 08:18:12] [MotusApiImporter] enrichNextBatch(): enriched car id=2504 OK.
[2026-07-26 08:18:13] [MotusApiImporter] enrichNextBatch(): enriched car id=2505 OK.
[2026-07-26 08:18:14] [MotusApiImporter] enrichNextBatch(): enriched car id=2506 OK.
[2026-07-26 08:18:16] [MotusApiImporter] enrichNextBatch(): enriched car id=2507 OK.
[2026-07-26 08:18:17] [MotusApiImporter] enrichNextBatch(): enriched car id=2508 OK.
[2026-07-26 08:18:19] [MotusApiImporter] enrichNextBatch(): enriched car id=2509 OK.
[2026-07-26 08:18:22] [MotusApiImporter] enrichNextBatch(): enriched car id=2510 OK.
[2026-07-26 08:18:24] [MotusApiImporter] enrichNextBatch(): enriched car id=2511 OK.
[2026-07-26 08:18:26] [MotusApiImporter] enrichNextBatch(): enriched car id=2512 OK.
[2026-07-26 11:21:34] [MotusApiImporter] discover() STARTED — dealerId=20, sourceRef=https://www.motusvw.co.za/fourways/showroom/
[2026-07-26 11:21:35] [MotusApiImporter] discover(): crawlDealership() returned 87 row(s).
[2026-07-26 11:21:35] [MotusApiImporter] discover() row 0 FAILED: Year out of range or missing (1990-2027): 0
[2026-07-26 11:21:35] [MotusApiImporter] discover() row 19 FAILED: Year out of range or missing (1990-2027): 0
[2026-07-26 11:21:35] [MotusApiImporter] discover() row 34 FAILED: Year out of range or missing (1990-2027): 0
[2026-07-26 11:21:35] [MotusApiImporter] discover() row 35 FAILED: Year out of range or missing (1990-2027): 0
[2026-07-26 11:21:35] [MotusApiImporter] discover() FINISHED — {"imported":0,"updated":83,"skipped":0,"failed":4}, pending_enrichment=0, marked_sold=0
[2026-07-26 11:23:31] [MotusApiImporter] discover() STARTED — dealerId=24, sourceRef=https://www.motusvw.co.za/alberton/showroom/
[2026-07-26 11:23:33] [MotusApiImporter] discover(): crawlDealership() returned 84 row(s).
[2026-07-26 11:23:33] [MotusApiImporter] discover() row 34 FAILED: Year out of range or missing (1990-2027): 0
[2026-07-26 11:23:33] [MotusApiImporter] discover() row 35 FAILED: Year out of range or missing (1990-2027): 0
[2026-07-26 11:23:33] [MotusApiImporter] discover() row 36 FAILED: Year out of range or missing (1990-2027): 0
[2026-07-26 11:23:33] [MotusApiImporter] discover() row 37 FAILED: Year out of range or missing (1990-2027): 0
[2026-07-26 11:23:33] [MotusApiImporter] discover() row 38 FAILED: Year out of range or missing (1990-2027): 0
[2026-07-26 11:23:33] [MotusApiImporter] discover() row 39 FAILED: Year out of range or missing (1990-2027): 0
[2026-07-26 11:23:33] [MotusApiImporter] discover() FINISHED — {"imported":0,"updated":78,"skipped":0,"failed":6}, pending_enrichment=0, marked_sold=0
[2026-07-26 11:25:40] [MotusApiImporter] discover() STARTED — dealerId=24, sourceRef=https://www.motusvw.co.za/alberton/showroom/
[2026-07-26 11:25:41] [MotusApiImporter] discover(): crawlDealership() returned 84 row(s).
[2026-07-26 11:25:41] [MotusApiImporter] discover() row 34 FAILED: Year out of range or missing (1990-2027): 0
[2026-07-26 11:25:41] [MotusApiImporter] discover() row 35 FAILED: Year out of range or missing (1990-2027): 0
[2026-07-26 11:25:41] [MotusApiImporter] discover() row 36 FAILED: Year out of range or missing (1990-2027): 0
[2026-07-26 11:25:41] [MotusApiImporter] discover() row 37 FAILED: Year out of range or missing (1990-2027): 0
[2026-07-26 11:25:41] [MotusApiImporter] discover() row 38 FAILED: Year out of range or missing (1990-2027): 0
[2026-07-26 11:25:41] [MotusApiImporter] discover() row 39 FAILED: Year out of range or missing (1990-2027): 0
[2026-07-26 11:25:41] [MotusApiImporter] discover() FINISHED — {"imported":78,"updated":0,"skipped":0,"failed":6}, pending_enrichment=78, marked_sold=0
[2026-07-26 11:25:43] [MotusApiImporter] enrichNextBatch(): enriched car id=2513 OK.
[2026-07-26 11:25:45] [MotusApiImporter] enrichNextBatch(): enriched car id=2514 OK.
[2026-07-26 11:25:47] [MotusApiImporter] enrichNextBatch(): enriched car id=2515 OK.
[2026-07-26 11:25:48] [MotusApiImporter] enrichNextBatch(): enriched car id=2516 OK.
[2026-07-26 11:25:50] [MotusApiImporter] enrichNextBatch(): enriched car id=2517 OK.
[2026-07-26 11:25:50] [MotusApiImporter] enrichNextBatch(): enriched car id=2518 OK.
[2026-07-26 11:25:52] [MotusApiImporter] enrichNextBatch(): enriched car id=2519 OK.
[2026-07-26 11:25:53] [MotusApiImporter] enrichNextBatch(): enriched car id=2520 OK.
[2026-07-26 11:25:55] [MotusApiImporter] enrichNextBatch(): enriched car id=2521 OK.
[2026-07-26 11:25:56] [MotusApiImporter] enrichNextBatch(): enriched car id=2522 OK.
[2026-07-26 11:25:58] [MotusApiImporter] enrichNextBatch(): enriched car id=2523 OK.
[2026-07-26 11:25:59] [MotusApiImporter] enrichNextBatch(): enriched car id=2524 OK.
[2026-07-26 11:26:01] [MotusApiImporter] enrichNextBatch(): enriched car id=2525 OK.
[2026-07-26 11:26:03] [MotusApiImporter] enrichNextBatch(): enriched car id=2526 OK.
[2026-07-26 11:26:04] [MotusApiImporter] enrichNextBatch(): enriched car id=2527 OK.
[2026-07-26 11:26:07] [MotusApiImporter] enrichNextBatch(): enriched car id=2528 OK.
[2026-07-26 11:26:09] [MotusApiImporter] enrichNextBatch(): enriched car id=2529 OK.
[2026-07-26 11:26:10] [MotusApiImporter] enrichNextBatch(): enriched car id=2530 OK.
[2026-07-26 11:26:12] [MotusApiImporter] enrichNextBatch(): enriched car id=2531 OK.
[2026-07-26 11:26:13] [MotusApiImporter] enrichNextBatch(): enriched car id=2532 OK.
[2026-07-26 11:26:14] [MotusApiImporter] enrichNextBatch(): enriched car id=2533 OK.
[2026-07-26 11:26:16] [MotusApiImporter] enrichNextBatch(): enriched car id=2534 OK.
[2026-07-26 11:26:18] [MotusApiImporter] enrichNextBatch(): enriched car id=2535 OK.
[2026-07-26 11:26:20] [MotusApiImporter] enrichNextBatch(): enriched car id=2536 OK.
[2026-07-26 11:26:21] [MotusApiImporter] enrichNextBatch(): enriched car id=2537 OK.
[2026-07-26 11:26:22] [MotusApiImporter] enrichNextBatch(): enriched car id=2538 OK.
[2026-07-26 11:26:23] [MotusApiImporter] enrichNextBatch(): enriched car id=2539 OK.
[2026-07-26 11:26:25] [MotusApiImporter] enrichNextBatch(): enriched car id=2540 OK.
[2026-07-26 11:26:27] [MotusApiImporter] enrichNextBatch(): enriched car id=2541 OK.
[2026-07-26 11:26:28] [MotusApiImporter] enrichNextBatch(): enriched car id=2542 OK.
[2026-07-26 11:26:33] [MotusApiImporter] enrichNextBatch(): enriched car id=2543 OK.
[2026-07-26 11:26:35] [MotusApiImporter] enrichNextBatch(): enriched car id=2544 OK.
[2026-07-26 11:26:35] [MotusApiImporter] enrichNextBatch(): enriched car id=2545 OK.
[2026-07-26 11:26:37] [MotusApiImporter] enrichNextBatch(): enriched car id=2546 OK.
[2026-07-26 11:26:38] [MotusApiImporter] enrichNextBatch(): enriched car id=2547 OK.
[2026-07-26 11:26:39] [MotusApiImporter] enrichNextBatch(): enriched car id=2548 OK.
[2026-07-26 11:26:41] [MotusApiImporter] enrichNextBatch(): enriched car id=2549 OK.
[2026-07-26 11:26:43] [MotusApiImporter] enrichNextBatch(): enriched car id=2550 OK.
[2026-07-26 11:26:45] [MotusApiImporter] enrichNextBatch(): enriched car id=2551 OK.
[2026-07-26 11:26:46] [MotusApiImporter] enrichNextBatch(): enriched car id=2552 OK.
[2026-07-26 11:26:46] [MotusApiImporter] enrichNextBatch(): enriched car id=2553 OK.
[2026-07-26 11:26:48] [MotusApiImporter] enrichNextBatch(): enriched car id=2554 OK.
[2026-07-26 11:26:50] [MotusApiImporter] enrichNextBatch(): enriched car id=2555 OK.
[2026-07-26 11:26:52] [MotusApiImporter] enrichNextBatch(): enriched car id=2556 OK.
[2026-07-26 11:26:53] [MotusApiImporter] enrichNextBatch(): enriched car id=2557 OK.
[2026-07-26 11:26:57] [MotusApiImporter] enrichNextBatch(): enriched car id=2558 OK.
[2026-07-26 11:26:57] [MotusApiImporter] enrichNextBatch(): enriched car id=2559 OK.
[2026-07-26 11:26:59] [MotusApiImporter] enrichNextBatch(): enriched car id=2560 OK.
[2026-07-26 11:27:00] [MotusApiImporter] enrichNextBatch(): enriched car id=2561 OK.
[2026-07-26 11:27:02] [MotusApiImporter] enrichNextBatch(): enriched car id=2562 OK.
[2026-07-26 11:27:04] [MotusApiImporter] enrichNextBatch(): enriched car id=2563 OK.
[2026-07-26 11:27:05] [MotusApiImporter] enrichNextBatch(): enriched car id=2564 OK.
[2026-07-26 11:27:07] [MotusApiImporter] enrichNextBatch(): enriched car id=2565 OK.
[2026-07-26 11:27:09] [MotusApiImporter] enrichNextBatch(): enriched car id=2566 OK.
[2026-07-26 11:27:10] [MotusApiImporter] enrichNextBatch(): enriched car id=2567 OK.
[2026-07-26 11:27:12] [MotusApiImporter] enrichNextBatch(): enriched car id=2568 OK.
[2026-07-26 11:27:14] [MotusApiImporter] enrichNextBatch(): enriched car id=2569 OK.
[2026-07-26 11:27:16] [MotusApiImporter] enrichNextBatch(): enriched car id=2570 OK.
[2026-07-26 11:27:17] [MotusApiImporter] enrichNextBatch(): enriched car id=2571 OK.
[2026-07-26 11:27:18] [MotusApiImporter] enrichNextBatch(): enriched car id=2572 OK.
[2026-07-26 11:27:21] [MotusApiImporter] enrichNextBatch(): enriched car id=2573 OK.
[2026-07-26 11:27:22] [MotusApiImporter] enrichNextBatch(): enriched car id=2574 OK.
[2026-07-26 11:27:23] [MotusApiImporter] enrichNextBatch(): enriched car id=2575 OK.
[2026-07-26 11:27:24] [MotusApiImporter] enrichNextBatch(): enriched car id=2576 OK.
[2026-07-26 11:27:26] [MotusApiImporter] enrichNextBatch(): enriched car id=2577 OK.
[2026-07-26 11:27:28] [MotusApiImporter] enrichNextBatch(): enriched car id=2578 OK.
[2026-07-26 11:27:30] [MotusApiImporter] enrichNextBatch(): enriched car id=2579 OK.
[2026-07-26 11:27:31] [MotusApiImporter] enrichNextBatch(): enriched car id=2580 OK.
[2026-07-26 11:27:33] [MotusApiImporter] enrichNextBatch(): enriched car id=2581 OK.
[2026-07-26 11:27:34] [MotusApiImporter] enrichNextBatch(): enriched car id=2582 OK.
[2026-07-26 11:27:35] [MotusApiImporter] enrichNextBatch(): enriched car id=2583 OK.
[2026-07-26 11:27:37] [MotusApiImporter] enrichNextBatch(): enriched car id=2584 OK.
[2026-07-26 11:27:38] [MotusApiImporter] enrichNextBatch(): enriched car id=2585 OK.
[2026-07-26 11:27:40] [MotusApiImporter] enrichNextBatch(): enriched car id=2586 OK.
[2026-07-26 11:27:40] [MotusApiImporter] enrichNextBatch(): enriched car id=2587 OK.
[2026-07-26 11:27:43] [MotusApiImporter] enrichNextBatch(): enriched car id=2588 OK.
[2026-07-26 11:27:44] [MotusApiImporter] enrichNextBatch(): enriched car id=2589 OK.
[2026-07-26 11:27:45] [MotusApiImporter] enrichNextBatch(): enriched car id=2590 OK.
[2026-07-26 21:14:19] [MotusApiImporter] discover() STARTED — dealerId=21, sourceRef=https://www.motusvw.co.za/edenvale/showroom/
[2026-07-26 21:14:20] [MotusApiImporter] discover(): crawlDealership() returned 49 row(s).
[2026-07-26 21:14:20] [MotusApiImporter] discover() row 47 FAILED: Missing or invalid price (priceUnformatted) in VLPData entry.
[2026-07-26 21:14:20] [MotusApiImporter] discover() FINISHED — {"imported":48,"updated":0,"skipped":0,"failed":1}, pending_enrichment=48, marked_sold=0
[2026-07-26 21:14:23] [MotusApiImporter] enrichNextBatch(): enriched car id=2591 OK.
[2026-07-26 21:14:25] [MotusApiImporter] enrichNextBatch(): enriched car id=2592 OK.
[2026-07-26 21:14:26] [MotusApiImporter] enrichNextBatch(): enriched car id=2593 OK.
[2026-07-26 21:14:28] [MotusApiImporter] enrichNextBatch(): enriched car id=2594 OK.
[2026-07-26 21:14:30] [MotusApiImporter] enrichNextBatch(): enriched car id=2595 OK.
[2026-07-26 21:14:31] [MotusApiImporter] enrichNextBatch(): enriched car id=2596 OK.
[2026-07-26 21:14:33] [MotusApiImporter] enrichNextBatch(): enriched car id=2597 OK.
[2026-07-26 21:14:34] [MotusApiImporter] enrichNextBatch(): enriched car id=2598 OK.
[2026-07-26 21:14:36] [MotusApiImporter] enrichNextBatch(): enriched car id=2599 OK.
[2026-07-26 21:14:38] [MotusApiImporter] enrichNextBatch(): enriched car id=2600 OK.
[2026-07-26 21:14:40] [MotusApiImporter] enrichNextBatch(): enriched car id=2601 OK.
[2026-07-26 21:14:41] [MotusApiImporter] enrichNextBatch(): enriched car id=2602 OK.
[2026-07-26 21:14:42] [MotusApiImporter] enrichNextBatch(): enriched car id=2603 OK.
[2026-07-26 21:14:44] [MotusApiImporter] enrichNextBatch(): enriched car id=2604 OK.
[2026-07-26 21:14:46] [MotusApiImporter] enrichNextBatch(): enriched car id=2605 OK.
[2026-07-26 21:14:48] [MotusApiImporter] enrichNextBatch(): enriched car id=2606 OK.
[2026-07-26 21:14:50] [MotusApiImporter] enrichNextBatch(): enriched car id=2607 OK.
[2026-07-26 21:14:51] [MotusApiImporter] enrichNextBatch(): enriched car id=2608 OK.
[2026-07-26 21:14:53] [MotusApiImporter] enrichNextBatch(): enriched car id=2609 OK.
[2026-07-26 21:14:55] [MotusApiImporter] enrichNextBatch(): enriched car id=2610 OK.
[2026-07-26 21:14:57] [MotusApiImporter] enrichNextBatch(): enriched car id=2611 OK.
[2026-07-26 21:14:58] [MotusApiImporter] enrichNextBatch(): enriched car id=2612 OK.
[2026-07-26 21:15:00] [MotusApiImporter] enrichNextBatch(): enriched car id=2613 OK.
[2026-07-26 21:15:02] [MotusApiImporter] enrichNextBatch(): enriched car id=2614 OK.
[2026-07-26 21:15:03] [MotusApiImporter] enrichNextBatch(): enriched car id=2615 OK.
[2026-07-26 21:15:05] [MotusApiImporter] enrichNextBatch(): enriched car id=2616 OK.
[2026-07-26 21:15:05] [MotusApiImporter] enrichNextBatch(): enriched car id=2617 OK.
[2026-07-26 21:15:07] [MotusApiImporter] enrichNextBatch(): enriched car id=2618 OK.
[2026-07-26 21:15:09] [MotusApiImporter] enrichNextBatch(): enriched car id=2619 OK.
[2026-07-26 21:15:11] [MotusApiImporter] enrichNextBatch(): enriched car id=2620 OK.
[2026-07-26 21:15:14] [MotusApiImporter] enrichNextBatch(): enriched car id=2621 OK.
[2026-07-26 21:15:16] [MotusApiImporter] enrichNextBatch(): enriched car id=2622 OK.
[2026-07-26 21:15:17] [MotusApiImporter] enrichNextBatch(): enriched car id=2623 OK.
[2026-07-26 21:15:18] [MotusApiImporter] enrichNextBatch(): enriched car id=2624 OK.
[2026-07-26 21:15:20] [MotusApiImporter] enrichNextBatch(): enriched car id=2625 OK.
[2026-07-26 21:15:22] [MotusApiImporter] enrichNextBatch(): enriched car id=2626 OK.
[2026-07-26 21:15:24] [MotusApiImporter] enrichNextBatch(): enriched car id=2627 OK.
[2026-07-26 21:15:24] [MotusApiImporter] enrichNextBatch(): enriched car id=2628 OK.
[2026-07-26 21:15:26] [MotusApiImporter] enrichNextBatch(): enriched car id=2629 OK.
[2026-07-26 21:15:28] [MotusApiImporter] enrichNextBatch(): enriched car id=2630 OK.
[2026-07-26 21:15:29] [MotusApiImporter] enrichNextBatch(): enriched car id=2631 OK.
[2026-07-26 21:15:30] [MotusApiImporter] enrichNextBatch(): enriched car id=2632 OK.
[2026-07-26 21:15:32] [MotusApiImporter] enrichNextBatch(): enriched car id=2633 OK.
[2026-07-26 21:15:34] [MotusApiImporter] enrichNextBatch(): enriched car id=2634 OK.
[2026-07-26 21:15:36] [MotusApiImporter] enrichNextBatch(): enriched car id=2635 OK.
[2026-07-26 21:15:39] [MotusApiImporter] enrichNextBatch(): enriched car id=2636 OK.
[2026-07-26 21:15:41] [MotusApiImporter] enrichNextBatch(): enriched car id=2637 OK.
[2026-07-26 21:15:42] [MotusApiImporter] enrichNextBatch(): enriched car id=2638 OK.
[2026-07-26 21:25:17] [MotusApiImporter] discover() STARTED — dealerId=24, sourceRef=https://www.motusvw.co.za/alberton/showroom/
[2026-07-26 21:25:19] [MotusApiImporter] discover(): crawlDealership() returned 84 row(s).
[2026-07-26 21:25:19] [MotusApiImporter] discover() row 34 FAILED: Year out of range or missing (1990-2027): 0
[2026-07-26 21:25:19] [MotusApiImporter] discover() row 35 FAILED: Year out of range or missing (1990-2027): 0
[2026-07-26 21:25:19] [MotusApiImporter] discover() row 36 FAILED: Year out of range or missing (1990-2027): 0
[2026-07-26 21:25:19] [MotusApiImporter] discover() row 37 FAILED: Year out of range or missing (1990-2027): 0
[2026-07-26 21:25:19] [MotusApiImporter] discover() row 38 FAILED: Year out of range or missing (1990-2027): 0
[2026-07-26 21:25:19] [MotusApiImporter] discover() row 39 FAILED: Year out of range or missing (1990-2027): 0
[2026-07-26 21:25:19] [MotusApiImporter] discover() FINISHED — {"imported":78,"updated":0,"skipped":0,"failed":6}, pending_enrichment=78, marked_sold=0
[2026-07-26 21:25:21] [MotusApiImporter] enrichNextBatch(): enriched car id=2639 OK.
[2026-07-26 21:25:22] [MotusApiImporter] enrichNextBatch(): enriched car id=2640 OK.
[2026-07-26 21:25:23] [MotusApiImporter] enrichNextBatch(): enriched car id=2641 OK.
[2026-07-26 21:25:25] [MotusApiImporter] enrichNextBatch(): enriched car id=2642 OK.
[2026-07-26 21:25:26] [MotusApiImporter] enrichNextBatch(): enriched car id=2643 OK.
[2026-07-26 21:25:28] [MotusApiImporter] enrichNextBatch(): enriched car id=2644 OK.
[2026-07-26 21:25:29] [MotusApiImporter] enrichNextBatch(): enriched car id=2645 OK.
[2026-07-26 21:25:31] [MotusApiImporter] enrichNextBatch(): enriched car id=2646 OK.
[2026-07-26 21:25:33] [MotusApiImporter] enrichNextBatch(): enriched car id=2647 OK.
[2026-07-26 21:25:34] [MotusApiImporter] enrichNextBatch(): enriched car id=2648 OK.
[2026-07-26 21:25:35] [MotusApiImporter] enrichNextBatch(): enriched car id=2649 OK.
[2026-07-26 21:25:37] [MotusApiImporter] enrichNextBatch(): enriched car id=2650 OK.
[2026-07-26 21:25:38] [MotusApiImporter] enrichNextBatch(): enriched car id=2651 OK.
[2026-07-26 21:25:39] [MotusApiImporter] enrichNextBatch(): enriched car id=2652 OK.
[2026-07-26 21:25:41] [MotusApiImporter] enrichNextBatch(): enriched car id=2653 OK.
[2026-07-26 21:25:45] [MotusApiImporter] enrichNextBatch(): enriched car id=2654 OK.
[2026-07-26 21:25:47] [MotusApiImporter] enrichNextBatch(): enriched car id=2655 OK.
[2026-07-26 21:25:48] [MotusApiImporter] enrichNextBatch(): enriched car id=2656 OK.
[2026-07-26 21:25:50] [MotusApiImporter] enrichNextBatch(): enriched car id=2657 OK.
[2026-07-26 21:25:51] [MotusApiImporter] enrichNextBatch(): enriched car id=2658 OK.
[2026-07-26 21:25:53] [MotusApiImporter] enrichNextBatch(): enriched car id=2659 OK.
[2026-07-26 21:25:54] [MotusApiImporter] enrichNextBatch(): enriched car id=2660 OK.
[2026-07-26 21:25:55] [MotusApiImporter] enrichNextBatch(): enriched car id=2661 OK.
[2026-07-26 21:25:57] [MotusApiImporter] enrichNextBatch(): enriched car id=2662 OK.
[2026-07-26 21:25:58] [MotusApiImporter] enrichNextBatch(): enriched car id=2663 OK.
[2026-07-26 21:25:59] [MotusApiImporter] enrichNextBatch(): enriched car id=2664 OK.
[2026-07-26 21:26:02] [MotusApiImporter] enrichNextBatch(): enriched car id=2665 OK.
[2026-07-26 21:26:03] [MotusApiImporter] enrichNextBatch(): enriched car id=2666 OK.
[2026-07-26 21:26:04] [MotusApiImporter] enrichNextBatch(): enriched car id=2667 OK.
[2026-07-26 21:26:05] [MotusApiImporter] enrichNextBatch(): enriched car id=2668 OK.
[2026-07-26 21:26:09] [MotusApiImporter] enrichNextBatch(): enriched car id=2669 OK.
[2026-07-26 21:26:11] [MotusApiImporter] enrichNextBatch(): enriched car id=2670 OK.
[2026-07-26 21:26:13] [MotusApiImporter] enrichNextBatch(): enriched car id=2671 OK.
[2026-07-26 21:26:15] [MotusApiImporter] enrichNextBatch(): enriched car id=2672 OK.
[2026-07-26 21:26:16] [MotusApiImporter] enrichNextBatch(): enriched car id=2673 OK.
[2026-07-26 21:26:16] [MotusApiImporter] enrichNextBatch(): enriched car id=2674 OK.
[2026-07-26 21:26:17] [MotusApiImporter] enrichNextBatch(): enriched car id=2675 OK.
[2026-07-26 21:26:19] [MotusApiImporter] enrichNextBatch(): enriched car id=2676 OK.
[2026-07-26 21:26:21] [MotusApiImporter] enrichNextBatch(): enriched car id=2677 OK.
[2026-07-26 21:26:23] [MotusApiImporter] enrichNextBatch(): enriched car id=2678 OK.
[2026-07-26 21:26:24] [MotusApiImporter] enrichNextBatch(): enriched car id=2679 OK.
[2026-07-26 21:26:26] [MotusApiImporter] enrichNextBatch(): enriched car id=2680 OK.
[2026-07-26 21:26:28] [MotusApiImporter] enrichNextBatch(): enriched car id=2681 OK.
[2026-07-26 21:26:30] [MotusApiImporter] enrichNextBatch(): enriched car id=2682 OK.
[2026-07-26 21:26:31] [MotusApiImporter] enrichNextBatch(): enriched car id=2683 OK.
[2026-07-26 21:26:34] [MotusApiImporter] enrichNextBatch(): enriched car id=2684 OK.
[2026-07-26 21:26:35] [MotusApiImporter] enrichNextBatch(): enriched car id=2685 OK.
[2026-07-26 21:26:39] [MotusApiImporter] enrichNextBatch(): enriched car id=2686 OK.
[2026-07-26 21:26:40] [MotusApiImporter] enrichNextBatch(): enriched car id=2687 OK.
[2026-07-26 21:26:41] [MotusApiImporter] enrichNextBatch(): enriched car id=2688 OK.
[2026-07-26 21:26:43] [MotusApiImporter] enrichNextBatch(): enriched car id=2689 OK.
[2026-07-26 21:26:44] [MotusApiImporter] enrichNextBatch(): enriched car id=2690 OK.
[2026-07-26 21:26:46] [MotusApiImporter] enrichNextBatch(): enriched car id=2691 OK.
[2026-07-26 21:26:47] [MotusApiImporter] enrichNextBatch(): enriched car id=2692 OK.
[2026-07-26 21:26:49] [MotusApiImporter] enrichNextBatch(): enriched car id=2693 OK.
[2026-07-26 21:26:51] [MotusApiImporter] enrichNextBatch(): enriched car id=2694 OK.
[2026-07-26 21:26:52] [MotusApiImporter] enrichNextBatch(): enriched car id=2695 OK.
[2026-07-26 21:26:54] [MotusApiImporter] enrichNextBatch(): enriched car id=2696 OK.
[2026-07-26 21:26:56] [MotusApiImporter] enrichNextBatch(): enriched car id=2697 OK.
[2026-07-26 21:26:57] [MotusApiImporter] enrichNextBatch(): enriched car id=2698 OK.
[2026-07-26 21:27:01] [MotusApiImporter] enrichNextBatch(): enriched car id=2699 OK.
[2026-07-26 21:27:03] [MotusApiImporter] enrichNextBatch(): enriched car id=2700 OK.
[2026-07-26 21:27:05] [MotusApiImporter] enrichNextBatch(): enriched car id=2701 OK.
[2026-07-26 21:27:07] [MotusApiImporter] enrichNextBatch(): enriched car id=2702 OK.
[2026-07-26 21:27:08] [MotusApiImporter] enrichNextBatch(): enriched car id=2703 OK.
[2026-07-26 21:27:10] [MotusApiImporter] enrichNextBatch(): enriched car id=2704 OK.
[2026-07-26 21:27:11] [MotusApiImporter] enrichNextBatch(): enriched car id=2705 OK.
[2026-07-26 21:27:13] [MotusApiImporter] enrichNextBatch(): enriched car id=2706 OK.
[2026-07-26 21:27:14] [MotusApiImporter] enrichNextBatch(): enriched car id=2707 OK.
[2026-07-26 21:27:15] [MotusApiImporter] enrichNextBatch(): enriched car id=2708 OK.
[2026-07-26 21:27:16] [MotusApiImporter] enrichNextBatch(): enriched car id=2709 OK.
[2026-07-26 21:27:18] [MotusApiImporter] enrichNextBatch(): enriched car id=2710 OK.
[2026-07-26 21:27:20] [MotusApiImporter] enrichNextBatch(): enriched car id=2711 OK.
[2026-07-26 21:27:21] [MotusApiImporter] enrichNextBatch(): enriched car id=2712 OK.
[2026-07-26 21:27:22] [MotusApiImporter] enrichNextBatch(): enriched car id=2713 OK.
[2026-07-26 21:27:26] [MotusApiImporter] enrichNextBatch(): enriched car id=2714 OK.
[2026-07-26 21:27:27] [MotusApiImporter] enrichNextBatch(): enriched car id=2715 OK.
[2026-07-26 21:27:28] [MotusApiImporter] enrichNextBatch(): enriched car id=2716 OK.
[2026-07-26 21:31:57] [MotusApiImporter] discover() STARTED — dealerId=24, sourceRef=https://www.motusvw.co.za/alberton/showroom/
[2026-07-26 21:32:00] [MotusApiImporter] discover(): crawlDealership() returned 84 row(s).
[2026-07-26 21:32:00] [MotusApiImporter] discover() row 34 FAILED: Year out of range or missing (1990-2027): 0
[2026-07-26 21:32:00] [MotusApiImporter] discover() row 35 FAILED: Year out of range or missing (1990-2027): 0
[2026-07-26 21:32:00] [MotusApiImporter] discover() row 36 FAILED: Year out of range or missing (1990-2027): 0
[2026-07-26 21:32:00] [MotusApiImporter] discover() row 37 FAILED: Year out of range or missing (1990-2027): 0
[2026-07-26 21:32:00] [MotusApiImporter] discover() row 38 FAILED: Year out of range or missing (1990-2027): 0
[2026-07-26 21:32:00] [MotusApiImporter] discover() row 39 FAILED: Year out of range or missing (1990-2027): 0
[2026-07-26 21:32:00] [MotusApiImporter] discover() FINISHED — {"imported":0,"updated":78,"skipped":0,"failed":6}, pending_enrichment=0, marked_sold=0
[2026-07-27 07:14:21] [MotusApiImporter] discover() STARTED — dealerId=24, sourceRef=https://www.motusvw.co.za/alberton/showroom/
[2026-07-27 07:14:24] [MotusApiImporter] discover(): crawlDealership() returned 84 row(s).
[2026-07-27 07:14:24] [MotusApiImporter] discover() row 34 FAILED: Year out of range or missing (1990-2027): 0
[2026-07-27 07:14:24] [MotusApiImporter] discover() row 35 FAILED: Year out of range or missing (1990-2027): 0
[2026-07-27 07:14:24] [MotusApiImporter] discover() row 36 FAILED: Year out of range or missing (1990-2027): 0
[2026-07-27 07:14:24] [MotusApiImporter] discover() row 37 FAILED: Year out of range or missing (1990-2027): 0
[2026-07-27 07:14:24] [MotusApiImporter] discover() row 38 FAILED: Year out of range or missing (1990-2027): 0
[2026-07-27 07:14:24] [MotusApiImporter] discover() row 39 FAILED: Year out of range or missing (1990-2027): 0
[2026-07-27 07:14:24] [MotusApiImporter] discover() FINISHED — {"imported":0,"updated":78,"skipped":0,"failed":6}, pending_enrichment=0, marked_sold=0
[2026-07-27 07:15:21] [MotusApiImporter] discover() STARTED — dealerId=24, sourceRef=https://www.motusvw.co.za/alberton/showroom/
[2026-07-27 07:15:22] [MotusApiImporter] discover(): crawlDealership() returned 84 row(s).
[2026-07-27 07:15:22] [MotusApiImporter] discover() row 34 FAILED: Year out of range or missing (1990-2027): 0
[2026-07-27 07:15:22] [MotusApiImporter] discover() row 35 FAILED: Year out of range or missing (1990-2027): 0
[2026-07-27 07:15:22] [MotusApiImporter] discover() row 36 FAILED: Year out of range or missing (1990-2027): 0
[2026-07-27 07:15:22] [MotusApiImporter] discover() row 37 FAILED: Year out of range or missing (1990-2027): 0
[2026-07-27 07:15:22] [MotusApiImporter] discover() row 38 FAILED: Year out of range or missing (1990-2027): 0
[2026-07-27 07:15:22] [MotusApiImporter] discover() row 39 FAILED: Year out of range or missing (1990-2027): 0
[2026-07-27 07:15:22] [MotusApiImporter] discover() FINISHED — {"imported":0,"updated":78,"skipped":0,"failed":6}, pending_enrichment=0, marked_sold=0
[2026-07-27 07:33:58] [MotusApiImporter] discover() STARTED — dealerId=23, sourceRef=https://www.motusvw.co.za/bloemfontein/showroom/
[2026-07-27 07:34:00] [MotusApiImporter] discover(): crawlDealership() returned 90 row(s).
[2026-07-27 07:34:00] [MotusApiImporter] discover() FINISHED — {"imported":90,"updated":0,"skipped":0,"failed":0}, pending_enrichment=90, marked_sold=0
[2026-07-27 07:34:02] [MotusApiImporter] enrichNextBatch(): enriched car id=2717 OK.
[2026-07-27 07:34:03] [MotusApiImporter] enrichNextBatch(): enriched car id=2718 OK.
[2026-07-27 07:34:05] [MotusApiImporter] enrichNextBatch(): enriched car id=2719 OK.
[2026-07-27 07:34:07] [MotusApiImporter] enrichNextBatch(): enriched car id=2720 OK.
[2026-07-27 07:34:08] [MotusApiImporter] enrichNextBatch(): enriched car id=2721 OK.
[2026-07-27 07:34:10] [MotusApiImporter] enrichNextBatch(): enriched car id=2722 OK.
[2026-07-27 07:34:11] [MotusApiImporter] enrichNextBatch(): enriched car id=2723 OK.
[2026-07-27 07:34:13] [MotusApiImporter] enrichNextBatch(): enriched car id=2724 OK.
[2026-07-27 07:34:14] [MotusApiImporter] enrichNextBatch(): enriched car id=2725 OK.
[2026-07-27 07:34:15] [MotusApiImporter] enrichNextBatch(): enriched car id=2726 OK.
[2026-07-27 07:34:17] [MotusApiImporter] enrichNextBatch(): enriched car id=2727 OK.
[2026-07-27 07:34:18] [MotusApiImporter] enrichNextBatch(): enriched car id=2728 OK.
[2026-07-27 07:34:20] [MotusApiImporter] enrichNextBatch(): enriched car id=2729 OK.
[2026-07-27 07:34:22] [MotusApiImporter] enrichNextBatch(): enriched car id=2730 OK.
[2026-07-27 07:34:22] [MotusApiImporter] enrichNextBatch(): enriched car id=2731 OK.
[2026-07-27 07:34:25] [MotusApiImporter] enrichNextBatch(): enriched car id=2732 OK.
[2026-07-27 07:34:27] [MotusApiImporter] enrichNextBatch(): enriched car id=2733 OK.
[2026-07-27 07:34:29] [MotusApiImporter] enrichNextBatch(): enriched car id=2734 OK.
[2026-07-27 07:34:30] [MotusApiImporter] enrichNextBatch(): enriched car id=2735 OK.
[2026-07-27 07:34:31] [MotusApiImporter] enrichNextBatch(): enriched car id=2736 OK.
[2026-07-27 07:34:33] [MotusApiImporter] enrichNextBatch(): enriched car id=2737 OK.
[2026-07-27 07:34:34] [MotusApiImporter] enrichNextBatch(): enriched car id=2738 OK.
[2026-07-27 07:34:35] [MotusApiImporter] enrichNextBatch(): enriched car id=2739 OK.
[2026-07-27 07:34:37] [MotusApiImporter] enrichNextBatch(): enriched car id=2740 OK.
[2026-07-27 07:34:38] [MotusApiImporter] enrichNextBatch(): enriched car id=2741 OK.
[2026-07-27 07:34:40] [MotusApiImporter] enrichNextBatch(): enriched car id=2742 OK.
[2026-07-27 07:34:41] [MotusApiImporter] enrichNextBatch(): enriched car id=2743 OK.
[2026-07-27 07:34:43] [MotusApiImporter] enrichNextBatch(): enriched car id=2744 OK.
[2026-07-27 07:34:45] [MotusApiImporter] enrichNextBatch(): enriched car id=2745 OK.
[2026-07-27 07:34:46] [MotusApiImporter] enrichNextBatch(): enriched car id=2746 OK.
[2026-07-27 07:34:49] [MotusApiImporter] enrichNextBatch(): enriched car id=2747 OK.
[2026-07-27 07:34:51] [MotusApiImporter] enrichNextBatch(): enriched car id=2748 OK.
[2026-07-27 07:34:53] [MotusApiImporter] enrichNextBatch(): enriched car id=2749 OK.
[2026-07-27 07:34:54] [MotusApiImporter] enrichNextBatch(): enriched car id=2750 OK.
[2026-07-27 07:34:55] [MotusApiImporter] enrichNextBatch(): enriched car id=2751 OK.
[2026-07-27 07:34:57] [MotusApiImporter] enrichNextBatch(): enriched car id=2752 OK.
[2026-07-27 07:34:59] [MotusApiImporter] enrichNextBatch(): enriched car id=2753 OK.
[2026-07-27 07:35:01] [MotusApiImporter] enrichNextBatch(): enriched car id=2754 OK.
[2026-07-27 07:35:02] [MotusApiImporter] enrichNextBatch(): enriched car id=2755 OK.
[2026-07-27 07:35:03] [MotusApiImporter] enrichNextBatch(): enriched car id=2756 OK.
[2026-07-27 07:35:05] [MotusApiImporter] enrichNextBatch(): enriched car id=2757 OK.
[2026-07-27 07:35:06] [MotusApiImporter] enrichNextBatch(): enriched car id=2758 OK.
[2026-07-27 07:35:08] [MotusApiImporter] enrichNextBatch(): enriched car id=2759 OK.
[2026-07-27 07:35:10] [MotusApiImporter] enrichNextBatch(): enriched car id=2760 OK.
[2026-07-27 07:35:11] [MotusApiImporter] enrichNextBatch(): enriched car id=2761 OK.
[2026-07-27 07:35:14] [MotusApiImporter] enrichNextBatch(): enriched car id=2762 OK.
[2026-07-27 07:35:16] [MotusApiImporter] enrichNextBatch(): enriched car id=2763 OK.
[2026-07-27 07:35:18] [MotusApiImporter] enrichNextBatch(): enriched car id=2764 OK.
[2026-07-27 07:35:19] [MotusApiImporter] enrichNextBatch(): enriched car id=2765 OK.
[2026-07-27 07:35:20] [MotusApiImporter] enrichNextBatch(): enriched car id=2766 OK.
[2026-07-27 07:35:21] [MotusApiImporter] enrichNextBatch(): enriched car id=2767 OK.
[2026-07-27 07:35:23] [MotusApiImporter] enrichNextBatch(): enriched car id=2768 OK.
[2026-07-27 07:35:23] [MotusApiImporter] enrichNextBatch(): enriched car id=2769 OK.
[2026-07-27 07:35:25] [MotusApiImporter] enrichNextBatch(): enriched car id=2770 OK.
[2026-07-27 07:35:26] [MotusApiImporter] enrichNextBatch(): enriched car id=2771 OK.
[2026-07-27 07:35:27] [MotusApiImporter] enrichNextBatch(): enriched car id=2772 OK.
[2026-07-27 07:35:29] [MotusApiImporter] enrichNextBatch(): enriched car id=2773 OK.
[2026-07-27 07:35:30] [MotusApiImporter] enrichNextBatch(): enriched car id=2774 OK.
[2026-07-27 07:35:30] [MotusApiImporter] enrichNextBatch(): enriched car id=2775 OK.
[2026-07-27 07:35:31] [MotusApiImporter] enrichNextBatch(): enriched car id=2776 OK.
[2026-07-27 07:35:33] [MotusApiImporter] enrichNextBatch(): enriched car id=2777 OK.
[2026-07-27 07:35:35] [MotusApiImporter] enrichNextBatch(): enriched car id=2778 OK.
[2026-07-27 07:35:37] [MotusApiImporter] enrichNextBatch(): enriched car id=2779 OK.
[2026-07-27 07:35:38] [MotusApiImporter] enrichNextBatch(): enriched car id=2780 OK.
[2026-07-27 07:35:39] [MotusApiImporter] enrichNextBatch(): enriched car id=2781 OK.
[2026-07-27 07:35:41] [MotusApiImporter] enrichNextBatch(): enriched car id=2782 OK.
[2026-07-27 07:35:42] [MotusApiImporter] enrichNextBatch(): enriched car id=2783 OK.
[2026-07-27 07:35:43] [MotusApiImporter] enrichNextBatch(): enriched car id=2784 OK.
[2026-07-27 07:35:44] [MotusApiImporter] enrichNextBatch(): enriched car id=2785 OK.
[2026-07-27 07:35:46] [MotusApiImporter] enrichNextBatch(): enriched car id=2786 OK.
[2026-07-27 07:35:46] [MotusApiImporter] enrichNextBatch(): enriched car id=2787 OK.
[2026-07-27 07:35:48] [MotusApiImporter] enrichNextBatch(): enriched car id=2788 OK.
[2026-07-27 07:35:50] [MotusApiImporter] enrichNextBatch(): enriched car id=2789 OK.
[2026-07-27 07:35:52] [MotusApiImporter] enrichNextBatch(): enriched car id=2790 OK.
[2026-07-27 07:35:54] [MotusApiImporter] enrichNextBatch(): enriched car id=2791 OK.
[2026-07-27 07:35:56] [MotusApiImporter] enrichNextBatch(): enriched car id=2792 OK.
[2026-07-27 07:35:58] [MotusApiImporter] enrichNextBatch(): enriched car id=2793 OK.
[2026-07-27 07:36:00] [MotusApiImporter] enrichNextBatch(): enriched car id=2794 OK.
[2026-07-27 07:36:02] [MotusApiImporter] enrichNextBatch(): enriched car id=2795 OK.
[2026-07-27 07:36:03] [MotusApiImporter] enrichNextBatch(): enriched car id=2796 OK.
[2026-07-27 07:36:04] [MotusApiImporter] enrichNextBatch(): enriched car id=2797 OK.
[2026-07-27 07:36:05] [MotusApiImporter] enrichNextBatch(): enriched car id=2798 OK.
[2026-07-27 07:36:06] [MotusApiImporter] enrichNextBatch(): enriched car id=2799 OK.
[2026-07-27 07:36:07] [MotusApiImporter] enrichNextBatch(): enriched car id=2800 OK.
[2026-07-27 07:36:09] [MotusApiImporter] enrichNextBatch(): enriched car id=2801 OK.
[2026-07-27 07:36:11] [MotusApiImporter] enrichNextBatch(): enriched car id=2802 OK.
[2026-07-27 07:36:12] [MotusApiImporter] enrichNextBatch(): enriched car id=2803 OK.
[2026-07-27 07:36:14] [MotusApiImporter] enrichNextBatch(): enriched car id=2804 OK.
[2026-07-27 07:36:16] [MotusApiImporter] enrichNextBatch(): enriched car id=2805 OK.
[2026-07-27 07:36:17] [MotusApiImporter] enrichNextBatch(): enriched car id=2806 OK.
[2026-07-28 06:57:44] [MotusApiImporter] discover() STARTED — dealerId=23, sourceRef=https://motusvw.co.za/bloemfontein/showroom
[2026-07-28 06:57:47] [MotusApiImporter] discover(): crawlDealership() returned 77 row(s).
[2026-07-28 06:57:47] [MotusApiImporter] markMissingAsSold(): marked 8 car(s) as sold (no longer present in source).
[2026-07-28 06:57:47] [MotusApiImporter] discover() FINISHED — {"imported":0,"updated":77,"skipped":0,"failed":0}, pending_enrichment=0, marked_sold=8
[2026-07-28 07:32:33] [MotusApiImporter] discover() STARTED — dealerId=20, sourceRef=https://www.motusvw.co.za/fourways/showroom/
[2026-07-28 07:32:34] [MotusApiImporter] discover(): crawlDealership() returned 86 row(s).
[2026-07-28 07:32:34] [MotusApiImporter] discover() row 0 FAILED: Year out of range or missing (1990-2027): 0
[2026-07-28 07:32:34] [MotusApiImporter] discover() row 19 FAILED: Year out of range or missing (1990-2027): 0
[2026-07-28 07:32:34] [MotusApiImporter] discover() row 34 FAILED: Year out of range or missing (1990-2027): 0
[2026-07-28 07:32:34] [MotusApiImporter] discover() FINISHED — {"imported":83,"updated":0,"skipped":0,"failed":3}, pending_enrichment=83, marked_sold=0
[2026-07-28 07:32:36] [MotusApiImporter] enrichNextBatch(): enriched car id=2807 OK.
[2026-07-28 07:32:37] [MotusApiImporter] enrichNextBatch(): enriched car id=2808 OK.
[2026-07-28 07:32:39] [MotusApiImporter] enrichNextBatch(): enriched car id=2809 OK.
[2026-07-28 07:32:41] [MotusApiImporter] enrichNextBatch(): enriched car id=2810 OK.
[2026-07-28 07:32:42] [MotusApiImporter] enrichNextBatch(): enriched car id=2811 OK.
[2026-07-28 07:32:43] [MotusApiImporter] enrichNextBatch(): enriched car id=2812 OK.
[2026-07-28 07:32:45] [MotusApiImporter] enrichNextBatch(): enriched car id=2813 OK.
[2026-07-28 07:32:47] [MotusApiImporter] enrichNextBatch(): enriched car id=2814 OK.
[2026-07-28 07:32:49] [MotusApiImporter] enrichNextBatch(): enriched car id=2815 OK.
[2026-07-28 07:32:49] [MotusApiImporter] enrichNextBatch(): enriched car id=2816 OK.
[2026-07-28 07:32:50] [MotusApiImporter] enrichNextBatch(): enriched car id=2817 OK.
[2026-07-28 07:32:52] [MotusApiImporter] enrichNextBatch(): enriched car id=2818 OK.
[2026-07-28 07:32:54] [MotusApiImporter] enrichNextBatch(): enriched car id=2819 OK.
[2026-07-28 07:32:55] [MotusApiImporter] enrichNextBatch(): enriched car id=2820 OK.
[2026-07-28 07:32:57] [MotusApiImporter] enrichNextBatch(): enriched car id=2821 OK.
[2026-07-28 07:33:00] [MotusApiImporter] enrichNextBatch(): enriched car id=2822 OK.
[2026-07-28 07:33:02] [MotusApiImporter] enrichNextBatch(): enriched car id=2823 OK.
[2026-07-28 07:33:03] [MotusApiImporter] enrichNextBatch(): enriched car id=2824 OK.
[2026-07-28 07:33:04] [MotusApiImporter] enrichNextBatch(): enriched car id=2825 OK.
[2026-07-28 07:33:05] [MotusApiImporter] enrichNextBatch(): enriched car id=2826 OK.
[2026-07-28 07:33:07] [MotusApiImporter] enrichNextBatch(): enriched car id=2827 OK.
[2026-07-28 07:33:08] [MotusApiImporter] enrichNextBatch(): enriched car id=2828 OK.
[2026-07-28 07:33:10] [MotusApiImporter] enrichNextBatch(): enriched car id=2829 OK.
[2026-07-28 07:33:11] [MotusApiImporter] enrichNextBatch(): enriched car id=2830 OK.
[2026-07-28 07:33:12] [MotusApiImporter] enrichNextBatch(): enriched car id=2831 OK.
[2026-07-28 07:33:13] [MotusApiImporter] enrichNextBatch(): enriched car id=2832 OK.
[2026-07-28 07:33:14] [MotusApiImporter] enrichNextBatch(): enriched car id=2833 OK.
[2026-07-28 07:33:16] [MotusApiImporter] enrichNextBatch(): enriched car id=2834 OK.
[2026-07-28 07:33:17] [MotusApiImporter] enrichNextBatch(): enriched car id=2835 OK.
[2026-07-28 07:33:19] [MotusApiImporter] enrichNextBatch(): enriched car id=2836 OK.
[2026-07-28 07:33:22] [MotusApiImporter] enrichNextBatch(): enriched car id=2837 OK.
[2026-07-28 07:33:24] [MotusApiImporter] enrichNextBatch(): enriched car id=2838 OK.
[2026-07-28 07:33:25] [MotusApiImporter] enrichNextBatch(): enriched car id=2839 OK.
[2026-07-28 07:33:27] [MotusApiImporter] enrichNextBatch(): enriched car id=2840 OK.
[2026-07-28 07:33:28] [MotusApiImporter] enrichNextBatch(): enriched car id=2841 OK.
[2026-07-28 07:33:30] [MotusApiImporter] enrichNextBatch(): enriched car id=2842 OK.
[2026-07-28 07:33:31] [MotusApiImporter] enrichNextBatch(): enriched car id=2843 OK.
[2026-07-28 07:33:33] [MotusApiImporter] enrichNextBatch(): enriched car id=2844 OK.
[2026-07-28 07:33:34] [MotusApiImporter] enrichNextBatch(): enriched car id=2845 OK.
[2026-07-28 07:33:35] [MotusApiImporter] enrichNextBatch(): enriched car id=2846 OK.
[2026-07-28 07:33:36] [MotusApiImporter] enrichNextBatch(): enriched car id=2847 OK.
[2026-07-28 07:33:37] [MotusApiImporter] enrichNextBatch(): enriched car id=2848 OK.
[2026-07-28 07:33:38] [MotusApiImporter] enrichNextBatch(): enriched car id=2849 OK.
[2026-07-28 07:33:39] [MotusApiImporter] enrichNextBatch(): enriched car id=2850 OK.
[2026-07-28 07:33:40] [MotusApiImporter] enrichNextBatch(): enriched car id=2851 OK.
[2026-07-28 07:33:43] [MotusApiImporter] enrichNextBatch(): enriched car id=2852 OK.
[2026-07-28 07:33:44] [MotusApiImporter] enrichNextBatch(): enriched car id=2853 OK.
[2026-07-28 07:33:45] [MotusApiImporter] enrichNextBatch(): enriched car id=2854 OK.
[2026-07-28 07:33:47] [MotusApiImporter] enrichNextBatch(): enriched car id=2855 OK.
[2026-07-28 07:33:48] [MotusApiImporter] enrichNextBatch(): enriched car id=2856 OK.
[2026-07-28 07:33:50] [MotusApiImporter] enrichNextBatch(): enriched car id=2857 OK.
[2026-07-28 07:33:51] [MotusApiImporter] enrichNextBatch(): enriched car id=2858 OK.
[2026-07-28 07:33:53] [MotusApiImporter] enrichNextBatch(): enriched car id=2859 OK.
[2026-07-28 07:33:55] [MotusApiImporter] enrichNextBatch(): enriched car id=2860 OK.
[2026-07-28 07:33:56] [MotusApiImporter] enrichNextBatch(): enriched car id=2861 OK.
[2026-07-28 07:33:57] [MotusApiImporter] enrichNextBatch(): enriched car id=2862 OK.
[2026-07-28 07:33:58] [MotusApiImporter] enrichNextBatch(): enriched car id=2863 OK.
[2026-07-28 07:33:59] [MotusApiImporter] enrichNextBatch(): enriched car id=2864 OK.
[2026-07-28 07:34:01] [MotusApiImporter] enrichNextBatch(): enriched car id=2865 OK.
[2026-07-28 07:34:02] [MotusApiImporter] enrichNextBatch(): enriched car id=2866 OK.
[2026-07-28 07:34:06] [MotusApiImporter] enrichNextBatch(): enriched car id=2867 OK.
[2026-07-28 07:34:07] [MotusApiImporter] enrichNextBatch(): enriched car id=2868 OK.
[2026-07-28 07:34:09] [MotusApiImporter] enrichNextBatch(): enriched car id=2869 OK.
[2026-07-28 07:34:10] [MotusApiImporter] enrichNextBatch(): enriched car id=2870 OK.
[2026-07-28 07:34:11] [MotusApiImporter] enrichNextBatch(): enriched car id=2871 OK.
[2026-07-28 07:34:12] [MotusApiImporter] enrichNextBatch(): enriched car id=2872 OK.
[2026-07-28 07:34:14] [MotusApiImporter] enrichNextBatch(): enriched car id=2873 OK.
[2026-07-28 07:34:15] [MotusApiImporter] enrichNextBatch(): enriched car id=2874 OK.
[2026-07-28 07:34:17] [MotusApiImporter] enrichNextBatch(): enriched car id=2875 OK.
[2026-07-28 07:34:18] [MotusApiImporter] enrichNextBatch(): enriched car id=2876 OK.
[2026-07-28 07:34:19] [MotusApiImporter] enrichNextBatch(): enriched car id=2877 OK.
[2026-07-28 07:34:20] [MotusApiImporter] enrichNextBatch(): enriched car id=2878 OK.
[2026-07-28 07:34:21] [MotusApiImporter] enrichNextBatch(): enriched car id=2879 OK.
[2026-07-28 07:34:22] [MotusApiImporter] enrichNextBatch(): enriched car id=2880 OK.
[2026-07-28 07:34:23] [MotusApiImporter] enrichNextBatch(): enriched car id=2881 OK.
[2026-07-28 07:34:26] [MotusApiImporter] enrichNextBatch(): enriched car id=2882 OK.
[2026-07-28 07:34:28] [MotusApiImporter] enrichNextBatch(): enriched car id=2883 OK.
[2026-07-28 07:34:30] [MotusApiImporter] enrichNextBatch(): enriched car id=2884 OK.
[2026-07-28 07:34:31] [MotusApiImporter] enrichNextBatch(): enriched car id=2885 OK.
[2026-07-28 07:34:33] [MotusApiImporter] enrichNextBatch(): enriched car id=2886 OK.
[2026-07-28 07:34:34] [MotusApiImporter] enrichNextBatch(): enriched car id=2887 OK.
[2026-07-28 07:34:35] [MotusApiImporter] enrichNextBatch(): enriched car id=2888 OK.
[2026-07-28 07:34:36] [MotusApiImporter] enrichNextBatch(): enriched car id=2889 OK.
[2026-07-28 07:47:02] [MotusApiImporter] discover() STARTED — dealerId=24, sourceRef=https://www.motusvw.co.za/alberton/showroom/
[2026-07-28 07:47:04] [MotusApiImporter] discover(): crawlDealership() returned 81 row(s).
[2026-07-28 07:47:04] [MotusApiImporter] discover() row 33 FAILED: Year out of range or missing (1990-2027): 0
[2026-07-28 07:47:04] [MotusApiImporter] discover() row 34 FAILED: Year out of range or missing (1990-2027): 0
[2026-07-28 07:47:04] [MotusApiImporter] discover() row 35 FAILED: Year out of range or missing (1990-2027): 0
[2026-07-28 07:47:04] [MotusApiImporter] discover() row 36 FAILED: Year out of range or missing (1990-2027): 0
[2026-07-28 07:47:04] [MotusApiImporter] discover() row 37 FAILED: Year out of range or missing (1990-2027): 0
[2026-07-28 07:47:04] [MotusApiImporter] discover() FINISHED — {"imported":76,"updated":0,"skipped":0,"failed":5}, pending_enrichment=76, marked_sold=0
[2026-07-28 07:47:06] [MotusApiImporter] enrichNextBatch(): enriched car id=2890 OK.
[2026-07-28 07:47:08] [MotusApiImporter] enrichNextBatch(): enriched car id=2891 OK.
[2026-07-28 07:47:10] [MotusApiImporter] enrichNextBatch(): enriched car id=2892 OK.
[2026-07-28 07:47:12] [MotusApiImporter] enrichNextBatch(): enriched car id=2893 OK.
[2026-07-28 07:47:13] [MotusApiImporter] enrichNextBatch(): enriched car id=2894 OK.
[2026-07-28 07:47:14] [MotusApiImporter] enrichNextBatch(): enriched car id=2895 OK.
[2026-07-28 07:47:15] [MotusApiImporter] enrichNextBatch(): enriched car id=2896 OK.
[2026-07-28 07:47:18] [MotusApiImporter] enrichNextBatch(): enriched car id=2897 OK.
[2026-07-28 07:47:20] [MotusApiImporter] enrichNextBatch(): enriched car id=2898 OK.
[2026-07-28 07:47:22] [MotusApiImporter] enrichNextBatch(): enriched car id=2899 OK.
[2026-07-28 07:47:24] [MotusApiImporter] enrichNextBatch(): enriched car id=2900 OK.
[2026-07-28 07:47:25] [MotusApiImporter] enrichNextBatch(): enriched car id=2901 OK.
[2026-07-28 07:47:27] [MotusApiImporter] enrichNextBatch(): enriched car id=2902 OK.
[2026-07-28 07:47:28] [MotusApiImporter] enrichNextBatch(): enriched car id=2903 OK.
[2026-07-28 07:47:29] [MotusApiImporter] enrichNextBatch(): enriched car id=2904 OK.
[2026-07-28 07:47:32] [MotusApiImporter] enrichNextBatch(): enriched car id=2905 OK.
[2026-07-28 07:47:34] [MotusApiImporter] enrichNextBatch(): enriched car id=2906 OK.
[2026-07-28 07:47:39] [MotusApiImporter] enrichNextBatch(): enriched car id=2907 OK.
[2026-07-28 07:47:40] [MotusApiImporter] enrichNextBatch(): enriched car id=2908 OK.
[2026-07-28 07:47:42] [MotusApiImporter] enrichNextBatch(): enriched car id=2909 OK.
[2026-07-28 07:47:43] [MotusApiImporter] enrichNextBatch(): enriched car id=2910 OK.
[2026-07-28 07:47:44] [MotusApiImporter] enrichNextBatch(): enriched car id=2911 OK.
[2026-07-28 07:47:47] [MotusApiImporter] enrichNextBatch(): enriched car id=2912 OK.
[2026-07-28 07:47:49] [MotusApiImporter] enrichNextBatch(): enriched car id=2913 OK.
[2026-07-28 07:47:51] [MotusApiImporter] enrichNextBatch(): enriched car id=2914 OK.
[2026-07-28 07:47:52] [MotusApiImporter] enrichNextBatch(): enriched car id=2915 OK.
[2026-07-28 07:47:53] [MotusApiImporter] enrichNextBatch(): enriched car id=2916 OK.
[2026-07-28 07:47:55] [MotusApiImporter] enrichNextBatch(): enriched car id=2917 OK.
[2026-07-28 07:47:56] [MotusApiImporter] enrichNextBatch(): enriched car id=2918 OK.
[2026-07-28 07:47:58] [MotusApiImporter] enrichNextBatch(): enriched car id=2919 OK.
[2026-07-28 07:48:01] [MotusApiImporter] enrichNextBatch(): enriched car id=2920 OK.
[2026-07-28 07:48:03] [MotusApiImporter] enrichNextBatch(): enriched car id=2921 OK.
[2026-07-28 07:48:05] [MotusApiImporter] enrichNextBatch(): enriched car id=2922 OK.
[2026-07-28 07:48:06] [MotusApiImporter] enrichNextBatch(): enriched car id=2923 OK.
[2026-07-28 07:48:07] [MotusApiImporter] enrichNextBatch(): enriched car id=2924 OK.
[2026-07-28 07:48:09] [MotusApiImporter] enrichNextBatch(): enriched car id=2925 OK.
[2026-07-28 07:48:11] [MotusApiImporter] enrichNextBatch(): enriched car id=2926 OK.
[2026-07-28 07:48:12] [MotusApiImporter] enrichNextBatch(): enriched car id=2927 OK.
[2026-07-28 07:48:14] [MotusApiImporter] enrichNextBatch(): enriched car id=2928 OK.
[2026-07-28 07:48:16] [MotusApiImporter] enrichNextBatch(): enriched car id=2929 OK.
[2026-07-28 07:48:18] [MotusApiImporter] enrichNextBatch(): enriched car id=2930 OK.
[2026-07-28 07:48:19] [MotusApiImporter] enrichNextBatch(): enriched car id=2931 OK.
[2026-07-28 07:48:20] [MotusApiImporter] enrichNextBatch(): enriched car id=2932 OK.
[2026-07-28 07:48:22] [MotusApiImporter] enrichNextBatch(): enriched car id=2933 OK.
[2026-07-28 07:48:23] [MotusApiImporter] enrichNextBatch(): enriched car id=2934 OK.
[2026-07-28 07:48:26] [MotusApiImporter] enrichNextBatch(): enriched car id=2935 OK.
[2026-07-28 07:48:28] [MotusApiImporter] enrichNextBatch(): enriched car id=2936 OK.
[2026-07-28 07:48:28] [MotusApiImporter] enrichNextBatch(): enriched car id=2937 OK.
[2026-07-28 07:48:30] [MotusApiImporter] enrichNextBatch(): enriched car id=2938 OK.
[2026-07-28 07:48:32] [MotusApiImporter] enrichNextBatch(): enriched car id=2939 OK.
[2026-07-28 07:48:33] [MotusApiImporter] enrichNextBatch(): enriched car id=2940 OK.
[2026-07-28 07:48:33] [MotusApiImporter] enrichNextBatch(): enriched car id=2941 OK.
[2026-07-28 07:48:35] [MotusApiImporter] enrichNextBatch(): enriched car id=2942 OK.
[2026-07-28 07:48:36] [MotusApiImporter] enrichNextBatch(): enriched car id=2943 OK.
[2026-07-28 07:48:37] [MotusApiImporter] enrichNextBatch(): enriched car id=2944 OK.
[2026-07-28 07:48:38] [MotusApiImporter] enrichNextBatch(): enriched car id=2945 OK.
[2026-07-28 07:48:39] [MotusApiImporter] enrichNextBatch(): enriched car id=2946 OK.
[2026-07-28 07:48:40] [MotusApiImporter] enrichNextBatch(): enriched car id=2947 OK.
[2026-07-28 07:48:42] [MotusApiImporter] enrichNextBatch(): enriched car id=2948 OK.
[2026-07-28 07:48:44] [MotusApiImporter] enrichNextBatch(): enriched car id=2949 OK.
[2026-07-28 07:48:46] [MotusApiImporter] enrichNextBatch(): enriched car id=2950 OK.
[2026-07-28 07:48:48] [MotusApiImporter] enrichNextBatch(): enriched car id=2951 OK.
[2026-07-28 07:48:50] [MotusApiImporter] enrichNextBatch(): enriched car id=2952 OK.
[2026-07-28 07:48:51] [MotusApiImporter] enrichNextBatch(): enriched car id=2953 OK.
[2026-07-28 07:48:53] [MotusApiImporter] enrichNextBatch(): enriched car id=2954 OK.
[2026-07-28 07:48:54] [MotusApiImporter] enrichNextBatch(): enriched car id=2955 OK.
[2026-07-28 07:48:55] [MotusApiImporter] enrichNextBatch(): enriched car id=2956 OK.
[2026-07-28 07:48:57] [MotusApiImporter] enrichNextBatch(): enriched car id=2957 OK.
[2026-07-28 07:48:59] [MotusApiImporter] enrichNextBatch(): enriched car id=2958 OK.
[2026-07-28 07:49:00] [MotusApiImporter] enrichNextBatch(): enriched car id=2959 OK.
[2026-07-28 07:49:01] [MotusApiImporter] enrichNextBatch(): enriched car id=2960 OK.
[2026-07-28 07:49:03] [MotusApiImporter] enrichNextBatch(): enriched car id=2961 OK.
[2026-07-28 07:49:05] [MotusApiImporter] enrichNextBatch(): enriched car id=2962 OK.
[2026-07-28 07:49:07] [MotusApiImporter] enrichNextBatch(): enriched car id=2963 OK.
[2026-07-28 07:49:08] [MotusApiImporter] enrichNextBatch(): enriched car id=2964 OK.
[2026-07-28 07:49:14] [MotusApiImporter] enrichNextBatch(): enriched car id=2965 OK.
[2026-07-28 07:54:26] [MotusApiImporter] discover() STARTED — dealerId=23, sourceRef=https://www.motusvw.co.za/bloemfontein/showroom/
[2026-07-28 07:54:27] [MotusApiImporter] discover(): crawlDealership() returned 90 row(s).
[2026-07-28 07:54:27] [MotusApiImporter] discover() FINISHED — {"imported":90,"updated":0,"skipped":0,"failed":0}, pending_enrichment=90, marked_sold=0
[2026-07-28 07:54:30] [MotusApiImporter] enrichNextBatch(): enriched car id=2966 OK.
[2026-07-28 07:54:31] [MotusApiImporter] enrichNextBatch(): enriched car id=2967 OK.
[2026-07-28 07:54:32] [MotusApiImporter] enrichNextBatch(): enriched car id=2968 OK.
[2026-07-28 07:54:34] [MotusApiImporter] enrichNextBatch(): enriched car id=2969 OK.
[2026-07-28 07:54:35] [MotusApiImporter] enrichNextBatch(): enriched car id=2970 OK.
[2026-07-28 07:54:37] [MotusApiImporter] enrichNextBatch(): enriched car id=2971 OK.
[2026-07-28 07:54:38] [MotusApiImporter] enrichNextBatch(): enriched car id=2972 OK.
[2026-07-28 07:54:40] [MotusApiImporter] enrichNextBatch(): enriched car id=2973 OK.
[2026-07-28 07:54:41] [MotusApiImporter] enrichNextBatch(): enriched car id=2974 OK.
[2026-07-28 07:54:43] [MotusApiImporter] enrichNextBatch(): enriched car id=2975 OK.
[2026-07-28 07:54:45] [MotusApiImporter] enrichNextBatch(): enriched car id=2976 OK.
[2026-07-28 07:54:46] [MotusApiImporter] enrichNextBatch(): enriched car id=2977 OK.
[2026-07-28 07:54:47] [MotusApiImporter] enrichNextBatch(): enriched car id=2978 OK.
[2026-07-28 07:54:49] [MotusApiImporter] enrichNextBatch(): enriched car id=2979 OK.
[2026-07-28 07:54:51] [MotusApiImporter] enrichNextBatch(): enriched car id=2980 OK.
[2026-07-28 07:54:53] [MotusApiImporter] enrichNextBatch(): enriched car id=2981 OK.
[2026-07-28 07:54:55] [MotusApiImporter] enrichNextBatch(): enriched car id=2982 OK.
[2026-07-28 07:54:57] [MotusApiImporter] enrichNextBatch(): enriched car id=2983 OK.
[2026-07-28 07:54:58] [MotusApiImporter] enrichNextBatch(): enriched car id=2984 OK.
[2026-07-28 07:55:00] [MotusApiImporter] enrichNextBatch(): enriched car id=2985 OK.
[2026-07-28 07:55:01] [MotusApiImporter] enrichNextBatch(): enriched car id=2986 OK.
[2026-07-28 07:55:02] [MotusApiImporter] enrichNextBatch(): enriched car id=2987 OK.
[2026-07-28 07:55:03] [MotusApiImporter] enrichNextBatch(): enriched car id=2988 OK.
[2026-07-28 07:55:05] [MotusApiImporter] enrichNextBatch(): enriched car id=2989 OK.
[2026-07-28 07:55:06] [MotusApiImporter] enrichNextBatch(): enriched car id=2990 OK.
[2026-07-28 07:55:07] [MotusApiImporter] enrichNextBatch(): enriched car id=2991 OK.
[2026-07-28 07:55:08] [MotusApiImporter] enrichNextBatch(): enriched car id=2992 OK.
[2026-07-28 07:55:09] [MotusApiImporter] enrichNextBatch(): enriched car id=2993 OK.
[2026-07-28 07:55:10] [MotusApiImporter] enrichNextBatch(): enriched car id=2994 OK.
[2026-07-28 07:55:12] [MotusApiImporter] enrichNextBatch(): enriched car id=2995 OK.
[2026-07-28 07:55:14] [MotusApiImporter] enrichNextBatch(): enriched car id=2996 OK.
[2026-07-28 07:55:16] [MotusApiImporter] enrichNextBatch(): enriched car id=2997 OK.
[2026-07-28 07:55:17] [MotusApiImporter] enrichNextBatch(): enriched car id=2998 OK.
[2026-07-28 07:55:18] [MotusApiImporter] enrichNextBatch(): enriched car id=2999 OK.
[2026-07-28 07:55:20] [MotusApiImporter] enrichNextBatch(): enriched car id=3000 OK.
[2026-07-28 07:55:21] [MotusApiImporter] enrichNextBatch(): enriched car id=3001 OK.
[2026-07-28 07:55:23] [MotusApiImporter] enrichNextBatch(): enriched car id=3002 OK.
[2026-07-28 07:55:25] [MotusApiImporter] enrichNextBatch(): enriched car id=3003 OK.
[2026-07-28 07:55:27] [MotusApiImporter] enrichNextBatch(): enriched car id=3004 OK.
[2026-07-28 07:55:28] [MotusApiImporter] enrichNextBatch(): enriched car id=3005 OK.
[2026-07-28 07:55:30] [MotusApiImporter] enrichNextBatch(): enriched car id=3006 OK.
[2026-07-28 07:55:31] [MotusApiImporter] enrichNextBatch(): enriched car id=3007 OK.
[2026-07-28 07:55:32] [MotusApiImporter] enrichNextBatch(): enriched car id=3008 OK.
[2026-07-28 07:55:33] [MotusApiImporter] enrichNextBatch(): enriched car id=3009 OK.
[2026-07-28 07:55:35] [MotusApiImporter] enrichNextBatch(): enriched car id=3010 OK.
[2026-07-28 07:55:38] [MotusApiImporter] enrichNextBatch(): enriched car id=3011 OK.
[2026-07-28 07:55:39] [MotusApiImporter] enrichNextBatch(): enriched car id=3012 OK.
[2026-07-28 07:55:41] [MotusApiImporter] enrichNextBatch(): enriched car id=3013 OK.
[2026-07-28 07:55:42] [MotusApiImporter] enrichNextBatch(): enriched car id=3014 OK.
[2026-07-28 07:55:43] [MotusApiImporter] enrichNextBatch(): enriched car id=3015 OK.
[2026-07-28 07:55:44] [MotusApiImporter] enrichNextBatch(): enriched car id=3016 OK.
[2026-07-28 07:55:44] [MotusApiImporter] enrichNextBatch(): enriched car id=3017 OK.
[2026-07-28 07:55:46] [MotusApiImporter] enrichNextBatch(): enriched car id=3018 OK.
[2026-07-28 07:55:48] [MotusApiImporter] enrichNextBatch(): enriched car id=3019 OK.
[2026-07-28 07:55:49] [MotusApiImporter] enrichNextBatch(): enriched car id=3020 OK.
[2026-07-28 07:55:50] [MotusApiImporter] enrichNextBatch(): enriched car id=3021 OK.
[2026-07-28 07:55:52] [MotusApiImporter] enrichNextBatch(): enriched car id=3022 OK.
[2026-07-28 07:55:53] [MotusApiImporter] enrichNextBatch(): enriched car id=3023 OK.
[2026-07-28 07:55:55] [MotusApiImporter] enrichNextBatch(): enriched car id=3024 OK.
[2026-07-28 07:55:56] [MotusApiImporter] enrichNextBatch(): enriched car id=3025 OK.
[2026-07-28 07:56:00] [MotusApiImporter] enrichNextBatch(): enriched car id=3026 OK.
[2026-07-28 07:56:02] [MotusApiImporter] enrichNextBatch(): enriched car id=3027 OK.
[2026-07-28 07:56:03] [MotusApiImporter] enrichNextBatch(): enriched car id=3028 OK.
[2026-07-28 07:56:04] [MotusApiImporter] enrichNextBatch(): enriched car id=3029 OK.
[2026-07-28 07:56:06] [MotusApiImporter] enrichNextBatch(): enriched car id=3030 OK.
[2026-07-28 07:56:08] [MotusApiImporter] enrichNextBatch(): enriched car id=3031 OK.
[2026-07-28 07:56:10] [MotusApiImporter] enrichNextBatch(): enriched car id=3032 OK.
[2026-07-28 07:56:11] [MotusApiImporter] enrichNextBatch(): enriched car id=3033 OK.
[2026-07-28 07:56:13] [MotusApiImporter] enrichNextBatch(): enriched car id=3034 OK.
[2026-07-28 07:56:15] [MotusApiImporter] enrichNextBatch(): enriched car id=3035 OK.
[2026-07-28 07:56:16] [MotusApiImporter] enrichNextBatch(): enriched car id=3036 OK.
[2026-07-28 07:56:17] [MotusApiImporter] enrichNextBatch(): enriched car id=3037 OK.
[2026-07-28 07:56:19] [MotusApiImporter] enrichNextBatch(): enriched car id=3038 OK.
[2026-07-28 07:56:21] [MotusApiImporter] enrichNextBatch(): enriched car id=3039 OK.
[2026-07-28 07:56:22] [MotusApiImporter] enrichNextBatch(): enriched car id=3040 OK.
[2026-07-28 07:56:25] [MotusApiImporter] enrichNextBatch(): enriched car id=3041 OK.
[2026-07-28 07:56:26] [MotusApiImporter] enrichNextBatch(): enriched car id=3042 OK.
[2026-07-28 07:56:28] [MotusApiImporter] enrichNextBatch(): enriched car id=3043 OK.
[2026-07-28 07:56:30] [MotusApiImporter] enrichNextBatch(): enriched car id=3044 OK.
[2026-07-28 07:56:31] [MotusApiImporter] enrichNextBatch(): enriched car id=3045 OK.
[2026-07-28 07:56:33] [MotusApiImporter] enrichNextBatch(): enriched car id=3046 OK.
[2026-07-28 07:56:34] [MotusApiImporter] enrichNextBatch(): enriched car id=3047 OK.
[2026-07-28 07:56:36] [MotusApiImporter] enrichNextBatch(): enriched car id=3048 OK.
[2026-07-28 07:56:37] [MotusApiImporter] enrichNextBatch(): enriched car id=3049 OK.
[2026-07-28 07:56:39] [MotusApiImporter] enrichNextBatch(): enriched car id=3050 OK.
[2026-07-28 07:56:40] [MotusApiImporter] enrichNextBatch(): enriched car id=3051 OK.
[2026-07-28 07:56:42] [MotusApiImporter] enrichNextBatch(): enriched car id=3052 OK.
[2026-07-28 07:56:43] [MotusApiImporter] enrichNextBatch(): enriched car id=3053 OK.
[2026-07-28 07:56:45] [MotusApiImporter] enrichNextBatch(): enriched car id=3054 OK.
[2026-07-28 07:56:47] [MotusApiImporter] enrichNextBatch(): enriched car id=3055 OK.
[2026-07-28 08:02:07] [MotusApiImporter] discover() STARTED — dealerId=19, sourceRef=https://www.motusvw.co.za/germiston/showroom/
[2026-07-28 08:02:09] [MotusApiImporter] discover(): crawlDealership() returned 105 row(s).
[2026-07-28 08:02:09] [MotusApiImporter] discover() row 21 FAILED: Year out of range or missing (1990-2027): 0
[2026-07-28 08:02:09] [MotusApiImporter] discover() row 22 FAILED: Year out of range or missing (1990-2027): 0
[2026-07-28 08:02:09] [MotusApiImporter] discover() row 23 FAILED: Year out of range or missing (1990-2027): 0
[2026-07-28 08:02:09] [MotusApiImporter] discover() row 24 FAILED: Year out of range or missing (1990-2027): 0
[2026-07-28 08:02:09] [MotusApiImporter] discover() row 25 FAILED: Year out of range or missing (1990-2027): 0
[2026-07-28 08:02:09] [MotusApiImporter] discover() row 26 FAILED: Year out of range or missing (1990-2027): 0
[2026-07-28 08:02:09] [MotusApiImporter] discover() row 27 FAILED: Year out of range or missing (1990-2027): 0
[2026-07-28 08:02:09] [MotusApiImporter] discover() row 59 FAILED: Year out of range or missing (1990-2027): 0
[2026-07-28 08:02:09] [MotusApiImporter] discover() row 60 FAILED: Year out of range or missing (1990-2027): 0
[2026-07-28 08:02:09] [MotusApiImporter] discover() row 61 FAILED: Year out of range or missing (1990-2027): 0
[2026-07-28 08:02:09] [MotusApiImporter] discover() FINISHED — {"imported":95,"updated":0,"skipped":0,"failed":10}, pending_enrichment=95, marked_sold=0
[2026-07-28 08:02:11] [MotusApiImporter] enrichNextBatch(): enriched car id=3056 OK.
[2026-07-28 08:02:13] [MotusApiImporter] enrichNextBatch(): enriched car id=3057 OK.
[2026-07-28 08:02:15] [MotusApiImporter] enrichNextBatch(): enriched car id=3058 OK.
[2026-07-28 08:02:16] [MotusApiImporter] enrichNextBatch(): enriched car id=3059 OK.
[2026-07-28 08:02:18] [MotusApiImporter] enrichNextBatch(): enriched car id=3060 OK.
[2026-07-28 08:02:19] [MotusApiImporter] enrichNextBatch(): enriched car id=3061 OK.
[2026-07-28 08:02:21] [MotusApiImporter] enrichNextBatch(): enriched car id=3062 OK.
[2026-07-28 08:02:23] [MotusApiImporter] enrichNextBatch(): enriched car id=3063 OK.
[2026-07-28 08:02:24] [MotusApiImporter] enrichNextBatch(): enriched car id=3064 OK.
[2026-07-28 08:02:25] [MotusApiImporter] enrichNextBatch(): enriched car id=3065 OK.
[2026-07-28 08:02:27] [MotusApiImporter] enrichNextBatch(): enriched car id=3066 OK.
[2026-07-28 08:02:29] [MotusApiImporter] enrichNextBatch(): enriched car id=3067 OK.
[2026-07-28 08:02:31] [MotusApiImporter] enrichNextBatch(): enriched car id=3068 OK.
[2026-07-28 08:02:32] [MotusApiImporter] enrichNextBatch(): enriched car id=3069 OK.
[2026-07-28 08:02:33] [MotusApiImporter] enrichNextBatch(): enriched car id=3070 OK.
[2026-07-28 08:02:36] [MotusApiImporter] enrichNextBatch(): enriched car id=3071 OK.
[2026-07-28 08:02:37] [MotusApiImporter] enrichNextBatch(): enriched car id=3072 OK.
[2026-07-28 08:02:39] [MotusApiImporter] enrichNextBatch(): enriched car id=3073 OK.
[2026-07-28 08:02:41] [MotusApiImporter] enrichNextBatch(): enriched car id=3074 OK.
[2026-07-28 08:02:43] [MotusApiImporter] enrichNextBatch(): enriched car id=3075 OK.
[2026-07-28 08:02:44] [MotusApiImporter] enrichNextBatch(): enriched car id=3076 OK.
[2026-07-28 08:02:45] [MotusApiImporter] enrichNextBatch(): enriched car id=3077 OK.
[2026-07-28 08:02:46] [MotusApiImporter] enrichNextBatch(): enriched car id=3078 OK.
[2026-07-28 08:02:47] [MotusApiImporter] enrichNextBatch(): enriched car id=3079 OK.
[2026-07-28 08:02:49] [MotusApiImporter] enrichNextBatch(): enriched car id=3080 OK.
[2026-07-28 08:02:51] [MotusApiImporter] enrichNextBatch(): enriched car id=3081 OK.
[2026-07-28 08:02:52] [MotusApiImporter] enrichNextBatch(): enriched car id=3082 OK.
[2026-07-28 08:02:53] [MotusApiImporter] enrichNextBatch(): enriched car id=3083 OK.
[2026-07-28 08:02:54] [MotusApiImporter] enrichNextBatch(): enriched car id=3084 OK.
[2026-07-28 08:02:55] [MotusApiImporter] enrichNextBatch(): enriched car id=3085 OK.
[2026-07-28 08:02:58] [MotusApiImporter] enrichNextBatch(): enriched car id=3086 OK.
[2026-07-28 08:02:59] [MotusApiImporter] enrichNextBatch(): enriched car id=3087 OK.
[2026-07-28 08:03:01] [MotusApiImporter] enrichNextBatch(): enriched car id=3088 OK.
[2026-07-28 08:03:02] [MotusApiImporter] enrichNextBatch(): enriched car id=3089 OK.
[2026-07-28 08:03:03] [MotusApiImporter] enrichNextBatch(): enriched car id=3090 OK.
[2026-07-28 08:03:05] [MotusApiImporter] enrichNextBatch(): enriched car id=3091 OK.
[2026-07-28 08:03:06] [MotusApiImporter] enrichNextBatch(): enriched car id=3092 OK.
[2026-07-28 08:03:08] [MotusApiImporter] enrichNextBatch(): enriched car id=3093 OK.
[2026-07-28 08:03:10] [MotusApiImporter] enrichNextBatch(): enriched car id=3094 OK.
[2026-07-28 08:03:11] [MotusApiImporter] enrichNextBatch(): enriched car id=3095 OK.
[2026-07-28 08:03:12] [MotusApiImporter] enrichNextBatch(): enriched car id=3096 OK.
[2026-07-28 08:03:13] [MotusApiImporter] enrichNextBatch(): enriched car id=3097 OK.
[2026-07-28 08:03:15] [MotusApiImporter] enrichNextBatch(): enriched car id=3098 OK.
[2026-07-28 08:03:17] [MotusApiImporter] enrichNextBatch(): enriched car id=3099 OK.
[2026-07-28 08:03:19] [MotusApiImporter] enrichNextBatch(): enriched car id=3100 OK.
[2026-07-28 08:03:22] [MotusApiImporter] enrichNextBatch(): enriched car id=3101 OK.
[2026-07-28 08:03:24] [MotusApiImporter] enrichNextBatch(): enriched car id=3102 OK.
[2026-07-28 08:03:25] [MotusApiImporter] enrichNextBatch(): enriched car id=3103 OK.
[2026-07-28 08:03:26] [MotusApiImporter] enrichNextBatch(): enriched car id=3104 OK.
[2026-07-28 08:03:27] [MotusApiImporter] enrichNextBatch(): enriched car id=3105 OK.
[2026-07-28 08:03:29] [MotusApiImporter] enrichNextBatch(): enriched car id=3106 OK.
[2026-07-28 08:03:31] [MotusApiImporter] enrichNextBatch(): enriched car id=3107 OK.
[2026-07-28 08:03:33] [MotusApiImporter] enrichNextBatch(): enriched car id=3108 OK.
[2026-07-28 08:03:33] [MotusApiImporter] enrichNextBatch(): enriched car id=3109 OK.
[2026-07-28 08:03:35] [MotusApiImporter] enrichNextBatch(): enriched car id=3110 OK.
[2026-07-28 08:03:37] [MotusApiImporter] enrichNextBatch(): enriched car id=3111 OK.
[2026-07-28 08:03:38] [MotusApiImporter] enrichNextBatch(): enriched car id=3112 OK.
[2026-07-28 08:03:39] [MotusApiImporter] enrichNextBatch(): enriched car id=3113 OK.
[2026-07-28 08:03:41] [MotusApiImporter] enrichNextBatch(): enriched car id=3114 OK.
[2026-07-28 08:03:42] [MotusApiImporter] enrichNextBatch(): enriched car id=3115 OK.
[2026-07-28 08:03:45] [MotusApiImporter] enrichNextBatch(): enriched car id=3116 OK.
[2026-07-28 08:03:47] [MotusApiImporter] enrichNextBatch(): enriched car id=3117 OK.
[2026-07-28 08:03:49] [MotusApiImporter] enrichNextBatch(): enriched car id=3118 OK.
[2026-07-28 08:03:51] [MotusApiImporter] enrichNextBatch(): enriched car id=3119 OK.
[2026-07-28 08:03:52] [MotusApiImporter] enrichNextBatch(): enriched car id=3120 OK.
[2026-07-28 08:03:53] [MotusApiImporter] enrichNextBatch(): enriched car id=3121 OK.
[2026-07-28 08:03:55] [MotusApiImporter] enrichNextBatch(): enriched car id=3122 OK.
[2026-07-28 08:03:56] [MotusApiImporter] enrichNextBatch(): enriched car id=3123 OK.
[2026-07-28 08:03:58] [MotusApiImporter] enrichNextBatch(): enriched car id=3124 OK.
[2026-07-28 08:03:59] [MotusApiImporter] enrichNextBatch(): enriched car id=3125 OK.
[2026-07-28 08:04:00] [MotusApiImporter] enrichNextBatch(): enriched car id=3126 OK.
[2026-07-28 08:04:02] [MotusApiImporter] enrichNextBatch(): enriched car id=3127 OK.
[2026-07-28 08:04:03] [MotusApiImporter] enrichNextBatch(): enriched car id=3128 OK.
[2026-07-28 08:04:05] [MotusApiImporter] enrichNextBatch(): enriched car id=3129 OK.
[2026-07-28 08:04:06] [MotusApiImporter] enrichNextBatch(): enriched car id=3130 OK.
[2026-07-28 08:04:10] [MotusApiImporter] enrichNextBatch(): enriched car id=3131 OK.
[2026-07-28 08:04:11] [MotusApiImporter] enrichNextBatch(): enriched car id=3132 OK.
[2026-07-28 08:04:12] [MotusApiImporter] enrichNextBatch(): enriched car id=3133 OK.
[2026-07-28 08:04:14] [MotusApiImporter] enrichNextBatch(): enriched car id=3134 OK.
[2026-07-28 08:04:15] [MotusApiImporter] enrichNextBatch(): enriched car id=3135 OK.
[2026-07-28 08:04:16] [MotusApiImporter] enrichNextBatch(): enriched car id=3136 OK.
[2026-07-28 08:04:17] [MotusApiImporter] enrichNextBatch(): enriched car id=3137 OK.
[2026-07-28 08:04:18] [MotusApiImporter] enrichNextBatch(): enriched car id=3138 OK.
[2026-07-28 08:04:19] [MotusApiImporter] enrichNextBatch(): enriched car id=3139 OK.
[2026-07-28 08:04:20] [MotusApiImporter] enrichNextBatch(): enriched car id=3140 OK.
[2026-07-28 08:04:22] [MotusApiImporter] enrichNextBatch(): enriched car id=3141 OK.
[2026-07-28 08:04:23] [MotusApiImporter] enrichNextBatch(): enriched car id=3142 OK.
[2026-07-28 08:04:24] [MotusApiImporter] enrichNextBatch(): enriched car id=3143 OK.
[2026-07-28 08:04:25] [MotusApiImporter] enrichNextBatch(): enriched car id=3144 OK.
[2026-07-28 08:04:26] [MotusApiImporter] enrichNextBatch(): enriched car id=3145 OK.
[2026-07-28 08:04:29] [MotusApiImporter] enrichNextBatch(): enriched car id=3146 OK.
[2026-07-28 08:04:30] [MotusApiImporter] enrichNextBatch(): enriched car id=3147 OK.
[2026-07-28 08:04:32] [MotusApiImporter] enrichNextBatch(): enriched car id=3148 OK.
[2026-07-28 08:04:34] [MotusApiImporter] enrichNextBatch(): enriched car id=3149 OK.
[2026-07-28 08:04:35] [MotusApiImporter] enrichNextBatch(): enriched car id=3150 OK.
[2026-07-28 08:07:47] [MotusApiImporter] discover() STARTED — dealerId=16, sourceRef=https://www.motusvw.co.za/vereeniging/showroom/
[2026-07-28 08:07:49] [MotusApiImporter] discover(): crawlDealership() returned 79 row(s).
[2026-07-28 08:07:49] [MotusApiImporter] discover() FINISHED — {"imported":79,"updated":0,"skipped":0,"failed":0}, pending_enrichment=79, marked_sold=0
[2026-07-28 08:07:52] [MotusApiImporter] enrichNextBatch(): enriched car id=3151 OK.
[2026-07-28 08:07:53] [MotusApiImporter] enrichNextBatch(): enriched car id=3152 OK.
[2026-07-28 08:07:54] [MotusApiImporter] enrichNextBatch(): enriched car id=3153 OK.
[2026-07-28 08:07:56] [MotusApiImporter] enrichNextBatch(): enriched car id=3154 OK.
[2026-07-28 08:07:57] [MotusApiImporter] enrichNextBatch(): enriched car id=3155 OK.
[2026-07-28 08:07:58] [MotusApiImporter] enrichNextBatch(): enriched car id=3156 OK.
[2026-07-28 08:08:00] [MotusApiImporter] enrichNextBatch(): enriched car id=3157 OK.
[2026-07-28 08:08:01] [MotusApiImporter] enrichNextBatch(): enriched car id=3158 OK.
[2026-07-28 08:08:02] [MotusApiImporter] enrichNextBatch(): enriched car id=3159 OK.
[2026-07-28 08:08:03] [MotusApiImporter] enrichNextBatch(): enriched car id=3160 OK.
[2026-07-28 08:08:04] [MotusApiImporter] enrichNextBatch(): enriched car id=3161 OK.
[2026-07-28 08:08:05] [MotusApiImporter] enrichNextBatch(): enriched car id=3162 OK.
[2026-07-28 08:08:06] [MotusApiImporter] enrichNextBatch(): enriched car id=3163 OK.
[2026-07-28 08:08:07] [MotusApiImporter] enrichNextBatch(): enriched car id=3164 OK.
[2026-07-28 08:08:09] [MotusApiImporter] enrichNextBatch(): enriched car id=3165 OK.
[2026-07-28 08:08:13] [MotusApiImporter] enrichNextBatch(): enriched car id=3166 OK.
[2026-07-28 08:08:14] [MotusApiImporter] enrichNextBatch(): enriched car id=3167 OK.
[2026-07-28 08:08:15] [MotusApiImporter] enrichNextBatch(): enriched car id=3168 OK.
[2026-07-28 08:08:17] [MotusApiImporter] enrichNextBatch(): enriched car id=3169 OK.
[2026-07-28 08:08:19] [MotusApiImporter] enrichNextBatch(): enriched car id=3170 OK.
[2026-07-28 08:08:20] [MotusApiImporter] enrichNextBatch(): enriched car id=3171 OK.
[2026-07-28 08:08:22] [MotusApiImporter] enrichNextBatch(): enriched car id=3172 OK.
[2026-07-28 08:08:23] [MotusApiImporter] enrichNextBatch(): enriched car id=3173 OK.
[2026-07-28 08:08:25] [MotusApiImporter] enrichNextBatch(): enriched car id=3174 OK.
[2026-07-28 08:08:26] [MotusApiImporter] enrichNextBatch(): enriched car id=3175 OK.
[2026-07-28 08:08:27] [MotusApiImporter] enrichNextBatch(): enriched car id=3176 OK.
[2026-07-28 08:08:29] [MotusApiImporter] enrichNextBatch(): enriched car id=3177 OK.
[2026-07-28 08:08:30] [MotusApiImporter] enrichNextBatch(): enriched car id=3178 OK.
[2026-07-28 08:08:32] [MotusApiImporter] enrichNextBatch(): enriched car id=3179 OK.
[2026-07-28 08:08:33] [MotusApiImporter] enrichNextBatch(): enriched car id=3180 OK.
[2026-07-28 08:08:36] [MotusApiImporter] enrichNextBatch(): enriched car id=3181 OK.
[2026-07-28 08:08:37] [MotusApiImporter] enrichNextBatch(): enriched car id=3182 OK.
[2026-07-28 08:08:38] [MotusApiImporter] enrichNextBatch(): enriched car id=3183 OK.
[2026-07-28 08:08:40] [MotusApiImporter] enrichNextBatch(): enriched car id=3184 OK.
[2026-07-28 08:08:41] [MotusApiImporter] enrichNextBatch(): enriched car id=3185 OK.
[2026-07-28 08:08:43] [MotusApiImporter] enrichNextBatch(): enriched car id=3186 OK.
[2026-07-28 08:08:44] [MotusApiImporter] enrichNextBatch(): enriched car id=3187 OK.
[2026-07-28 08:08:45] [MotusApiImporter] enrichNextBatch(): enriched car id=3188 OK.
[2026-07-28 08:08:46] [MotusApiImporter] enrichNextBatch(): enriched car id=3189 OK.
[2026-07-28 08:08:48] [MotusApiImporter] enrichNextBatch(): enriched car id=3190 OK.
[2026-07-28 08:08:50] [MotusApiImporter] enrichNextBatch(): enriched car id=3191 OK.
[2026-07-28 08:08:51] [MotusApiImporter] enrichNextBatch(): enriched car id=3192 OK.
[2026-07-28 08:08:52] [MotusApiImporter] enrichNextBatch(): enriched car id=3193 OK.
[2026-07-28 08:08:53] [MotusApiImporter] enrichNextBatch(): enriched car id=3194 OK.
[2026-07-28 08:08:55] [MotusApiImporter] enrichNextBatch(): enriched car id=3195 OK.
[2026-07-28 08:08:59] [MotusApiImporter] enrichNextBatch(): enriched car id=3196 OK.
[2026-07-28 08:09:00] [MotusApiImporter] enrichNextBatch(): enriched car id=3197 OK.
[2026-07-28 08:09:02] [MotusApiImporter] enrichNextBatch(): enriched car id=3198 OK.
[2026-07-28 08:09:04] [MotusApiImporter] enrichNextBatch(): enriched car id=3199 OK.
[2026-07-28 08:09:05] [MotusApiImporter] enrichNextBatch(): enriched car id=3200 OK.
[2026-07-28 08:09:06] [MotusApiImporter] enrichNextBatch(): enriched car id=3201 OK.
[2026-07-28 08:09:07] [MotusApiImporter] enrichNextBatch(): enriched car id=3202 OK.
[2026-07-28 08:09:08] [MotusApiImporter] enrichNextBatch(): enriched car id=3203 OK.
[2026-07-28 08:09:10] [MotusApiImporter] enrichNextBatch(): enriched car id=3204 OK.
[2026-07-28 08:09:11] [MotusApiImporter] enrichNextBatch(): enriched car id=3205 OK.
[2026-07-28 08:09:12] [MotusApiImporter] enrichNextBatch(): enriched car id=3206 OK.
[2026-07-28 08:09:14] [MotusApiImporter] enrichNextBatch(): enriched car id=3207 OK.
[2026-07-28 08:09:16] [MotusApiImporter] enrichNextBatch(): enriched car id=3208 OK.
[2026-07-28 08:09:18] [MotusApiImporter] enrichNextBatch(): enriched car id=3209 OK.
[2026-07-28 08:09:19] [MotusApiImporter] enrichNextBatch(): enriched car id=3210 OK.
[2026-07-28 08:09:23] [MotusApiImporter] enrichNextBatch(): enriched car id=3211 OK.
[2026-07-28 08:09:24] [MotusApiImporter] enrichNextBatch(): enriched car id=3212 OK.
[2026-07-28 08:09:25] [MotusApiImporter] enrichNextBatch(): enriched car id=3213 OK.
[2026-07-28 08:09:27] [MotusApiImporter] enrichNextBatch(): enriched car id=3214 OK.
[2026-07-28 08:09:28] [MotusApiImporter] enrichNextBatch(): enriched car id=3215 OK.
[2026-07-28 08:09:29] [MotusApiImporter] enrichNextBatch(): enriched car id=3216 OK.
[2026-07-28 08:09:30] [MotusApiImporter] enrichNextBatch(): enriched car id=3217 OK.
[2026-07-28 08:09:31] [MotusApiImporter] enrichNextBatch(): enriched car id=3218 OK.
[2026-07-28 08:09:33] [MotusApiImporter] enrichNextBatch(): enriched car id=3219 OK.
[2026-07-28 08:09:35] [MotusApiImporter] enrichNextBatch(): enriched car id=3220 OK.
[2026-07-28 08:09:36] [MotusApiImporter] enrichNextBatch(): enriched car id=3221 OK.
[2026-07-28 08:09:37] [MotusApiImporter] enrichNextBatch(): enriched car id=3222 OK.
[2026-07-28 08:09:39] [MotusApiImporter] enrichNextBatch(): enriched car id=3223 OK.
[2026-07-28 08:09:40] [MotusApiImporter] enrichNextBatch(): enriched car id=3224 OK.
[2026-07-28 08:09:41] [MotusApiImporter] enrichNextBatch(): enriched car id=3225 OK.
[2026-07-28 08:09:44] [MotusApiImporter] enrichNextBatch(): enriched car id=3226 OK.
[2026-07-28 08:09:45] [MotusApiImporter] enrichNextBatch(): enriched car id=3227 OK.
[2026-07-28 08:09:47] [MotusApiImporter] enrichNextBatch(): enriched car id=3228 OK.
[2026-07-28 08:09:49] [MotusApiImporter] enrichNextBatch(): enriched car id=3229 OK.
[2026-07-28 08:13:36] [MotusApiImporter] discover() STARTED — dealerId=17, sourceRef=https://www.motusvw.co.za/welkom/showroom/
[2026-07-28 08:13:37] [MotusApiImporter] discover(): crawlDealership() returned 42 row(s).
[2026-07-28 08:13:37] [MotusApiImporter] discover() row 0 FAILED: Year out of range or missing (1990-2027): 0
[2026-07-28 08:13:37] [MotusApiImporter] discover() row 11 FAILED: Year out of range or missing (1990-2027): 0
[2026-07-28 08:13:37] [MotusApiImporter] discover() row 12 FAILED: Year out of range or missing (1990-2027): 0
[2026-07-28 08:13:37] [MotusApiImporter] discover() row 13 FAILED: Year out of range or missing (1990-2027): 0
[2026-07-28 08:13:37] [MotusApiImporter] discover() FINISHED — {"imported":38,"updated":0,"skipped":0,"failed":4}, pending_enrichment=38, marked_sold=0
[2026-07-28 08:13:40] [MotusApiImporter] enrichNextBatch(): enriched car id=3230 OK.
[2026-07-28 08:13:40] [MotusApiImporter] enrichNextBatch(): enriched car id=3231 OK.
[2026-07-28 08:13:42] [MotusApiImporter] enrichNextBatch(): enriched car id=3232 OK.
[2026-07-28 08:13:44] [MotusApiImporter] enrichNextBatch(): enriched car id=3233 OK.
[2026-07-28 08:13:45] [MotusApiImporter] enrichNextBatch(): enriched car id=3234 OK.
[2026-07-28 08:13:46] [MotusApiImporter] enrichNextBatch(): enriched car id=3235 OK.
[2026-07-28 08:13:48] [MotusApiImporter] enrichNextBatch(): enriched car id=3236 OK.
[2026-07-28 08:13:50] [MotusApiImporter] enrichNextBatch(): enriched car id=3237 OK.
[2026-07-28 08:13:51] [MotusApiImporter] enrichNextBatch(): enriched car id=3238 OK.
[2026-07-28 08:13:53] [MotusApiImporter] enrichNextBatch(): enriched car id=3239 OK.
[2026-07-28 08:13:54] [MotusApiImporter] enrichNextBatch(): enriched car id=3240 OK.
[2026-07-28 08:13:55] [MotusApiImporter] enrichNextBatch(): enriched car id=3241 OK.
[2026-07-28 08:13:57] [MotusApiImporter] enrichNextBatch(): enriched car id=3242 OK.
[2026-07-28 08:13:58] [MotusApiImporter] enrichNextBatch(): enriched car id=3243 OK.
[2026-07-28 08:14:00] [MotusApiImporter] enrichNextBatch(): enriched car id=3244 OK.
[2026-07-28 08:14:03] [MotusApiImporter] enrichNextBatch(): enriched car id=3245 OK.
[2026-07-28 08:14:05] [MotusApiImporter] enrichNextBatch(): enriched car id=3246 OK.
[2026-07-28 08:14:06] [MotusApiImporter] enrichNextBatch(): enriched car id=3247 OK.
[2026-07-28 08:14:08] [MotusApiImporter] enrichNextBatch(): enriched car id=3248 OK.
[2026-07-28 08:14:09] [MotusApiImporter] enrichNextBatch(): enriched car id=3249 OK.
[2026-07-28 08:14:11] [MotusApiImporter] enrichNextBatch(): enriched car id=3250 OK.
[2026-07-28 08:14:13] [MotusApiImporter] enrichNextBatch(): enriched car id=3251 OK.
[2026-07-28 08:14:15] [MotusApiImporter] enrichNextBatch(): enriched car id=3252 OK.
[2026-07-28 08:14:17] [MotusApiImporter] enrichNextBatch(): enriched car id=3253 OK.
[2026-07-28 08:14:18] [MotusApiImporter] enrichNextBatch(): enriched car id=3254 OK.
[2026-07-28 08:14:19] [MotusApiImporter] enrichNextBatch(): enriched car id=3255 OK.
[2026-07-28 08:14:21] [MotusApiImporter] enrichNextBatch(): enriched car id=3256 OK.
[2026-07-28 08:14:23] [MotusApiImporter] enrichNextBatch(): enriched car id=3257 OK.
[2026-07-28 08:14:25] [MotusApiImporter] enrichNextBatch(): enriched car id=3258 OK.
[2026-07-28 08:14:26] [MotusApiImporter] enrichNextBatch(): enriched car id=3259 OK.
[2026-07-28 08:14:30] [MotusApiImporter] enrichNextBatch(): enriched car id=3260 OK.
[2026-07-28 08:14:30] [MotusApiImporter] enrichNextBatch(): enriched car id=3261 OK.
[2026-07-28 08:14:31] [MotusApiImporter] enrichNextBatch(): enriched car id=3262 OK.
[2026-07-28 08:14:33] [MotusApiImporter] enrichNextBatch(): enriched car id=3263 OK.
[2026-07-28 08:14:34] [MotusApiImporter] enrichNextBatch(): enriched car id=3264 OK.
[2026-07-28 08:14:36] [MotusApiImporter] enrichNextBatch(): enriched car id=3265 OK.
[2026-07-28 08:14:38] [MotusApiImporter] enrichNextBatch(): enriched car id=3266 OK.
[2026-07-28 08:14:39] [MotusApiImporter] enrichNextBatch(): enriched car id=3267 OK.
[2026-07-28 08:16:01] [MotusApiImporter] discover() STARTED — dealerId=18, sourceRef=https://www.motusvw.co.za/kempton-park/showroom/?
[2026-07-28 08:16:03] [MotusApiImporter] discover(): crawlDealership() returned 68 row(s).
[2026-07-28 08:16:03] [MotusApiImporter] discover() row 0 FAILED: Year out of range or missing (1990-2027): 0
[2026-07-28 08:16:03] [MotusApiImporter] discover() row 25 FAILED: Year out of range or missing (1990-2027): 0
[2026-07-28 08:16:03] [MotusApiImporter] discover() FINISHED — {"imported":66,"updated":0,"skipped":0,"failed":2}, pending_enrichment=66, marked_sold=0
[2026-07-28 08:16:05] [MotusApiImporter] enrichNextBatch(): enriched car id=3268 OK.
[2026-07-28 08:16:06] [MotusApiImporter] enrichNextBatch(): enriched car id=3269 OK.
[2026-07-28 08:16:08] [MotusApiImporter] enrichNextBatch(): enriched car id=3270 OK.
[2026-07-28 08:16:11] [MotusApiImporter] enrichNextBatch(): enriched car id=3271 OK.
[2026-07-28 08:16:13] [MotusApiImporter] enrichNextBatch(): enriched car id=3272 OK.
[2026-07-28 08:16:15] [MotusApiImporter] enrichNextBatch(): enriched car id=3273 OK.
[2026-07-28 08:16:16] [MotusApiImporter] enrichNextBatch(): enriched car id=3274 OK.
[2026-07-28 08:16:18] [MotusApiImporter] enrichNextBatch(): enriched car id=3275 OK.
[2026-07-28 08:16:20] [MotusApiImporter] enrichNextBatch(): enriched car id=3276 OK.
[2026-07-28 08:16:21] [MotusApiImporter] enrichNextBatch(): enriched car id=3277 OK.
[2026-07-28 08:16:22] [MotusApiImporter] enrichNextBatch(): enriched car id=3278 OK.
[2026-07-28 08:16:24] [MotusApiImporter] enrichNextBatch(): enriched car id=3279 OK.
[2026-07-28 08:16:25] [MotusApiImporter] enrichNextBatch(): enriched car id=3280 OK.
[2026-07-28 08:16:27] [MotusApiImporter] enrichNextBatch(): enriched car id=3281 OK.
[2026-07-28 08:16:28] [MotusApiImporter] enrichNextBatch(): enriched car id=3282 OK.
[2026-07-28 08:16:32] [MotusApiImporter] enrichNextBatch(): enriched car id=3283 OK.
[2026-07-28 08:16:33] [MotusApiImporter] enrichNextBatch(): enriched car id=3284 OK.
[2026-07-28 08:16:35] [MotusApiImporter] enrichNextBatch(): enriched car id=3285 OK.
[2026-07-28 08:16:37] [MotusApiImporter] enrichNextBatch(): enriched car id=3286 OK.
[2026-07-28 08:16:38] [MotusApiImporter] enrichNextBatch(): enriched car id=3287 OK.
[2026-07-28 08:16:40] [MotusApiImporter] enrichNextBatch(): enriched car id=3288 OK.
[2026-07-28 08:16:41] [MotusApiImporter] enrichNextBatch(): enriched car id=3289 OK.
[2026-07-28 08:16:43] [MotusApiImporter] enrichNextBatch(): enriched car id=3290 OK.
[2026-07-28 08:16:45] [MotusApiImporter] enrichNextBatch(): enriched car id=3291 OK.
[2026-07-28 08:16:46] [MotusApiImporter] enrichNextBatch(): enriched car id=3292 OK.
[2026-07-28 08:16:48] [MotusApiImporter] enrichNextBatch(): enriched car id=3293 OK.
[2026-07-28 08:16:50] [MotusApiImporter] enrichNextBatch(): enriched car id=3294 OK.
[2026-07-28 08:16:52] [MotusApiImporter] enrichNextBatch(): enriched car id=3295 OK.
[2026-07-28 08:16:53] [MotusApiImporter] enrichNextBatch(): enriched car id=3296 OK.
[2026-07-28 08:16:55] [MotusApiImporter] enrichNextBatch(): enriched car id=3297 OK.
[2026-07-28 08:16:59] [MotusApiImporter] enrichNextBatch(): enriched car id=3298 OK.
[2026-07-28 08:17:01] [MotusApiImporter] enrichNextBatch(): enriched car id=3299 OK.
[2026-07-28 08:17:03] [MotusApiImporter] enrichNextBatch(): enriched car id=3300 OK.
[2026-07-28 08:17:04] [MotusApiImporter] enrichNextBatch(): enriched car id=3301 OK.
[2026-07-28 08:17:06] [MotusApiImporter] enrichNextBatch(): enriched car id=3302 OK.
[2026-07-28 08:17:08] [MotusApiImporter] enrichNextBatch(): enriched car id=3303 OK.
[2026-07-28 08:17:09] [MotusApiImporter] enrichNextBatch(): enriched car id=3304 OK.
[2026-07-28 08:17:11] [MotusApiImporter] enrichNextBatch(): enriched car id=3305 OK.
[2026-07-28 08:17:12] [MotusApiImporter] enrichNextBatch(): enriched car id=3306 OK.
[2026-07-28 08:17:13] [MotusApiImporter] enrichNextBatch(): enriched car id=3307 OK.
[2026-07-28 08:17:15] [MotusApiImporter] enrichNextBatch(): enriched car id=3308 OK.
[2026-07-28 08:17:15] [MotusApiImporter] enrichNextBatch(): enriched car id=3309 OK.
[2026-07-28 08:17:16] [MotusApiImporter] enrichNextBatch(): enriched car id=3310 OK.
[2026-07-28 08:17:17] [MotusApiImporter] enrichNextBatch(): enriched car id=3311 OK.
[2026-07-28 08:17:19] [MotusApiImporter] enrichNextBatch(): enriched car id=3312 OK.
[2026-07-28 08:17:22] [MotusApiImporter] enrichNextBatch(): enriched car id=3313 OK.
[2026-07-28 08:17:23] [MotusApiImporter] enrichNextBatch(): enriched car id=3314 OK.
[2026-07-28 08:17:25] [MotusApiImporter] enrichNextBatch(): enriched car id=3315 OK.
[2026-07-28 08:17:27] [MotusApiImporter] enrichNextBatch(): enriched car id=3316 OK.
[2026-07-28 08:17:28] [MotusApiImporter] enrichNextBatch(): enriched car id=3317 OK.
[2026-07-28 08:17:30] [MotusApiImporter] enrichNextBatch(): enriched car id=3318 OK.
[2026-07-28 08:17:31] [MotusApiImporter] enrichNextBatch(): enriched car id=3319 OK.
[2026-07-28 08:17:33] [MotusApiImporter] enrichNextBatch(): enriched car id=3320 OK.
[2026-07-28 08:17:35] [MotusApiImporter] enrichNextBatch(): enriched car id=3321 OK.
[2026-07-28 08:17:36] [MotusApiImporter] enrichNextBatch(): enriched car id=3322 OK.
[2026-07-28 08:17:36] [MotusApiImporter] enrichNextBatch(): enriched car id=3323 OK.
[2026-07-28 08:17:38] [MotusApiImporter] enrichNextBatch(): enriched car id=3324 OK.
[2026-07-28 08:17:39] [MotusApiImporter] enrichNextBatch(): enriched car id=3325 OK.
[2026-07-28 08:17:41] [MotusApiImporter] enrichNextBatch(): enriched car id=3326 OK.
[2026-07-28 08:17:41] [MotusApiImporter] enrichNextBatch(): enriched car id=3327 OK.
[2026-07-28 08:17:44] [MotusApiImporter] enrichNextBatch(): enriched car id=3328 OK.
[2026-07-28 08:17:46] [MotusApiImporter] enrichNextBatch(): enriched car id=3329 OK.
[2026-07-28 08:17:47] [MotusApiImporter] enrichNextBatch(): enriched car id=3330 OK.
[2026-07-28 08:17:48] [MotusApiImporter] enrichNextBatch(): enriched car id=3331 OK.
[2026-07-28 08:17:50] [MotusApiImporter] enrichNextBatch(): enriched car id=3332 OK.
[2026-07-28 08:17:51] [MotusApiImporter] enrichNextBatch(): enriched car id=3333 OK.
[2026-07-28 08:20:03] [MotusApiImporter] discover() STARTED — dealerId=22, sourceRef=https://www.motusvw.co.za/east-rand-mall/showroom/
[2026-07-28 08:20:04] [MotusApiImporter] discover(): crawlDealership() returned 51 row(s).
[2026-07-28 08:20:04] [MotusApiImporter] discover() FINISHED — {"imported":51,"updated":0,"skipped":0,"failed":0}, pending_enrichment=51, marked_sold=0
[2026-07-28 08:20:07] [MotusApiImporter] enrichNextBatch(): enriched car id=3334 OK.
[2026-07-28 08:20:08] [MotusApiImporter] enrichNextBatch(): enriched car id=3335 OK.
[2026-07-28 08:20:09] [MotusApiImporter] enrichNextBatch(): enriched car id=3336 OK.
[2026-07-28 08:20:11] [MotusApiImporter] enrichNextBatch(): enriched car id=3337 OK.
[2026-07-28 08:20:13] [MotusApiImporter] enrichNextBatch(): enriched car id=3338 OK.
[2026-07-28 08:20:14] [MotusApiImporter] enrichNextBatch(): enriched car id=3339 OK.
[2026-07-28 08:20:16] [MotusApiImporter] enrichNextBatch(): enriched car id=3340 OK.
[2026-07-28 08:20:17] [MotusApiImporter] enrichNextBatch(): enriched car id=3341 OK.
[2026-07-28 08:20:19] [MotusApiImporter] enrichNextBatch(): enriched car id=3342 OK.
[2026-07-28 08:20:20] [MotusApiImporter] enrichNextBatch(): enriched car id=3343 OK.
[2026-07-28 08:20:22] [MotusApiImporter] enrichNextBatch(): enriched car id=3344 OK.
[2026-07-28 08:20:23] [MotusApiImporter] enrichNextBatch(): enriched car id=3345 OK.
[2026-07-28 08:20:25] [MotusApiImporter] enrichNextBatch(): enriched car id=3346 OK.
[2026-07-28 08:20:26] [MotusApiImporter] enrichNextBatch(): enriched car id=3347 OK.
[2026-07-28 08:20:27] [MotusApiImporter] enrichNextBatch(): enriched car id=3348 OK.
[2026-07-28 08:20:30] [MotusApiImporter] enrichNextBatch(): enriched car id=3349 OK.
[2026-07-28 08:20:31] [MotusApiImporter] enrichNextBatch(): enriched car id=3350 OK.
[2026-07-28 08:20:33] [MotusApiImporter] enrichNextBatch(): enriched car id=3351 OK.
[2026-07-28 08:20:34] [MotusApiImporter] enrichNextBatch(): enriched car id=3352 OK.
[2026-07-28 08:20:35] [MotusApiImporter] enrichNextBatch(): enriched car id=3353 OK.
[2026-07-28 08:20:37] [MotusApiImporter] enrichNextBatch(): enriched car id=3354 OK.
[2026-07-28 08:20:38] [MotusApiImporter] enrichNextBatch(): enriched car id=3355 OK.
[2026-07-28 08:20:39] [MotusApiImporter] enrichNextBatch(): enriched car id=3356 OK.
[2026-07-28 08:20:40] [MotusApiImporter] enrichNextBatch(): enriched car id=3357 OK.
[2026-07-28 08:20:42] [MotusApiImporter] enrichNextBatch(): enriched car id=3358 OK.
[2026-07-28 08:20:44] [MotusApiImporter] enrichNextBatch(): enriched car id=3359 OK.
[2026-07-28 08:20:45] [MotusApiImporter] enrichNextBatch(): enriched car id=3360 OK.
[2026-07-28 08:20:46] [MotusApiImporter] enrichNextBatch(): enriched car id=3361 OK.
[2026-07-28 08:20:47] [MotusApiImporter] enrichNextBatch(): enriched car id=3362 OK.
[2026-07-28 08:20:48] [MotusApiImporter] enrichNextBatch(): enriched car id=3363 OK.
[2026-07-28 08:20:52] [MotusApiImporter] enrichNextBatch(): enriched car id=3364 OK.
[2026-07-28 08:20:54] [MotusApiImporter] enrichNextBatch(): enriched car id=3365 OK.
[2026-07-28 08:20:55] [MotusApiImporter] enrichNextBatch(): enriched car id=3366 OK.
[2026-07-28 08:20:56] [MotusApiImporter] enrichNextBatch(): enriched car id=3367 OK.
[2026-07-28 08:20:58] [MotusApiImporter] enrichNextBatch(): enriched car id=3368 OK.
[2026-07-28 08:20:59] [MotusApiImporter] enrichNextBatch(): enriched car id=3369 OK.
[2026-07-28 08:21:01] [MotusApiImporter] enrichNextBatch(): enriched car id=3370 OK.
[2026-07-28 08:21:02] [MotusApiImporter] enrichNextBatch(): enriched car id=3371 OK.
[2026-07-28 08:21:03] [MotusApiImporter] enrichNextBatch(): enriched car id=3372 OK.
[2026-07-28 08:21:04] [MotusApiImporter] enrichNextBatch(): enriched car id=3373 OK.
[2026-07-28 08:21:05] [MotusApiImporter] enrichNextBatch(): enriched car id=3374 OK.
[2026-07-28 08:21:07] [MotusApiImporter] enrichNextBatch(): enriched car id=3375 OK.
[2026-07-28 08:21:08] [MotusApiImporter] enrichNextBatch(): enriched car id=3376 OK.
[2026-07-28 08:21:09] [MotusApiImporter] enrichNextBatch(): enriched car id=3377 OK.
[2026-07-28 08:21:10] [MotusApiImporter] enrichNextBatch(): enriched car id=3378 OK.
[2026-07-28 08:21:13] [MotusApiImporter] enrichNextBatch(): enriched car id=3379 OK.
[2026-07-28 08:21:14] [MotusApiImporter] enrichNextBatch(): enriched car id=3380 OK.
[2026-07-28 08:21:15] [MotusApiImporter] enrichNextBatch(): enriched car id=3381 OK.
[2026-07-28 08:21:17] [MotusApiImporter] enrichNextBatch(): enriched car id=3382 OK.
[2026-07-28 08:21:19] [MotusApiImporter] enrichNextBatch(): enriched car id=3383 OK.
[2026-07-28 08:21:21] [MotusApiImporter] enrichNextBatch(): enriched car id=3384 OK.
[2026-07-28 08:28:59] [MotusApiImporter] discover() STARTED — dealerId=15, sourceRef=https://www.motusvw.co.za/midrand/showroom/
[2026-07-28 08:29:02] [MotusApiImporter] discover(): crawlDealership() returned 112 row(s).
[2026-07-28 08:29:02] [MotusApiImporter] discover() FINISHED — {"imported":112,"updated":0,"skipped":0,"failed":0}, pending_enrichment=112, marked_sold=0
[2026-07-28 08:29:05] [MotusApiImporter] enrichNextBatch(): enriched car id=3385 OK.
[2026-07-28 08:29:06] [MotusApiImporter] enrichNextBatch(): enriched car id=3386 OK.
[2026-07-28 08:29:07] [MotusApiImporter] enrichNextBatch(): enriched car id=3387 OK.
[2026-07-28 08:29:08] [MotusApiImporter] enrichNextBatch(): enriched car id=3388 OK.
[2026-07-28 08:29:09] [MotusApiImporter] enrichNextBatch(): enriched car id=3389 OK.
[2026-07-28 08:29:11] [MotusApiImporter] enrichNextBatch(): enriched car id=3390 OK.
[2026-07-28 08:29:12] [MotusApiImporter] enrichNextBatch(): enriched car id=3391 OK.
[2026-07-28 08:29:13] [MotusApiImporter] enrichNextBatch(): enriched car id=3392 OK.
[2026-07-28 08:29:14] [MotusApiImporter] enrichNextBatch(): enriched car id=3393 OK.
[2026-07-28 08:29:16] [MotusApiImporter] enrichNextBatch(): enriched car id=3394 OK.
[2026-07-28 08:29:17] [MotusApiImporter] enrichNextBatch(): enriched car id=3395 OK.
[2026-07-28 08:29:19] [MotusApiImporter] enrichNextBatch(): enriched car id=3396 OK.
[2026-07-28 08:29:20] [MotusApiImporter] enrichNextBatch(): enriched car id=3397 OK.
[2026-07-28 08:29:21] [MotusApiImporter] enrichNextBatch(): enriched car id=3398 OK.
[2026-07-28 08:29:22] [MotusApiImporter] enrichNextBatch(): enriched car id=3399 OK.
[2026-07-28 08:29:25] [MotusApiImporter] enrichNextBatch(): enriched car id=3400 OK.
[2026-07-28 08:29:28] [MotusApiImporter] enrichNextBatch(): enriched car id=3401 OK.
[2026-07-28 08:29:30] [MotusApiImporter] enrichNextBatch(): enriched car id=3402 OK.
[2026-07-28 08:29:31] [MotusApiImporter] enrichNextBatch(): enriched car id=3403 OK.
[2026-07-28 08:29:33] [MotusApiImporter] enrichNextBatch(): enriched car id=3404 OK.
[2026-07-28 08:29:35] [MotusApiImporter] enrichNextBatch(): enriched car id=3405 OK.
[2026-07-28 08:29:37] [MotusApiImporter] enrichNextBatch(): enriched car id=3406 OK.
[2026-07-28 08:29:37] [MotusApiImporter] enrichNextBatch(): enriched car id=3407 OK.
[2026-07-28 08:29:39] [MotusApiImporter] enrichNextBatch(): enriched car id=3408 OK.
[2026-07-28 08:29:40] [MotusApiImporter] enrichNextBatch(): enriched car id=3409 OK.
[2026-07-28 08:29:41] [MotusApiImporter] enrichNextBatch(): enriched car id=3410 OK.
[2026-07-28 08:29:43] [MotusApiImporter] enrichNextBatch(): enriched car id=3411 OK.
[2026-07-28 08:29:44] [MotusApiImporter] enrichNextBatch(): enriched car id=3412 OK.
[2026-07-28 08:29:45] [MotusApiImporter] enrichNextBatch(): enriched car id=3413 OK.
[2026-07-28 08:29:47] [MotusApiImporter] enrichNextBatch(): enriched car id=3414 OK.
[2026-07-28 08:29:50] [MotusApiImporter] enrichNextBatch(): enriched car id=3415 OK.
[2026-07-28 08:29:52] [MotusApiImporter] enrichNextBatch(): enriched car id=3416 OK.
[2026-07-28 08:29:54] [MotusApiImporter] enrichNextBatch(): enriched car id=3417 OK.
[2026-07-28 08:29:56] [MotusApiImporter] enrichNextBatch(): enriched car id=3418 OK.
[2026-07-28 08:29:57] [MotusApiImporter] enrichNextBatch(): enriched car id=3419 OK.
[2026-07-28 08:29:59] [MotusApiImporter] enrichNextBatch(): enriched car id=3420 OK.
[2026-07-28 08:30:01] [MotusApiImporter] enrichNextBatch(): enriched car id=3421 OK.
[2026-07-28 08:30:02] [MotusApiImporter] enrichNextBatch(): enriched car id=3422 OK.
[2026-07-28 08:30:04] [MotusApiImporter] enrichNextBatch(): enriched car id=3423 OK.
[2026-07-28 08:30:05] [MotusApiImporter] enrichNextBatch(): enriched car id=3424 OK.
[2026-07-28 08:30:07] [MotusApiImporter] enrichNextBatch(): enriched car id=3425 OK.
[2026-07-28 08:30:09] [MotusApiImporter] enrichNextBatch(): enriched car id=3426 OK.
[2026-07-28 08:30:10] [MotusApiImporter] enrichNextBatch(): enriched car id=3427 OK.
[2026-07-28 08:30:11] [MotusApiImporter] enrichNextBatch(): enriched car id=3428 OK.
[2026-07-28 08:30:13] [MotusApiImporter] enrichNextBatch(): enriched car id=3429 OK.
[2026-07-28 08:30:16] [MotusApiImporter] enrichNextBatch(): enriched car id=3430 OK.
[2026-07-28 08:30:17] [MotusApiImporter] enrichNextBatch(): enriched car id=3431 OK.
[2026-07-28 08:30:19] [MotusApiImporter] enrichNextBatch(): enriched car id=3432 OK.
[2026-07-28 08:30:20] [MotusApiImporter] enrichNextBatch(): enriched car id=3433 OK.
[2026-07-28 08:30:21] [MotusApiImporter] enrichNextBatch(): enriched car id=3434 OK.
[2026-07-28 08:30:22] [MotusApiImporter] enrichNextBatch(): enriched car id=3435 OK.
[2026-07-28 08:30:24] [MotusApiImporter] enrichNextBatch(): enriched car id=3436 OK.
[2026-07-28 08:30:26] [MotusApiImporter] enrichNextBatch(): enriched car id=3437 OK.
[2026-07-28 08:30:28] [MotusApiImporter] enrichNextBatch(): enriched car id=3438 OK.
[2026-07-28 08:30:29] [MotusApiImporter] enrichNextBatch(): enriched car id=3439 OK.
[2026-07-28 08:30:30] [MotusApiImporter] enrichNextBatch(): enriched car id=3440 OK.
[2026-07-28 08:30:31] [MotusApiImporter] enrichNextBatch(): enriched car id=3441 OK.
[2026-07-28 08:30:33] [MotusApiImporter] enrichNextBatch(): enriched car id=3442 OK.
[2026-07-28 08:30:35] [MotusApiImporter] enrichNextBatch(): enriched car id=3443 OK.
[2026-07-28 08:30:36] [MotusApiImporter] enrichNextBatch(): enriched car id=3444 OK.
[2026-07-28 08:30:39] [MotusApiImporter] enrichNextBatch(): enriched car id=3445 OK.
[2026-07-28 08:30:42] [MotusApiImporter] enrichNextBatch(): enriched car id=3446 OK.
[2026-07-28 08:30:43] [MotusApiImporter] enrichNextBatch(): enriched car id=3447 OK.
[2026-07-28 08:30:45] [MotusApiImporter] enrichNextBatch(): enriched car id=3448 OK.
[2026-07-28 08:30:46] [MotusApiImporter] enrichNextBatch(): enriched car id=3449 OK.
[2026-07-28 08:30:48] [MotusApiImporter] enrichNextBatch(): enriched car id=3450 OK.
[2026-07-28 08:30:49] [MotusApiImporter] enrichNextBatch(): enriched car id=3451 OK.
[2026-07-28 08:30:51] [MotusApiImporter] enrichNextBatch(): enriched car id=3452 OK.
[2026-07-28 08:30:52] [MotusApiImporter] enrichNextBatch(): enriched car id=3453 OK.
[2026-07-28 08:30:54] [MotusApiImporter] enrichNextBatch(): enriched car id=3454 OK.
[2026-07-28 08:30:55] [MotusApiImporter] enrichNextBatch(): enriched car id=3455 OK.
[2026-07-28 08:30:56] [MotusApiImporter] enrichNextBatch(): enriched car id=3456 OK.
[2026-07-28 08:30:57] [MotusApiImporter] enrichNextBatch(): enriched car id=3457 OK.
[2026-07-28 08:30:59] [MotusApiImporter] enrichNextBatch(): enriched car id=3458 OK.
[2026-07-28 08:31:01] [MotusApiImporter] enrichNextBatch(): enriched car id=3459 OK.
[2026-07-28 08:31:04] [MotusApiImporter] enrichNextBatch(): enriched car id=3460 OK.
[2026-07-28 08:31:06] [MotusApiImporter] enrichNextBatch(): enriched car id=3461 OK.
[2026-07-28 08:31:08] [MotusApiImporter] enrichNextBatch(): enriched car id=3462 OK.
[2026-07-28 08:31:09] [MotusApiImporter] enrichNextBatch(): enriched car id=3463 OK.
[2026-07-28 08:31:09] [MotusApiImporter] enrichNextBatch(): enriched car id=3464 OK.
[2026-07-28 08:31:10] [MotusApiImporter] enrichNextBatch(): enriched car id=3465 OK.
[2026-07-28 08:31:12] [MotusApiImporter] enrichNextBatch(): enriched car id=3466 OK.
[2026-07-28 08:31:14] [MotusApiImporter] enrichNextBatch(): enriched car id=3467 OK.
[2026-07-28 08:31:15] [MotusApiImporter] enrichNextBatch(): enriched car id=3468 OK.
[2026-07-28 08:31:16] [MotusApiImporter] enrichNextBatch(): enriched car id=3469 OK.
[2026-07-28 08:31:18] [MotusApiImporter] enrichNextBatch(): enriched car id=3470 OK.
[2026-07-28 08:31:20] [MotusApiImporter] enrichNextBatch(): enriched car id=3471 OK.
[2026-07-28 08:31:21] [MotusApiImporter] enrichNextBatch(): enriched car id=3472 OK.
[2026-07-28 08:31:22] [MotusApiImporter] enrichNextBatch(): enriched car id=3473 OK.
[2026-07-28 08:31:24] [MotusApiImporter] enrichNextBatch(): enriched car id=3474 OK.
[2026-07-28 08:31:27] [MotusApiImporter] enrichNextBatch(): enriched car id=3475 OK.
[2026-07-28 08:31:29] [MotusApiImporter] enrichNextBatch(): enriched car id=3476 OK.
[2026-07-28 08:31:30] [MotusApiImporter] enrichNextBatch(): enriched car id=3477 OK.
[2026-07-28 08:31:32] [MotusApiImporter] enrichNextBatch(): enriched car id=3478 OK.
[2026-07-28 08:31:33] [MotusApiImporter] enrichNextBatch(): enriched car id=3479 OK.
[2026-07-28 08:31:35] [MotusApiImporter] enrichNextBatch(): enriched car id=3480 OK.
[2026-07-28 08:31:36] [MotusApiImporter] enrichNextBatch(): enriched car id=3481 OK.
[2026-07-28 08:31:38] [MotusApiImporter] enrichNextBatch(): enriched car id=3482 OK.
[2026-07-28 08:31:40] [MotusApiImporter] enrichNextBatch(): enriched car id=3483 OK.
[2026-07-28 08:31:41] [MotusApiImporter] enrichNextBatch(): enriched car id=3484 OK.
[2026-07-28 08:31:43] [MotusApiImporter] enrichNextBatch(): enriched car id=3485 OK.
[2026-07-28 08:31:45] [MotusApiImporter] enrichNextBatch(): enriched car id=3486 OK.
[2026-07-28 08:31:46] [MotusApiImporter] enrichNextBatch(): enriched car id=3487 OK.
[2026-07-28 08:31:46] [MotusApiImporter] enrichNextBatch(): enriched car id=3488 OK.
[2026-07-28 08:31:48] [MotusApiImporter] enrichNextBatch(): enriched car id=3489 OK.
[2026-07-28 08:31:52] [MotusApiImporter] enrichNextBatch(): enriched car id=3490 OK.
[2026-07-28 08:31:54] [MotusApiImporter] enrichNextBatch(): enriched car id=3491 OK.
[2026-07-28 08:31:55] [MotusApiImporter] enrichNextBatch(): enriched car id=3492 OK.
[2026-07-28 08:31:56] [MotusApiImporter] enrichNextBatch(): enriched car id=3493 OK.
[2026-07-28 08:31:57] [MotusApiImporter] enrichNextBatch(): enriched car id=3494 OK.
[2026-07-28 08:31:58] [MotusApiImporter] enrichNextBatch(): enriched car id=3495 OK.
[2026-07-28 08:32:00] [MotusApiImporter] enrichNextBatch(): enriched car id=3496 OK.
[2026-07-28 08:36:22] [MotusApiImporter] discover() STARTED — dealerId=21, sourceRef=https://www.motusvw.co.za/edenvale/showroom/
[2026-07-28 08:36:23] [MotusApiImporter] discover(): crawlDealership() returned 49 row(s).
[2026-07-28 08:36:23] [MotusApiImporter] discover() row 0 FAILED: Year out of range or missing (1990-2027): 0
[2026-07-28 08:36:23] [MotusApiImporter] discover() row 1 FAILED: Year out of range or missing (1990-2027): 0
[2026-07-28 08:36:23] [MotusApiImporter] discover() row 16 FAILED: Year out of range or missing (1990-2027): 0
[2026-07-28 08:36:23] [MotusApiImporter] discover() row 47 FAILED: Missing or invalid price (priceUnformatted) in VLPData entry.
[2026-07-28 08:36:23] [MotusApiImporter] discover() FINISHED — {"imported":45,"updated":0,"skipped":0,"failed":4}, pending_enrichment=45, marked_sold=0
[2026-07-28 08:36:25] [MotusApiImporter] enrichNextBatch(): enriched car id=3497 OK.
[2026-07-28 08:36:27] [MotusApiImporter] enrichNextBatch(): enriched car id=3498 OK.
[2026-07-28 08:36:28] [MotusApiImporter] enrichNextBatch(): enriched car id=3499 OK.
[2026-07-28 08:36:29] [MotusApiImporter] enrichNextBatch(): enriched car id=3500 OK.
[2026-07-28 08:36:30] [MotusApiImporter] enrichNextBatch(): enriched car id=3501 OK.
[2026-07-28 08:36:31] [MotusApiImporter] enrichNextBatch(): enriched car id=3502 OK.
[2026-07-28 08:36:33] [MotusApiImporter] enrichNextBatch(): enriched car id=3503 OK.
[2026-07-28 08:36:35] [MotusApiImporter] enrichNextBatch(): enriched car id=3504 OK.
[2026-07-28 08:36:36] [MotusApiImporter] enrichNextBatch(): enriched car id=3505 OK.
[2026-07-28 08:36:38] [MotusApiImporter] enrichNextBatch(): enriched car id=3506 OK.
[2026-07-28 08:36:39] [MotusApiImporter] enrichNextBatch(): enriched car id=3507 OK.
[2026-07-28 08:36:41] [MotusApiImporter] enrichNextBatch(): enriched car id=3508 OK.
[2026-07-28 08:36:42] [MotusApiImporter] enrichNextBatch(): enriched car id=3509 OK.
[2026-07-28 08:36:43] [MotusApiImporter] enrichNextBatch(): enriched car id=3510 OK.
[2026-07-28 08:36:45] [MotusApiImporter] enrichNextBatch(): enriched car id=3511 OK.
[2026-07-28 08:36:48] [MotusApiImporter] enrichNextBatch(): enriched car id=3512 OK.
[2026-07-28 08:36:50] [MotusApiImporter] enrichNextBatch(): enriched car id=3513 OK.
[2026-07-28 08:36:51] [MotusApiImporter] enrichNextBatch(): enriched car id=3514 OK.
[2026-07-28 08:36:53] [MotusApiImporter] enrichNextBatch(): enriched car id=3515 OK.
[2026-07-28 08:36:54] [MotusApiImporter] enrichNextBatch(): enriched car id=3516 OK.
[2026-07-28 08:36:55] [MotusApiImporter] enrichNextBatch(): enriched car id=3517 OK.
[2026-07-28 08:36:56] [MotusApiImporter] enrichNextBatch(): enriched car id=3518 OK.
[2026-07-28 08:36:57] [MotusApiImporter] enrichNextBatch(): enriched car id=3519 OK.
[2026-07-28 08:36:58] [MotusApiImporter] enrichNextBatch(): enriched car id=3520 OK.
[2026-07-28 08:36:59] [MotusApiImporter] enrichNextBatch(): enriched car id=3521 OK.
[2026-07-28 08:37:00] [MotusApiImporter] enrichNextBatch(): enriched car id=3522 OK.
[2026-07-28 08:37:02] [MotusApiImporter] enrichNextBatch(): enriched car id=3523 OK.
[2026-07-28 08:37:03] [MotusApiImporter] enrichNextBatch(): enriched car id=3524 OK.
[2026-07-28 08:37:04] [MotusApiImporter] enrichNextBatch(): enriched car id=3525 OK.
[2026-07-28 08:37:05] [MotusApiImporter] enrichNextBatch(): enriched car id=3526 OK.
[2026-07-28 08:37:09] [MotusApiImporter] enrichNextBatch(): enriched car id=3527 OK.
[2026-07-28 08:37:10] [MotusApiImporter] enrichNextBatch(): enriched car id=3528 OK.
[2026-07-28 08:37:12] [MotusApiImporter] enrichNextBatch(): enriched car id=3529 OK.
[2026-07-28 08:37:12] [MotusApiImporter] enrichNextBatch(): enriched car id=3530 OK.
[2026-07-28 08:37:14] [MotusApiImporter] enrichNextBatch(): enriched car id=3531 OK.
[2026-07-28 08:37:15] [MotusApiImporter] enrichNextBatch(): enriched car id=3532 OK.
[2026-07-28 08:37:17] [MotusApiImporter] enrichNextBatch(): enriched car id=3533 OK.
[2026-07-28 08:37:18] [MotusApiImporter] enrichNextBatch(): enriched car id=3534 OK.
[2026-07-28 08:37:23] [MotusApiImporter] enrichNextBatch(): enriched car id=3535 OK.
[2026-07-28 08:37:25] [MotusApiImporter] enrichNextBatch(): enriched car id=3536 OK.
[2026-07-28 08:37:25] [MotusApiImporter] enrichNextBatch(): enriched car id=3537 OK.
[2026-07-28 08:37:27] [MotusApiImporter] enrichNextBatch(): enriched car id=3538 OK.
[2026-07-28 08:37:28] [MotusApiImporter] enrichNextBatch(): enriched car id=3539 OK.
[2026-07-28 08:37:29] [MotusApiImporter] enrichNextBatch(): enriched car id=3540 OK.
[2026-07-28 08:37:31] [MotusApiImporter] enrichNextBatch(): enriched car id=3541 OK.
