[2026-07-24 05:15:02] [MotusApiImporter] sync() STARTED — dealerId=14, sourceRef=https://www.motusvw.co.za/midrand/showroom/
[2026-07-24 05:15:02] [MotusApiImporter] Time budget: 35s, dealerNameFilter="Motus VW Midrand"
[2026-07-24 05:15:03] [MotusApiImporter] crawlDealership() returned 119 row(s) before dealer-name filtering.
[2026-07-24 05:15:03] [MotusApiImporter] After filterByDealerName(): 119 row(s) remain.
[2026-07-24 05:15:03] [MotusApiImporter] --- Processing row 0 (stock/sku: 1446776) ---
[2026-07-24 05:15:03] [MotusApiImporter] parseVehicle() OK — make=VOLKSWAGEN, model=POLO, source_url=https://www.motusvw.co.za/midrand/showroom/625-vwmdf852273/5/, image_urls count=1
[2026-07-24 05:15:05] [MotusApiImporter] Detail page fetched OK for stock #1446776 (https://www.motusvw.co.za/midrand/showroom/625-vwmdf852273/5/) but MotusShowroomParser found no vehicle node in it — the page's markup may not match what this parser expects (e.g. a bot-challenge/interstitial page instead of the real vehicle page).
[2026-07-24 05:15:05] [MotusApiImporter] After enrichFromDetailPage() — engine_capacity_cc=NULL, image_urls count=1
[2026-07-24 05:15:05] [MotusApiImporter] findExistingCar() -> EXISTING car id=1419
[2026-07-24 05:15:05] [MotusApiImporter] updateCar() completed for existing id=1419.
[2026-07-24 05:15:05] [MotusApiImporter] --- Processing row 1 (stock/sku: 1446299) ---
[2026-07-24 05:15:05] [MotusApiImporter] parseVehicle() OK — make=VOLKSWAGEN, model=GOLF 8, source_url=https://www.motusvw.co.za/midrand/showroom/625-vwmdf888609/1/, image_urls count=1
[2026-07-24 05:15:07] [MotusApiImporter] Detail page fetched OK for stock #1446299 (https://www.motusvw.co.za/midrand/showroom/625-vwmdf888609/1/) but MotusShowroomParser found no vehicle node in it — the page's markup may not match what this parser expects (e.g. a bot-challenge/interstitial page instead of the real vehicle page).
[2026-07-24 05:15:07] [MotusApiImporter] After enrichFromDetailPage() — engine_capacity_cc=NULL, image_urls count=1
[2026-07-24 05:15:07] [MotusApiImporter] findExistingCar() -> EXISTING car id=1420
[2026-07-24 05:15:07] [MotusApiImporter] updateCar() completed for existing id=1420.
[2026-07-24 05:15:07] [MotusApiImporter] --- Processing row 2 (stock/sku: 1446532) ---
[2026-07-24 05:15:07] [MotusApiImporter] parseVehicle() OK — make=VOLKSWAGEN, model=POLO, source_url=https://www.motusvw.co.za/midrand/showroom/625-vwmdf883395/1/, image_urls count=1
[2026-07-24 05:15:09] [MotusApiImporter] Detail page fetched OK for stock #1446532 (https://www.motusvw.co.za/midrand/showroom/625-vwmdf883395/1/) but MotusShowroomParser found no vehicle node in it — the page's markup may not match what this parser expects (e.g. a bot-challenge/interstitial page instead of the real vehicle page).
[2026-07-24 05:15:09] [MotusApiImporter] After enrichFromDetailPage() — engine_capacity_cc=NULL, image_urls count=1
[2026-07-24 05:15:09] [MotusApiImporter] findExistingCar() -> EXISTING car id=1421
[2026-07-24 05:15:09] [MotusApiImporter] updateCar() completed for existing id=1421.
[2026-07-24 05:15:09] [MotusApiImporter] --- Processing row 3 (stock/sku: 1446295) ---
[2026-07-24 05:15:09] [MotusApiImporter] parseVehicle() OK — make=VOLKSWAGEN, model=POLO, source_url=https://www.motusvw.co.za/midrand/showroom/625-vwmdf888735/1/, image_urls count=1
[2026-07-24 05:15:10] [MotusApiImporter] Detail page fetched OK for stock #1446295 (https://www.motusvw.co.za/midrand/showroom/625-vwmdf888735/1/) but MotusShowroomParser found no vehicle node in it — the page's markup may not match what this parser expects (e.g. a bot-challenge/interstitial page instead of the real vehicle page).
[2026-07-24 05:15:10] [MotusApiImporter] After enrichFromDetailPage() — engine_capacity_cc=NULL, image_urls count=1
[2026-07-24 05:15:10] [MotusApiImporter] findExistingCar() -> EXISTING car id=1422
[2026-07-24 05:15:10] [MotusApiImporter] updateCar() completed for existing id=1422.
[2026-07-24 05:15:10] [MotusApiImporter] --- Processing row 4 (stock/sku: 1446601) ---
[2026-07-24 05:15:10] [MotusApiImporter] parseVehicle() OK — make=VOLKSWAGEN, model=POLO, source_url=https://www.motusvw.co.za/midrand/showroom/625-bm030used887224/1/, image_urls count=1
[2026-07-24 05:15:12] [MotusApiImporter] Detail page fetched OK for stock #1446601 (https://www.motusvw.co.za/midrand/showroom/625-bm030used887224/1/) but MotusShowroomParser found no vehicle node in it — the page's markup may not match what this parser expects (e.g. a bot-challenge/interstitial page instead of the real vehicle page).
[2026-07-24 05:15:12] [MotusApiImporter] After enrichFromDetailPage() — engine_capacity_cc=NULL, image_urls count=1
[2026-07-24 05:15:12] [MotusApiImporter] findExistingCar() -> EXISTING car id=1423
[2026-07-24 05:15:12] [MotusApiImporter] updateCar() completed for existing id=1423.
[2026-07-24 05:15:12] [MotusApiImporter] --- Processing row 5 (stock/sku: 1446065) ---
[2026-07-24 05:15:12] [MotusApiImporter] parseVehicle() OK — make=VOLKSWAGEN, model=POLO, source_url=https://www.motusvw.co.za/midrand/showroom/625-vwmdf890975/1/, image_urls count=1
[2026-07-24 05:15:14] [MotusApiImporter] Detail page fetched OK for stock #1446065 (https://www.motusvw.co.za/midrand/showroom/625-vwmdf890975/1/) but MotusShowroomParser found no vehicle node in it — the page's markup may not match what this parser expects (e.g. a bot-challenge/interstitial page instead of the real vehicle page).
[2026-07-24 05:15:14] [MotusApiImporter] After enrichFromDetailPage() — engine_capacity_cc=NULL, image_urls count=1
[2026-07-24 05:15:14] [MotusApiImporter] findExistingCar() -> EXISTING car id=1424
[2026-07-24 05:15:14] [MotusApiImporter] updateCar() completed for existing id=1424.
[2026-07-24 05:15:14] [MotusApiImporter] --- Processing row 6 (stock/sku: 1446370) ---
[2026-07-24 05:15:14] [MotusApiImporter] parseVehicle() OK — make=VOLKSWAGEN, model=POLO, source_url=https://www.motusvw.co.za/midrand/showroom/625-vwmdf887435/1/, image_urls count=1
[2026-07-24 05:15:16] [MotusApiImporter] Detail page fetched OK for stock #1446370 (https://www.motusvw.co.za/midrand/showroom/625-vwmdf887435/1/) but MotusShowroomParser found no vehicle node in it — the page's markup may not match what this parser expects (e.g. a bot-challenge/interstitial page instead of the real vehicle page).
[2026-07-24 05:15:16] [MotusApiImporter] After enrichFromDetailPage() — engine_capacity_cc=NULL, image_urls count=1
[2026-07-24 05:15:16] [MotusApiImporter] findExistingCar() -> EXISTING car id=1425
[2026-07-24 05:15:16] [MotusApiImporter] updateCar() completed for existing id=1425.
[2026-07-24 05:15:16] [MotusApiImporter] --- Processing row 7 (stock/sku: 1446517) ---
[2026-07-24 05:15:16] [MotusApiImporter] parseVehicle() OK — make=VOLKSWAGEN, model=POLO VIVO, source_url=https://www.motusvw.co.za/midrand/showroom/625-vwmdf884987/1/, image_urls count=1
[2026-07-24 05:15:17] [MotusApiImporter] Detail page fetched OK for stock #1446517 (https://www.motusvw.co.za/midrand/showroom/625-vwmdf884987/1/) but MotusShowroomParser found no vehicle node in it — the page's markup may not match what this parser expects (e.g. a bot-challenge/interstitial page instead of the real vehicle page).
[2026-07-24 05:15:17] [MotusApiImporter] After enrichFromDetailPage() — engine_capacity_cc=NULL, image_urls count=1
[2026-07-24 05:15:17] [MotusApiImporter] findExistingCar() -> EXISTING car id=1426
[2026-07-24 05:15:17] [MotusApiImporter] updateCar() completed for existing id=1426.
[2026-07-24 05:15:17] [MotusApiImporter] --- Processing row 8 (stock/sku: 1446115) ---
[2026-07-24 05:15:17] [MotusApiImporter] parseVehicle() OK — make=VOLKSWAGEN, model=POLO VIVO, source_url=https://www.motusvw.co.za/midrand/showroom/625-vwmdf891042/2/, image_urls count=1
[2026-07-24 05:15:19] [MotusApiImporter] Detail page fetched OK for stock #1446115 (https://www.motusvw.co.za/midrand/showroom/625-vwmdf891042/2/) but MotusShowroomParser found no vehicle node in it — the page's markup may not match what this parser expects (e.g. a bot-challenge/interstitial page instead of the real vehicle page).
[2026-07-24 05:15:19] [MotusApiImporter] After enrichFromDetailPage() — engine_capacity_cc=NULL, image_urls count=1
[2026-07-24 05:15:19] [MotusApiImporter] findExistingCar() -> EXISTING car id=1427
[2026-07-24 05:15:19] [MotusApiImporter] updateCar() completed for existing id=1427.
[2026-07-24 05:15:19] [MotusApiImporter] --- Processing row 9 (stock/sku: 1446589) ---
[2026-07-24 05:15:19] [MotusApiImporter] parseVehicle() OK — make=VOLKSWAGEN, model=POLO VIVO, source_url=https://www.motusvw.co.za/midrand/showroom/625-vwmdf875588/1/, image_urls count=1
[2026-07-24 05:15:20] [MotusApiImporter] Detail page fetched OK for stock #1446589 (https://www.motusvw.co.za/midrand/showroom/625-vwmdf875588/1/) but MotusShowroomParser found no vehicle node in it — the page's markup may not match what this parser expects (e.g. a bot-challenge/interstitial page instead of the real vehicle page).
[2026-07-24 05:15:20] [MotusApiImporter] After enrichFromDetailPage() — engine_capacity_cc=NULL, image_urls count=1
[2026-07-24 05:15:20] [MotusApiImporter] findExistingCar() -> EXISTING car id=1428
[2026-07-24 05:15:20] [MotusApiImporter] updateCar() completed for existing id=1428.
[2026-07-24 05:15:20] [MotusApiImporter] --- Processing row 10 (stock/sku: 1446083) ---
[2026-07-24 05:15:20] [MotusApiImporter] parseVehicle() OK — make=VOLKSWAGEN, model=T-CROSS, source_url=https://www.motusvw.co.za/midrand/showroom/625-vwmdf891215/1/, image_urls count=1
[2026-07-24 05:15:21] [MotusApiImporter] Detail page fetched OK for stock #1446083 (https://www.motusvw.co.za/midrand/showroom/625-vwmdf891215/1/) but MotusShowroomParser found no vehicle node in it — the page's markup may not match what this parser expects (e.g. a bot-challenge/interstitial page instead of the real vehicle page).
[2026-07-24 05:15:21] [MotusApiImporter] After enrichFromDetailPage() — engine_capacity_cc=NULL, image_urls count=1
[2026-07-24 05:15:21] [MotusApiImporter] findExistingCar() -> EXISTING car id=1429
[2026-07-24 05:15:21] [MotusApiImporter] updateCar() completed for existing id=1429.
[2026-07-24 05:15:21] [MotusApiImporter] --- Processing row 11 (stock/sku: 1446395) ---
[2026-07-24 05:15:21] [MotusApiImporter] parseVehicle() OK — make=VOLKSWAGEN, model=T-CROSS, source_url=https://www.motusvw.co.za/midrand/showroom/625-vwmdf886830/1/, image_urls count=1
[2026-07-24 05:15:23] [MotusApiImporter] Detail page fetched OK for stock #1446395 (https://www.motusvw.co.za/midrand/showroom/625-vwmdf886830/1/) but MotusShowroomParser found no vehicle node in it — the page's markup may not match what this parser expects (e.g. a bot-challenge/interstitial page instead of the real vehicle page).
[2026-07-24 05:15:23] [MotusApiImporter] After enrichFromDetailPage() — engine_capacity_cc=NULL, image_urls count=1
[2026-07-24 05:15:23] [MotusApiImporter] findExistingCar() -> EXISTING car id=1430
[2026-07-24 05:15:23] [MotusApiImporter] updateCar() completed for existing id=1430.
[2026-07-24 05:15:23] [MotusApiImporter] --- Processing row 12 (stock/sku: 1446535) ---
[2026-07-24 05:15:23] [MotusApiImporter] parseVehicle() OK — make=VOLKSWAGEN, model=T-ROC, source_url=https://www.motusvw.co.za/midrand/showroom/625-vwmdf883338/1/, image_urls count=1
[2026-07-24 05:15:25] [MotusApiImporter] Detail page fetched OK for stock #1446535 (https://www.motusvw.co.za/midrand/showroom/625-vwmdf883338/1/) but MotusShowroomParser found no vehicle node in it — the page's markup may not match what this parser expects (e.g. a bot-challenge/interstitial page instead of the real vehicle page).
[2026-07-24 05:15:25] [MotusApiImporter] After enrichFromDetailPage() — engine_capacity_cc=NULL, image_urls count=1
[2026-07-24 05:15:25] [MotusApiImporter] findExistingCar() -> EXISTING car id=1431
[2026-07-24 05:15:25] [MotusApiImporter] updateCar() completed for existing id=1431.
[2026-07-24 05:15:25] [MotusApiImporter] --- Processing row 13 (stock/sku: 1446315) ---
[2026-07-24 05:15:25] [MotusApiImporter] parseVehicle() OK — make=VOLKSWAGEN, model=T-ROC, source_url=https://www.motusvw.co.za/midrand/showroom/625-vwmdf888464/1/, image_urls count=1
[2026-07-24 05:15:27] [MotusApiImporter] Detail page fetched OK for stock #1446315 (https://www.motusvw.co.za/midrand/showroom/625-vwmdf888464/1/) but MotusShowroomParser found no vehicle node in it — the page's markup may not match what this parser expects (e.g. a bot-challenge/interstitial page instead of the real vehicle page).
[2026-07-24 05:15:27] [MotusApiImporter] After enrichFromDetailPage() — engine_capacity_cc=NULL, image_urls count=1
[2026-07-24 05:15:27] [MotusApiImporter] findExistingCar() -> EXISTING car id=1432
[2026-07-24 05:15:27] [MotusApiImporter] updateCar() completed for existing id=1432.
[2026-07-24 05:15:27] [MotusApiImporter] --- Processing row 14 (stock/sku: 1446599) ---
[2026-07-24 05:15:27] [MotusApiImporter] parseVehicle() OK — make=VOLKSWAGEN, model=TIGUAN, source_url=https://www.motusvw.co.za/midrand/showroom/625-vwmdf875100/1/, image_urls count=1
[2026-07-24 05:15:28] [MotusApiImporter] Detail page fetched OK for stock #1446599 (https://www.motusvw.co.za/midrand/showroom/625-vwmdf875100/1/) but MotusShowroomParser found no vehicle node in it — the page's markup may not match what this parser expects (e.g. a bot-challenge/interstitial page instead of the real vehicle page).
[2026-07-24 05:15:28] [MotusApiImporter] After enrichFromDetailPage() — engine_capacity_cc=NULL, image_urls count=1
[2026-07-24 05:15:28] [MotusApiImporter] findExistingCar() -> EXISTING car id=1433
[2026-07-24 05:15:28] [MotusApiImporter] updateCar() completed for existing id=1433.
[2026-07-24 05:15:28] [MotusApiImporter] --- Processing row 15 (stock/sku: 1446192) ---
[2026-07-24 05:15:28] [MotusApiImporter] parseVehicle() OK — make=VOLKSWAGEN, model=TIGUAN, source_url=https://www.motusvw.co.za/midrand/showroom/625-vwmdf890088/2/, image_urls count=1
[2026-07-24 05:15:29] [MotusApiImporter] Detail page fetched OK for stock #1446192 (https://www.motusvw.co.za/midrand/showroom/625-vwmdf890088/2/) but MotusShowroomParser found no vehicle node in it — the page's markup may not match what this parser expects (e.g. a bot-challenge/interstitial page instead of the real vehicle page).
[2026-07-24 05:15:29] [MotusApiImporter] After enrichFromDetailPage() — engine_capacity_cc=NULL, image_urls count=1
[2026-07-24 05:15:29] [MotusApiImporter] findExistingCar() -> EXISTING car id=1434
[2026-07-24 05:15:29] [MotusApiImporter] updateCar() completed for existing id=1434.
[2026-07-24 05:15:29] [MotusApiImporter] --- Processing row 16 (stock/sku: 1446143) ---
[2026-07-24 05:15:29] [MotusApiImporter] parseVehicle() OK — make=VOLKSWAGEN, model=TIGUAN, source_url=https://www.motusvw.co.za/midrand/showroom/625-vwmdf890778/1/, image_urls count=1
[2026-07-24 05:15:30] [MotusApiImporter] Detail page fetched OK for stock #1446143 (https://www.motusvw.co.za/midrand/showroom/625-vwmdf890778/1/) but MotusShowroomParser found no vehicle node in it — the page's markup may not match what this parser expects (e.g. a bot-challenge/interstitial page instead of the real vehicle page).
[2026-07-24 05:15:30] [MotusApiImporter] After enrichFromDetailPage() — engine_capacity_cc=NULL, image_urls count=1
[2026-07-24 05:15:30] [MotusApiImporter] findExistingCar() -> EXISTING car id=1435
[2026-07-24 05:15:30] [MotusApiImporter] updateCar() completed for existing id=1435.
[2026-07-24 05:15:30] [MotusApiImporter] --- Processing row 17 (stock/sku: 1446000) ---
[2026-07-24 05:15:30] [MotusApiImporter] parseVehicle() OK — make=VOLKSWAGEN, model=GOLF, source_url=https://www.motusvw.co.za/midrand/showroom/625-vwmdf892223/0/, image_urls count=1
[2026-07-24 05:15:32] [MotusApiImporter] Detail page fetched OK for stock #1446000 (https://www.motusvw.co.za/midrand/showroom/625-vwmdf892223/0/) but MotusShowroomParser found no vehicle node in it — the page's markup may not match what this parser expects (e.g. a bot-challenge/interstitial page instead of the real vehicle page).
[2026-07-24 05:15:32] [MotusApiImporter] After enrichFromDetailPage() — engine_capacity_cc=NULL, image_urls count=1
[2026-07-24 05:15:32] [MotusApiImporter] findExistingCar() -> EXISTING car id=1436
[2026-07-24 05:15:32] [MotusApiImporter] updateCar() completed for existing id=1436.
[2026-07-24 05:15:32] [MotusApiImporter] --- Processing row 18 (stock/sku: 1445980) ---
[2026-07-24 05:15:32] [MotusApiImporter] parseVehicle() OK — make=VOLKSWAGEN, model=GOLF 8, source_url=https://www.motusvw.co.za/midrand/showroom/625-vwmdf892557/0/, image_urls count=1
[2026-07-24 05:15:34] [MotusApiImporter] Detail page fetched OK for stock #1445980 (https://www.motusvw.co.za/midrand/showroom/625-vwmdf892557/0/) but MotusShowroomParser found no vehicle node in it — the page's markup may not match what this parser expects (e.g. a bot-challenge/interstitial page instead of the real vehicle page).
[2026-07-24 05:15:34] [MotusApiImporter] After enrichFromDetailPage() — engine_capacity_cc=NULL, image_urls count=1
[2026-07-24 05:15:34] [MotusApiImporter] findExistingCar() -> EXISTING car id=1437
[2026-07-24 05:15:34] [MotusApiImporter] updateCar() completed for existing id=1437.
[2026-07-24 05:15:34] [MotusApiImporter] --- Processing row 19 (stock/sku: 1446122) ---
[2026-07-24 05:15:34] [MotusApiImporter] parseVehicle() OK — make=VOLKSWAGEN, model=GOLF 8, source_url=https://www.motusvw.co.za/midrand/showroom/625-vwmdf890926/0/, image_urls count=1
[2026-07-24 05:15:35] [MotusApiImporter] Detail page fetched OK for stock #1446122 (https://www.motusvw.co.za/midrand/showroom/625-vwmdf890926/0/) but MotusShowroomParser found no vehicle node in it — the page's markup may not match what this parser expects (e.g. a bot-challenge/interstitial page instead of the real vehicle page).
[2026-07-24 05:15:35] [MotusApiImporter] After enrichFromDetailPage() — engine_capacity_cc=NULL, image_urls count=1
[2026-07-24 05:15:35] [MotusApiImporter] findExistingCar() -> EXISTING car id=1438
[2026-07-24 05:15:35] [MotusApiImporter] updateCar() completed for existing id=1438.
[2026-07-24 05:15:35] [MotusApiImporter] --- Processing row 20 (stock/sku: 1446022) ---
[2026-07-24 05:15:35] [MotusApiImporter] parseVehicle() OK — make=VOLKSWAGEN, model=GOLF 8, source_url=https://www.motusvw.co.za/midrand/showroom/625-vwmdf892077/0/, image_urls count=1
[2026-07-24 05:15:36] [MotusApiImporter] Detail page fetched OK for stock #1446022 (https://www.motusvw.co.za/midrand/showroom/625-vwmdf892077/0/) but MotusShowroomParser found no vehicle node in it — the page's markup may not match what this parser expects (e.g. a bot-challenge/interstitial page instead of the real vehicle page).
[2026-07-24 05:15:36] [MotusApiImporter] After enrichFromDetailPage() — engine_capacity_cc=NULL, image_urls count=1
[2026-07-24 05:15:36] [MotusApiImporter] findExistingCar() -> EXISTING car id=1439
[2026-07-24 05:15:36] [MotusApiImporter] updateCar() completed for existing id=1439.
[2026-07-24 05:15:36] [MotusApiImporter] --- Processing row 21 (stock/sku: 1446049) ---
[2026-07-24 05:15:36] [MotusApiImporter] parseVehicle() OK — make=VOLKSWAGEN, model=GOLF 8, source_url=https://www.motusvw.co.za/midrand/showroom/625-vwmdf892214/0/, image_urls count=1
[2026-07-24 05:15:37] [MotusApiImporter] Detail page fetched OK for stock #1446049 (https://www.motusvw.co.za/midrand/showroom/625-vwmdf892214/0/) but MotusShowroomParser found no vehicle node in it — the page's markup may not match what this parser expects (e.g. a bot-challenge/interstitial page instead of the real vehicle page).
[2026-07-24 05:15:37] [MotusApiImporter] After enrichFromDetailPage() — engine_capacity_cc=NULL, image_urls count=1
[2026-07-24 05:15:37] [MotusApiImporter] findExistingCar() -> EXISTING car id=1440
[2026-07-24 05:15:37] [MotusApiImporter] updateCar() completed for existing id=1440.
[2026-07-24 05:15:37] [MotusApiImporter] --- Processing row 22 (stock/sku: 1446001) ---
[2026-07-24 05:15:37] [MotusApiImporter] parseVehicle() OK — make=VOLKSWAGEN, model=GOLF 8, source_url=https://www.motusvw.co.za/midrand/showroom/625-vwmdf892266/0/, image_urls count=1
[2026-07-24 05:15:37] [MotusApiImporter] Skipped detail-page fetch for stock #1446001 — time budget already exhausted.
[2026-07-24 05:15:37] [MotusApiImporter] After enrichFromDetailPage() — engine_capacity_cc=NULL, image_urls count=1
[2026-07-24 05:15:37] [MotusApiImporter] findExistingCar() -> EXISTING car id=1441
[2026-07-24 05:15:37] [MotusApiImporter] updateCar() completed for existing id=1441.
[2026-07-24 05:15:37] [MotusApiImporter] --- Processing row 23 (stock/sku: 1446356) ---
[2026-07-24 05:15:37] [MotusApiImporter] parseVehicle() OK — make=VOLKSWAGEN, model=POLO, source_url=https://www.motusvw.co.za/midrand/showroom/625-vwmdf887866/0/, image_urls count=1
[2026-07-24 05:15:37] [MotusApiImporter] Skipped detail-page fetch for stock #1446356 — time budget already exhausted.
[2026-07-24 05:15:37] [MotusApiImporter] After enrichFromDetailPage() — engine_capacity_cc=NULL, image_urls count=1
[2026-07-24 05:15:37] [MotusApiImporter] findExistingCar() -> EXISTING car id=1442
[2026-07-24 05:15:37] [MotusApiImporter] updateCar() completed for existing id=1442.
[2026-07-24 05:15:37] [MotusApiImporter] --- Processing row 24 (stock/sku: 1446129) ---
[2026-07-24 05:15:37] [MotusApiImporter] parseVehicle() OK — make=VOLKSWAGEN, model=POLO, source_url=https://www.motusvw.co.za/midrand/showroom/625-vwmdf890824/0/, image_urls count=1
[2026-07-24 05:15:37] [MotusApiImporter] Skipped detail-page fetch for stock #1446129 — time budget already exhausted.
[2026-07-24 05:15:37] [MotusApiImporter] After enrichFromDetailPage() — engine_capacity_cc=NULL, image_urls count=1
[2026-07-24 05:15:37] [MotusApiImporter] findExistingCar() -> EXISTING car id=1443
[2026-07-24 05:15:37] [MotusApiImporter] updateCar() completed for existing id=1443.
[2026-07-24 05:15:37] [MotusApiImporter] --- Processing row 25 (stock/sku: 1445964) ---
[2026-07-24 05:15:37] [MotusApiImporter] parseVehicle() OK — make=VOLKSWAGEN, model=POLO, source_url=https://www.motusvw.co.za/midrand/showroom/625-vwmdf892733/0/, image_urls count=1
[2026-07-24 05:15:37] [MotusApiImporter] Skipped detail-page fetch for stock #1445964 — time budget already exhausted.
[2026-07-24 05:15:37] [MotusApiImporter] After enrichFromDetailPage() — engine_capacity_cc=NULL, image_urls count=1
[2026-07-24 05:15:37] [MotusApiImporter] findExistingCar() -> EXISTING car id=1444
[2026-07-24 05:15:37] [MotusApiImporter] updateCar() completed for existing id=1444.
[2026-07-24 05:15:37] [MotusApiImporter] --- Processing row 26 (stock/sku: 1446127) ---
[2026-07-24 05:15:37] [MotusApiImporter] parseVehicle() OK — make=VOLKSWAGEN, model=POLO, source_url=https://www.motusvw.co.za/midrand/showroom/625-vwmdf890793/0/, image_urls count=1
[2026-07-24 05:15:37] [MotusApiImporter] Skipped detail-page fetch for stock #1446127 — time budget already exhausted.
[2026-07-24 05:15:37] [MotusApiImporter] After enrichFromDetailPage() — engine_capacity_cc=NULL, image_urls count=1
[2026-07-24 05:15:37] [MotusApiImporter] findExistingCar() -> EXISTING car id=1445
[2026-07-24 05:15:37] [MotusApiImporter] updateCar() completed for existing id=1445.
[2026-07-24 05:15:37] [MotusApiImporter] --- Processing row 27 (stock/sku: 1446009) ---
[2026-07-24 05:15:37] [MotusApiImporter] parseVehicle() OK — make=VOLKSWAGEN, model=POLO, source_url=https://www.motusvw.co.za/midrand/showroom/625-vwmdf892148/0/, image_urls count=1
[2026-07-24 05:15:37] [MotusApiImporter] Skipped detail-page fetch for stock #1446009 — time budget already exhausted.
[2026-07-24 05:15:37] [MotusApiImporter] After enrichFromDetailPage() — engine_capacity_cc=NULL, image_urls count=1
[2026-07-24 05:15:37] [MotusApiImporter] findExistingCar() -> EXISTING car id=1446
[2026-07-24 05:15:37] [MotusApiImporter] updateCar() completed for existing id=1446.
[2026-07-24 05:15:37] [MotusApiImporter] --- Processing row 28 (stock/sku: 1445944) ---
[2026-07-24 05:15:37] [MotusApiImporter] parseVehicle() OK — make=VOLKSWAGEN, model=POLO, source_url=https://www.motusvw.co.za/midrand/showroom/625-vwmdf893079/0/, image_urls count=1
[2026-07-24 05:15:37] [MotusApiImporter] Skipped detail-page fetch for stock #1445944 — time budget already exhausted.
[2026-07-24 05:15:37] [MotusApiImporter] After enrichFromDetailPage() — engine_capacity_cc=NULL, image_urls count=1
[2026-07-24 05:15:37] [MotusApiImporter] findExistingCar() -> EXISTING car id=1447
[2026-07-24 05:15:37] [MotusApiImporter] updateCar() completed for existing id=1447.
[2026-07-24 05:15:37] [MotusApiImporter] --- Processing row 29 (stock/sku: 1445929) ---
[2026-07-24 05:15:37] [MotusApiImporter] parseVehicle() OK — make=VOLKSWAGEN, model=POLO, source_url=https://www.motusvw.co.za/midrand/showroom/625-vwmdf893255/0/, image_urls count=1
[2026-07-24 05:15:37] [MotusApiImporter] Skipped detail-page fetch for stock #1445929 — time budget already exhausted.
[2026-07-24 05:15:37] [MotusApiImporter] After enrichFromDetailPage() — engine_capacity_cc=NULL, image_urls count=1
[2026-07-24 05:15:37] [MotusApiImporter] findExistingCar() -> EXISTING car id=1448
[2026-07-24 05:15:37] [MotusApiImporter] updateCar() completed for existing id=1448.
[2026-07-24 05:15:37] [MotusApiImporter] --- Processing row 30 (stock/sku: 1445930) ---
[2026-07-24 05:15:37] [MotusApiImporter] parseVehicle() OK — make=VOLKSWAGEN, model=POLO, source_url=https://www.motusvw.co.za/midrand/showroom/625-vwmdf893267/0/, image_urls count=1
[2026-07-24 05:15:37] [MotusApiImporter] Skipped detail-page fetch for stock #1445930 — time budget already exhausted.
[2026-07-24 05:15:37] [MotusApiImporter] After enrichFromDetailPage() — engine_capacity_cc=NULL, image_urls count=1
[2026-07-24 05:15:37] [MotusApiImporter] findExistingCar() -> EXISTING car id=1449
[2026-07-24 05:15:37] [MotusApiImporter] updateCar() completed for existing id=1449.
[2026-07-24 05:15:37] [MotusApiImporter] --- Processing row 31 (stock/sku: 1446008) ---
[2026-07-24 05:15:37] [MotusApiImporter] parseVehicle() OK — make=VOLKSWAGEN, model=POLO, source_url=https://www.motusvw.co.za/midrand/showroom/625-vwmdf892145/0/, image_urls count=1
[2026-07-24 05:15:37] [MotusApiImporter] Skipped detail-page fetch for stock #1446008 — time budget already exhausted.
[2026-07-24 05:15:37] [MotusApiImporter] After enrichFromDetailPage() — engine_capacity_cc=NULL, image_urls count=1
[2026-07-24 05:15:37] [MotusApiImporter] findExistingCar() -> EXISTING car id=1450
[2026-07-24 05:15:37] [MotusApiImporter] updateCar() completed for existing id=1450.
[2026-07-24 05:15:37] [MotusApiImporter] --- Processing row 32 (stock/sku: 1445928) ---
[2026-07-24 05:15:37] [MotusApiImporter] parseVehicle() OK — make=VOLKSWAGEN, model=POLO, source_url=https://www.motusvw.co.za/midrand/showroom/625-vwmdf893252/0/, image_urls count=1
[2026-07-24 05:15:37] [MotusApiImporter] Skipped detail-page fetch for stock #1445928 — time budget already exhausted.
[2026-07-24 05:15:37] [MotusApiImporter] After enrichFromDetailPage() — engine_capacity_cc=NULL, image_urls count=1
[2026-07-24 05:15:37] [MotusApiImporter] findExistingCar() -> EXISTING car id=1451
[2026-07-24 05:15:37] [MotusApiImporter] updateCar() completed for existing id=1451.
[2026-07-24 05:15:37] [MotusApiImporter] --- Processing row 33 (stock/sku: 1445915) ---
[2026-07-24 05:15:37] [MotusApiImporter] parseVehicle() OK — make=VOLKSWAGEN, model=POLO, source_url=https://www.motusvw.co.za/midrand/showroom/625-vwmdf893516/0/, image_urls count=1
[2026-07-24 05:15:37] [MotusApiImporter] Skipped detail-page fetch for stock #1445915 — time budget already exhausted.
[2026-07-24 05:15:37] [MotusApiImporter] After enrichFromDetailPage() — engine_capacity_cc=NULL, image_urls count=1
[2026-07-24 05:15:37] [MotusApiImporter] findExistingCar() -> EXISTING car id=1452
[2026-07-24 05:15:37] [MotusApiImporter] updateCar() completed for existing id=1452.
[2026-07-24 05:15:37] [MotusApiImporter] --- Processing row 34 (stock/sku: 1445966) ---
[2026-07-24 05:15:37] [MotusApiImporter] parseVehicle() OK — make=VOLKSWAGEN, model=POLO, source_url=https://www.motusvw.co.za/midrand/showroom/625-vwmdf892527/0/, image_urls count=1
[2026-07-24 05:15:37] [MotusApiImporter] Skipped detail-page fetch for stock #1445966 — time budget already exhausted.
[2026-07-24 05:15:37] [MotusApiImporter] After enrichFromDetailPage() — engine_capacity_cc=NULL, image_urls count=1
[2026-07-24 05:15:37] [MotusApiImporter] findExistingCar() -> EXISTING car id=1453
[2026-07-24 05:15:37] [MotusApiImporter] updateCar() completed for existing id=1453.
[2026-07-24 05:15:37] [MotusApiImporter] --- Processing row 35 (stock/sku: 1445835) ---
[2026-07-24 05:15:37] [MotusApiImporter] parseVehicle() OK — make=VOLKSWAGEN, model=POLO, source_url=https://www.motusvw.co.za/midrand/showroom/625-vwmdf894547/0/, image_urls count=1
[2026-07-24 05:15:37] [MotusApiImporter] Skipped detail-page fetch for stock #1445835 — time budget already exhausted.
[2026-07-24 05:15:37] [MotusApiImporter] After enrichFromDetailPage() — engine_capacity_cc=NULL, image_urls count=1
[2026-07-24 05:15:37] [MotusApiImporter] findExistingCar() -> EXISTING car id=1454
[2026-07-24 05:15:37] [MotusApiImporter] updateCar() completed for existing id=1454.
[2026-07-24 05:15:37] [MotusApiImporter] --- Processing row 36 (stock/sku: 1445857) ---
[2026-07-24 05:15:37] [MotusApiImporter] parseVehicle() OK — make=VOLKSWAGEN, model=POLO VIVO, source_url=https://www.motusvw.co.za/midrand/showroom/625-vwmdf894310/0/, image_urls count=1
[2026-07-24 05:15:37] [MotusApiImporter] Skipped detail-page fetch for stock #1445857 — time budget already exhausted.
[2026-07-24 05:15:37] [MotusApiImporter] After enrichFromDetailPage() — engine_capacity_cc=NULL, image_urls count=1
[2026-07-24 05:15:37] [MotusApiImporter] findExistingCar() -> EXISTING car id=1455
[2026-07-24 05:15:37] [MotusApiImporter] updateCar() completed for existing id=1455.
[2026-07-24 05:15:37] [MotusApiImporter] --- Processing row 37 (stock/sku: 1445858) ---
[2026-07-24 05:15:37] [MotusApiImporter] parseVehicle() OK — make=VOLKSWAGEN, model=POLO VIVO, source_url=https://www.motusvw.co.za/midrand/showroom/625-vwmdf894316/0/, image_urls count=1
[2026-07-24 05:15:37] [MotusApiImporter] Skipped detail-page fetch for stock #1445858 — time budget already exhausted.
[2026-07-24 05:15:37] [MotusApiImporter] After enrichFromDetailPage() — engine_capacity_cc=NULL, image_urls count=1
[2026-07-24 05:15:37] [MotusApiImporter] findExistingCar() -> EXISTING car id=1456
[2026-07-24 05:15:37] [MotusApiImporter] updateCar() completed for existing id=1456.
[2026-07-24 05:15:37] [MotusApiImporter] --- Processing row 38 (stock/sku: 1446130) ---
[2026-07-24 05:15:37] [MotusApiImporter] parseVehicle() OK — make=VOLKSWAGEN, model=POLO VIVO, source_url=https://www.motusvw.co.za/midrand/showroom/625-vwmdf890905/0/, image_urls count=1
[2026-07-24 05:15:37] [MotusApiImporter] Skipped detail-page fetch for stock #1446130 — time budget already exhausted.
[2026-07-24 05:15:37] [MotusApiImporter] After enrichFromDetailPage() — engine_capacity_cc=NULL, image_urls count=1
[2026-07-24 05:15:37] [MotusApiImporter] findExistingCar() -> EXISTING car id=1457
[2026-07-24 05:15:37] [MotusApiImporter] updateCar() completed for existing id=1457.
[2026-07-24 05:15:37] [MotusApiImporter] --- Processing row 39 (stock/sku: 1445963) ---
[2026-07-24 05:15:37] [MotusApiImporter] parseVehicle() OK — make=VOLKSWAGEN, model=T-CROSS, source_url=https://www.motusvw.co.za/midrand/showroom/625-vwmdf892729/0/, image_urls count=1
[2026-07-24 05:15:37] [MotusApiImporter] Skipped detail-page fetch for stock #1445963 — time budget already exhausted.
[2026-07-24 05:15:37] [MotusApiImporter] After enrichFromDetailPage() — engine_capacity_cc=NULL, image_urls count=1
[2026-07-24 05:15:37] [MotusApiImporter] findExistingCar() -> EXISTING car id=1458
[2026-07-24 05:15:37] [MotusApiImporter] updateCar() completed for existing id=1458.
[2026-07-24 05:15:37] [MotusApiImporter] --- Processing row 40 (stock/sku: 1445833) ---
[2026-07-24 05:15:37] [MotusApiImporter] parseVehicle() OK — make=VOLKSWAGEN, model=T-CROSS, source_url=https://www.motusvw.co.za/midrand/showroom/625-vwmdf895060/0/, image_urls count=1
[2026-07-24 05:15:37] [MotusApiImporter] Skipped detail-page fetch for stock #1445833 — time budget already exhausted.
[2026-07-24 05:15:37] [MotusApiImporter] After enrichFromDetailPage() — engine_capacity_cc=NULL, image_urls count=1
[2026-07-24 05:15:37] [MotusApiImporter] findExistingCar() -> EXISTING car id=1459
[2026-07-24 05:15:37] [MotusApiImporter] updateCar() completed for existing id=1459.
[2026-07-24 05:15:37] [MotusApiImporter] --- Processing row 41 (stock/sku: 1445916) ---
[2026-07-24 05:15:37] [MotusApiImporter] parseVehicle() OK — make=VOLKSWAGEN, model=T-CROSS, source_url=https://www.motusvw.co.za/midrand/showroom/625-vwmdf893597/0/, image_urls count=1
[2026-07-24 05:15:37] [MotusApiImporter] Skipped detail-page fetch for stock #1445916 — time budget already exhausted.
[2026-07-24 05:15:37] [MotusApiImporter] After enrichFromDetailPage() — engine_capacity_cc=NULL, image_urls count=1
[2026-07-24 05:15:37] [MotusApiImporter] findExistingCar() -> EXISTING car id=1460
[2026-07-24 05:15:37] [MotusApiImporter] updateCar() completed for existing id=1460.
[2026-07-24 05:15:37] [MotusApiImporter] --- Processing row 42 (stock/sku: 1445895) ---
[2026-07-24 05:15:37] [MotusApiImporter] parseVehicle() OK — make=VOLKSWAGEN, model=T-CROSS, source_url=https://www.motusvw.co.za/midrand/showroom/625-vwmdf894000/0/, image_urls count=1
[2026-07-24 05:15:37] [MotusApiImporter] Skipped detail-page fetch for stock #1445895 — time budget already exhausted.
[2026-07-24 05:15:37] [MotusApiImporter] After enrichFromDetailPage() — engine_capacity_cc=NULL, image_urls count=1
[2026-07-24 05:15:37] [MotusApiImporter] findExistingCar() -> EXISTING car id=1461
[2026-07-24 05:15:37] [MotusApiImporter] updateCar() completed for existing id=1461.
[2026-07-24 05:15:37] [MotusApiImporter] --- Processing row 43 (stock/sku: 1445907) ---
[2026-07-24 05:15:37] [MotusApiImporter] parseVehicle() OK — make=VOLKSWAGEN, model=TIGUAN, source_url=https://www.motusvw.co.za/midrand/showroom/625-vwmdf893709/0/, image_urls count=1
[2026-07-24 05:15:37] [MotusApiImporter] Skipped detail-page fetch for stock #1445907 — time budget already exhausted.
[2026-07-24 05:15:37] [MotusApiImporter] After enrichFromDetailPage() — engine_capacity_cc=NULL, image_urls count=1
[2026-07-24 05:15:37] [MotusApiImporter] findExistingCar() -> EXISTING car id=1462
[2026-07-24 05:15:37] [MotusApiImporter] updateCar() completed for existing id=1462.
[2026-07-24 05:15:37] [MotusApiImporter] --- Processing row 44 (stock/sku: 1446283) ---
[2026-07-24 05:15:37] [MotusApiImporter] parseVehicle() OK — make=VOLKSWAGEN, model=TIGUAN, source_url=https://www.motusvw.co.za/midrand/showroom/625-vwmdf888104/0/, image_urls count=1
[2026-07-24 05:15:37] [MotusApiImporter] Skipped detail-page fetch for stock #1446283 — time budget already exhausted.
[2026-07-24 05:15:37] [MotusApiImporter] After enrichFromDetailPage() — engine_capacity_cc=NULL, image_urls count=1
[2026-07-24 05:15:37] [MotusApiImporter] findExistingCar() -> EXISTING car id=1463
[2026-07-24 05:15:37] [MotusApiImporter] updateCar() completed for existing id=1463.
[2026-07-24 05:15:37] [MotusApiImporter] --- Processing row 45 (stock/sku: 1446223) ---
[2026-07-24 05:15:37] [MotusApiImporter] parseVehicle() OK — make=JEEP, model=RENEGADE, source_url=https://www.motusvw.co.za/midrand/showroom/625-vwmdf889687/1/, image_urls count=1
[2026-07-24 05:15:37] [MotusApiImporter] Skipped detail-page fetch for stock #1446223 — time budget already exhausted.
[2026-07-24 05:15:37] [MotusApiImporter] After enrichFromDetailPage() — engine_capacity_cc=NULL, image_urls count=1
[2026-07-24 05:15:37] [MotusApiImporter] findExistingCar() -> EXISTING car id=1464
[2026-07-24 05:15:37] [MotusApiImporter] updateCar() completed for existing id=1464.
[2026-07-24 05:15:37] [MotusApiImporter] --- Processing row 46 (stock/sku: 1445923) ---
[2026-07-24 05:15:37] [MotusApiImporter] parseVehicle() OK — make=BMW, model=2 SERIES, source_url=https://www.motusvw.co.za/midrand/showroom/625-vwmdf893379/1/, image_urls count=1
[2026-07-24 05:15:37] [MotusApiImporter] Skipped detail-page fetch for stock #1445923 — time budget already exhausted.
[2026-07-24 05:15:37] [MotusApiImporter] After enrichFromDetailPage() — engine_capacity_cc=NULL, image_urls count=1
[2026-07-24 05:15:37] [MotusApiImporter] findExistingCar() -> EXISTING car id=1465
[2026-07-24 05:15:37] [MotusApiImporter] updateCar() completed for existing id=1465.
[2026-07-24 05:15:37] [MotusApiImporter] --- Processing row 47 (stock/sku: 1445943) ---
[2026-07-24 05:15:37] [MotusApiImporter] parseVehicle() OK — make=FORD, model=ECOSPORT, source_url=https://www.motusvw.co.za/midrand/showroom/625-vwmdf893075/1/, image_urls count=1
[2026-07-24 05:15:37] [MotusApiImporter] Skipped detail-page fetch for stock #1445943 — time budget already exhausted.
[2026-07-24 05:15:37] [MotusApiImporter] After enrichFromDetailPage() — engine_capacity_cc=NULL, image_urls count=1
[2026-07-24 05:15:37] [MotusApiImporter] findExistingCar() -> EXISTING car id=1466
[2026-07-24 05:15:37] [MotusApiImporter] updateCar() completed for existing id=1466.
[2026-07-24 05:15:37] [MotusApiImporter] --- Processing row 48 (stock/sku: 1446850) ---
[2026-07-24 05:15:37] [MotusApiImporter] parseVehicle() OK — make=VOLKSWAGEN, model=POLO, source_url=https://www.motusvw.co.za/midrand/showroom/625-vwmdf258260/1/, image_urls count=1
[2026-07-24 05:15:37] [MotusApiImporter] Skipped detail-page fetch for stock #1446850 — time budget already exhausted.
[2026-07-24 05:15:37] [MotusApiImporter] After enrichFromDetailPage() — engine_capacity_cc=NULL, image_urls count=1
[2026-07-24 05:15:37] [MotusApiImporter] findExistingCar() -> EXISTING car id=1467
[2026-07-24 05:15:37] [MotusApiImporter] updateCar() completed for existing id=1467.
[2026-07-24 05:15:37] [MotusApiImporter] --- Processing row 49 (stock/sku: 1446505) ---
[2026-07-24 05:15:37] [MotusApiImporter] parseVehicle() OK — make=VOLKSWAGEN, model=POLO VIVO, source_url=https://www.motusvw.co.za/midrand/showroom/625-vwmdf608385/2/, image_urls count=1
[2026-07-24 05:15:37] [MotusApiImporter] Skipped detail-page fetch for stock #1446505 — time budget already exhausted.
[2026-07-24 05:15:37] [MotusApiImporter] After enrichFromDetailPage() — engine_capacity_cc=NULL, image_urls count=1
[2026-07-24 05:15:37] [MotusApiImporter] findExistingCar() -> EXISTING car id=1468
[2026-07-24 05:15:37] [MotusApiImporter] updateCar() completed for existing id=1468.
[2026-07-24 05:15:37] [MotusApiImporter] --- Processing row 50 (stock/sku: 1446800) ---
[2026-07-24 05:15:37] [MotusApiImporter] parseVehicle() OK — make=VOLKSWAGEN, model=TIGUAN, source_url=https://www.motusvw.co.za/midrand/showroom/625-vwmdf829969/1/, image_urls count=1
[2026-07-24 05:15:37] [MotusApiImporter] Skipped detail-page fetch for stock #1446800 — time budget already exhausted.
[2026-07-24 05:15:37] [MotusApiImporter] After enrichFromDetailPage() — engine_capacity_cc=NULL, image_urls count=1
[2026-07-24 05:15:37] [MotusApiImporter] findExistingCar() -> EXISTING car id=1469
[2026-07-24 05:15:37] [MotusApiImporter] updateCar() completed for existing id=1469.
[2026-07-24 05:15:37] [MotusApiImporter] --- Processing row 51 (stock/sku: 1446792) ---
[2026-07-24 05:15:37] [MotusApiImporter] parseVehicle() OK — make=VOLKSWAGEN, model=TIGUAN ALLSPACE, source_url=https://www.motusvw.co.za/midrand/showroom/625-vwmdf838290/1/, image_urls count=1
[2026-07-24 05:15:37] [MotusApiImporter] Skipped detail-page fetch for stock #1446792 — time budget already exhausted.
[2026-07-24 05:15:37] [MotusApiImporter] After enrichFromDetailPage() — engine_capacity_cc=NULL, image_urls count=1
[2026-07-24 05:15:37] [MotusApiImporter] findExistingCar() -> EXISTING car id=1470
[2026-07-24 05:15:37] [MotusApiImporter] updateCar() completed for existing id=1470.
[2026-07-24 05:15:37] [MotusApiImporter] --- Processing row 52 (stock/sku: 1446153) ---
[2026-07-24 05:15:37] [MotusApiImporter] parseVehicle() OK — make=VOLKSWAGEN, model=TIGUAN, source_url=https://www.motusvw.co.za/midrand/showroom/625-vwmdf762579/1/, image_urls count=1
[2026-07-24 05:15:37] [MotusApiImporter] Skipped detail-page fetch for stock #1446153 — time budget already exhausted.
[2026-07-24 05:15:37] [MotusApiImporter] After enrichFromDetailPage() — engine_capacity_cc=NULL, image_urls count=1
[2026-07-24 05:15:37] [MotusApiImporter] findExistingCar() -> EXISTING car id=1471
[2026-07-24 05:15:37] [MotusApiImporter] updateCar() completed for existing id=1471.
[2026-07-24 05:15:37] [MotusApiImporter] --- Processing row 53 (stock/sku: 1446811) ---
[2026-07-24 05:15:37] [MotusApiImporter] parseVehicle() OK — make=FORD, model=ECOSPORT, source_url=https://www.motusvw.co.za/midrand/showroom/625-vwmdf889981/1/, image_urls count=1
[2026-07-24 05:15:37] [MotusApiImporter] Skipped detail-page fetch for stock #1446811 — time budget already exhausted.
[2026-07-24 05:15:37] [MotusApiImporter] After enrichFromDetailPage() — engine_capacity_cc=NULL, image_urls count=1
[2026-07-24 05:15:37] [MotusApiImporter] findExistingCar() -> EXISTING car id=1472
[2026-07-24 05:15:37] [MotusApiImporter] updateCar() completed for existing id=1472.
[2026-07-24 05:15:37] [MotusApiImporter] --- Processing row 54 (stock/sku: 1445937) ---
[2026-07-24 05:15:37] [MotusApiImporter] parseVehicle() OK — make=FORD, model=FIGO, source_url=https://www.motusvw.co.za/midrand/showroom/625-vwmdf893195/1/, image_urls count=1
[2026-07-24 05:15:37] [MotusApiImporter] Skipped detail-page fetch for stock #1445937 — time budget already exhausted.
[2026-07-24 05:15:37] [MotusApiImporter] After enrichFromDetailPage() — engine_capacity_cc=NULL, image_urls count=1
[2026-07-24 05:15:37] [MotusApiImporter] findExistingCar() -> EXISTING car id=1473
[2026-07-24 05:15:37] [MotusApiImporter] updateCar() completed for existing id=1473.
[2026-07-24 05:15:37] [MotusApiImporter] --- Processing row 55 (stock/sku: 1446382) ---
[2026-07-24 05:15:37] [MotusApiImporter] parseVehicle() OK — make=VOLKSWAGEN, model=AMAROK, source_url=https://www.motusvw.co.za/midrand/showroom/625-vwmdf421690/1/, image_urls count=1
[2026-07-24 05:15:37] [MotusApiImporter] Skipped detail-page fetch for stock #1446382 — time budget already exhausted.
[2026-07-24 05:15:37] [MotusApiImporter] After enrichFromDetailPage() — engine_capacity_cc=NULL, image_urls count=1
[2026-07-24 05:15:37] [MotusApiImporter] findExistingCar() -> EXISTING car id=1474
[2026-07-24 05:15:37] [MotusApiImporter] updateCar() completed for existing id=1474.
[2026-07-24 05:15:37] [MotusApiImporter] --- Processing row 56 (stock/sku: 1446801) ---
[2026-07-24 05:15:37] [MotusApiImporter] parseVehicle() OK — make=VOLKSWAGEN, model=T-CROSS, source_url=https://www.motusvw.co.za/midrand/showroom/625-vwmdf423363/2/, image_urls count=1
[2026-07-24 05:15:37] [MotusApiImporter] Skipped detail-page fetch for stock #1446801 — time budget already exhausted.
[2026-07-24 05:15:37] [MotusApiImporter] After enrichFromDetailPage() — engine_capacity_cc=NULL, image_urls count=1
[2026-07-24 05:15:37] [MotusApiImporter] findExistingCar() -> EXISTING car id=1475
[2026-07-24 05:15:37] [MotusApiImporter] updateCar() completed for existing id=1475.
[2026-07-24 05:15:37] [MotusApiImporter] --- Processing row 57 (stock/sku: 1446410) ---
[2026-07-24 05:15:37] [MotusApiImporter] parseVehicle() OK — make=VOLKSWAGEN, model=TRANSPORTER, source_url=https://www.motusvw.co.za/midrand/showroom/625-vwmdf886408/4/, image_urls count=1
[2026-07-24 05:15:37] [MotusApiImporter] Skipped detail-page fetch for stock #1446410 — time budget already exhausted.
[2026-07-24 05:15:37] [MotusApiImporter] After enrichFromDetailPage() — engine_capacity_cc=NULL, image_urls count=1
[2026-07-24 05:15:37] [MotusApiImporter] findExistingCar() -> EXISTING car id=1476
[2026-07-24 05:15:37] [MotusApiImporter] updateCar() completed for existing id=1476.
[2026-07-24 05:15:37] [MotusApiImporter] --- Processing row 58 (stock/sku: 1445899) ---
[2026-07-24 05:15:37] [MotusApiImporter] parseVehicle() OK — make=VOLKSWAGEN, model=TRANSPORTER, source_url=https://www.motusvw.co.za/midrand/showroom/625-vwmdf893863/1/, image_urls count=1
[2026-07-24 05:15:37] [MotusApiImporter] Skipped detail-page fetch for stock #1445899 — time budget already exhausted.
[2026-07-24 05:15:37] [MotusApiImporter] After enrichFromDetailPage() — engine_capacity_cc=NULL, image_urls count=1
[2026-07-24 05:15:37] [MotusApiImporter] findExistingCar() -> EXISTING car id=1477
[2026-07-24 05:15:37] [MotusApiImporter] updateCar() completed for existing id=1477.
[2026-07-24 05:15:37] [MotusApiImporter] --- Processing row 59 (stock/sku: 1446142) ---
[2026-07-24 05:15:37] [MotusApiImporter] parseVehicle() OK — make=BMW, model=4 SERIES, source_url=https://www.motusvw.co.za/midrand/showroom/625-vwmdf890748/1/, image_urls count=1
[2026-07-24 05:15:37] [MotusApiImporter] Skipped detail-page fetch for stock #1446142 — time budget already exhausted.
[2026-07-24 05:15:37] [MotusApiImporter] After enrichFromDetailPage() — engine_capacity_cc=NULL, image_urls count=1
[2026-07-24 05:15:37] [MotusApiImporter] findExistingCar() -> EXISTING car id=1478
[2026-07-24 05:15:37] [MotusApiImporter] updateCar() completed for existing id=1478.
[2026-07-24 05:15:37] [MotusApiImporter] --- Processing row 60 (stock/sku: 1446010) ---
[2026-07-24 05:15:37] [MotusApiImporter] parseVehicle() OK — make=JAGUAR, model=F-PACE, source_url=https://www.motusvw.co.za/midrand/showroom/625-vwmdf892204/1/, image_urls count=1
[2026-07-24 05:15:38] [MotusApiImporter] Skipped detail-page fetch for stock #1446010 — time budget already exhausted.
[2026-07-24 05:15:38] [MotusApiImporter] After enrichFromDetailPage() — engine_capacity_cc=NULL, image_urls count=1
[2026-07-24 05:15:38] [MotusApiImporter] findExistingCar() -> EXISTING car id=1479
[2026-07-24 05:15:38] [MotusApiImporter] updateCar() completed for existing id=1479.
[2026-07-24 05:15:38] [MotusApiImporter] --- Processing row 61 (stock/sku: 1448883) ---
[2026-07-24 05:15:38] [MotusApiImporter] parseVehicle() OK — make=KIA, model=RIO, source_url=https://www.motusvw.co.za/midrand/showroom/625-vwmvusc894215/1/, image_urls count=1
[2026-07-24 05:15:38] [MotusApiImporter] Skipped detail-page fetch for stock #1448883 — time budget already exhausted.
[2026-07-24 05:15:38] [MotusApiImporter] After enrichFromDetailPage() — engine_capacity_cc=NULL, image_urls count=1
[2026-07-24 05:15:38] [MotusApiImporter] findExistingCar() -> EXISTING car id=1539
[2026-07-24 05:15:38] [MotusApiImporter] updateCar() completed for existing id=1539.
[2026-07-24 05:15:38] [MotusApiImporter] --- Processing row 62 (stock/sku: 1445715) ---
[2026-07-24 05:15:38] [MotusApiImporter] parseVehicle() OK — make=RENAULT, model=CLIO, source_url=https://www.motusvw.co.za/midrand/showroom/625-vwmdf896334/1/, image_urls count=1
[2026-07-24 05:15:38] [MotusApiImporter] Skipped detail-page fetch for stock #1445715 — time budget already exhausted.
[2026-07-24 05:15:38] [MotusApiImporter] After enrichFromDetailPage() — engine_capacity_cc=NULL, image_urls count=1
[2026-07-24 05:15:38] [MotusApiImporter] findExistingCar() -> EXISTING car id=1481
[2026-07-24 05:15:38] [MotusApiImporter] updateCar() completed for existing id=1481.
[2026-07-24 05:15:38] [MotusApiImporter] --- Processing row 63 (stock/sku: 1445883) ---
[2026-07-24 05:15:38] [MotusApiImporter] parseVehicle() OK — make=VOLKSWAGEN, model=POLO VIVO, source_url=https://www.motusvw.co.za/midrand/showroom/625-vwmdf894125/2/, image_urls count=1
[2026-07-24 05:15:38] [MotusApiImporter] Skipped detail-page fetch for stock #1445883 — time budget already exhausted.
[2026-07-24 05:15:38] [MotusApiImporter] After enrichFromDetailPage() — engine_capacity_cc=NULL, image_urls count=1
[2026-07-24 05:15:38] [MotusApiImporter] findExistingCar() -> EXISTING car id=1482
[2026-07-24 05:15:38] [MotusApiImporter] updateCar() completed for existing id=1482.
[2026-07-24 05:15:38] [MotusApiImporter] --- Processing row 64 (stock/sku: 1445714) ---
[2026-07-24 05:15:38] [MotusApiImporter] parseVehicle() OK — make=VOLKSWAGEN, model=POLO VIVO, source_url=https://www.motusvw.co.za/midrand/showroom/625-vwmdf896260/1/, image_urls count=1
[2026-07-24 05:15:38] [MotusApiImporter] Skipped detail-page fetch for stock #1445714 — time budget already exhausted.
[2026-07-24 05:15:38] [MotusApiImporter] After enrichFromDetailPage() — engine_capacity_cc=NULL, image_urls count=1
[2026-07-24 05:15:38] [MotusApiImporter] findExistingCar() -> EXISTING car id=1483
[2026-07-24 05:15:38] [MotusApiImporter] updateCar() completed for existing id=1483.
[2026-07-24 05:15:38] [MotusApiImporter] --- Processing row 65 (stock/sku: 1446735) ---
[2026-07-24 05:15:38] [MotusApiImporter] parseVehicle() OK — make=VOLKSWAGEN, model=TAIGO, source_url=https://www.motusvw.co.za/midrand/showroom/625-vwmdf861673/2/, image_urls count=1
[2026-07-24 05:15:38] [MotusApiImporter] Skipped detail-page fetch for stock #1446735 — time budget already exhausted.
[2026-07-24 05:15:38] [MotusApiImporter] After enrichFromDetailPage() — engine_capacity_cc=NULL, image_urls count=1
[2026-07-24 05:15:38] [MotusApiImporter] findExistingCar() -> EXISTING car id=1485
[2026-07-24 05:15:38] [MotusApiImporter] updateCar() completed for existing id=1485.
[2026-07-24 05:15:38] [MotusApiImporter] --- Processing row 66 (stock/sku: 1445959) ---
[2026-07-24 05:15:38] [MotusApiImporter] parseVehicle() OK — make=VOLKSWAGEN, model=TRANSPORTER, source_url=https://www.motusvw.co.za/midrand/showroom/625-vwmdf425954/1/, image_urls count=1
[2026-07-24 05:15:38] [MotusApiImporter] Skipped detail-page fetch for stock #1445959 — time budget already exhausted.
[2026-07-24 05:15:38] [MotusApiImporter] After enrichFromDetailPage() — engine_capacity_cc=NULL, image_urls count=1
[2026-07-24 05:15:38] [MotusApiImporter] findExistingCar() -> EXISTING car id=1486
[2026-07-24 05:15:38] [MotusApiImporter] updateCar() completed for existing id=1486.
[2026-07-24 05:15:38] [MotusApiImporter] --- Processing row 67 (stock/sku: 1446051) ---
[2026-07-24 05:15:38] [MotusApiImporter] parseVehicle() OK — make=VOLKSWAGEN, model=AMAROK, source_url=https://www.motusvw.co.za/midrand/showroom/625-vwmdf891606/1/, image_urls count=1
[2026-07-24 05:15:38] [MotusApiImporter] Skipped detail-page fetch for stock #1446051 — time budget already exhausted.
[2026-07-24 05:15:38] [MotusApiImporter] After enrichFromDetailPage() — engine_capacity_cc=NULL, image_urls count=1
[2026-07-24 05:15:38] [MotusApiImporter] findExistingCar() -> EXISTING car id=1487
[2026-07-24 05:15:38] [MotusApiImporter] updateCar() completed for existing id=1487.
[2026-07-24 05:15:38] [MotusApiImporter] --- Processing row 68 (stock/sku: 1446086) ---
[2026-07-24 05:15:38] [MotusApiImporter] parseVehicle() OK — make=VOLKSWAGEN, model=POLO, source_url=https://www.motusvw.co.za/midrand/showroom/625-vwmdf891191/1/, image_urls count=1
[2026-07-24 05:15:38] [MotusApiImporter] Skipped detail-page fetch for stock #1446086 — time budget already exhausted.
[2026-07-24 05:15:38] [MotusApiImporter] After enrichFromDetailPage() — engine_capacity_cc=NULL, image_urls count=1
[2026-07-24 05:15:38] [MotusApiImporter] findExistingCar() -> EXISTING car id=1489
[2026-07-24 05:15:38] [MotusApiImporter] updateCar() completed for existing id=1489.
[2026-07-24 05:15:38] [MotusApiImporter] --- Processing row 69 (stock/sku: 1446654) ---
[2026-07-24 05:15:38] [MotusApiImporter] parseVehicle() OK — make=AUDI, model=Q2, source_url=https://www.motusvw.co.za/midrand/showroom/625-vwmdf872129/1/, image_urls count=1
[2026-07-24 05:15:38] [MotusApiImporter] Skipped detail-page fetch for stock #1446654 — time budget already exhausted.
[2026-07-24 05:15:38] [MotusApiImporter] After enrichFromDetailPage() — engine_capacity_cc=NULL, image_urls count=1
[2026-07-24 05:15:38] [MotusApiImporter] findExistingCar() -> EXISTING car id=1490
[2026-07-24 05:15:38] [MotusApiImporter] updateCar() completed for existing id=1490.
[2026-07-24 05:15:38] [MotusApiImporter] --- Processing row 70 (stock/sku: 1449184) ---
[2026-07-24 05:15:38] [MotusApiImporter] parseVehicle() OK — make=FORD, model=RANGER, source_url=https://www.motusvw.co.za/midrand/showroom/625-vwmdf895758/1/, image_urls count=1
[2026-07-24 05:15:38] [MotusApiImporter] Skipped detail-page fetch for stock #1449184 — time budget already exhausted.
[2026-07-24 05:15:38] [MotusApiImporter] After enrichFromDetailPage() — engine_capacity_cc=NULL, image_urls count=1
[2026-07-24 05:15:38] [MotusApiImporter] findExistingCar() -> EXISTING car id=1588
[2026-07-24 05:15:38] [MotusApiImporter] updateCar() completed for existing id=1588.
[2026-07-24 05:15:38] [MotusApiImporter] --- Processing row 71 (stock/sku: 1448032) ---
[2026-07-24 05:15:38] [MotusApiImporter] parseVehicle() OK — make=HYUNDAI, model=GRAND CRETA, source_url=https://www.motusvw.co.za/midrand/showroom/625-vwmvusc853094/1/, image_urls count=1
[2026-07-24 05:15:38] [MotusApiImporter] Skipped detail-page fetch for stock #1448032 — time budget already exhausted.
[2026-07-24 05:15:38] [MotusApiImporter] After enrichFromDetailPage() — engine_capacity_cc=NULL, image_urls count=1
[2026-07-24 05:15:38] [MotusApiImporter] findExistingCar() -> EXISTING car id=1491
[2026-07-24 05:15:38] [MotusApiImporter] updateCar() completed for existing id=1491.
[2026-07-24 05:15:38] [MotusApiImporter] --- Processing row 72 (stock/sku: 1446809) ---
[2026-07-24 05:15:38] [MotusApiImporter] parseVehicle() OK — make=KIA, model=PICANTO, source_url=https://www.motusvw.co.za/midrand/showroom/625-vwmdf894445/1/, image_urls count=1
[2026-07-24 05:15:38] [MotusApiImporter] Skipped detail-page fetch for stock #1446809 — time budget already exhausted.
[2026-07-24 05:15:38] [MotusApiImporter] After enrichFromDetailPage() — engine_capacity_cc=NULL, image_urls count=1
[2026-07-24 05:15:38] [MotusApiImporter] findExistingCar() -> EXISTING car id=1492
[2026-07-24 05:15:38] [MotusApiImporter] updateCar() completed for existing id=1492.
[2026-07-24 05:15:38] [MotusApiImporter] --- Processing row 73 (stock/sku: 1446810) ---
[2026-07-24 05:15:38] [MotusApiImporter] parseVehicle() OK — make=NISSAN, model=MAGNITE, source_url=https://www.motusvw.co.za/midrand/showroom/625-vwmdf894838/1/, image_urls count=1
[2026-07-24 05:15:38] [MotusApiImporter] Skipped detail-page fetch for stock #1446810 — time budget already exhausted.
[2026-07-24 05:15:38] [MotusApiImporter] After enrichFromDetailPage() — engine_capacity_cc=NULL, image_urls count=1
[2026-07-24 05:15:38] [MotusApiImporter] findExistingCar() -> EXISTING car id=1493
[2026-07-24 05:15:38] [MotusApiImporter] updateCar() completed for existing id=1493.
[2026-07-24 05:15:38] [MotusApiImporter] --- Processing row 74 (stock/sku: 1446523) ---
[2026-07-24 05:15:38] [MotusApiImporter] parseVehicle() OK — make=TOYOTA, model=COROLLA CROSS, source_url=https://www.motusvw.co.za/midrand/showroom/625-bm037used896315/1/, image_urls count=1
[2026-07-24 05:15:38] [MotusApiImporter] Skipped detail-page fetch for stock #1446523 — time budget already exhausted.
[2026-07-24 05:15:38] [MotusApiImporter] After enrichFromDetailPage() — engine_capacity_cc=NULL, image_urls count=1
[2026-07-24 05:15:38] [MotusApiImporter] findExistingCar() -> EXISTING car id=1494
[2026-07-24 05:15:38] [MotusApiImporter] updateCar() completed for existing id=1494.
[2026-07-24 05:15:38] [MotusApiImporter] --- Processing row 75 (stock/sku: 1445994) ---
[2026-07-24 05:15:38] [MotusApiImporter] parseVehicle() OK — make=TOYOTA, model=HILUX, source_url=https://www.motusvw.co.za/midrand/showroom/625-vwmdf892356/1/, image_urls count=1
[2026-07-24 05:15:38] [MotusApiImporter] Skipped detail-page fetch for stock #1445994 — time budget already exhausted.
[2026-07-24 05:15:38] [MotusApiImporter] After enrichFromDetailPage() — engine_capacity_cc=NULL, image_urls count=1
[2026-07-24 05:15:38] [MotusApiImporter] findExistingCar() -> EXISTING car id=1495
[2026-07-24 05:15:38] [MotusApiImporter] updateCar() completed for existing id=1495.
[2026-07-24 05:15:38] [MotusApiImporter] --- Processing row 76 (stock/sku: 1446028) ---
[2026-07-24 05:15:38] [MotusApiImporter] parseVehicle() OK — make=VOLKSWAGEN, model=AMAROK, source_url=https://www.motusvw.co.za/midrand/showroom/625-vwmdf850170/1/, image_urls count=1
[2026-07-24 05:15:38] [MotusApiImporter] Skipped detail-page fetch for stock #1446028 — time budget already exhausted.
[2026-07-24 05:15:38] [MotusApiImporter] After enrichFromDetailPage() — engine_capacity_cc=NULL, image_urls count=1
[2026-07-24 05:15:38] [MotusApiImporter] findExistingCar() -> EXISTING car id=1496
[2026-07-24 05:15:38] [MotusApiImporter] updateCar() completed for existing id=1496.
[2026-07-24 05:15:38] [MotusApiImporter] --- Processing row 77 (stock/sku: 1445881) ---
[2026-07-24 05:15:38] [MotusApiImporter] parseVehicle() OK — make=VOLKSWAGEN, model=POLO, source_url=https://www.motusvw.co.za/midrand/showroom/625-vwmdf894037/1/, image_urls count=1
[2026-07-24 05:15:38] [MotusApiImporter] Skipped detail-page fetch for stock #1445881 — time budget already exhausted.
[2026-07-24 05:15:38] [MotusApiImporter] After enrichFromDetailPage() — engine_capacity_cc=NULL, image_urls count=1
[2026-07-24 05:15:38] [MotusApiImporter] findExistingCar() -> EXISTING car id=1497
[2026-07-24 05:15:38] [MotusApiImporter] updateCar() completed for existing id=1497.
[2026-07-24 05:15:38] [MotusApiImporter] --- Processing row 78 (stock/sku: 1446323) ---
[2026-07-24 05:15:38] [MotusApiImporter] parseVehicle() OK — make=VOLKSWAGEN, model=POLO, source_url=https://www.motusvw.co.za/midrand/showroom/625-vwmdf888345/1/, image_urls count=1
[2026-07-24 05:15:38] [MotusApiImporter] Skipped detail-page fetch for stock #1446323 — time budget already exhausted.
[2026-07-24 05:15:38] [MotusApiImporter] After enrichFromDetailPage() — engine_capacity_cc=NULL, image_urls count=1
[2026-07-24 05:15:38] [MotusApiImporter] findExistingCar() -> EXISTING car id=1498
[2026-07-24 05:15:38] [MotusApiImporter] updateCar() completed for existing id=1498.
[2026-07-24 05:15:38] [MotusApiImporter] --- Processing row 79 (stock/sku: 1446790) ---
[2026-07-24 05:15:38] [MotusApiImporter] parseVehicle() OK — make=VOLKSWAGEN, model=T-CROSS, source_url=https://www.motusvw.co.za/midrand/showroom/625-vwmdf839567/1/, image_urls count=1
[2026-07-24 05:15:38] [MotusApiImporter] Skipped detail-page fetch for stock #1446790 — time budget already exhausted.
[2026-07-24 05:15:38] [MotusApiImporter] After enrichFromDetailPage() — engine_capacity_cc=NULL, image_urls count=1
[2026-07-24 05:15:38] [MotusApiImporter] findExistingCar() -> EXISTING car id=1499
[2026-07-24 05:15:38] [MotusApiImporter] updateCar() completed for existing id=1499.
[2026-07-24 05:15:38] [MotusApiImporter] --- Processing row 80 (stock/sku: 1446786) ---
[2026-07-24 05:15:38] [MotusApiImporter] parseVehicle() OK — make=VOLKSWAGEN, model=T-CROSS, source_url=https://www.motusvw.co.za/midrand/showroom/625-vwmdf843717/8/, image_urls count=1
[2026-07-24 05:15:38] [MotusApiImporter] Skipped detail-page fetch for stock #1446786 — time budget already exhausted.
[2026-07-24 05:15:38] [MotusApiImporter] After enrichFromDetailPage() — engine_capacity_cc=NULL, image_urls count=1
[2026-07-24 05:15:38] [MotusApiImporter] findExistingCar() -> EXISTING car id=1500
[2026-07-24 05:15:38] [MotusApiImporter] updateCar() completed for existing id=1500.
[2026-07-24 05:15:38] [MotusApiImporter] --- Processing row 81 (stock/sku: 1445882) ---
[2026-07-24 05:15:38] [MotusApiImporter] parseVehicle() OK — make=VOLKSWAGEN, model=T-ROC, source_url=https://www.motusvw.co.za/midrand/showroom/625-vwmdf894108/1/, image_urls count=1
[2026-07-24 05:15:38] [MotusApiImporter] Skipped detail-page fetch for stock #1445882 — time budget already exhausted.
[2026-07-24 05:15:38] [MotusApiImporter] After enrichFromDetailPage() — engine_capacity_cc=NULL, image_urls count=1
[2026-07-24 05:15:38] [MotusApiImporter] findExistingCar() -> EXISTING car id=1501
[2026-07-24 05:15:38] [MotusApiImporter] updateCar() completed for existing id=1501.
[2026-07-24 05:15:38] [MotusApiImporter] --- Processing row 82 (stock/sku: 1445751) ---
[2026-07-24 05:15:38] [MotusApiImporter] parseVehicle() OK — make=VOLKSWAGEN, model=TAIGO, source_url=https://www.motusvw.co.za/midrand/showroom/625-vwmdf874038/1/, image_urls count=1
[2026-07-24 05:15:38] [MotusApiImporter] Skipped detail-page fetch for stock #1445751 — time budget already exhausted.
[2026-07-24 05:15:38] [MotusApiImporter] After enrichFromDetailPage() — engine_capacity_cc=NULL, image_urls count=1
[2026-07-24 05:15:38] [MotusApiImporter] findExistingCar() -> EXISTING car id=1502
[2026-07-24 05:15:38] [MotusApiImporter] updateCar() completed for existing id=1502.
[2026-07-24 05:15:38] [MotusApiImporter] --- Processing row 83 (stock/sku: 1446249) ---
[2026-07-24 05:15:38] [MotusApiImporter] parseVehicle() OK — make=SUZUKI, model=SWIFT, source_url=https://www.motusvw.co.za/midrand/showroom/625-vwmdf889410/1/, image_urls count=1
[2026-07-24 05:15:38] [MotusApiImporter] Skipped detail-page fetch for stock #1446249 — time budget already exhausted.
[2026-07-24 05:15:38] [MotusApiImporter] After enrichFromDetailPage() — engine_capacity_cc=NULL, image_urls count=1
[2026-07-24 05:15:38] [MotusApiImporter] findExistingCar() -> EXISTING car id=1503
[2026-07-24 05:15:38] [MotusApiImporter] updateCar() completed for existing id=1503.
[2026-07-24 05:15:38] [MotusApiImporter] --- Processing row 84 (stock/sku: 1445799) ---
[2026-07-24 05:15:38] [MotusApiImporter] parseVehicle() OK — make=SUZUKI, model=SWIFT, source_url=https://www.motusvw.co.za/midrand/showroom/625-vwmdf895482/1/, image_urls count=1
[2026-07-24 05:15:38] [MotusApiImporter] Skipped detail-page fetch for stock #1445799 — time budget already exhausted.
[2026-07-24 05:15:38] [MotusApiImporter] After enrichFromDetailPage() — engine_capacity_cc=NULL, image_urls count=1
[2026-07-24 05:15:38] [MotusApiImporter] findExistingCar() -> EXISTING car id=1504
[2026-07-24 05:15:38] [MotusApiImporter] updateCar() completed for existing id=1504.
[2026-07-24 05:15:38] [MotusApiImporter] --- Processing row 85 (stock/sku: 1445871) ---
[2026-07-24 05:15:38] [MotusApiImporter] parseVehicle() OK — make=SUZUKI, model=SWIFT, source_url=https://www.motusvw.co.za/midrand/showroom/625-vwmdf894155/1/, image_urls count=1
[2026-07-24 05:15:38] [MotusApiImporter] Skipped detail-page fetch for stock #1445871 — time budget already exhausted.
[2026-07-24 05:15:38] [MotusApiImporter] After enrichFromDetailPage() — engine_capacity_cc=NULL, image_urls count=1
[2026-07-24 05:15:38] [MotusApiImporter] findExistingCar() -> EXISTING car id=1505
[2026-07-24 05:15:38] [MotusApiImporter] updateCar() completed for existing id=1505.
[2026-07-24 05:15:38] [MotusApiImporter] --- Processing row 86 (stock/sku: 1445800) ---
[2026-07-24 05:15:38] [MotusApiImporter] parseVehicle() OK — make=SUZUKI, model=SWIFT, source_url=https://www.motusvw.co.za/midrand/showroom/625-vwmdf895483/1/, image_urls count=1
[2026-07-24 05:15:38] [MotusApiImporter] Skipped detail-page fetch for stock #1445800 — time budget already exhausted.
[2026-07-24 05:15:38] [MotusApiImporter] After enrichFromDetailPage() — engine_capacity_cc=NULL, image_urls count=1
[2026-07-24 05:15:38] [MotusApiImporter] findExistingCar() -> EXISTING car id=1506
[2026-07-24 05:15:38] [MotusApiImporter] updateCar() completed for existing id=1506.
[2026-07-24 05:15:38] [MotusApiImporter] --- Processing row 87 (stock/sku: 1446293) ---
[2026-07-24 05:15:38] [MotusApiImporter] parseVehicle() OK — make=TOYOTA, model=STARLET, source_url=https://www.motusvw.co.za/midrand/showroom/625-vwmdf888699/1/, image_urls count=1
[2026-07-24 05:15:38] [MotusApiImporter] Skipped detail-page fetch for stock #1446293 — time budget already exhausted.
[2026-07-24 05:15:38] [MotusApiImporter] After enrichFromDetailPage() — engine_capacity_cc=NULL, image_urls count=1
[2026-07-24 05:15:38] [MotusApiImporter] findExistingCar() -> EXISTING car id=1507
[2026-07-24 05:15:38] [MotusApiImporter] updateCar() completed for existing id=1507.
[2026-07-24 05:15:38] [MotusApiImporter] --- Processing row 88 (stock/sku: 1446743) ---
[2026-07-24 05:15:38] [MotusApiImporter] parseVehicle() OK — make=VOLKSWAGEN, model=AMAROK, source_url=https://www.motusvw.co.za/midrand/showroom/625-vwmdf861452/1/, image_urls count=1
[2026-07-24 05:15:38] [MotusApiImporter] Skipped detail-page fetch for stock #1446743 — time budget already exhausted.
[2026-07-24 05:15:38] [MotusApiImporter] After enrichFromDetailPage() — engine_capacity_cc=NULL, image_urls count=1
[2026-07-24 05:15:38] [MotusApiImporter] findExistingCar() -> EXISTING car id=1508
[2026-07-24 05:15:38] [MotusApiImporter] updateCar() completed for existing id=1508.
[2026-07-24 05:15:38] [MotusApiImporter] --- Processing row 89 (stock/sku: 1446558) ---
[2026-07-24 05:15:38] [MotusApiImporter] parseVehicle() OK — make=VOLKSWAGEN, model=POLO, source_url=https://www.motusvw.co.za/midrand/showroom/625-vwmdf876638/1/, image_urls count=1
[2026-07-24 05:15:38] [MotusApiImporter] Skipped detail-page fetch for stock #1446558 — time budget already exhausted.
[2026-07-24 05:15:38] [MotusApiImporter] After enrichFromDetailPage() — engine_capacity_cc=NULL, image_urls count=1
[2026-07-24 05:15:38] [MotusApiImporter] findExistingCar() -> EXISTING car id=1509
[2026-07-24 05:15:38] [MotusApiImporter] updateCar() completed for existing id=1509.
[2026-07-24 05:15:38] [MotusApiImporter] --- Processing row 90 (stock/sku: 1446729) ---
[2026-07-24 05:15:38] [MotusApiImporter] parseVehicle() OK — make=VOLKSWAGEN, model=POLO, source_url=https://www.motusvw.co.za/midrand/showroom/625-vwmdf864742/3/, image_urls count=1
[2026-07-24 05:15:38] [MotusApiImporter] Skipped detail-page fetch for stock #1446729 — time budget already exhausted.
[2026-07-24 05:15:38] [MotusApiImporter] After enrichFromDetailPage() — engine_capacity_cc=NULL, image_urls count=1
[2026-07-24 05:15:38] [MotusApiImporter] findExistingCar() -> EXISTING car id=1510
[2026-07-24 05:15:38] [MotusApiImporter] updateCar() completed for existing id=1510.
[2026-07-24 05:15:38] [MotusApiImporter] --- Processing row 91 (stock/sku: 1446763) ---
[2026-07-24 05:15:38] [MotusApiImporter] parseVehicle() OK — make=VOLKSWAGEN, model=POLO VIVO, source_url=https://www.motusvw.co.za/midrand/showroom/625-vwmdf858161/1/, image_urls count=1
[2026-07-24 05:15:38] [MotusApiImporter] Skipped detail-page fetch for stock #1446763 — time budget already exhausted.
[2026-07-24 05:15:38] [MotusApiImporter] After enrichFromDetailPage() — engine_capacity_cc=NULL, image_urls count=1
[2026-07-24 05:15:38] [MotusApiImporter] findExistingCar() -> EXISTING car id=1511
[2026-07-24 05:15:38] [MotusApiImporter] updateCar() completed for existing id=1511.
[2026-07-24 05:15:38] [MotusApiImporter] --- Processing row 92 (stock/sku: 1446755) ---
[2026-07-24 05:15:38] [MotusApiImporter] parseVehicle() OK — make=VOLKSWAGEN, model=POLO VIVO, source_url=https://www.motusvw.co.za/midrand/showroom/625-vwmdf859179/4/, image_urls count=1
[2026-07-24 05:15:38] [MotusApiImporter] Skipped detail-page fetch for stock #1446755 — time budget already exhausted.
[2026-07-24 05:15:38] [MotusApiImporter] After enrichFromDetailPage() — engine_capacity_cc=NULL, image_urls count=1
[2026-07-24 05:15:38] [MotusApiImporter] findExistingCar() -> EXISTING car id=1512
[2026-07-24 05:15:38] [MotusApiImporter] updateCar() completed for existing id=1512.
[2026-07-24 05:15:38] [MotusApiImporter] --- Processing row 93 (stock/sku: 1446746) ---
[2026-07-24 05:15:38] [MotusApiImporter] parseVehicle() OK — make=VOLKSWAGEN, model=POLO VIVO, source_url=https://www.motusvw.co.za/midrand/showroom/625-vwmdf860907/1/, image_urls count=1
[2026-07-24 05:15:38] [MotusApiImporter] Skipped detail-page fetch for stock #1446746 — time budget already exhausted.
[2026-07-24 05:15:38] [MotusApiImporter] After enrichFromDetailPage() — engine_capacity_cc=NULL, image_urls count=1
[2026-07-24 05:15:38] [MotusApiImporter] findExistingCar() -> EXISTING car id=1513
[2026-07-24 05:15:38] [MotusApiImporter] updateCar() completed for existing id=1513.
[2026-07-24 05:15:38] [MotusApiImporter] --- Processing row 94 (stock/sku: 1446711) ---
[2026-07-24 05:15:38] [MotusApiImporter] parseVehicle() OK — make=VOLKSWAGEN, model=POLO VIVO, source_url=https://www.motusvw.co.za/midrand/showroom/625-vwmdf868173/2/, image_urls count=1
[2026-07-24 05:15:38] [MotusApiImporter] Skipped detail-page fetch for stock #1446711 — time budget already exhausted.
[2026-07-24 05:15:38] [MotusApiImporter] After enrichFromDetailPage() — engine_capacity_cc=NULL, image_urls count=1
[2026-07-24 05:15:38] [MotusApiImporter] findExistingCar() -> EXISTING car id=1514
[2026-07-24 05:15:38] [MotusApiImporter] updateCar() completed for existing id=1514.
[2026-07-24 05:15:38] [MotusApiImporter] --- Processing row 95 (stock/sku: 1446694) ---
[2026-07-24 05:15:38] [MotusApiImporter] parseVehicle() OK — make=VOLKSWAGEN, model=POLO VIVO, source_url=https://www.motusvw.co.za/midrand/showroom/625-vwmdf869665/2/, image_urls count=1
[2026-07-24 05:15:38] [MotusApiImporter] Skipped detail-page fetch for stock #1446694 — time budget already exhausted.
[2026-07-24 05:15:38] [MotusApiImporter] After enrichFromDetailPage() — engine_capacity_cc=NULL, image_urls count=1
[2026-07-24 05:15:38] [MotusApiImporter] findExistingCar() -> EXISTING car id=1515
[2026-07-24 05:15:38] [MotusApiImporter] updateCar() completed for existing id=1515.
[2026-07-24 05:15:38] [MotusApiImporter] --- Processing row 96 (stock/sku: 1446751) ---
[2026-07-24 05:15:38] [MotusApiImporter] parseVehicle() OK — make=VOLKSWAGEN, model=T-CROSS, source_url=https://www.motusvw.co.za/midrand/showroom/625-vwmdf860129/3/, image_urls count=1
[2026-07-24 05:15:38] [MotusApiImporter] Skipped detail-page fetch for stock #1446751 — time budget already exhausted.
[2026-07-24 05:15:38] [MotusApiImporter] After enrichFromDetailPage() — engine_capacity_cc=NULL, image_urls count=1
[2026-07-24 05:15:38] [MotusApiImporter] findExistingCar() -> EXISTING car id=1516
[2026-07-24 05:15:38] [MotusApiImporter] updateCar() completed for existing id=1516.
[2026-07-24 05:15:38] [MotusApiImporter] --- Processing row 97 (stock/sku: 1446720) ---
[2026-07-24 05:15:38] [MotusApiImporter] parseVehicle() OK — make=VOLKSWAGEN, model=TAIGO, source_url=https://www.motusvw.co.za/midrand/showroom/625-vwmdf859177/2/, image_urls count=1
[2026-07-24 05:15:38] [MotusApiImporter] Skipped detail-page fetch for stock #1446720 — time budget already exhausted.
[2026-07-24 05:15:38] [MotusApiImporter] After enrichFromDetailPage() — engine_capacity_cc=NULL, image_urls count=1
[2026-07-24 05:15:38] [MotusApiImporter] findExistingCar() -> EXISTING car id=1517
[2026-07-24 05:15:38] [MotusApiImporter] updateCar() completed for existing id=1517.
[2026-07-24 05:15:38] [MotusApiImporter] --- Processing row 98 (stock/sku: 1446118) ---
[2026-07-24 05:15:38] [MotusApiImporter] parseVehicle() OK — make=MG, model=HS, source_url=https://www.motusvw.co.za/midrand/showroom/625-vwmdf890989/1/, image_urls count=1
[2026-07-24 05:15:38] [MotusApiImporter] Skipped detail-page fetch for stock #1446118 — time budget already exhausted.
[2026-07-24 05:15:38] [MotusApiImporter] After enrichFromDetailPage() — engine_capacity_cc=NULL, image_urls count=1
[2026-07-24 05:15:38] [MotusApiImporter] findExistingCar() -> EXISTING car id=1518
[2026-07-24 05:15:38] [MotusApiImporter] updateCar() completed for existing id=1518.
[2026-07-24 05:15:38] [MotusApiImporter] --- Processing row 99 (stock/sku: 1446119) ---
[2026-07-24 05:15:38] [MotusApiImporter] parseVehicle() OK — make=MG, model=MG3, source_url=https://www.motusvw.co.za/midrand/showroom/625-vwmdf890997/1/, image_urls count=1
[2026-07-24 05:15:38] [MotusApiImporter] Skipped detail-page fetch for stock #1446119 — time budget already exhausted.
[2026-07-24 05:15:38] [MotusApiImporter] After enrichFromDetailPage() — engine_capacity_cc=NULL, image_urls count=1
[2026-07-24 05:15:38] [MotusApiImporter] findExistingCar() -> EXISTING car id=1519
[2026-07-24 05:15:38] [MotusApiImporter] updateCar() completed for existing id=1519.
[2026-07-24 05:15:38] [MotusApiImporter] --- Processing row 100 (stock/sku: 1446188) ---
[2026-07-24 05:15:38] [MotusApiImporter] parseVehicle() OK — make=TATA, model=TIAGO, source_url=https://www.motusvw.co.za/midrand/showroom/625-vwmdf891531/1/, image_urls count=1
[2026-07-24 05:15:38] [MotusApiImporter] Skipped detail-page fetch for stock #1446188 — time budget already exhausted.
[2026-07-24 05:15:38] [MotusApiImporter] After enrichFromDetailPage() — engine_capacity_cc=NULL, image_urls count=1
[2026-07-24 05:15:38] [MotusApiImporter] findExistingCar() -> EXISTING car id=1520
[2026-07-24 05:15:38] [MotusApiImporter] updateCar() completed for existing id=1520.
[2026-07-24 05:15:38] [MotusApiImporter] --- Processing row 101 (stock/sku: 1446482) ---
[2026-07-24 05:15:38] [MotusApiImporter] parseVehicle() OK — make=VOLKSWAGEN, model=AMAROK, source_url=https://www.motusvw.co.za/midrand/showroom/625-vwmdf885078/1/, image_urls count=1
[2026-07-24 05:15:38] [MotusApiImporter] Skipped detail-page fetch for stock #1446482 — time budget already exhausted.
[2026-07-24 05:15:38] [MotusApiImporter] After enrichFromDetailPage() — engine_capacity_cc=NULL, image_urls count=1
[2026-07-24 05:15:38] [MotusApiImporter] findExistingCar() -> EXISTING car id=1521
[2026-07-24 05:15:38] [MotusApiImporter] updateCar() completed for existing id=1521.
[2026-07-24 05:15:38] [MotusApiImporter] --- Processing row 102 (stock/sku: 1446648) ---
[2026-07-24 05:15:38] [MotusApiImporter] parseVehicle() OK — make=VOLKSWAGEN, model=CADDY, source_url=https://www.motusvw.co.za/midrand/showroom/625-vwmdf872377/1/, image_urls count=1
[2026-07-24 05:15:38] [MotusApiImporter] Skipped detail-page fetch for stock #1446648 — time budget already exhausted.
[2026-07-24 05:15:38] [MotusApiImporter] After enrichFromDetailPage() — engine_capacity_cc=NULL, image_urls count=1
[2026-07-24 05:15:38] [MotusApiImporter] findExistingCar() -> EXISTING car id=1522
[2026-07-24 05:15:38] [MotusApiImporter] updateCar() completed for existing id=1522.
[2026-07-24 05:15:38] [MotusApiImporter] --- Processing row 103 (stock/sku: 1445922) ---
[2026-07-24 05:15:38] [MotusApiImporter] parseVehicle() OK — make=VOLKSWAGEN, model=POLO VIVO, source_url=https://www.motusvw.co.za/midrand/showroom/625-vwmdf893350/1/, image_urls count=1
[2026-07-24 05:15:38] [MotusApiImporter] Skipped detail-page fetch for stock #1445922 — time budget already exhausted.
[2026-07-24 05:15:38] [MotusApiImporter] After enrichFromDetailPage() — engine_capacity_cc=NULL, image_urls count=1
[2026-07-24 05:15:38] [MotusApiImporter] findExistingCar() -> EXISTING car id=1523
[2026-07-24 05:15:38] [MotusApiImporter] updateCar() completed for existing id=1523.
[2026-07-24 05:15:38] [MotusApiImporter] --- Processing row 104 (stock/sku: 1446628) ---
[2026-07-24 05:15:38] [MotusApiImporter] parseVehicle() OK — make=VOLKSWAGEN, model=POLO VIVO, source_url=https://www.motusvw.co.za/midrand/showroom/625-vwmdf873548/2/, image_urls count=1
[2026-07-24 05:15:38] [MotusApiImporter] Skipped detail-page fetch for stock #1446628 — time budget already exhausted.
[2026-07-24 05:15:38] [MotusApiImporter] After enrichFromDetailPage() — engine_capacity_cc=NULL, image_urls count=1
[2026-07-24 05:15:38] [MotusApiImporter] findExistingCar() -> EXISTING car id=1525
[2026-07-24 05:15:38] [MotusApiImporter] updateCar() completed for existing id=1525.
[2026-07-24 05:15:38] [MotusApiImporter] --- Processing row 105 (stock/sku: 1446506) ---
[2026-07-24 05:15:38] [MotusApiImporter] parseVehicle() OK — make=VOLKSWAGEN, model=POLO VIVO, source_url=https://www.motusvw.co.za/midrand/showroom/625-vwmdf884657/2/, image_urls count=1
[2026-07-24 05:15:38] [MotusApiImporter] Skipped detail-page fetch for stock #1446506 — time budget already exhausted.
[2026-07-24 05:15:38] [MotusApiImporter] After enrichFromDetailPage() — engine_capacity_cc=NULL, image_urls count=1
[2026-07-24 05:15:38] [MotusApiImporter] findExistingCar() -> EXISTING car id=1526
[2026-07-24 05:15:38] [MotusApiImporter] updateCar() completed for existing id=1526.
[2026-07-24 05:15:38] [MotusApiImporter] --- Processing row 106 (stock/sku: 1446432) ---
[2026-07-24 05:15:38] [MotusApiImporter] parseVehicle() OK — make=VOLKSWAGEN, model=POLO VIVO, source_url=https://www.motusvw.co.za/midrand/showroom/625-vwmdf886086/1/, image_urls count=1
[2026-07-24 05:15:38] [MotusApiImporter] Skipped detail-page fetch for stock #1446432 — time budget already exhausted.
[2026-07-24 05:15:38] [MotusApiImporter] After enrichFromDetailPage() — engine_capacity_cc=NULL, image_urls count=1
[2026-07-24 05:15:38] [MotusApiImporter] findExistingCar() -> EXISTING car id=1527
[2026-07-24 05:15:38] [MotusApiImporter] updateCar() completed for existing id=1527.
[2026-07-24 05:15:38] [MotusApiImporter] --- Processing row 107 (stock/sku: 1446409) ---
[2026-07-24 05:15:38] [MotusApiImporter] parseVehicle() OK — make=VOLKSWAGEN, model=POLO VIVO, source_url=https://www.motusvw.co.za/midrand/showroom/625-vwmdf886385/1/, image_urls count=1
[2026-07-24 05:15:38] [MotusApiImporter] Skipped detail-page fetch for stock #1446409 — time budget already exhausted.
[2026-07-24 05:15:38] [MotusApiImporter] After enrichFromDetailPage() — engine_capacity_cc=NULL, image_urls count=1
[2026-07-24 05:15:38] [MotusApiImporter] findExistingCar() -> EXISTING car id=1528
[2026-07-24 05:15:38] [MotusApiImporter] updateCar() completed for existing id=1528.
[2026-07-24 05:15:38] [MotusApiImporter] --- Processing row 108 (stock/sku: 1446322) ---
[2026-07-24 05:15:38] [MotusApiImporter] parseVehicle() OK — make=VOLKSWAGEN, model=POLO VIVO, source_url=https://www.motusvw.co.za/midrand/showroom/625-vwmdf888339/1/, image_urls count=1
[2026-07-24 05:15:38] [MotusApiImporter] Skipped detail-page fetch for stock #1446322 — time budget already exhausted.
[2026-07-24 05:15:38] [MotusApiImporter] After enrichFromDetailPage() — engine_capacity_cc=NULL, image_urls count=1
[2026-07-24 05:15:38] [MotusApiImporter] findExistingCar() -> EXISTING car id=1529
[2026-07-24 05:15:38] [MotusApiImporter] updateCar() completed for existing id=1529.
[2026-07-24 05:15:38] [MotusApiImporter] --- Processing row 109 (stock/sku: 1446321) ---
[2026-07-24 05:15:38] [MotusApiImporter] parseVehicle() OK — make=VOLKSWAGEN, model=POLO VIVO, source_url=https://www.motusvw.co.za/midrand/showroom/625-vwmdf888337/1/, image_urls count=1
[2026-07-24 05:15:38] [MotusApiImporter] Skipped detail-page fetch for stock #1446321 — time budget already exhausted.
[2026-07-24 05:15:38] [MotusApiImporter] After enrichFromDetailPage() — engine_capacity_cc=NULL, image_urls count=1
[2026-07-24 05:15:38] [MotusApiImporter] findExistingCar() -> EXISTING car id=1530
[2026-07-24 05:15:38] [MotusApiImporter] updateCar() completed for existing id=1530.
[2026-07-24 05:15:38] [MotusApiImporter] --- Processing row 110 (stock/sku: 1446314) ---
[2026-07-24 05:15:38] [MotusApiImporter] parseVehicle() OK — make=VOLKSWAGEN, model=POLO VIVO, source_url=https://www.motusvw.co.za/midrand/showroom/625-vwmdf888462/1/, image_urls count=1
[2026-07-24 05:15:38] [MotusApiImporter] Skipped detail-page fetch for stock #1446314 — time budget already exhausted.
[2026-07-24 05:15:38] [MotusApiImporter] After enrichFromDetailPage() — engine_capacity_cc=NULL, image_urls count=1
[2026-07-24 05:15:38] [MotusApiImporter] findExistingCar() -> EXISTING car id=1531
[2026-07-24 05:15:38] [MotusApiImporter] updateCar() completed for existing id=1531.
[2026-07-24 05:15:38] [MotusApiImporter] --- Processing row 111 (stock/sku: 1446181) ---
[2026-07-24 05:15:38] [MotusApiImporter] parseVehicle() OK — make=VOLKSWAGEN, model=POLO VIVO, source_url=https://www.motusvw.co.za/midrand/showroom/625-vwmdf890179/3/, image_urls count=1
[2026-07-24 05:15:38] [MotusApiImporter] Skipped detail-page fetch for stock #1446181 — time budget already exhausted.
[2026-07-24 05:15:38] [MotusApiImporter] After enrichFromDetailPage() — engine_capacity_cc=NULL, image_urls count=1
[2026-07-24 05:15:38] [MotusApiImporter] findExistingCar() -> EXISTING car id=1532
[2026-07-24 05:15:38] [MotusApiImporter] updateCar() completed for existing id=1532.
[2026-07-24 05:15:38] [MotusApiImporter] --- Processing row 112 (stock/sku: 1449179) ---
[2026-07-24 05:15:38] [MotusApiImporter] parseVehicle() OK — make=VOLKSWAGEN, model=POLO VIVO, source_url=https://www.motusvw.co.za/midrand/showroom/625-vwmdf875858/2/, image_urls count=1
[2026-07-24 05:15:38] [MotusApiImporter] Skipped detail-page fetch for stock #1449179 — time budget already exhausted.
[2026-07-24 05:15:38] [MotusApiImporter] After enrichFromDetailPage() — engine_capacity_cc=NULL, image_urls count=1
[2026-07-24 05:15:38] [MotusApiImporter] findExistingCar() -> EXISTING car id=1589
[2026-07-24 05:15:38] [MotusApiImporter] updateCar() completed for existing id=1589.
[2026-07-24 05:15:38] [MotusApiImporter] --- Processing row 113 (stock/sku: 1446179) ---
[2026-07-24 05:15:38] [MotusApiImporter] parseVehicle() OK — make=VOLKSWAGEN, model=POLO VIVO, source_url=https://www.motusvw.co.za/midrand/showroom/625-vwmdf890169/1/, image_urls count=1
[2026-07-24 05:15:38] [MotusApiImporter] Skipped detail-page fetch for stock #1446179 — time budget already exhausted.
[2026-07-24 05:15:38] [MotusApiImporter] After enrichFromDetailPage() — engine_capacity_cc=NULL, image_urls count=1
[2026-07-24 05:15:38] [MotusApiImporter] findExistingCar() -> EXISTING car id=1533
[2026-07-24 05:15:38] [MotusApiImporter] updateCar() completed for existing id=1533.
[2026-07-24 05:15:38] [MotusApiImporter] --- Processing row 114 (stock/sku: 1446333) ---
[2026-07-24 05:15:38] [MotusApiImporter] parseVehicle() OK — make=VOLKSWAGEN, model=POLO VIVO, source_url=https://www.motusvw.co.za/midrand/showroom/625-vwmdf888093/1/, image_urls count=1
[2026-07-24 05:15:38] [MotusApiImporter] Skipped detail-page fetch for stock #1446333 — time budget already exhausted.
[2026-07-24 05:15:38] [MotusApiImporter] After enrichFromDetailPage() — engine_capacity_cc=NULL, image_urls count=1
[2026-07-24 05:15:38] [MotusApiImporter] findExistingCar() -> EXISTING car id=1534
[2026-07-24 05:15:38] [MotusApiImporter] updateCar() completed for existing id=1534.
[2026-07-24 05:15:38] [MotusApiImporter] --- Processing row 115 (stock/sku: 1446180) ---
[2026-07-24 05:15:38] [MotusApiImporter] parseVehicle() OK — make=VOLKSWAGEN, model=POLO VIVO, source_url=https://www.motusvw.co.za/midrand/showroom/625-vwmdf890170/1/, image_urls count=1
[2026-07-24 05:15:38] [MotusApiImporter] Skipped detail-page fetch for stock #1446180 — time budget already exhausted.
[2026-07-24 05:15:38] [MotusApiImporter] After enrichFromDetailPage() — engine_capacity_cc=NULL, image_urls count=1
[2026-07-24 05:15:38] [MotusApiImporter] findExistingCar() -> EXISTING car id=1535
[2026-07-24 05:15:38] [MotusApiImporter] updateCar() completed for existing id=1535.
[2026-07-24 05:15:38] [MotusApiImporter] --- Processing row 116 (stock/sku: 1446261) ---
[2026-07-24 05:15:38] [MotusApiImporter] parseVehicle() OK — make=VOLKSWAGEN, model=POLO VIVO, source_url=https://www.motusvw.co.za/midrand/showroom/625-vwmdf889143/1/, image_urls count=1
[2026-07-24 05:15:38] [MotusApiImporter] Skipped detail-page fetch for stock #1446261 — time budget already exhausted.
[2026-07-24 05:15:38] [MotusApiImporter] After enrichFromDetailPage() — engine_capacity_cc=NULL, image_urls count=1
[2026-07-24 05:15:38] [MotusApiImporter] findExistingCar() -> EXISTING car id=1536
[2026-07-24 05:15:38] [MotusApiImporter] updateCar() completed for existing id=1536.
[2026-07-24 05:15:38] [MotusApiImporter] --- Processing row 117 (stock/sku: 1446533) ---
[2026-07-24 05:15:38] [MotusApiImporter] parseVehicle() OK — make=VOLKSWAGEN, model=T-CROSS, source_url=https://www.motusvw.co.za/midrand/showroom/625-vwmdf883411/2/, image_urls count=1
[2026-07-24 05:15:38] [MotusApiImporter] Skipped detail-page fetch for stock #1446533 — time budget already exhausted.
[2026-07-24 05:15:38] [MotusApiImporter] After enrichFromDetailPage() — engine_capacity_cc=NULL, image_urls count=1
[2026-07-24 05:15:38] [MotusApiImporter] findExistingCar() -> EXISTING car id=1537
[2026-07-24 05:15:38] [MotusApiImporter] updateCar() completed for existing id=1537.
[2026-07-24 05:15:38] [MotusApiImporter] --- Processing row 118 (stock/sku: 1446610) ---
[2026-07-24 05:15:38] [MotusApiImporter] parseVehicle() OK — make=VOLKSWAGEN, model=TRANSPORTER, source_url=https://www.motusvw.co.za/midrand/showroom/625-vwmdf875570/1/, image_urls count=1
[2026-07-24 05:15:38] [MotusApiImporter] Skipped detail-page fetch for stock #1446610 — time budget already exhausted.
[2026-07-24 05:15:38] [MotusApiImporter] After enrichFromDetailPage() — engine_capacity_cc=NULL, image_urls count=1
[2026-07-24 05:15:38] [MotusApiImporter] findExistingCar() -> EXISTING car id=1538
[2026-07-24 05:15:38] [MotusApiImporter] updateCar() completed for existing id=1538.
[2026-07-24 05:15:38] [MotusApiImporter] sync() FINISHED — {"imported":0,"updated":119,"skipped":0,"failed":0}
[2026-07-24 09:56:10] [MotusApiImporter] sync() STARTED — dealerId=14, sourceRef=https://www.motusvw.co.za/midrand/showroom/
[2026-07-24 09:56:10] [MotusApiImporter] Time budget: 35s, dealerNameFilter="Motus VW Midrand"
[2026-07-24 09:56:12] [MotusApiImporter] crawlDealership() returned 119 row(s) before dealer-name filtering.
[2026-07-24 09:56:12] [MotusApiImporter] After filterByDealerName(): 119 row(s) remain.
[2026-07-24 09:56:12] [MotusApiImporter] --- Processing row 0 (stock/sku: 1446776) ---
[2026-07-24 09:56:12] [MotusApiImporter] parseVehicle() OK — make=VOLKSWAGEN, model=POLO, source_url=https://www.motusvw.co.za/midrand/showroom/625-vwmdf852273/5/, image_urls count=1
[2026-07-24 09:56:13] [MotusApiImporter] Detail page fetched OK for stock #1446776 (https://www.motusvw.co.za/midrand/showroom/625-vwmdf852273/5/) but MotusShowroomParser found no vehicle node in it — the page's markup may not match what this parser expects (e.g. a bot-challenge/interstitial page instead of the real vehicle page).
[2026-07-24 09:56:13] [MotusApiImporter] Dumped raw HTML for stock #1446776 to /home/u637509541/domains/salesdesk.co.za/public_html/includes/importers/motus-debug-failed-page.html (92573 bytes) for comparison against the known-good static file.
[2026-07-24 09:56:13] [MotusApiImporter] After enrichFromDetailPage() — engine_capacity_cc=NULL, image_urls count=1
[2026-07-24 09:56:13] [MotusApiImporter] findExistingCar() -> EXISTING car id=1419
[2026-07-24 09:56:13] [MotusApiImporter] updateCar() completed for existing id=1419.
[2026-07-24 09:56:13] [MotusApiImporter] --- Processing row 1 (stock/sku: 1446299) ---
[2026-07-24 09:56:13] [MotusApiImporter] parseVehicle() OK — make=VOLKSWAGEN, model=GOLF 8, source_url=https://www.motusvw.co.za/midrand/showroom/625-vwmdf888609/1/, image_urls count=1
[2026-07-24 09:56:15] [MotusApiImporter] Detail page fetched OK for stock #1446299 (https://www.motusvw.co.za/midrand/showroom/625-vwmdf888609/1/) but MotusShowroomParser found no vehicle node in it — the page's markup may not match what this parser expects (e.g. a bot-challenge/interstitial page instead of the real vehicle page).
[2026-07-24 09:56:15] [MotusApiImporter] After enrichFromDetailPage() — engine_capacity_cc=NULL, image_urls count=1
[2026-07-24 09:56:15] [MotusApiImporter] findExistingCar() -> EXISTING car id=1420
[2026-07-24 09:56:15] [MotusApiImporter] updateCar() completed for existing id=1420.
[2026-07-24 09:56:15] [MotusApiImporter] --- Processing row 2 (stock/sku: 1446532) ---
[2026-07-24 09:56:15] [MotusApiImporter] parseVehicle() OK — make=VOLKSWAGEN, model=POLO, source_url=https://www.motusvw.co.za/midrand/showroom/625-vwmdf883395/1/, image_urls count=1
[2026-07-24 09:56:17] [MotusApiImporter] Detail page fetched OK for stock #1446532 (https://www.motusvw.co.za/midrand/showroom/625-vwmdf883395/1/) but MotusShowroomParser found no vehicle node in it — the page's markup may not match what this parser expects (e.g. a bot-challenge/interstitial page instead of the real vehicle page).
[2026-07-24 09:56:17] [MotusApiImporter] After enrichFromDetailPage() — engine_capacity_cc=NULL, image_urls count=1
[2026-07-24 09:56:17] [MotusApiImporter] findExistingCar() -> EXISTING car id=1421
[2026-07-24 09:56:17] [MotusApiImporter] updateCar() completed for existing id=1421.
[2026-07-24 09:56:17] [MotusApiImporter] --- Processing row 3 (stock/sku: 1446295) ---
[2026-07-24 09:56:17] [MotusApiImporter] parseVehicle() OK — make=VOLKSWAGEN, model=POLO, source_url=https://www.motusvw.co.za/midrand/showroom/625-vwmdf888735/1/, image_urls count=1
[2026-07-24 09:56:19] [MotusApiImporter] Detail page fetched OK for stock #1446295 (https://www.motusvw.co.za/midrand/showroom/625-vwmdf888735/1/) but MotusShowroomParser found no vehicle node in it — the page's markup may not match what this parser expects (e.g. a bot-challenge/interstitial page instead of the real vehicle page).
[2026-07-24 09:56:19] [MotusApiImporter] After enrichFromDetailPage() — engine_capacity_cc=NULL, image_urls count=1
[2026-07-24 09:56:19] [MotusApiImporter] findExistingCar() -> EXISTING car id=1422
[2026-07-24 09:56:19] [MotusApiImporter] updateCar() completed for existing id=1422.
[2026-07-24 09:56:19] [MotusApiImporter] --- Processing row 4 (stock/sku: 1446601) ---
[2026-07-24 09:56:19] [MotusApiImporter] parseVehicle() OK — make=VOLKSWAGEN, model=POLO, source_url=https://www.motusvw.co.za/midrand/showroom/625-bm030used887224/1/, image_urls count=1
[2026-07-24 09:56:20] [MotusApiImporter] Detail page fetched OK for stock #1446601 (https://www.motusvw.co.za/midrand/showroom/625-bm030used887224/1/) but MotusShowroomParser found no vehicle node in it — the page's markup may not match what this parser expects (e.g. a bot-challenge/interstitial page instead of the real vehicle page).
[2026-07-24 09:56:20] [MotusApiImporter] After enrichFromDetailPage() — engine_capacity_cc=NULL, image_urls count=1
[2026-07-24 09:56:20] [MotusApiImporter] findExistingCar() -> EXISTING car id=1423
[2026-07-24 09:56:20] [MotusApiImporter] updateCar() completed for existing id=1423.
[2026-07-24 09:56:20] [MotusApiImporter] --- Processing row 5 (stock/sku: 1446065) ---
[2026-07-24 09:56:20] [MotusApiImporter] parseVehicle() OK — make=VOLKSWAGEN, model=POLO, source_url=https://www.motusvw.co.za/midrand/showroom/625-vwmdf890975/1/, image_urls count=1
[2026-07-24 09:56:21] [MotusApiImporter] Detail page fetched OK for stock #1446065 (https://www.motusvw.co.za/midrand/showroom/625-vwmdf890975/1/) but MotusShowroomParser found no vehicle node in it — the page's markup may not match what this parser expects (e.g. a bot-challenge/interstitial page instead of the real vehicle page).
[2026-07-24 09:56:21] [MotusApiImporter] After enrichFromDetailPage() — engine_capacity_cc=NULL, image_urls count=1
[2026-07-24 09:56:21] [MotusApiImporter] findExistingCar() -> EXISTING car id=1424
[2026-07-24 09:56:21] [MotusApiImporter] updateCar() completed for existing id=1424.
[2026-07-24 09:56:21] [MotusApiImporter] --- Processing row 6 (stock/sku: 1446370) ---
[2026-07-24 09:56:21] [MotusApiImporter] parseVehicle() OK — make=VOLKSWAGEN, model=POLO, source_url=https://www.motusvw.co.za/midrand/showroom/625-vwmdf887435/1/, image_urls count=1
[2026-07-24 09:56:23] [MotusApiImporter] Detail page fetched OK for stock #1446370 (https://www.motusvw.co.za/midrand/showroom/625-vwmdf887435/1/) but MotusShowroomParser found no vehicle node in it — the page's markup may not match what this parser expects (e.g. a bot-challenge/interstitial page instead of the real vehicle page).
[2026-07-24 09:56:23] [MotusApiImporter] After enrichFromDetailPage() — engine_capacity_cc=NULL, image_urls count=1
[2026-07-24 09:56:23] [MotusApiImporter] findExistingCar() -> EXISTING car id=1425
[2026-07-24 09:56:23] [MotusApiImporter] updateCar() completed for existing id=1425.
[2026-07-24 09:56:23] [MotusApiImporter] --- Processing row 7 (stock/sku: 1446517) ---
[2026-07-24 09:56:23] [MotusApiImporter] parseVehicle() OK — make=VOLKSWAGEN, model=POLO VIVO, source_url=https://www.motusvw.co.za/midrand/showroom/625-vwmdf884987/1/, image_urls count=1
[2026-07-24 09:56:24] [MotusApiImporter] Detail page fetched OK for stock #1446517 (https://www.motusvw.co.za/midrand/showroom/625-vwmdf884987/1/) but MotusShowroomParser found no vehicle node in it — the page's markup may not match what this parser expects (e.g. a bot-challenge/interstitial page instead of the real vehicle page).
[2026-07-24 09:56:24] [MotusApiImporter] After enrichFromDetailPage() — engine_capacity_cc=NULL, image_urls count=1
[2026-07-24 09:56:24] [MotusApiImporter] findExistingCar() -> EXISTING car id=1426
[2026-07-24 09:56:24] [MotusApiImporter] updateCar() completed for existing id=1426.
[2026-07-24 09:56:24] [MotusApiImporter] --- Processing row 8 (stock/sku: 1446115) ---
[2026-07-24 09:56:24] [MotusApiImporter] parseVehicle() OK — make=VOLKSWAGEN, model=POLO VIVO, source_url=https://www.motusvw.co.za/midrand/showroom/625-vwmdf891042/2/, image_urls count=1
[2026-07-24 09:56:26] [MotusApiImporter] Detail page fetched OK for stock #1446115 (https://www.motusvw.co.za/midrand/showroom/625-vwmdf891042/2/) but MotusShowroomParser found no vehicle node in it — the page's markup may not match what this parser expects (e.g. a bot-challenge/interstitial page instead of the real vehicle page).
[2026-07-24 09:56:26] [MotusApiImporter] After enrichFromDetailPage() — engine_capacity_cc=NULL, image_urls count=1
[2026-07-24 09:56:26] [MotusApiImporter] findExistingCar() -> EXISTING car id=1427
[2026-07-24 09:56:26] [MotusApiImporter] updateCar() completed for existing id=1427.
[2026-07-24 09:56:26] [MotusApiImporter] --- Processing row 9 (stock/sku: 1446589) ---
[2026-07-24 09:56:26] [MotusApiImporter] parseVehicle() OK — make=VOLKSWAGEN, model=POLO VIVO, source_url=https://www.motusvw.co.za/midrand/showroom/625-vwmdf875588/1/, image_urls count=1
[2026-07-24 09:56:28] [MotusApiImporter] Detail page fetched OK for stock #1446589 (https://www.motusvw.co.za/midrand/showroom/625-vwmdf875588/1/) but MotusShowroomParser found no vehicle node in it — the page's markup may not match what this parser expects (e.g. a bot-challenge/interstitial page instead of the real vehicle page).
[2026-07-24 09:56:28] [MotusApiImporter] After enrichFromDetailPage() — engine_capacity_cc=NULL, image_urls count=1
[2026-07-24 09:56:28] [MotusApiImporter] findExistingCar() -> EXISTING car id=1428
[2026-07-24 09:56:28] [MotusApiImporter] updateCar() completed for existing id=1428.
[2026-07-24 09:56:28] [MotusApiImporter] --- Processing row 10 (stock/sku: 1446083) ---
[2026-07-24 09:56:28] [MotusApiImporter] parseVehicle() OK — make=VOLKSWAGEN, model=T-CROSS, source_url=https://www.motusvw.co.za/midrand/showroom/625-vwmdf891215/1/, image_urls count=1
[2026-07-24 09:56:30] [MotusApiImporter] Detail page fetched OK for stock #1446083 (https://www.motusvw.co.za/midrand/showroom/625-vwmdf891215/1/) but MotusShowroomParser found no vehicle node in it — the page's markup may not match what this parser expects (e.g. a bot-challenge/interstitial page instead of the real vehicle page).
[2026-07-24 09:56:30] [MotusApiImporter] After enrichFromDetailPage() — engine_capacity_cc=NULL, image_urls count=1
[2026-07-24 09:56:30] [MotusApiImporter] findExistingCar() -> EXISTING car id=1429
[2026-07-24 09:56:30] [MotusApiImporter] updateCar() completed for existing id=1429.
[2026-07-24 09:56:30] [MotusApiImporter] --- Processing row 11 (stock/sku: 1446395) ---
[2026-07-24 09:56:30] [MotusApiImporter] parseVehicle() OK — make=VOLKSWAGEN, model=T-CROSS, source_url=https://www.motusvw.co.za/midrand/showroom/625-vwmdf886830/1/, image_urls count=1
[2026-07-24 09:56:30] [MotusApiImporter] Detail page fetched OK for stock #1446395 (https://www.motusvw.co.za/midrand/showroom/625-vwmdf886830/1/) but MotusShowroomParser found no vehicle node in it — the page's markup may not match what this parser expects (e.g. a bot-challenge/interstitial page instead of the real vehicle page).
[2026-07-24 09:56:30] [MotusApiImporter] After enrichFromDetailPage() — engine_capacity_cc=NULL, image_urls count=1
[2026-07-24 09:56:30] [MotusApiImporter] findExistingCar() -> EXISTING car id=1430
[2026-07-24 09:56:30] [MotusApiImporter] updateCar() completed for existing id=1430.
[2026-07-24 09:56:30] [MotusApiImporter] --- Processing row 12 (stock/sku: 1446535) ---
[2026-07-24 09:56:30] [MotusApiImporter] parseVehicle() OK — make=VOLKSWAGEN, model=T-ROC, source_url=https://www.motusvw.co.za/midrand/showroom/625-vwmdf883338/1/, image_urls count=1
[2026-07-24 09:56:31] [MotusApiImporter] Detail page fetched OK for stock #1446535 (https://www.motusvw.co.za/midrand/showroom/625-vwmdf883338/1/) but MotusShowroomParser found no vehicle node in it — the page's markup may not match what this parser expects (e.g. a bot-challenge/interstitial page instead of the real vehicle page).
[2026-07-24 09:56:31] [MotusApiImporter] After enrichFromDetailPage() — engine_capacity_cc=NULL, image_urls count=1
[2026-07-24 09:56:31] [MotusApiImporter] findExistingCar() -> EXISTING car id=1431
[2026-07-24 09:56:31] [MotusApiImporter] updateCar() completed for existing id=1431.
[2026-07-24 09:56:31] [MotusApiImporter] --- Processing row 13 (stock/sku: 1446315) ---
[2026-07-24 09:56:31] [MotusApiImporter] parseVehicle() OK — make=VOLKSWAGEN, model=T-ROC, source_url=https://www.motusvw.co.za/midrand/showroom/625-vwmdf888464/1/, image_urls count=1
[2026-07-24 09:56:33] [MotusApiImporter] Detail page fetched OK for stock #1446315 (https://www.motusvw.co.za/midrand/showroom/625-vwmdf888464/1/) but MotusShowroomParser found no vehicle node in it — the page's markup may not match what this parser expects (e.g. a bot-challenge/interstitial page instead of the real vehicle page).
[2026-07-24 09:56:33] [MotusApiImporter] After enrichFromDetailPage() — engine_capacity_cc=NULL, image_urls count=1
[2026-07-24 09:56:33] [MotusApiImporter] findExistingCar() -> EXISTING car id=1432
[2026-07-24 09:56:33] [MotusApiImporter] updateCar() completed for existing id=1432.
[2026-07-24 09:56:33] [MotusApiImporter] --- Processing row 14 (stock/sku: 1446599) ---
[2026-07-24 09:56:33] [MotusApiImporter] parseVehicle() OK — make=VOLKSWAGEN, model=TIGUAN, source_url=https://www.motusvw.co.za/midrand/showroom/625-vwmdf875100/1/, image_urls count=1
[2026-07-24 09:56:34] [MotusApiImporter] Detail page fetched OK for stock #1446599 (https://www.motusvw.co.za/midrand/showroom/625-vwmdf875100/1/) but MotusShowroomParser found no vehicle node in it — the page's markup may not match what this parser expects (e.g. a bot-challenge/interstitial page instead of the real vehicle page).
[2026-07-24 09:56:34] [MotusApiImporter] After enrichFromDetailPage() — engine_capacity_cc=NULL, image_urls count=1
[2026-07-24 09:56:34] [MotusApiImporter] findExistingCar() -> EXISTING car id=1433
[2026-07-24 09:56:34] [MotusApiImporter] updateCar() completed for existing id=1433.
[2026-07-24 09:56:34] [MotusApiImporter] --- Processing row 15 (stock/sku: 1446192) ---
[2026-07-24 09:56:34] [MotusApiImporter] parseVehicle() OK — make=VOLKSWAGEN, model=TIGUAN, source_url=https://www.motusvw.co.za/midrand/showroom/625-vwmdf890088/2/, image_urls count=1
[2026-07-24 09:56:36] [MotusApiImporter] Detail page fetched OK for stock #1446192 (https://www.motusvw.co.za/midrand/showroom/625-vwmdf890088/2/) but MotusShowroomParser found no vehicle node in it — the page's markup may not match what this parser expects (e.g. a bot-challenge/interstitial page instead of the real vehicle page).
[2026-07-24 09:56:36] [MotusApiImporter] After enrichFromDetailPage() — engine_capacity_cc=NULL, image_urls count=1
[2026-07-24 09:56:36] [MotusApiImporter] findExistingCar() -> EXISTING car id=1434
[2026-07-24 09:56:36] [MotusApiImporter] updateCar() completed for existing id=1434.
[2026-07-24 09:56:36] [MotusApiImporter] --- Processing row 16 (stock/sku: 1446143) ---
[2026-07-24 09:56:36] [MotusApiImporter] parseVehicle() OK — make=VOLKSWAGEN, model=TIGUAN, source_url=https://www.motusvw.co.za/midrand/showroom/625-vwmdf890778/1/, image_urls count=1
[2026-07-24 09:56:38] [MotusApiImporter] Detail page fetched OK for stock #1446143 (https://www.motusvw.co.za/midrand/showroom/625-vwmdf890778/1/) but MotusShowroomParser found no vehicle node in it — the page's markup may not match what this parser expects (e.g. a bot-challenge/interstitial page instead of the real vehicle page).
[2026-07-24 09:56:38] [MotusApiImporter] After enrichFromDetailPage() — engine_capacity_cc=NULL, image_urls count=1
[2026-07-24 09:56:38] [MotusApiImporter] findExistingCar() -> EXISTING car id=1435
[2026-07-24 09:56:38] [MotusApiImporter] updateCar() completed for existing id=1435.
[2026-07-24 09:56:38] [MotusApiImporter] --- Processing row 17 (stock/sku: 1446000) ---
[2026-07-24 09:56:38] [MotusApiImporter] parseVehicle() OK — make=VOLKSWAGEN, model=GOLF, source_url=https://www.motusvw.co.za/midrand/showroom/625-vwmdf892223/0/, image_urls count=1
[2026-07-24 09:56:40] [MotusApiImporter] Detail page fetched OK for stock #1446000 (https://www.motusvw.co.za/midrand/showroom/625-vwmdf892223/0/) but MotusShowroomParser found no vehicle node in it — the page's markup may not match what this parser expects (e.g. a bot-challenge/interstitial page instead of the real vehicle page).
[2026-07-24 09:56:40] [MotusApiImporter] After enrichFromDetailPage() — engine_capacity_cc=NULL, image_urls count=1
[2026-07-24 09:56:40] [MotusApiImporter] findExistingCar() -> EXISTING car id=1436
[2026-07-24 09:56:40] [MotusApiImporter] updateCar() completed for existing id=1436.
[2026-07-24 09:56:40] [MotusApiImporter] --- Processing row 18 (stock/sku: 1445980) ---
[2026-07-24 09:56:40] [MotusApiImporter] parseVehicle() OK — make=VOLKSWAGEN, model=GOLF 8, source_url=https://www.motusvw.co.za/midrand/showroom/625-vwmdf892557/0/, image_urls count=1
[2026-07-24 09:56:40] [MotusApiImporter] Detail page fetched OK for stock #1445980 (https://www.motusvw.co.za/midrand/showroom/625-vwmdf892557/0/) but MotusShowroomParser found no vehicle node in it — the page's markup may not match what this parser expects (e.g. a bot-challenge/interstitial page instead of the real vehicle page).
[2026-07-24 09:56:40] [MotusApiImporter] After enrichFromDetailPage() — engine_capacity_cc=NULL, image_urls count=1
[2026-07-24 09:56:40] [MotusApiImporter] findExistingCar() -> EXISTING car id=1437
[2026-07-24 09:56:40] [MotusApiImporter] updateCar() completed for existing id=1437.
[2026-07-24 09:56:40] [MotusApiImporter] --- Processing row 19 (stock/sku: 1446122) ---
[2026-07-24 09:56:40] [MotusApiImporter] parseVehicle() OK — make=VOLKSWAGEN, model=GOLF 8, source_url=https://www.motusvw.co.za/midrand/showroom/625-vwmdf890926/0/, image_urls count=1
[2026-07-24 09:56:42] [MotusApiImporter] Detail page fetched OK for stock #1446122 (https://www.motusvw.co.za/midrand/showroom/625-vwmdf890926/0/) but MotusShowroomParser found no vehicle node in it — the page's markup may not match what this parser expects (e.g. a bot-challenge/interstitial page instead of the real vehicle page).
[2026-07-24 09:56:42] [MotusApiImporter] After enrichFromDetailPage() — engine_capacity_cc=NULL, image_urls count=1
[2026-07-24 09:56:42] [MotusApiImporter] findExistingCar() -> EXISTING car id=1438
[2026-07-24 09:56:42] [MotusApiImporter] updateCar() completed for existing id=1438.
[2026-07-24 09:56:42] [MotusApiImporter] --- Processing row 20 (stock/sku: 1446022) ---
[2026-07-24 09:56:42] [MotusApiImporter] parseVehicle() OK — make=VOLKSWAGEN, model=GOLF 8, source_url=https://www.motusvw.co.za/midrand/showroom/625-vwmdf892077/0/, image_urls count=1
[2026-07-24 09:56:43] [MotusApiImporter] Detail page fetched OK for stock #1446022 (https://www.motusvw.co.za/midrand/showroom/625-vwmdf892077/0/) but MotusShowroomParser found no vehicle node in it — the page's markup may not match what this parser expects (e.g. a bot-challenge/interstitial page instead of the real vehicle page).
[2026-07-24 09:56:43] [MotusApiImporter] After enrichFromDetailPage() — engine_capacity_cc=NULL, image_urls count=1
[2026-07-24 09:56:43] [MotusApiImporter] findExistingCar() -> EXISTING car id=1439
[2026-07-24 09:56:43] [MotusApiImporter] updateCar() completed for existing id=1439.
[2026-07-24 09:56:43] [MotusApiImporter] --- Processing row 21 (stock/sku: 1446049) ---
[2026-07-24 09:56:43] [MotusApiImporter] parseVehicle() OK — make=VOLKSWAGEN, model=GOLF 8, source_url=https://www.motusvw.co.za/midrand/showroom/625-vwmdf892214/0/, image_urls count=1
[2026-07-24 09:56:47] [MotusApiImporter] Detail page fetched OK for stock #1446049 (https://www.motusvw.co.za/midrand/showroom/625-vwmdf892214/0/) but MotusShowroomParser found no vehicle node in it — the page's markup may not match what this parser expects (e.g. a bot-challenge/interstitial page instead of the real vehicle page).
[2026-07-24 09:56:47] [MotusApiImporter] After enrichFromDetailPage() — engine_capacity_cc=NULL, image_urls count=1
[2026-07-24 09:56:47] [MotusApiImporter] findExistingCar() -> EXISTING car id=1440
[2026-07-24 09:56:47] [MotusApiImporter] updateCar() completed for existing id=1440.
[2026-07-24 09:56:47] [MotusApiImporter] --- Processing row 22 (stock/sku: 1446001) ---
[2026-07-24 09:56:47] [MotusApiImporter] parseVehicle() OK — make=VOLKSWAGEN, model=GOLF 8, source_url=https://www.motusvw.co.za/midrand/showroom/625-vwmdf892266/0/, image_urls count=1
[2026-07-24 09:56:47] [MotusApiImporter] Skipped detail-page fetch for stock #1446001 — time budget already exhausted.
[2026-07-24 09:56:47] [MotusApiImporter] After enrichFromDetailPage() — engine_capacity_cc=NULL, image_urls count=1
[2026-07-24 09:56:47] [MotusApiImporter] findExistingCar() -> EXISTING car id=1441
[2026-07-24 09:56:47] [MotusApiImporter] updateCar() completed for existing id=1441.
[2026-07-24 09:56:47] [MotusApiImporter] --- Processing row 23 (stock/sku: 1446356) ---
[2026-07-24 09:56:47] [MotusApiImporter] parseVehicle() OK — make=VOLKSWAGEN, model=POLO, source_url=https://www.motusvw.co.za/midrand/showroom/625-vwmdf887866/0/, image_urls count=1
[2026-07-24 09:56:47] [MotusApiImporter] Skipped detail-page fetch for stock #1446356 — time budget already exhausted.
[2026-07-24 09:56:47] [MotusApiImporter] After enrichFromDetailPage() — engine_capacity_cc=NULL, image_urls count=1
[2026-07-24 09:56:47] [MotusApiImporter] findExistingCar() -> EXISTING car id=1442
[2026-07-24 09:56:47] [MotusApiImporter] updateCar() completed for existing id=1442.
[2026-07-24 09:56:47] [MotusApiImporter] --- Processing row 24 (stock/sku: 1446129) ---
[2026-07-24 09:56:47] [MotusApiImporter] parseVehicle() OK — make=VOLKSWAGEN, model=POLO, source_url=https://www.motusvw.co.za/midrand/showroom/625-vwmdf890824/0/, image_urls count=1
[2026-07-24 09:56:47] [MotusApiImporter] Skipped detail-page fetch for stock #1446129 — time budget already exhausted.
[2026-07-24 09:56:47] [MotusApiImporter] After enrichFromDetailPage() — engine_capacity_cc=NULL, image_urls count=1
[2026-07-24 09:56:47] [MotusApiImporter] findExistingCar() -> EXISTING car id=1443
[2026-07-24 09:56:47] [MotusApiImporter] updateCar() completed for existing id=1443.
[2026-07-24 09:56:47] [MotusApiImporter] --- Processing row 25 (stock/sku: 1445964) ---
[2026-07-24 09:56:47] [MotusApiImporter] parseVehicle() OK — make=VOLKSWAGEN, model=POLO, source_url=https://www.motusvw.co.za/midrand/showroom/625-vwmdf892733/0/, image_urls count=1
[2026-07-24 09:56:47] [MotusApiImporter] Skipped detail-page fetch for stock #1445964 — time budget already exhausted.
[2026-07-24 09:56:47] [MotusApiImporter] After enrichFromDetailPage() — engine_capacity_cc=NULL, image_urls count=1
[2026-07-24 09:56:47] [MotusApiImporter] findExistingCar() -> EXISTING car id=1444
[2026-07-24 09:56:47] [MotusApiImporter] updateCar() completed for existing id=1444.
[2026-07-24 09:56:47] [MotusApiImporter] --- Processing row 26 (stock/sku: 1446127) ---
[2026-07-24 09:56:47] [MotusApiImporter] parseVehicle() OK — make=VOLKSWAGEN, model=POLO, source_url=https://www.motusvw.co.za/midrand/showroom/625-vwmdf890793/0/, image_urls count=1
[2026-07-24 09:56:47] [MotusApiImporter] Skipped detail-page fetch for stock #1446127 — time budget already exhausted.
[2026-07-24 09:56:47] [MotusApiImporter] After enrichFromDetailPage() — engine_capacity_cc=NULL, image_urls count=1
[2026-07-24 09:56:47] [MotusApiImporter] findExistingCar() -> EXISTING car id=1445
[2026-07-24 09:56:47] [MotusApiImporter] updateCar() completed for existing id=1445.
[2026-07-24 09:56:47] [MotusApiImporter] --- Processing row 27 (stock/sku: 1446009) ---
[2026-07-24 09:56:47] [MotusApiImporter] parseVehicle() OK — make=VOLKSWAGEN, model=POLO, source_url=https://www.motusvw.co.za/midrand/showroom/625-vwmdf892148/0/, image_urls count=1
[2026-07-24 09:56:47] [MotusApiImporter] Skipped detail-page fetch for stock #1446009 — time budget already exhausted.
[2026-07-24 09:56:47] [MotusApiImporter] After enrichFromDetailPage() — engine_capacity_cc=NULL, image_urls count=1
[2026-07-24 09:56:47] [MotusApiImporter] findExistingCar() -> EXISTING car id=1446
[2026-07-24 09:56:47] [MotusApiImporter] updateCar() completed for existing id=1446.
[2026-07-24 09:56:47] [MotusApiImporter] --- Processing row 28 (stock/sku: 1445944) ---
[2026-07-24 09:56:47] [MotusApiImporter] parseVehicle() OK — make=VOLKSWAGEN, model=POLO, source_url=https://www.motusvw.co.za/midrand/showroom/625-vwmdf893079/0/, image_urls count=1
[2026-07-24 09:56:47] [MotusApiImporter] Skipped detail-page fetch for stock #1445944 — time budget already exhausted.
[2026-07-24 09:56:47] [MotusApiImporter] After enrichFromDetailPage() — engine_capacity_cc=NULL, image_urls count=1
[2026-07-24 09:56:47] [MotusApiImporter] findExistingCar() -> EXISTING car id=1447
[2026-07-24 09:56:47] [MotusApiImporter] updateCar() completed for existing id=1447.
[2026-07-24 09:56:47] [MotusApiImporter] --- Processing row 29 (stock/sku: 1445929) ---
[2026-07-24 09:56:47] [MotusApiImporter] parseVehicle() OK — make=VOLKSWAGEN, model=POLO, source_url=https://www.motusvw.co.za/midrand/showroom/625-vwmdf893255/0/, image_urls count=1
[2026-07-24 09:56:47] [MotusApiImporter] Skipped detail-page fetch for stock #1445929 — time budget already exhausted.
[2026-07-24 09:56:47] [MotusApiImporter] After enrichFromDetailPage() — engine_capacity_cc=NULL, image_urls count=1
[2026-07-24 09:56:47] [MotusApiImporter] findExistingCar() -> EXISTING car id=1448
[2026-07-24 09:56:47] [MotusApiImporter] updateCar() completed for existing id=1448.
[2026-07-24 09:56:47] [MotusApiImporter] --- Processing row 30 (stock/sku: 1445930) ---
[2026-07-24 09:56:47] [MotusApiImporter] parseVehicle() OK — make=VOLKSWAGEN, model=POLO, source_url=https://www.motusvw.co.za/midrand/showroom/625-vwmdf893267/0/, image_urls count=1
[2026-07-24 09:56:47] [MotusApiImporter] Skipped detail-page fetch for stock #1445930 — time budget already exhausted.
[2026-07-24 09:56:47] [MotusApiImporter] After enrichFromDetailPage() — engine_capacity_cc=NULL, image_urls count=1
[2026-07-24 09:56:47] [MotusApiImporter] findExistingCar() -> EXISTING car id=1449
[2026-07-24 09:56:47] [MotusApiImporter] updateCar() completed for existing id=1449.
[2026-07-24 09:56:47] [MotusApiImporter] --- Processing row 31 (stock/sku: 1446008) ---
[2026-07-24 09:56:47] [MotusApiImporter] parseVehicle() OK — make=VOLKSWAGEN, model=POLO, source_url=https://www.motusvw.co.za/midrand/showroom/625-vwmdf892145/0/, image_urls count=1
[2026-07-24 09:56:47] [MotusApiImporter] Skipped detail-page fetch for stock #1446008 — time budget already exhausted.
[2026-07-24 09:56:47] [MotusApiImporter] After enrichFromDetailPage() — engine_capacity_cc=NULL, image_urls count=1
[2026-07-24 09:56:47] [MotusApiImporter] findExistingCar() -> EXISTING car id=1450
[2026-07-24 09:56:47] [MotusApiImporter] updateCar() completed for existing id=1450.
[2026-07-24 09:56:47] [MotusApiImporter] --- Processing row 32 (stock/sku: 1445928) ---
[2026-07-24 09:56:47] [MotusApiImporter] parseVehicle() OK — make=VOLKSWAGEN, model=POLO, source_url=https://www.motusvw.co.za/midrand/showroom/625-vwmdf893252/0/, image_urls count=1
[2026-07-24 09:56:47] [MotusApiImporter] Skipped detail-page fetch for stock #1445928 — time budget already exhausted.
[2026-07-24 09:56:47] [MotusApiImporter] After enrichFromDetailPage() — engine_capacity_cc=NULL, image_urls count=1
[2026-07-24 09:56:47] [MotusApiImporter] findExistingCar() -> EXISTING car id=1451
[2026-07-24 09:56:47] [MotusApiImporter] updateCar() completed for existing id=1451.
[2026-07-24 09:56:47] [MotusApiImporter] --- Processing row 33 (stock/sku: 1445915) ---
[2026-07-24 09:56:47] [MotusApiImporter] parseVehicle() OK — make=VOLKSWAGEN, model=POLO, source_url=https://www.motusvw.co.za/midrand/showroom/625-vwmdf893516/0/, image_urls count=1
[2026-07-24 09:56:47] [MotusApiImporter] Skipped detail-page fetch for stock #1445915 — time budget already exhausted.
[2026-07-24 09:56:47] [MotusApiImporter] After enrichFromDetailPage() — engine_capacity_cc=NULL, image_urls count=1
[2026-07-24 09:56:47] [MotusApiImporter] findExistingCar() -> EXISTING car id=1452
[2026-07-24 09:56:47] [MotusApiImporter] updateCar() completed for existing id=1452.
[2026-07-24 09:56:47] [MotusApiImporter] --- Processing row 34 (stock/sku: 1445966) ---
[2026-07-24 09:56:47] [MotusApiImporter] parseVehicle() OK — make=VOLKSWAGEN, model=POLO, source_url=https://www.motusvw.co.za/midrand/showroom/625-vwmdf892527/0/, image_urls count=1
[2026-07-24 09:56:47] [MotusApiImporter] Skipped detail-page fetch for stock #1445966 — time budget already exhausted.
[2026-07-24 09:56:47] [MotusApiImporter] After enrichFromDetailPage() — engine_capacity_cc=NULL, image_urls count=1
[2026-07-24 09:56:47] [MotusApiImporter] findExistingCar() -> EXISTING car id=1453
[2026-07-24 09:56:47] [MotusApiImporter] updateCar() completed for existing id=1453.
[2026-07-24 09:56:47] [MotusApiImporter] --- Processing row 35 (stock/sku: 1445835) ---
[2026-07-24 09:56:47] [MotusApiImporter] parseVehicle() OK — make=VOLKSWAGEN, model=POLO, source_url=https://www.motusvw.co.za/midrand/showroom/625-vwmdf894547/0/, image_urls count=1
[2026-07-24 09:56:47] [MotusApiImporter] Skipped detail-page fetch for stock #1445835 — time budget already exhausted.
[2026-07-24 09:56:47] [MotusApiImporter] After enrichFromDetailPage() — engine_capacity_cc=NULL, image_urls count=1
[2026-07-24 09:56:47] [MotusApiImporter] findExistingCar() -> EXISTING car id=1454
[2026-07-24 09:56:47] [MotusApiImporter] updateCar() completed for existing id=1454.
[2026-07-24 09:56:47] [MotusApiImporter] --- Processing row 36 (stock/sku: 1445857) ---
[2026-07-24 09:56:47] [MotusApiImporter] parseVehicle() OK — make=VOLKSWAGEN, model=POLO VIVO, source_url=https://www.motusvw.co.za/midrand/showroom/625-vwmdf894310/0/, image_urls count=1
[2026-07-24 09:56:47] [MotusApiImporter] Skipped detail-page fetch for stock #1445857 — time budget already exhausted.
[2026-07-24 09:56:47] [MotusApiImporter] After enrichFromDetailPage() — engine_capacity_cc=NULL, image_urls count=1
[2026-07-24 09:56:47] [MotusApiImporter] findExistingCar() -> EXISTING car id=1455
[2026-07-24 09:56:47] [MotusApiImporter] updateCar() completed for existing id=1455.
[2026-07-24 09:56:47] [MotusApiImporter] --- Processing row 37 (stock/sku: 1445858) ---
[2026-07-24 09:56:47] [MotusApiImporter] parseVehicle() OK — make=VOLKSWAGEN, model=POLO VIVO, source_url=https://www.motusvw.co.za/midrand/showroom/625-vwmdf894316/0/, image_urls count=1
[2026-07-24 09:56:47] [MotusApiImporter] Skipped detail-page fetch for stock #1445858 — time budget already exhausted.
[2026-07-24 09:56:47] [MotusApiImporter] After enrichFromDetailPage() — engine_capacity_cc=NULL, image_urls count=1
[2026-07-24 09:56:47] [MotusApiImporter] findExistingCar() -> EXISTING car id=1456
[2026-07-24 09:56:47] [MotusApiImporter] updateCar() completed for existing id=1456.
[2026-07-24 09:56:47] [MotusApiImporter] --- Processing row 38 (stock/sku: 1446130) ---
[2026-07-24 09:56:47] [MotusApiImporter] parseVehicle() OK — make=VOLKSWAGEN, model=POLO VIVO, source_url=https://www.motusvw.co.za/midrand/showroom/625-vwmdf890905/0/, image_urls count=1
[2026-07-24 09:56:47] [MotusApiImporter] Skipped detail-page fetch for stock #1446130 — time budget already exhausted.
[2026-07-24 09:56:47] [MotusApiImporter] After enrichFromDetailPage() — engine_capacity_cc=NULL, image_urls count=1
[2026-07-24 09:56:47] [MotusApiImporter] findExistingCar() -> EXISTING car id=1457
[2026-07-24 09:56:47] [MotusApiImporter] updateCar() completed for existing id=1457.
[2026-07-24 09:56:47] [MotusApiImporter] --- Processing row 39 (stock/sku: 1445963) ---
[2026-07-24 09:56:47] [MotusApiImporter] parseVehicle() OK — make=VOLKSWAGEN, model=T-CROSS, source_url=https://www.motusvw.co.za/midrand/showroom/625-vwmdf892729/0/, image_urls count=1
[2026-07-24 09:56:47] [MotusApiImporter] Skipped detail-page fetch for stock #1445963 — time budget already exhausted.
[2026-07-24 09:56:47] [MotusApiImporter] After enrichFromDetailPage() — engine_capacity_cc=NULL, image_urls count=1
[2026-07-24 09:56:47] [MotusApiImporter] findExistingCar() -> EXISTING car id=1458
[2026-07-24 09:56:47] [MotusApiImporter] updateCar() completed for existing id=1458.
[2026-07-24 09:56:47] [MotusApiImporter] --- Processing row 40 (stock/sku: 1445833) ---
[2026-07-24 09:56:47] [MotusApiImporter] parseVehicle() OK — make=VOLKSWAGEN, model=T-CROSS, source_url=https://www.motusvw.co.za/midrand/showroom/625-vwmdf895060/0/, image_urls count=1
[2026-07-24 09:56:47] [MotusApiImporter] Skipped detail-page fetch for stock #1445833 — time budget already exhausted.
[2026-07-24 09:56:47] [MotusApiImporter] After enrichFromDetailPage() — engine_capacity_cc=NULL, image_urls count=1
[2026-07-24 09:56:47] [MotusApiImporter] findExistingCar() -> EXISTING car id=1459
[2026-07-24 09:56:47] [MotusApiImporter] updateCar() completed for existing id=1459.
[2026-07-24 09:56:47] [MotusApiImporter] --- Processing row 41 (stock/sku: 1445916) ---
[2026-07-24 09:56:47] [MotusApiImporter] parseVehicle() OK — make=VOLKSWAGEN, model=T-CROSS, source_url=https://www.motusvw.co.za/midrand/showroom/625-vwmdf893597/0/, image_urls count=1
[2026-07-24 09:56:47] [MotusApiImporter] Skipped detail-page fetch for stock #1445916 — time budget already exhausted.
[2026-07-24 09:56:47] [MotusApiImporter] After enrichFromDetailPage() — engine_capacity_cc=NULL, image_urls count=1
[2026-07-24 09:56:47] [MotusApiImporter] findExistingCar() -> EXISTING car id=1460
[2026-07-24 09:56:47] [MotusApiImporter] updateCar() completed for existing id=1460.
[2026-07-24 09:56:47] [MotusApiImporter] --- Processing row 42 (stock/sku: 1445895) ---
[2026-07-24 09:56:47] [MotusApiImporter] parseVehicle() OK — make=VOLKSWAGEN, model=T-CROSS, source_url=https://www.motusvw.co.za/midrand/showroom/625-vwmdf894000/0/, image_urls count=1
[2026-07-24 09:56:47] [MotusApiImporter] Skipped detail-page fetch for stock #1445895 — time budget already exhausted.
[2026-07-24 09:56:47] [MotusApiImporter] After enrichFromDetailPage() — engine_capacity_cc=NULL, image_urls count=1
[2026-07-24 09:56:47] [MotusApiImporter] findExistingCar() -> EXISTING car id=1461
[2026-07-24 09:56:47] [MotusApiImporter] updateCar() completed for existing id=1461.
[2026-07-24 09:56:47] [MotusApiImporter] --- Processing row 43 (stock/sku: 1445907) ---
[2026-07-24 09:56:47] [MotusApiImporter] parseVehicle() OK — make=VOLKSWAGEN, model=TIGUAN, source_url=https://www.motusvw.co.za/midrand/showroom/625-vwmdf893709/0/, image_urls count=1
[2026-07-24 09:56:47] [MotusApiImporter] Skipped detail-page fetch for stock #1445907 — time budget already exhausted.
[2026-07-24 09:56:47] [MotusApiImporter] After enrichFromDetailPage() — engine_capacity_cc=NULL, image_urls count=1
[2026-07-24 09:56:47] [MotusApiImporter] findExistingCar() -> EXISTING car id=1462
[2026-07-24 09:56:47] [MotusApiImporter] updateCar() completed for existing id=1462.
[2026-07-24 09:56:47] [MotusApiImporter] --- Processing row 44 (stock/sku: 1446283) ---
[2026-07-24 09:56:47] [MotusApiImporter] parseVehicle() OK — make=VOLKSWAGEN, model=TIGUAN, source_url=https://www.motusvw.co.za/midrand/showroom/625-vwmdf888104/0/, image_urls count=1
[2026-07-24 09:56:47] [MotusApiImporter] Skipped detail-page fetch for stock #1446283 — time budget already exhausted.
[2026-07-24 09:56:47] [MotusApiImporter] After enrichFromDetailPage() — engine_capacity_cc=NULL, image_urls count=1
[2026-07-24 09:56:47] [MotusApiImporter] findExistingCar() -> EXISTING car id=1463
[2026-07-24 09:56:47] [MotusApiImporter] updateCar() completed for existing id=1463.
[2026-07-24 09:56:47] [MotusApiImporter] --- Processing row 45 (stock/sku: 1446223) ---
[2026-07-24 09:56:47] [MotusApiImporter] parseVehicle() OK — make=JEEP, model=RENEGADE, source_url=https://www.motusvw.co.za/midrand/showroom/625-vwmdf889687/1/, image_urls count=1
[2026-07-24 09:56:47] [MotusApiImporter] Skipped detail-page fetch for stock #1446223 — time budget already exhausted.
[2026-07-24 09:56:47] [MotusApiImporter] After enrichFromDetailPage() — engine_capacity_cc=NULL, image_urls count=1
[2026-07-24 09:56:47] [MotusApiImporter] findExistingCar() -> EXISTING car id=1464
[2026-07-24 09:56:47] [MotusApiImporter] updateCar() completed for existing id=1464.
[2026-07-24 09:56:47] [MotusApiImporter] --- Processing row 46 (stock/sku: 1445923) ---
[2026-07-24 09:56:47] [MotusApiImporter] parseVehicle() OK — make=BMW, model=2 SERIES, source_url=https://www.motusvw.co.za/midrand/showroom/625-vwmdf893379/1/, image_urls count=1
[2026-07-24 09:56:47] [MotusApiImporter] Skipped detail-page fetch for stock #1445923 — time budget already exhausted.
[2026-07-24 09:56:47] [MotusApiImporter] After enrichFromDetailPage() — engine_capacity_cc=NULL, image_urls count=1
[2026-07-24 09:56:47] [MotusApiImporter] findExistingCar() -> EXISTING car id=1465
[2026-07-24 09:56:47] [MotusApiImporter] updateCar() completed for existing id=1465.
[2026-07-24 09:56:47] [MotusApiImporter] --- Processing row 47 (stock/sku: 1445943) ---
[2026-07-24 09:56:47] [MotusApiImporter] parseVehicle() OK — make=FORD, model=ECOSPORT, source_url=https://www.motusvw.co.za/midrand/showroom/625-vwmdf893075/1/, image_urls count=1
[2026-07-24 09:56:47] [MotusApiImporter] Skipped detail-page fetch for stock #1445943 — time budget already exhausted.
[2026-07-24 09:56:47] [MotusApiImporter] After enrichFromDetailPage() — engine_capacity_cc=NULL, image_urls count=1
[2026-07-24 09:56:47] [MotusApiImporter] findExistingCar() -> EXISTING car id=1466
[2026-07-24 09:56:47] [MotusApiImporter] updateCar() completed for existing id=1466.
[2026-07-24 09:56:47] [MotusApiImporter] --- Processing row 48 (stock/sku: 1446850) ---
[2026-07-24 09:56:47] [MotusApiImporter] parseVehicle() OK — make=VOLKSWAGEN, model=POLO, source_url=https://www.motusvw.co.za/midrand/showroom/625-vwmdf258260/1/, image_urls count=1
[2026-07-24 09:56:47] [MotusApiImporter] Skipped detail-page fetch for stock #1446850 — time budget already exhausted.
[2026-07-24 09:56:47] [MotusApiImporter] After enrichFromDetailPage() — engine_capacity_cc=NULL, image_urls count=1
[2026-07-24 09:56:47] [MotusApiImporter] findExistingCar() -> EXISTING car id=1467
[2026-07-24 09:56:47] [MotusApiImporter] updateCar() completed for existing id=1467.
[2026-07-24 09:56:47] [MotusApiImporter] --- Processing row 49 (stock/sku: 1446505) ---
[2026-07-24 09:56:47] [MotusApiImporter] parseVehicle() OK — make=VOLKSWAGEN, model=POLO VIVO, source_url=https://www.motusvw.co.za/midrand/showroom/625-vwmdf608385/2/, image_urls count=1
[2026-07-24 09:56:47] [MotusApiImporter] Skipped detail-page fetch for stock #1446505 — time budget already exhausted.
[2026-07-24 09:56:47] [MotusApiImporter] After enrichFromDetailPage() — engine_capacity_cc=NULL, image_urls count=1
[2026-07-24 09:56:47] [MotusApiImporter] findExistingCar() -> EXISTING car id=1468
[2026-07-24 09:56:47] [MotusApiImporter] updateCar() completed for existing id=1468.
[2026-07-24 09:56:47] [MotusApiImporter] --- Processing row 50 (stock/sku: 1446800) ---
[2026-07-24 09:56:47] [MotusApiImporter] parseVehicle() OK — make=VOLKSWAGEN, model=TIGUAN, source_url=https://www.motusvw.co.za/midrand/showroom/625-vwmdf829969/1/, image_urls count=1
[2026-07-24 09:56:47] [MotusApiImporter] Skipped detail-page fetch for stock #1446800 — time budget already exhausted.
[2026-07-24 09:56:47] [MotusApiImporter] After enrichFromDetailPage() — engine_capacity_cc=NULL, image_urls count=1
[2026-07-24 09:56:47] [MotusApiImporter] findExistingCar() -> EXISTING car id=1469
[2026-07-24 09:56:47] [MotusApiImporter] updateCar() completed for existing id=1469.
[2026-07-24 09:56:47] [MotusApiImporter] --- Processing row 51 (stock/sku: 1446792) ---
[2026-07-24 09:56:47] [MotusApiImporter] parseVehicle() OK — make=VOLKSWAGEN, model=TIGUAN ALLSPACE, source_url=https://www.motusvw.co.za/midrand/showroom/625-vwmdf838290/1/, image_urls count=1
[2026-07-24 09:56:47] [MotusApiImporter] Skipped detail-page fetch for stock #1446792 — time budget already exhausted.
[2026-07-24 09:56:47] [MotusApiImporter] After enrichFromDetailPage() — engine_capacity_cc=NULL, image_urls count=1
[2026-07-24 09:56:47] [MotusApiImporter] findExistingCar() -> EXISTING car id=1470
[2026-07-24 09:56:47] [MotusApiImporter] updateCar() completed for existing id=1470.
[2026-07-24 09:56:47] [MotusApiImporter] --- Processing row 52 (stock/sku: 1446153) ---
[2026-07-24 09:56:47] [MotusApiImporter] parseVehicle() OK — make=VOLKSWAGEN, model=TIGUAN, source_url=https://www.motusvw.co.za/midrand/showroom/625-vwmdf762579/1/, image_urls count=1
[2026-07-24 09:56:47] [MotusApiImporter] Skipped detail-page fetch for stock #1446153 — time budget already exhausted.
[2026-07-24 09:56:47] [MotusApiImporter] After enrichFromDetailPage() — engine_capacity_cc=NULL, image_urls count=1
[2026-07-24 09:56:47] [MotusApiImporter] findExistingCar() -> EXISTING car id=1471
[2026-07-24 09:56:47] [MotusApiImporter] updateCar() completed for existing id=1471.
[2026-07-24 09:56:47] [MotusApiImporter] --- Processing row 53 (stock/sku: 1446811) ---
[2026-07-24 09:56:47] [MotusApiImporter] parseVehicle() OK — make=FORD, model=ECOSPORT, source_url=https://www.motusvw.co.za/midrand/showroom/625-vwmdf889981/1/, image_urls count=1
[2026-07-24 09:56:47] [MotusApiImporter] Skipped detail-page fetch for stock #1446811 — time budget already exhausted.
[2026-07-24 09:56:47] [MotusApiImporter] After enrichFromDetailPage() — engine_capacity_cc=NULL, image_urls count=1
[2026-07-24 09:56:47] [MotusApiImporter] findExistingCar() -> EXISTING car id=1472
[2026-07-24 09:56:47] [MotusApiImporter] updateCar() completed for existing id=1472.
[2026-07-24 09:56:47] [MotusApiImporter] --- Processing row 54 (stock/sku: 1445937) ---
[2026-07-24 09:56:47] [MotusApiImporter] parseVehicle() OK — make=FORD, model=FIGO, source_url=https://www.motusvw.co.za/midrand/showroom/625-vwmdf893195/1/, image_urls count=1
[2026-07-24 09:56:47] [MotusApiImporter] Skipped detail-page fetch for stock #1445937 — time budget already exhausted.
[2026-07-24 09:56:47] [MotusApiImporter] After enrichFromDetailPage() — engine_capacity_cc=NULL, image_urls count=1
[2026-07-24 09:56:47] [MotusApiImporter] findExistingCar() -> EXISTING car id=1473
[2026-07-24 09:56:47] [MotusApiImporter] updateCar() completed for existing id=1473.
[2026-07-24 09:56:47] [MotusApiImporter] --- Processing row 55 (stock/sku: 1446382) ---
[2026-07-24 09:56:47] [MotusApiImporter] parseVehicle() OK — make=VOLKSWAGEN, model=AMAROK, source_url=https://www.motusvw.co.za/midrand/showroom/625-vwmdf421690/1/, image_urls count=1
[2026-07-24 09:56:47] [MotusApiImporter] Skipped detail-page fetch for stock #1446382 — time budget already exhausted.
[2026-07-24 09:56:47] [MotusApiImporter] After enrichFromDetailPage() — engine_capacity_cc=NULL, image_urls count=1
[2026-07-24 09:56:47] [MotusApiImporter] findExistingCar() -> EXISTING car id=1474
[2026-07-24 09:56:47] [MotusApiImporter] updateCar() completed for existing id=1474.
[2026-07-24 09:56:47] [MotusApiImporter] --- Processing row 56 (stock/sku: 1446801) ---
[2026-07-24 09:56:47] [MotusApiImporter] parseVehicle() OK — make=VOLKSWAGEN, model=T-CROSS, source_url=https://www.motusvw.co.za/midrand/showroom/625-vwmdf423363/2/, image_urls count=1
[2026-07-24 09:56:47] [MotusApiImporter] Skipped detail-page fetch for stock #1446801 — time budget already exhausted.
[2026-07-24 09:56:47] [MotusApiImporter] After enrichFromDetailPage() — engine_capacity_cc=NULL, image_urls count=1
[2026-07-24 09:56:47] [MotusApiImporter] findExistingCar() -> EXISTING car id=1475
[2026-07-24 09:56:47] [MotusApiImporter] updateCar() completed for existing id=1475.
[2026-07-24 09:56:47] [MotusApiImporter] --- Processing row 57 (stock/sku: 1446410) ---
[2026-07-24 09:56:47] [MotusApiImporter] parseVehicle() OK — make=VOLKSWAGEN, model=TRANSPORTER, source_url=https://www.motusvw.co.za/midrand/showroom/625-vwmdf886408/4/, image_urls count=1
[2026-07-24 09:56:47] [MotusApiImporter] Skipped detail-page fetch for stock #1446410 — time budget already exhausted.
[2026-07-24 09:56:47] [MotusApiImporter] After enrichFromDetailPage() — engine_capacity_cc=NULL, image_urls count=1
[2026-07-24 09:56:47] [MotusApiImporter] findExistingCar() -> EXISTING car id=1476
[2026-07-24 09:56:47] [MotusApiImporter] updateCar() completed for existing id=1476.
[2026-07-24 09:56:47] [MotusApiImporter] --- Processing row 58 (stock/sku: 1445899) ---
[2026-07-24 09:56:47] [MotusApiImporter] parseVehicle() OK — make=VOLKSWAGEN, model=TRANSPORTER, source_url=https://www.motusvw.co.za/midrand/showroom/625-vwmdf893863/1/, image_urls count=1
[2026-07-24 09:56:47] [MotusApiImporter] Skipped detail-page fetch for stock #1445899 — time budget already exhausted.
[2026-07-24 09:56:47] [MotusApiImporter] After enrichFromDetailPage() — engine_capacity_cc=NULL, image_urls count=1
[2026-07-24 09:56:47] [MotusApiImporter] findExistingCar() -> EXISTING car id=1477
[2026-07-24 09:56:47] [MotusApiImporter] updateCar() completed for existing id=1477.
[2026-07-24 09:56:47] [MotusApiImporter] --- Processing row 59 (stock/sku: 1446142) ---
[2026-07-24 09:56:47] [MotusApiImporter] parseVehicle() OK — make=BMW, model=4 SERIES, source_url=https://www.motusvw.co.za/midrand/showroom/625-vwmdf890748/1/, image_urls count=1
[2026-07-24 09:56:47] [MotusApiImporter] Skipped detail-page fetch for stock #1446142 — time budget already exhausted.
[2026-07-24 09:56:47] [MotusApiImporter] After enrichFromDetailPage() — engine_capacity_cc=NULL, image_urls count=1
[2026-07-24 09:56:47] [MotusApiImporter] findExistingCar() -> EXISTING car id=1478
[2026-07-24 09:56:47] [MotusApiImporter] updateCar() completed for existing id=1478.
[2026-07-24 09:56:47] [MotusApiImporter] --- Processing row 60 (stock/sku: 1446010) ---
[2026-07-24 09:56:47] [MotusApiImporter] parseVehicle() OK — make=JAGUAR, model=F-PACE, source_url=https://www.motusvw.co.za/midrand/showroom/625-vwmdf892204/1/, image_urls count=1
[2026-07-24 09:56:47] [MotusApiImporter] Skipped detail-page fetch for stock #1446010 — time budget already exhausted.
[2026-07-24 09:56:47] [MotusApiImporter] After enrichFromDetailPage() — engine_capacity_cc=NULL, image_urls count=1
[2026-07-24 09:56:47] [MotusApiImporter] findExistingCar() -> EXISTING car id=1479
[2026-07-24 09:56:47] [MotusApiImporter] updateCar() completed for existing id=1479.
[2026-07-24 09:56:47] [MotusApiImporter] --- Processing row 61 (stock/sku: 1448883) ---
[2026-07-24 09:56:47] [MotusApiImporter] parseVehicle() OK — make=KIA, model=RIO, source_url=https://www.motusvw.co.za/midrand/showroom/625-vwmvusc894215/1/, image_urls count=1
[2026-07-24 09:56:47] [MotusApiImporter] Skipped detail-page fetch for stock #1448883 — time budget already exhausted.
[2026-07-24 09:56:47] [MotusApiImporter] After enrichFromDetailPage() — engine_capacity_cc=NULL, image_urls count=1
[2026-07-24 09:56:47] [MotusApiImporter] findExistingCar() -> EXISTING car id=1539
[2026-07-24 09:56:47] [MotusApiImporter] updateCar() completed for existing id=1539.
[2026-07-24 09:56:47] [MotusApiImporter] --- Processing row 62 (stock/sku: 1445715) ---
[2026-07-24 09:56:47] [MotusApiImporter] parseVehicle() OK — make=RENAULT, model=CLIO, source_url=https://www.motusvw.co.za/midrand/showroom/625-vwmdf896334/1/, image_urls count=1
[2026-07-24 09:56:47] [MotusApiImporter] Skipped detail-page fetch for stock #1445715 — time budget already exhausted.
[2026-07-24 09:56:47] [MotusApiImporter] After enrichFromDetailPage() — engine_capacity_cc=NULL, image_urls count=1
[2026-07-24 09:56:47] [MotusApiImporter] findExistingCar() -> EXISTING car id=1481
[2026-07-24 09:56:47] [MotusApiImporter] updateCar() completed for existing id=1481.
[2026-07-24 09:56:47] [MotusApiImporter] --- Processing row 63 (stock/sku: 1445883) ---
[2026-07-24 09:56:47] [MotusApiImporter] parseVehicle() OK — make=VOLKSWAGEN, model=POLO VIVO, source_url=https://www.motusvw.co.za/midrand/showroom/625-vwmdf894125/2/, image_urls count=1
[2026-07-24 09:56:47] [MotusApiImporter] Skipped detail-page fetch for stock #1445883 — time budget already exhausted.
[2026-07-24 09:56:47] [MotusApiImporter] After enrichFromDetailPage() — engine_capacity_cc=NULL, image_urls count=1
[2026-07-24 09:56:47] [MotusApiImporter] findExistingCar() -> EXISTING car id=1482
[2026-07-24 09:56:47] [MotusApiImporter] updateCar() completed for existing id=1482.
[2026-07-24 09:56:47] [MotusApiImporter] --- Processing row 64 (stock/sku: 1445714) ---
[2026-07-24 09:56:47] [MotusApiImporter] parseVehicle() OK — make=VOLKSWAGEN, model=POLO VIVO, source_url=https://www.motusvw.co.za/midrand/showroom/625-vwmdf896260/1/, image_urls count=1
[2026-07-24 09:56:47] [MotusApiImporter] Skipped detail-page fetch for stock #1445714 — time budget already exhausted.
[2026-07-24 09:56:47] [MotusApiImporter] After enrichFromDetailPage() — engine_capacity_cc=NULL, image_urls count=1
[2026-07-24 09:56:47] [MotusApiImporter] findExistingCar() -> EXISTING car id=1483
[2026-07-24 09:56:47] [MotusApiImporter] updateCar() completed for existing id=1483.
[2026-07-24 09:56:47] [MotusApiImporter] --- Processing row 65 (stock/sku: 1446735) ---
[2026-07-24 09:56:47] [MotusApiImporter] parseVehicle() OK — make=VOLKSWAGEN, model=TAIGO, source_url=https://www.motusvw.co.za/midrand/showroom/625-vwmdf861673/2/, image_urls count=1
[2026-07-24 09:56:47] [MotusApiImporter] Skipped detail-page fetch for stock #1446735 — time budget already exhausted.
[2026-07-24 09:56:47] [MotusApiImporter] After enrichFromDetailPage() — engine_capacity_cc=NULL, image_urls count=1
[2026-07-24 09:56:47] [MotusApiImporter] findExistingCar() -> EXISTING car id=1485
[2026-07-24 09:56:47] [MotusApiImporter] updateCar() completed for existing id=1485.
[2026-07-24 09:56:47] [MotusApiImporter] --- Processing row 66 (stock/sku: 1445959) ---
[2026-07-24 09:56:47] [MotusApiImporter] parseVehicle() OK — make=VOLKSWAGEN, model=TRANSPORTER, source_url=https://www.motusvw.co.za/midrand/showroom/625-vwmdf425954/1/, image_urls count=1
[2026-07-24 09:56:47] [MotusApiImporter] Skipped detail-page fetch for stock #1445959 — time budget already exhausted.
[2026-07-24 09:56:47] [MotusApiImporter] After enrichFromDetailPage() — engine_capacity_cc=NULL, image_urls count=1
[2026-07-24 09:56:47] [MotusApiImporter] findExistingCar() -> EXISTING car id=1486
[2026-07-24 09:56:47] [MotusApiImporter] updateCar() completed for existing id=1486.
[2026-07-24 09:56:47] [MotusApiImporter] --- Processing row 67 (stock/sku: 1446051) ---
[2026-07-24 09:56:47] [MotusApiImporter] parseVehicle() OK — make=VOLKSWAGEN, model=AMAROK, source_url=https://www.motusvw.co.za/midrand/showroom/625-vwmdf891606/1/, image_urls count=1
[2026-07-24 09:56:47] [MotusApiImporter] Skipped detail-page fetch for stock #1446051 — time budget already exhausted.
[2026-07-24 09:56:47] [MotusApiImporter] After enrichFromDetailPage() — engine_capacity_cc=NULL, image_urls count=1
[2026-07-24 09:56:47] [MotusApiImporter] findExistingCar() -> EXISTING car id=1487
[2026-07-24 09:56:47] [MotusApiImporter] updateCar() completed for existing id=1487.
[2026-07-24 09:56:47] [MotusApiImporter] --- Processing row 68 (stock/sku: 1446086) ---
[2026-07-24 09:56:47] [MotusApiImporter] parseVehicle() OK — make=VOLKSWAGEN, model=POLO, source_url=https://www.motusvw.co.za/midrand/showroom/625-vwmdf891191/1/, image_urls count=1
[2026-07-24 09:56:47] [MotusApiImporter] Skipped detail-page fetch for stock #1446086 — time budget already exhausted.
[2026-07-24 09:56:47] [MotusApiImporter] After enrichFromDetailPage() — engine_capacity_cc=NULL, image_urls count=1
[2026-07-24 09:56:47] [MotusApiImporter] findExistingCar() -> EXISTING car id=1489
[2026-07-24 09:56:47] [MotusApiImporter] updateCar() completed for existing id=1489.
[2026-07-24 09:56:47] [MotusApiImporter] --- Processing row 69 (stock/sku: 1446654) ---
[2026-07-24 09:56:47] [MotusApiImporter] parseVehicle() OK — make=AUDI, model=Q2, source_url=https://www.motusvw.co.za/midrand/showroom/625-vwmdf872129/1/, image_urls count=1
[2026-07-24 09:56:47] [MotusApiImporter] Skipped detail-page fetch for stock #1446654 — time budget already exhausted.
[2026-07-24 09:56:47] [MotusApiImporter] After enrichFromDetailPage() — engine_capacity_cc=NULL, image_urls count=1
[2026-07-24 09:56:47] [MotusApiImporter] findExistingCar() -> EXISTING car id=1490
[2026-07-24 09:56:47] [MotusApiImporter] updateCar() completed for existing id=1490.
[2026-07-24 09:56:47] [MotusApiImporter] --- Processing row 70 (stock/sku: 1449184) ---
[2026-07-24 09:56:47] [MotusApiImporter] parseVehicle() OK — make=FORD, model=RANGER, source_url=https://www.motusvw.co.za/midrand/showroom/625-vwmdf895758/1/, image_urls count=1
[2026-07-24 09:56:47] [MotusApiImporter] Skipped detail-page fetch for stock #1449184 — time budget already exhausted.
[2026-07-24 09:56:47] [MotusApiImporter] After enrichFromDetailPage() — engine_capacity_cc=NULL, image_urls count=1
[2026-07-24 09:56:47] [MotusApiImporter] findExistingCar() -> EXISTING car id=1588
[2026-07-24 09:56:47] [MotusApiImporter] updateCar() completed for existing id=1588.
[2026-07-24 09:56:47] [MotusApiImporter] --- Processing row 71 (stock/sku: 1448032) ---
[2026-07-24 09:56:47] [MotusApiImporter] parseVehicle() OK — make=HYUNDAI, model=GRAND CRETA, source_url=https://www.motusvw.co.za/midrand/showroom/625-vwmvusc853094/1/, image_urls count=1
[2026-07-24 09:56:47] [MotusApiImporter] Skipped detail-page fetch for stock #1448032 — time budget already exhausted.
[2026-07-24 09:56:47] [MotusApiImporter] After enrichFromDetailPage() — engine_capacity_cc=NULL, image_urls count=1
[2026-07-24 09:56:47] [MotusApiImporter] findExistingCar() -> EXISTING car id=1491
[2026-07-24 09:56:47] [MotusApiImporter] updateCar() completed for existing id=1491.
[2026-07-24 09:56:47] [MotusApiImporter] --- Processing row 72 (stock/sku: 1446809) ---
[2026-07-24 09:56:47] [MotusApiImporter] parseVehicle() OK — make=KIA, model=PICANTO, source_url=https://www.motusvw.co.za/midrand/showroom/625-vwmdf894445/1/, image_urls count=1
[2026-07-24 09:56:47] [MotusApiImporter] Skipped detail-page fetch for stock #1446809 — time budget already exhausted.
[2026-07-24 09:56:47] [MotusApiImporter] After enrichFromDetailPage() — engine_capacity_cc=NULL, image_urls count=1
[2026-07-24 09:56:47] [MotusApiImporter] findExistingCar() -> EXISTING car id=1492
[2026-07-24 09:56:47] [MotusApiImporter] updateCar() completed for existing id=1492.
[2026-07-24 09:56:47] [MotusApiImporter] --- Processing row 73 (stock/sku: 1446810) ---
[2026-07-24 09:56:47] [MotusApiImporter] parseVehicle() OK — make=NISSAN, model=MAGNITE, source_url=https://www.motusvw.co.za/midrand/showroom/625-vwmdf894838/1/, image_urls count=1
[2026-07-24 09:56:47] [MotusApiImporter] Skipped detail-page fetch for stock #1446810 — time budget already exhausted.
[2026-07-24 09:56:47] [MotusApiImporter] After enrichFromDetailPage() — engine_capacity_cc=NULL, image_urls count=1
[2026-07-24 09:56:47] [MotusApiImporter] findExistingCar() -> EXISTING car id=1493
[2026-07-24 09:56:47] [MotusApiImporter] updateCar() completed for existing id=1493.
[2026-07-24 09:56:47] [MotusApiImporter] --- Processing row 74 (stock/sku: 1446523) ---
[2026-07-24 09:56:47] [MotusApiImporter] parseVehicle() OK — make=TOYOTA, model=COROLLA CROSS, source_url=https://www.motusvw.co.za/midrand/showroom/625-bm037used896315/1/, image_urls count=1
[2026-07-24 09:56:47] [MotusApiImporter] Skipped detail-page fetch for stock #1446523 — time budget already exhausted.
[2026-07-24 09:56:47] [MotusApiImporter] After enrichFromDetailPage() — engine_capacity_cc=NULL, image_urls count=1
[2026-07-24 09:56:47] [MotusApiImporter] findExistingCar() -> EXISTING car id=1494
[2026-07-24 09:56:47] [MotusApiImporter] updateCar() completed for existing id=1494.
[2026-07-24 09:56:47] [MotusApiImporter] --- Processing row 75 (stock/sku: 1445994) ---
[2026-07-24 09:56:47] [MotusApiImporter] parseVehicle() OK — make=TOYOTA, model=HILUX, source_url=https://www.motusvw.co.za/midrand/showroom/625-vwmdf892356/1/, image_urls count=1
[2026-07-24 09:56:47] [MotusApiImporter] Skipped detail-page fetch for stock #1445994 — time budget already exhausted.
[2026-07-24 09:56:47] [MotusApiImporter] After enrichFromDetailPage() — engine_capacity_cc=NULL, image_urls count=1
[2026-07-24 09:56:47] [MotusApiImporter] findExistingCar() -> EXISTING car id=1495
[2026-07-24 09:56:47] [MotusApiImporter] updateCar() completed for existing id=1495.
[2026-07-24 09:56:47] [MotusApiImporter] --- Processing row 76 (stock/sku: 1446028) ---
[2026-07-24 09:56:47] [MotusApiImporter] parseVehicle() OK — make=VOLKSWAGEN, model=AMAROK, source_url=https://www.motusvw.co.za/midrand/showroom/625-vwmdf850170/1/, image_urls count=1
[2026-07-24 09:56:47] [MotusApiImporter] Skipped detail-page fetch for stock #1446028 — time budget already exhausted.
[2026-07-24 09:56:47] [MotusApiImporter] After enrichFromDetailPage() — engine_capacity_cc=NULL, image_urls count=1
[2026-07-24 09:56:47] [MotusApiImporter] findExistingCar() -> EXISTING car id=1496
[2026-07-24 09:56:47] [MotusApiImporter] updateCar() completed for existing id=1496.
[2026-07-24 09:56:47] [MotusApiImporter] --- Processing row 77 (stock/sku: 1445881) ---
[2026-07-24 09:56:47] [MotusApiImporter] parseVehicle() OK — make=VOLKSWAGEN, model=POLO, source_url=https://www.motusvw.co.za/midrand/showroom/625-vwmdf894037/1/, image_urls count=1
[2026-07-24 09:56:47] [MotusApiImporter] Skipped detail-page fetch for stock #1445881 — time budget already exhausted.
[2026-07-24 09:56:47] [MotusApiImporter] After enrichFromDetailPage() — engine_capacity_cc=NULL, image_urls count=1
[2026-07-24 09:56:47] [MotusApiImporter] findExistingCar() -> EXISTING car id=1497
[2026-07-24 09:56:47] [MotusApiImporter] updateCar() completed for existing id=1497.
[2026-07-24 09:56:47] [MotusApiImporter] --- Processing row 78 (stock/sku: 1446323) ---
[2026-07-24 09:56:47] [MotusApiImporter] parseVehicle() OK — make=VOLKSWAGEN, model=POLO, source_url=https://www.motusvw.co.za/midrand/showroom/625-vwmdf888345/1/, image_urls count=1
[2026-07-24 09:56:47] [MotusApiImporter] Skipped detail-page fetch for stock #1446323 — time budget already exhausted.
[2026-07-24 09:56:47] [MotusApiImporter] After enrichFromDetailPage() — engine_capacity_cc=NULL, image_urls count=1
[2026-07-24 09:56:47] [MotusApiImporter] findExistingCar() -> EXISTING car id=1498
[2026-07-24 09:56:47] [MotusApiImporter] updateCar() completed for existing id=1498.
[2026-07-24 09:56:47] [MotusApiImporter] --- Processing row 79 (stock/sku: 1446790) ---
[2026-07-24 09:56:47] [MotusApiImporter] parseVehicle() OK — make=VOLKSWAGEN, model=T-CROSS, source_url=https://www.motusvw.co.za/midrand/showroom/625-vwmdf839567/1/, image_urls count=1
[2026-07-24 09:56:47] [MotusApiImporter] Skipped detail-page fetch for stock #1446790 — time budget already exhausted.
[2026-07-24 09:56:47] [MotusApiImporter] After enrichFromDetailPage() — engine_capacity_cc=NULL, image_urls count=1
[2026-07-24 09:56:47] [MotusApiImporter] findExistingCar() -> EXISTING car id=1499
[2026-07-24 09:56:47] [MotusApiImporter] updateCar() completed for existing id=1499.
[2026-07-24 09:56:47] [MotusApiImporter] --- Processing row 80 (stock/sku: 1446786) ---
[2026-07-24 09:56:47] [MotusApiImporter] parseVehicle() OK — make=VOLKSWAGEN, model=T-CROSS, source_url=https://www.motusvw.co.za/midrand/showroom/625-vwmdf843717/8/, image_urls count=1
[2026-07-24 09:56:47] [MotusApiImporter] Skipped detail-page fetch for stock #1446786 — time budget already exhausted.
[2026-07-24 09:56:47] [MotusApiImporter] After enrichFromDetailPage() — engine_capacity_cc=NULL, image_urls count=1
[2026-07-24 09:56:47] [MotusApiImporter] findExistingCar() -> EXISTING car id=1500
[2026-07-24 09:56:47] [MotusApiImporter] updateCar() completed for existing id=1500.
[2026-07-24 09:56:47] [MotusApiImporter] --- Processing row 81 (stock/sku: 1445882) ---
[2026-07-24 09:56:47] [MotusApiImporter] parseVehicle() OK — make=VOLKSWAGEN, model=T-ROC, source_url=https://www.motusvw.co.za/midrand/showroom/625-vwmdf894108/1/, image_urls count=1
[2026-07-24 09:56:47] [MotusApiImporter] Skipped detail-page fetch for stock #1445882 — time budget already exhausted.
[2026-07-24 09:56:47] [MotusApiImporter] After enrichFromDetailPage() — engine_capacity_cc=NULL, image_urls count=1
[2026-07-24 09:56:47] [MotusApiImporter] findExistingCar() -> EXISTING car id=1501
[2026-07-24 09:56:47] [MotusApiImporter] updateCar() completed for existing id=1501.
[2026-07-24 09:56:47] [MotusApiImporter] --- Processing row 82 (stock/sku: 1445751) ---
[2026-07-24 09:56:47] [MotusApiImporter] parseVehicle() OK — make=VOLKSWAGEN, model=TAIGO, source_url=https://www.motusvw.co.za/midrand/showroom/625-vwmdf874038/1/, image_urls count=1
[2026-07-24 09:56:47] [MotusApiImporter] Skipped detail-page fetch for stock #1445751 — time budget already exhausted.
[2026-07-24 09:56:47] [MotusApiImporter] After enrichFromDetailPage() — engine_capacity_cc=NULL, image_urls count=1
[2026-07-24 09:56:47] [MotusApiImporter] findExistingCar() -> EXISTING car id=1502
[2026-07-24 09:56:47] [MotusApiImporter] updateCar() completed for existing id=1502.
[2026-07-24 09:56:47] [MotusApiImporter] --- Processing row 83 (stock/sku: 1446249) ---
[2026-07-24 09:56:47] [MotusApiImporter] parseVehicle() OK — make=SUZUKI, model=SWIFT, source_url=https://www.motusvw.co.za/midrand/showroom/625-vwmdf889410/1/, image_urls count=1
[2026-07-24 09:56:47] [MotusApiImporter] Skipped detail-page fetch for stock #1446249 — time budget already exhausted.
[2026-07-24 09:56:47] [MotusApiImporter] After enrichFromDetailPage() — engine_capacity_cc=NULL, image_urls count=1
[2026-07-24 09:56:47] [MotusApiImporter] findExistingCar() -> EXISTING car id=1503
[2026-07-24 09:56:47] [MotusApiImporter] updateCar() completed for existing id=1503.
[2026-07-24 09:56:47] [MotusApiImporter] --- Processing row 84 (stock/sku: 1445799) ---
[2026-07-24 09:56:47] [MotusApiImporter] parseVehicle() OK — make=SUZUKI, model=SWIFT, source_url=https://www.motusvw.co.za/midrand/showroom/625-vwmdf895482/1/, image_urls count=1
[2026-07-24 09:56:47] [MotusApiImporter] Skipped detail-page fetch for stock #1445799 — time budget already exhausted.
[2026-07-24 09:56:47] [MotusApiImporter] After enrichFromDetailPage() — engine_capacity_cc=NULL, image_urls count=1
[2026-07-24 09:56:47] [MotusApiImporter] findExistingCar() -> EXISTING car id=1504
[2026-07-24 09:56:47] [MotusApiImporter] updateCar() completed for existing id=1504.
[2026-07-24 09:56:47] [MotusApiImporter] --- Processing row 85 (stock/sku: 1445871) ---
[2026-07-24 09:56:47] [MotusApiImporter] parseVehicle() OK — make=SUZUKI, model=SWIFT, source_url=https://www.motusvw.co.za/midrand/showroom/625-vwmdf894155/1/, image_urls count=1
[2026-07-24 09:56:47] [MotusApiImporter] Skipped detail-page fetch for stock #1445871 — time budget already exhausted.
[2026-07-24 09:56:47] [MotusApiImporter] After enrichFromDetailPage() — engine_capacity_cc=NULL, image_urls count=1
[2026-07-24 09:56:47] [MotusApiImporter] findExistingCar() -> EXISTING car id=1505
[2026-07-24 09:56:47] [MotusApiImporter] updateCar() completed for existing id=1505.
[2026-07-24 09:56:47] [MotusApiImporter] --- Processing row 86 (stock/sku: 1445800) ---
[2026-07-24 09:56:47] [MotusApiImporter] parseVehicle() OK — make=SUZUKI, model=SWIFT, source_url=https://www.motusvw.co.za/midrand/showroom/625-vwmdf895483/1/, image_urls count=1
[2026-07-24 09:56:47] [MotusApiImporter] Skipped detail-page fetch for stock #1445800 — time budget already exhausted.
[2026-07-24 09:56:47] [MotusApiImporter] After enrichFromDetailPage() — engine_capacity_cc=NULL, image_urls count=1
[2026-07-24 09:56:47] [MotusApiImporter] findExistingCar() -> EXISTING car id=1506
[2026-07-24 09:56:47] [MotusApiImporter] updateCar() completed for existing id=1506.
[2026-07-24 09:56:47] [MotusApiImporter] --- Processing row 87 (stock/sku: 1446293) ---
[2026-07-24 09:56:47] [MotusApiImporter] parseVehicle() OK — make=TOYOTA, model=STARLET, source_url=https://www.motusvw.co.za/midrand/showroom/625-vwmdf888699/1/, image_urls count=1
[2026-07-24 09:56:47] [MotusApiImporter] Skipped detail-page fetch for stock #1446293 — time budget already exhausted.
[2026-07-24 09:56:47] [MotusApiImporter] After enrichFromDetailPage() — engine_capacity_cc=NULL, image_urls count=1
[2026-07-24 09:56:47] [MotusApiImporter] findExistingCar() -> EXISTING car id=1507
[2026-07-24 09:56:47] [MotusApiImporter] updateCar() completed for existing id=1507.
[2026-07-24 09:56:47] [MotusApiImporter] --- Processing row 88 (stock/sku: 1446743) ---
[2026-07-24 09:56:47] [MotusApiImporter] parseVehicle() OK — make=VOLKSWAGEN, model=AMAROK, source_url=https://www.motusvw.co.za/midrand/showroom/625-vwmdf861452/1/, image_urls count=1
[2026-07-24 09:56:47] [MotusApiImporter] Skipped detail-page fetch for stock #1446743 — time budget already exhausted.
[2026-07-24 09:56:47] [MotusApiImporter] After enrichFromDetailPage() — engine_capacity_cc=NULL, image_urls count=1
[2026-07-24 09:56:47] [MotusApiImporter] findExistingCar() -> EXISTING car id=1508
[2026-07-24 09:56:47] [MotusApiImporter] updateCar() completed for existing id=1508.
[2026-07-24 09:56:47] [MotusApiImporter] --- Processing row 89 (stock/sku: 1446558) ---
[2026-07-24 09:56:47] [MotusApiImporter] parseVehicle() OK — make=VOLKSWAGEN, model=POLO, source_url=https://www.motusvw.co.za/midrand/showroom/625-vwmdf876638/1/, image_urls count=1
[2026-07-24 09:56:47] [MotusApiImporter] Skipped detail-page fetch for stock #1446558 — time budget already exhausted.
[2026-07-24 09:56:47] [MotusApiImporter] After enrichFromDetailPage() — engine_capacity_cc=NULL, image_urls count=1
[2026-07-24 09:56:47] [MotusApiImporter] findExistingCar() -> EXISTING car id=1509
[2026-07-24 09:56:47] [MotusApiImporter] updateCar() completed for existing id=1509.
[2026-07-24 09:56:47] [MotusApiImporter] --- Processing row 90 (stock/sku: 1446729) ---
[2026-07-24 09:56:47] [MotusApiImporter] parseVehicle() OK — make=VOLKSWAGEN, model=POLO, source_url=https://www.motusvw.co.za/midrand/showroom/625-vwmdf864742/3/, image_urls count=1
[2026-07-24 09:56:47] [MotusApiImporter] Skipped detail-page fetch for stock #1446729 — time budget already exhausted.
[2026-07-24 09:56:47] [MotusApiImporter] After enrichFromDetailPage() — engine_capacity_cc=NULL, image_urls count=1
[2026-07-24 09:56:47] [MotusApiImporter] findExistingCar() -> EXISTING car id=1510
[2026-07-24 09:56:47] [MotusApiImporter] updateCar() completed for existing id=1510.
[2026-07-24 09:56:47] [MotusApiImporter] --- Processing row 91 (stock/sku: 1446763) ---
[2026-07-24 09:56:47] [MotusApiImporter] parseVehicle() OK — make=VOLKSWAGEN, model=POLO VIVO, source_url=https://www.motusvw.co.za/midrand/showroom/625-vwmdf858161/1/, image_urls count=1
[2026-07-24 09:56:47] [MotusApiImporter] Skipped detail-page fetch for stock #1446763 — time budget already exhausted.
[2026-07-24 09:56:47] [MotusApiImporter] After enrichFromDetailPage() — engine_capacity_cc=NULL, image_urls count=1
[2026-07-24 09:56:47] [MotusApiImporter] findExistingCar() -> EXISTING car id=1511
[2026-07-24 09:56:47] [MotusApiImporter] updateCar() completed for existing id=1511.
[2026-07-24 09:56:47] [MotusApiImporter] --- Processing row 92 (stock/sku: 1446755) ---
[2026-07-24 09:56:47] [MotusApiImporter] parseVehicle() OK — make=VOLKSWAGEN, model=POLO VIVO, source_url=https://www.motusvw.co.za/midrand/showroom/625-vwmdf859179/4/, image_urls count=1
[2026-07-24 09:56:47] [MotusApiImporter] Skipped detail-page fetch for stock #1446755 — time budget already exhausted.
[2026-07-24 09:56:47] [MotusApiImporter] After enrichFromDetailPage() — engine_capacity_cc=NULL, image_urls count=1
[2026-07-24 09:56:47] [MotusApiImporter] findExistingCar() -> EXISTING car id=1512
[2026-07-24 09:56:47] [MotusApiImporter] updateCar() completed for existing id=1512.
[2026-07-24 09:56:47] [MotusApiImporter] --- Processing row 93 (stock/sku: 1446746) ---
[2026-07-24 09:56:47] [MotusApiImporter] parseVehicle() OK — make=VOLKSWAGEN, model=POLO VIVO, source_url=https://www.motusvw.co.za/midrand/showroom/625-vwmdf860907/1/, image_urls count=1
[2026-07-24 09:56:47] [MotusApiImporter] Skipped detail-page fetch for stock #1446746 — time budget already exhausted.
[2026-07-24 09:56:47] [MotusApiImporter] After enrichFromDetailPage() — engine_capacity_cc=NULL, image_urls count=1
[2026-07-24 09:56:47] [MotusApiImporter] findExistingCar() -> EXISTING car id=1513
[2026-07-24 09:56:47] [MotusApiImporter] updateCar() completed for existing id=1513.
[2026-07-24 09:56:47] [MotusApiImporter] --- Processing row 94 (stock/sku: 1446711) ---
[2026-07-24 09:56:47] [MotusApiImporter] parseVehicle() OK — make=VOLKSWAGEN, model=POLO VIVO, source_url=https://www.motusvw.co.za/midrand/showroom/625-vwmdf868173/2/, image_urls count=1
[2026-07-24 09:56:47] [MotusApiImporter] Skipped detail-page fetch for stock #1446711 — time budget already exhausted.
[2026-07-24 09:56:47] [MotusApiImporter] After enrichFromDetailPage() — engine_capacity_cc=NULL, image_urls count=1
[2026-07-24 09:56:47] [MotusApiImporter] findExistingCar() -> EXISTING car id=1514
[2026-07-24 09:56:47] [MotusApiImporter] updateCar() completed for existing id=1514.
[2026-07-24 09:56:47] [MotusApiImporter] --- Processing row 95 (stock/sku: 1446694) ---
[2026-07-24 09:56:47] [MotusApiImporter] parseVehicle() OK — make=VOLKSWAGEN, model=POLO VIVO, source_url=https://www.motusvw.co.za/midrand/showroom/625-vwmdf869665/2/, image_urls count=1
[2026-07-24 09:56:47] [MotusApiImporter] Skipped detail-page fetch for stock #1446694 — time budget already exhausted.
[2026-07-24 09:56:47] [MotusApiImporter] After enrichFromDetailPage() — engine_capacity_cc=NULL, image_urls count=1
[2026-07-24 09:56:47] [MotusApiImporter] findExistingCar() -> EXISTING car id=1515
[2026-07-24 09:56:47] [MotusApiImporter] updateCar() completed for existing id=1515.
[2026-07-24 09:56:47] [MotusApiImporter] --- Processing row 96 (stock/sku: 1446751) ---
[2026-07-24 09:56:47] [MotusApiImporter] parseVehicle() OK — make=VOLKSWAGEN, model=T-CROSS, source_url=https://www.motusvw.co.za/midrand/showroom/625-vwmdf860129/3/, image_urls count=1
[2026-07-24 09:56:47] [MotusApiImporter] Skipped detail-page fetch for stock #1446751 — time budget already exhausted.
[2026-07-24 09:56:47] [MotusApiImporter] After enrichFromDetailPage() — engine_capacity_cc=NULL, image_urls count=1
[2026-07-24 09:56:47] [MotusApiImporter] findExistingCar() -> EXISTING car id=1516
[2026-07-24 09:56:47] [MotusApiImporter] updateCar() completed for existing id=1516.
[2026-07-24 09:56:47] [MotusApiImporter] --- Processing row 97 (stock/sku: 1446720) ---
[2026-07-24 09:56:47] [MotusApiImporter] parseVehicle() OK — make=VOLKSWAGEN, model=TAIGO, source_url=https://www.motusvw.co.za/midrand/showroom/625-vwmdf859177/2/, image_urls count=1
[2026-07-24 09:56:47] [MotusApiImporter] Skipped detail-page fetch for stock #1446720 — time budget already exhausted.
[2026-07-24 09:56:47] [MotusApiImporter] After enrichFromDetailPage() — engine_capacity_cc=NULL, image_urls count=1
[2026-07-24 09:56:47] [MotusApiImporter] findExistingCar() -> EXISTING car id=1517
[2026-07-24 09:56:47] [MotusApiImporter] updateCar() completed for existing id=1517.
[2026-07-24 09:56:47] [MotusApiImporter] --- Processing row 98 (stock/sku: 1446118) ---
[2026-07-24 09:56:47] [MotusApiImporter] parseVehicle() OK — make=MG, model=HS, source_url=https://www.motusvw.co.za/midrand/showroom/625-vwmdf890989/1/, image_urls count=1
[2026-07-24 09:56:47] [MotusApiImporter] Skipped detail-page fetch for stock #1446118 — time budget already exhausted.
[2026-07-24 09:56:47] [MotusApiImporter] After enrichFromDetailPage() — engine_capacity_cc=NULL, image_urls count=1
[2026-07-24 09:56:47] [MotusApiImporter] findExistingCar() -> EXISTING car id=1518
[2026-07-24 09:56:47] [MotusApiImporter] updateCar() completed for existing id=1518.
[2026-07-24 09:56:47] [MotusApiImporter] --- Processing row 99 (stock/sku: 1446119) ---
[2026-07-24 09:56:47] [MotusApiImporter] parseVehicle() OK — make=MG, model=MG3, source_url=https://www.motusvw.co.za/midrand/showroom/625-vwmdf890997/1/, image_urls count=1
[2026-07-24 09:56:47] [MotusApiImporter] Skipped detail-page fetch for stock #1446119 — time budget already exhausted.
[2026-07-24 09:56:47] [MotusApiImporter] After enrichFromDetailPage() — engine_capacity_cc=NULL, image_urls count=1
[2026-07-24 09:56:47] [MotusApiImporter] findExistingCar() -> EXISTING car id=1519
[2026-07-24 09:56:47] [MotusApiImporter] updateCar() completed for existing id=1519.
[2026-07-24 09:56:47] [MotusApiImporter] --- Processing row 100 (stock/sku: 1446188) ---
[2026-07-24 09:56:47] [MotusApiImporter] parseVehicle() OK — make=TATA, model=TIAGO, source_url=https://www.motusvw.co.za/midrand/showroom/625-vwmdf891531/1/, image_urls count=1
[2026-07-24 09:56:47] [MotusApiImporter] Skipped detail-page fetch for stock #1446188 — time budget already exhausted.
[2026-07-24 09:56:47] [MotusApiImporter] After enrichFromDetailPage() — engine_capacity_cc=NULL, image_urls count=1
[2026-07-24 09:56:47] [MotusApiImporter] findExistingCar() -> EXISTING car id=1520
[2026-07-24 09:56:47] [MotusApiImporter] updateCar() completed for existing id=1520.
[2026-07-24 09:56:47] [MotusApiImporter] --- Processing row 101 (stock/sku: 1446482) ---
[2026-07-24 09:56:47] [MotusApiImporter] parseVehicle() OK — make=VOLKSWAGEN, model=AMAROK, source_url=https://www.motusvw.co.za/midrand/showroom/625-vwmdf885078/1/, image_urls count=1
[2026-07-24 09:56:47] [MotusApiImporter] Skipped detail-page fetch for stock #1446482 — time budget already exhausted.
[2026-07-24 09:56:47] [MotusApiImporter] After enrichFromDetailPage() — engine_capacity_cc=NULL, image_urls count=1
[2026-07-24 09:56:47] [MotusApiImporter] findExistingCar() -> EXISTING car id=1521
[2026-07-24 09:56:47] [MotusApiImporter] updateCar() completed for existing id=1521.
[2026-07-24 09:56:47] [MotusApiImporter] --- Processing row 102 (stock/sku: 1446648) ---
[2026-07-24 09:56:47] [MotusApiImporter] parseVehicle() OK — make=VOLKSWAGEN, model=CADDY, source_url=https://www.motusvw.co.za/midrand/showroom/625-vwmdf872377/1/, image_urls count=1
[2026-07-24 09:56:47] [MotusApiImporter] Skipped detail-page fetch for stock #1446648 — time budget already exhausted.
[2026-07-24 09:56:47] [MotusApiImporter] After enrichFromDetailPage() — engine_capacity_cc=NULL, image_urls count=1
[2026-07-24 09:56:47] [MotusApiImporter] findExistingCar() -> EXISTING car id=1522
[2026-07-24 09:56:47] [MotusApiImporter] updateCar() completed for existing id=1522.
[2026-07-24 09:56:47] [MotusApiImporter] --- Processing row 103 (stock/sku: 1445922) ---
[2026-07-24 09:56:47] [MotusApiImporter] parseVehicle() OK — make=VOLKSWAGEN, model=POLO VIVO, source_url=https://www.motusvw.co.za/midrand/showroom/625-vwmdf893350/1/, image_urls count=1
[2026-07-24 09:56:47] [MotusApiImporter] Skipped detail-page fetch for stock #1445922 — time budget already exhausted.
[2026-07-24 09:56:47] [MotusApiImporter] After enrichFromDetailPage() — engine_capacity_cc=NULL, image_urls count=1
[2026-07-24 09:56:47] [MotusApiImporter] findExistingCar() -> EXISTING car id=1523
[2026-07-24 09:56:47] [MotusApiImporter] updateCar() completed for existing id=1523.
[2026-07-24 09:56:47] [MotusApiImporter] --- Processing row 104 (stock/sku: 1446628) ---
[2026-07-24 09:56:47] [MotusApiImporter] parseVehicle() OK — make=VOLKSWAGEN, model=POLO VIVO, source_url=https://www.motusvw.co.za/midrand/showroom/625-vwmdf873548/2/, image_urls count=1
[2026-07-24 09:56:47] [MotusApiImporter] Skipped detail-page fetch for stock #1446628 — time budget already exhausted.
[2026-07-24 09:56:47] [MotusApiImporter] After enrichFromDetailPage() — engine_capacity_cc=NULL, image_urls count=1
[2026-07-24 09:56:47] [MotusApiImporter] findExistingCar() -> EXISTING car id=1525
[2026-07-24 09:56:47] [MotusApiImporter] updateCar() completed for existing id=1525.
[2026-07-24 09:56:47] [MotusApiImporter] --- Processing row 105 (stock/sku: 1446506) ---
[2026-07-24 09:56:47] [MotusApiImporter] parseVehicle() OK — make=VOLKSWAGEN, model=POLO VIVO, source_url=https://www.motusvw.co.za/midrand/showroom/625-vwmdf884657/2/, image_urls count=1
[2026-07-24 09:56:47] [MotusApiImporter] Skipped detail-page fetch for stock #1446506 — time budget already exhausted.
[2026-07-24 09:56:47] [MotusApiImporter] After enrichFromDetailPage() — engine_capacity_cc=NULL, image_urls count=1
[2026-07-24 09:56:47] [MotusApiImporter] findExistingCar() -> EXISTING car id=1526
[2026-07-24 09:56:47] [MotusApiImporter] updateCar() completed for existing id=1526.
[2026-07-24 09:56:47] [MotusApiImporter] --- Processing row 106 (stock/sku: 1446432) ---
[2026-07-24 09:56:47] [MotusApiImporter] parseVehicle() OK — make=VOLKSWAGEN, model=POLO VIVO, source_url=https://www.motusvw.co.za/midrand/showroom/625-vwmdf886086/1/, image_urls count=1
[2026-07-24 09:56:47] [MotusApiImporter] Skipped detail-page fetch for stock #1446432 — time budget already exhausted.
[2026-07-24 09:56:47] [MotusApiImporter] After enrichFromDetailPage() — engine_capacity_cc=NULL, image_urls count=1
[2026-07-24 09:56:47] [MotusApiImporter] findExistingCar() -> EXISTING car id=1527
[2026-07-24 09:56:47] [MotusApiImporter] updateCar() completed for existing id=1527.
[2026-07-24 09:56:47] [MotusApiImporter] --- Processing row 107 (stock/sku: 1446409) ---
[2026-07-24 09:56:47] [MotusApiImporter] parseVehicle() OK — make=VOLKSWAGEN, model=POLO VIVO, source_url=https://www.motusvw.co.za/midrand/showroom/625-vwmdf886385/1/, image_urls count=1
[2026-07-24 09:56:47] [MotusApiImporter] Skipped detail-page fetch for stock #1446409 — time budget already exhausted.
[2026-07-24 09:56:47] [MotusApiImporter] After enrichFromDetailPage() — engine_capacity_cc=NULL, image_urls count=1
[2026-07-24 09:56:47] [MotusApiImporter] findExistingCar() -> EXISTING car id=1528
[2026-07-24 09:56:47] [MotusApiImporter] updateCar() completed for existing id=1528.
[2026-07-24 09:56:47] [MotusApiImporter] --- Processing row 108 (stock/sku: 1446322) ---
[2026-07-24 09:56:47] [MotusApiImporter] parseVehicle() OK — make=VOLKSWAGEN, model=POLO VIVO, source_url=https://www.motusvw.co.za/midrand/showroom/625-vwmdf888339/1/, image_urls count=1
[2026-07-24 09:56:47] [MotusApiImporter] Skipped detail-page fetch for stock #1446322 — time budget already exhausted.
[2026-07-24 09:56:47] [MotusApiImporter] After enrichFromDetailPage() — engine_capacity_cc=NULL, image_urls count=1
[2026-07-24 09:56:47] [MotusApiImporter] findExistingCar() -> EXISTING car id=1529
[2026-07-24 09:56:47] [MotusApiImporter] updateCar() completed for existing id=1529.
[2026-07-24 09:56:47] [MotusApiImporter] --- Processing row 109 (stock/sku: 1446321) ---
[2026-07-24 09:56:47] [MotusApiImporter] parseVehicle() OK — make=VOLKSWAGEN, model=POLO VIVO, source_url=https://www.motusvw.co.za/midrand/showroom/625-vwmdf888337/1/, image_urls count=1
[2026-07-24 09:56:47] [MotusApiImporter] Skipped detail-page fetch for stock #1446321 — time budget already exhausted.
[2026-07-24 09:56:47] [MotusApiImporter] After enrichFromDetailPage() — engine_capacity_cc=NULL, image_urls count=1
[2026-07-24 09:56:47] [MotusApiImporter] findExistingCar() -> EXISTING car id=1530
[2026-07-24 09:56:47] [MotusApiImporter] updateCar() completed for existing id=1530.
[2026-07-24 09:56:47] [MotusApiImporter] --- Processing row 110 (stock/sku: 1446314) ---
[2026-07-24 09:56:47] [MotusApiImporter] parseVehicle() OK — make=VOLKSWAGEN, model=POLO VIVO, source_url=https://www.motusvw.co.za/midrand/showroom/625-vwmdf888462/1/, image_urls count=1
[2026-07-24 09:56:47] [MotusApiImporter] Skipped detail-page fetch for stock #1446314 — time budget already exhausted.
[2026-07-24 09:56:47] [MotusApiImporter] After enrichFromDetailPage() — engine_capacity_cc=NULL, image_urls count=1
[2026-07-24 09:56:47] [MotusApiImporter] findExistingCar() -> EXISTING car id=1531
[2026-07-24 09:56:47] [MotusApiImporter] updateCar() completed for existing id=1531.
[2026-07-24 09:56:47] [MotusApiImporter] --- Processing row 111 (stock/sku: 1446181) ---
[2026-07-24 09:56:47] [MotusApiImporter] parseVehicle() OK — make=VOLKSWAGEN, model=POLO VIVO, source_url=https://www.motusvw.co.za/midrand/showroom/625-vwmdf890179/3/, image_urls count=1
[2026-07-24 09:56:47] [MotusApiImporter] Skipped detail-page fetch for stock #1446181 — time budget already exhausted.
[2026-07-24 09:56:47] [MotusApiImporter] After enrichFromDetailPage() — engine_capacity_cc=NULL, image_urls count=1
[2026-07-24 09:56:47] [MotusApiImporter] findExistingCar() -> EXISTING car id=1532
[2026-07-24 09:56:47] [MotusApiImporter] updateCar() completed for existing id=1532.
[2026-07-24 09:56:47] [MotusApiImporter] --- Processing row 112 (stock/sku: 1449179) ---
[2026-07-24 09:56:47] [MotusApiImporter] parseVehicle() OK — make=VOLKSWAGEN, model=POLO VIVO, source_url=https://www.motusvw.co.za/midrand/showroom/625-vwmdf875858/2/, image_urls count=1
[2026-07-24 09:56:47] [MotusApiImporter] Skipped detail-page fetch for stock #1449179 — time budget already exhausted.
[2026-07-24 09:56:47] [MotusApiImporter] After enrichFromDetailPage() — engine_capacity_cc=NULL, image_urls count=1
[2026-07-24 09:56:47] [MotusApiImporter] findExistingCar() -> EXISTING car id=1589
[2026-07-24 09:56:47] [MotusApiImporter] updateCar() completed for existing id=1589.
[2026-07-24 09:56:47] [MotusApiImporter] --- Processing row 113 (stock/sku: 1446179) ---
[2026-07-24 09:56:47] [MotusApiImporter] parseVehicle() OK — make=VOLKSWAGEN, model=POLO VIVO, source_url=https://www.motusvw.co.za/midrand/showroom/625-vwmdf890169/1/, image_urls count=1
[2026-07-24 09:56:47] [MotusApiImporter] Skipped detail-page fetch for stock #1446179 — time budget already exhausted.
[2026-07-24 09:56:47] [MotusApiImporter] After enrichFromDetailPage() — engine_capacity_cc=NULL, image_urls count=1
[2026-07-24 09:56:47] [MotusApiImporter] findExistingCar() -> EXISTING car id=1533
[2026-07-24 09:56:47] [MotusApiImporter] updateCar() completed for existing id=1533.
[2026-07-24 09:56:47] [MotusApiImporter] --- Processing row 114 (stock/sku: 1446333) ---
[2026-07-24 09:56:47] [MotusApiImporter] parseVehicle() OK — make=VOLKSWAGEN, model=POLO VIVO, source_url=https://www.motusvw.co.za/midrand/showroom/625-vwmdf888093/1/, image_urls count=1
[2026-07-24 09:56:47] [MotusApiImporter] Skipped detail-page fetch for stock #1446333 — time budget already exhausted.
[2026-07-24 09:56:47] [MotusApiImporter] After enrichFromDetailPage() — engine_capacity_cc=NULL, image_urls count=1
[2026-07-24 09:56:47] [MotusApiImporter] findExistingCar() -> EXISTING car id=1534
[2026-07-24 09:56:47] [MotusApiImporter] updateCar() completed for existing id=1534.
[2026-07-24 09:56:47] [MotusApiImporter] --- Processing row 115 (stock/sku: 1446180) ---
[2026-07-24 09:56:47] [MotusApiImporter] parseVehicle() OK — make=VOLKSWAGEN, model=POLO VIVO, source_url=https://www.motusvw.co.za/midrand/showroom/625-vwmdf890170/1/, image_urls count=1
[2026-07-24 09:56:47] [MotusApiImporter] Skipped detail-page fetch for stock #1446180 — time budget already exhausted.
[2026-07-24 09:56:47] [MotusApiImporter] After enrichFromDetailPage() — engine_capacity_cc=NULL, image_urls count=1
[2026-07-24 09:56:47] [MotusApiImporter] findExistingCar() -> EXISTING car id=1535
[2026-07-24 09:56:47] [MotusApiImporter] updateCar() completed for existing id=1535.
[2026-07-24 09:56:47] [MotusApiImporter] --- Processing row 116 (stock/sku: 1446261) ---
[2026-07-24 09:56:47] [MotusApiImporter] parseVehicle() OK — make=VOLKSWAGEN, model=POLO VIVO, source_url=https://www.motusvw.co.za/midrand/showroom/625-vwmdf889143/1/, image_urls count=1
[2026-07-24 09:56:47] [MotusApiImporter] Skipped detail-page fetch for stock #1446261 — time budget already exhausted.
[2026-07-24 09:56:47] [MotusApiImporter] After enrichFromDetailPage() — engine_capacity_cc=NULL, image_urls count=1
[2026-07-24 09:56:47] [MotusApiImporter] findExistingCar() -> EXISTING car id=1536
[2026-07-24 09:56:47] [MotusApiImporter] updateCar() completed for existing id=1536.
[2026-07-24 09:56:47] [MotusApiImporter] --- Processing row 117 (stock/sku: 1446533) ---
[2026-07-24 09:56:47] [MotusApiImporter] parseVehicle() OK — make=VOLKSWAGEN, model=T-CROSS, source_url=https://www.motusvw.co.za/midrand/showroom/625-vwmdf883411/2/, image_urls count=1
[2026-07-24 09:56:47] [MotusApiImporter] Skipped detail-page fetch for stock #1446533 — time budget already exhausted.
[2026-07-24 09:56:47] [MotusApiImporter] After enrichFromDetailPage() — engine_capacity_cc=NULL, image_urls count=1
[2026-07-24 09:56:47] [MotusApiImporter] findExistingCar() -> EXISTING car id=1537
[2026-07-24 09:56:47] [MotusApiImporter] updateCar() completed for existing id=1537.
[2026-07-24 09:56:47] [MotusApiImporter] --- Processing row 118 (stock/sku: 1446610) ---
[2026-07-24 09:56:47] [MotusApiImporter] parseVehicle() OK — make=VOLKSWAGEN, model=TRANSPORTER, source_url=https://www.motusvw.co.za/midrand/showroom/625-vwmdf875570/1/, image_urls count=1
[2026-07-24 09:56:47] [MotusApiImporter] Skipped detail-page fetch for stock #1446610 — time budget already exhausted.
[2026-07-24 09:56:47] [MotusApiImporter] After enrichFromDetailPage() — engine_capacity_cc=NULL, image_urls count=1
[2026-07-24 09:56:47] [MotusApiImporter] findExistingCar() -> EXISTING car id=1538
[2026-07-24 09:56:47] [MotusApiImporter] updateCar() completed for existing id=1538.
[2026-07-24 09:56:47] [MotusApiImporter] sync() FINISHED — {"imported":0,"updated":119,"skipped":0,"failed":0}
[2026-07-24 10:09:20] [MotusApiImporter] sync() STARTED — dealerId=14, sourceRef=https://www.motusvw.co.za/midrand/showroom/
[2026-07-24 10:09:20] [MotusApiImporter] Time budget: 35s, dealerNameFilter="Motus VW Midrand"
[2026-07-24 10:09:22] [MotusApiImporter] crawlDealership() returned 119 row(s) before dealer-name filtering.
[2026-07-24 10:09:22] [MotusApiImporter] After filterByDealerName(): 119 row(s) remain.
[2026-07-24 10:09:22] [MotusApiImporter] --- Processing row 0 (stock/sku: 1446776) ---
[2026-07-24 10:09:22] [MotusApiImporter] parseVehicle() OK — make=VOLKSWAGEN, model=POLO, source_url=https://www.motusvw.co.za/midrand/showroom/625-vwmdf852273/5/, image_urls count=1
[2026-07-24 10:09:24] [MotusApiImporter] After enrichFromDetailPage() — engine_capacity_cc=999, image_urls count=17
[2026-07-24 10:09:24] [MotusApiImporter] findExistingCar() -> EXISTING car id=1419
[2026-07-24 10:09:24] [MotusApiImporter] updateCar() completed for existing id=1419.
[2026-07-24 10:09:24] [MotusApiImporter] --- Processing row 1 (stock/sku: 1446299) ---
[2026-07-24 10:09:24] [MotusApiImporter] parseVehicle() OK — make=VOLKSWAGEN, model=GOLF 8, source_url=https://www.motusvw.co.za/midrand/showroom/625-vwmdf888609/1/, image_urls count=1
[2026-07-24 10:09:26] [MotusApiImporter] After enrichFromDetailPage() — engine_capacity_cc=0, image_urls count=18
[2026-07-24 10:09:26] [MotusApiImporter] findExistingCar() -> EXISTING car id=1420
[2026-07-24 10:09:26] [MotusApiImporter] updateCar() completed for existing id=1420.
[2026-07-24 10:09:26] [MotusApiImporter] --- Processing row 2 (stock/sku: 1446532) ---
[2026-07-24 10:09:26] [MotusApiImporter] parseVehicle() OK — make=VOLKSWAGEN, model=POLO, source_url=https://www.motusvw.co.za/midrand/showroom/625-vwmdf883395/1/, image_urls count=1
[2026-07-24 10:09:27] [MotusApiImporter] After enrichFromDetailPage() — engine_capacity_cc=999, image_urls count=10
[2026-07-24 10:09:27] [MotusApiImporter] findExistingCar() -> EXISTING car id=1421
[2026-07-24 10:09:27] [MotusApiImporter] updateCar() completed for existing id=1421.
[2026-07-24 10:09:27] [MotusApiImporter] --- Processing row 3 (stock/sku: 1446295) ---
[2026-07-24 10:09:27] [MotusApiImporter] parseVehicle() OK — make=VOLKSWAGEN, model=POLO, source_url=https://www.motusvw.co.za/midrand/showroom/625-vwmdf888735/1/, image_urls count=1
[2026-07-24 10:09:29] [MotusApiImporter] After enrichFromDetailPage() — engine_capacity_cc=999, image_urls count=15
[2026-07-24 10:09:29] [MotusApiImporter] findExistingCar() -> EXISTING car id=1422
[2026-07-24 10:09:29] [MotusApiImporter] updateCar() completed for existing id=1422.
[2026-07-24 10:09:29] [MotusApiImporter] --- Processing row 4 (stock/sku: 1446601) ---
[2026-07-24 10:09:29] [MotusApiImporter] parseVehicle() OK — make=VOLKSWAGEN, model=POLO, source_url=https://www.motusvw.co.za/midrand/showroom/625-bm030used887224/1/, image_urls count=1
[2026-07-24 10:09:31] [MotusApiImporter] After enrichFromDetailPage() — engine_capacity_cc=999, image_urls count=18
[2026-07-24 10:09:31] [MotusApiImporter] findExistingCar() -> EXISTING car id=1423
[2026-07-24 10:09:31] [MotusApiImporter] updateCar() completed for existing id=1423.
[2026-07-24 10:09:31] [MotusApiImporter] --- Processing row 5 (stock/sku: 1446065) ---
[2026-07-24 10:09:31] [MotusApiImporter] parseVehicle() OK — make=VOLKSWAGEN, model=POLO, source_url=https://www.motusvw.co.za/midrand/showroom/625-vwmdf890975/1/, image_urls count=1
[2026-07-24 10:09:32] [MotusApiImporter] After enrichFromDetailPage() — engine_capacity_cc=1598, image_urls count=17
[2026-07-24 10:09:32] [MotusApiImporter] findExistingCar() -> EXISTING car id=1424
[2026-07-24 10:09:32] [MotusApiImporter] updateCar() completed for existing id=1424.
[2026-07-24 10:09:32] [MotusApiImporter] --- Processing row 6 (stock/sku: 1446370) ---
[2026-07-24 10:09:32] [MotusApiImporter] parseVehicle() OK — make=VOLKSWAGEN, model=POLO, source_url=https://www.motusvw.co.za/midrand/showroom/625-vwmdf887435/1/, image_urls count=1
[2026-07-24 10:09:33] [MotusApiImporter] After enrichFromDetailPage() — engine_capacity_cc=1998, image_urls count=18
[2026-07-24 10:09:33] [MotusApiImporter] findExistingCar() -> EXISTING car id=1425
[2026-07-24 10:09:33] [MotusApiImporter] updateCar() completed for existing id=1425.
[2026-07-24 10:09:33] [MotusApiImporter] --- Processing row 7 (stock/sku: 1446517) ---
[2026-07-24 10:09:33] [MotusApiImporter] parseVehicle() OK — make=VOLKSWAGEN, model=POLO VIVO, source_url=https://www.motusvw.co.za/midrand/showroom/625-vwmdf884987/1/, image_urls count=1
[2026-07-24 10:09:35] [MotusApiImporter] After enrichFromDetailPage() — engine_capacity_cc=1398, image_urls count=18
[2026-07-24 10:09:35] [MotusApiImporter] findExistingCar() -> EXISTING car id=1426
[2026-07-24 10:09:35] [MotusApiImporter] updateCar() completed for existing id=1426.
[2026-07-24 10:09:35] [MotusApiImporter] --- Processing row 8 (stock/sku: 1446115) ---
[2026-07-24 10:09:35] [MotusApiImporter] parseVehicle() OK — make=VOLKSWAGEN, model=POLO VIVO, source_url=https://www.motusvw.co.za/midrand/showroom/625-vwmdf891042/2/, image_urls count=1
[2026-07-24 10:09:36] [MotusApiImporter] After enrichFromDetailPage() — engine_capacity_cc=1598, image_urls count=18
[2026-07-24 10:09:36] [MotusApiImporter] findExistingCar() -> EXISTING car id=1427
[2026-07-24 10:09:36] [MotusApiImporter] updateCar() completed for existing id=1427.
[2026-07-24 10:09:36] [MotusApiImporter] --- Processing row 9 (stock/sku: 1446589) ---
[2026-07-24 10:09:36] [MotusApiImporter] parseVehicle() OK — make=VOLKSWAGEN, model=POLO VIVO, source_url=https://www.motusvw.co.za/midrand/showroom/625-vwmdf875588/1/, image_urls count=1
[2026-07-24 10:09:38] [MotusApiImporter] After enrichFromDetailPage() — engine_capacity_cc=1598, image_urls count=16
[2026-07-24 10:09:38] [MotusApiImporter] findExistingCar() -> EXISTING car id=1428
[2026-07-24 10:09:38] [MotusApiImporter] updateCar() completed for existing id=1428.
[2026-07-24 10:09:38] [MotusApiImporter] --- Processing row 10 (stock/sku: 1446083) ---
[2026-07-24 10:09:38] [MotusApiImporter] parseVehicle() OK — make=VOLKSWAGEN, model=T-CROSS, source_url=https://www.motusvw.co.za/midrand/showroom/625-vwmdf891215/1/, image_urls count=1
[2026-07-24 10:09:39] [MotusApiImporter] After enrichFromDetailPage() — engine_capacity_cc=999, image_urls count=16
[2026-07-24 10:09:39] [MotusApiImporter] findExistingCar() -> EXISTING car id=1429
[2026-07-24 10:09:39] [MotusApiImporter] updateCar() completed for existing id=1429.
[2026-07-24 10:09:39] [MotusApiImporter] --- Processing row 11 (stock/sku: 1446395) ---
[2026-07-24 10:09:39] [MotusApiImporter] parseVehicle() OK — make=VOLKSWAGEN, model=T-CROSS, source_url=https://www.motusvw.co.za/midrand/showroom/625-vwmdf886830/1/, image_urls count=1
[2026-07-24 10:09:41] [MotusApiImporter] After enrichFromDetailPage() — engine_capacity_cc=999, image_urls count=17
[2026-07-24 10:09:41] [MotusApiImporter] findExistingCar() -> EXISTING car id=1430
[2026-07-24 10:09:41] [MotusApiImporter] updateCar() completed for existing id=1430.
[2026-07-24 10:09:41] [MotusApiImporter] --- Processing row 12 (stock/sku: 1446535) ---
[2026-07-24 10:09:41] [MotusApiImporter] parseVehicle() OK — make=VOLKSWAGEN, model=T-ROC, source_url=https://www.motusvw.co.za/midrand/showroom/625-vwmdf883338/1/, image_urls count=1
[2026-07-24 10:09:43] [MotusApiImporter] After enrichFromDetailPage() — engine_capacity_cc=1984, image_urls count=20
[2026-07-24 10:09:43] [MotusApiImporter] findExistingCar() -> EXISTING car id=1431
[2026-07-24 10:09:43] [MotusApiImporter] updateCar() completed for existing id=1431.
[2026-07-24 10:09:43] [MotusApiImporter] --- Processing row 13 (stock/sku: 1446315) ---
[2026-07-24 10:09:43] [MotusApiImporter] parseVehicle() OK — make=VOLKSWAGEN, model=T-ROC, source_url=https://www.motusvw.co.za/midrand/showroom/625-vwmdf888464/1/, image_urls count=1
[2026-07-24 10:09:44] [MotusApiImporter] After enrichFromDetailPage() — engine_capacity_cc=1984, image_urls count=20
[2026-07-24 10:09:44] [MotusApiImporter] findExistingCar() -> EXISTING car id=1432
[2026-07-24 10:09:44] [MotusApiImporter] updateCar() completed for existing id=1432.
[2026-07-24 10:09:44] [MotusApiImporter] --- Processing row 14 (stock/sku: 1446599) ---
[2026-07-24 10:09:44] [MotusApiImporter] parseVehicle() OK — make=VOLKSWAGEN, model=TIGUAN, source_url=https://www.motusvw.co.za/midrand/showroom/625-vwmdf875100/1/, image_urls count=1
[2026-07-24 10:09:46] [MotusApiImporter] After enrichFromDetailPage() — engine_capacity_cc=1968, image_urls count=18
[2026-07-24 10:09:46] [MotusApiImporter] findExistingCar() -> EXISTING car id=1433
[2026-07-24 10:09:46] [MotusApiImporter] updateCar() completed for existing id=1433.
[2026-07-24 10:09:46] [MotusApiImporter] --- Processing row 15 (stock/sku: 1446192) ---
[2026-07-24 10:09:46] [MotusApiImporter] parseVehicle() OK — make=VOLKSWAGEN, model=TIGUAN, source_url=https://www.motusvw.co.za/midrand/showroom/625-vwmdf890088/2/, image_urls count=1
[2026-07-24 10:09:47] [MotusApiImporter] After enrichFromDetailPage() — engine_capacity_cc=1395, image_urls count=15
[2026-07-24 10:09:47] [MotusApiImporter] findExistingCar() -> EXISTING car id=1434
[2026-07-24 10:09:47] [MotusApiImporter] updateCar() completed for existing id=1434.
[2026-07-24 10:09:47] [MotusApiImporter] --- Processing row 16 (stock/sku: 1446143) ---
[2026-07-24 10:09:47] [MotusApiImporter] parseVehicle() OK — make=VOLKSWAGEN, model=TIGUAN, source_url=https://www.motusvw.co.za/midrand/showroom/625-vwmdf890778/1/, image_urls count=1
[2026-07-24 10:09:49] [MotusApiImporter] After enrichFromDetailPage() — engine_capacity_cc=1968, image_urls count=17
[2026-07-24 10:09:49] [MotusApiImporter] findExistingCar() -> EXISTING car id=1435
[2026-07-24 10:09:49] [MotusApiImporter] updateCar() completed for existing id=1435.
[2026-07-24 10:09:49] [MotusApiImporter] --- Processing row 17 (stock/sku: 1446000) ---
[2026-07-24 10:09:49] [MotusApiImporter] parseVehicle() OK — make=VOLKSWAGEN, model=GOLF, source_url=https://www.motusvw.co.za/midrand/showroom/625-vwmdf892223/0/, image_urls count=1
[2026-07-24 10:09:50] [MotusApiImporter] After enrichFromDetailPage() — engine_capacity_cc=1395, image_urls count=16
[2026-07-24 10:09:50] [MotusApiImporter] findExistingCar() -> EXISTING car id=1436
[2026-07-24 10:09:50] [MotusApiImporter] updateCar() completed for existing id=1436.
[2026-07-24 10:09:50] [MotusApiImporter] --- Processing row 18 (stock/sku: 1445980) ---
[2026-07-24 10:09:50] [MotusApiImporter] parseVehicle() OK — make=VOLKSWAGEN, model=GOLF 8, source_url=https://www.motusvw.co.za/midrand/showroom/625-vwmdf892557/0/, image_urls count=1
[2026-07-24 10:09:51] [MotusApiImporter] After enrichFromDetailPage() — engine_capacity_cc=0, image_urls count=15
[2026-07-24 10:09:51] [MotusApiImporter] findExistingCar() -> EXISTING car id=1437
[2026-07-24 10:09:51] [MotusApiImporter] updateCar() completed for existing id=1437.
[2026-07-24 10:09:51] [MotusApiImporter] --- Processing row 19 (stock/sku: 1446122) ---
[2026-07-24 10:09:51] [MotusApiImporter] parseVehicle() OK — make=VOLKSWAGEN, model=GOLF 8, source_url=https://www.motusvw.co.za/midrand/showroom/625-vwmdf890926/0/, image_urls count=1
[2026-07-24 10:09:53] [MotusApiImporter] After enrichFromDetailPage() — engine_capacity_cc=0, image_urls count=16
[2026-07-24 10:09:53] [MotusApiImporter] findExistingCar() -> EXISTING car id=1438
[2026-07-24 10:09:53] [MotusApiImporter] updateCar() completed for existing id=1438.
[2026-07-24 10:09:53] [MotusApiImporter] --- Processing row 20 (stock/sku: 1446022) ---
[2026-07-24 10:09:53] [MotusApiImporter] parseVehicle() OK — make=VOLKSWAGEN, model=GOLF 8, source_url=https://www.motusvw.co.za/midrand/showroom/625-vwmdf892077/0/, image_urls count=1
[2026-07-24 10:09:54] [MotusApiImporter] After enrichFromDetailPage() — engine_capacity_cc=0, image_urls count=17
[2026-07-24 10:09:54] [MotusApiImporter] findExistingCar() -> EXISTING car id=1439
[2026-07-24 10:09:54] [MotusApiImporter] updateCar() completed for existing id=1439.
[2026-07-24 10:09:54] [MotusApiImporter] --- Processing row 21 (stock/sku: 1446049) ---
[2026-07-24 10:09:54] [MotusApiImporter] parseVehicle() OK — make=VOLKSWAGEN, model=GOLF 8, source_url=https://www.motusvw.co.za/midrand/showroom/625-vwmdf892214/0/, image_urls count=1
[2026-07-24 10:09:56] [MotusApiImporter] After enrichFromDetailPage() — engine_capacity_cc=0, image_urls count=16
[2026-07-24 10:09:56] [MotusApiImporter] findExistingCar() -> EXISTING car id=1440
[2026-07-24 10:09:56] [MotusApiImporter] updateCar() completed for existing id=1440.
[2026-07-24 10:09:56] [MotusApiImporter] --- Processing row 22 (stock/sku: 1446001) ---
[2026-07-24 10:09:56] [MotusApiImporter] parseVehicle() OK — make=VOLKSWAGEN, model=GOLF 8, source_url=https://www.motusvw.co.za/midrand/showroom/625-vwmdf892266/0/, image_urls count=1
[2026-07-24 10:09:56] [MotusApiImporter] Skipped detail-page fetch for stock #1446001 — time budget already exhausted.
[2026-07-24 10:09:56] [MotusApiImporter] After enrichFromDetailPage() — engine_capacity_cc=NULL, image_urls count=1
[2026-07-24 10:09:56] [MotusApiImporter] findExistingCar() -> EXISTING car id=1441
[2026-07-24 10:09:56] [MotusApiImporter] updateCar() completed for existing id=1441.
[2026-07-24 10:09:56] [MotusApiImporter] --- Processing row 23 (stock/sku: 1446356) ---
[2026-07-24 10:09:56] [MotusApiImporter] parseVehicle() OK — make=VOLKSWAGEN, model=POLO, source_url=https://www.motusvw.co.za/midrand/showroom/625-vwmdf887866/0/, image_urls count=1
[2026-07-24 10:09:56] [MotusApiImporter] Skipped detail-page fetch for stock #1446356 — time budget already exhausted.
[2026-07-24 10:09:56] [MotusApiImporter] After enrichFromDetailPage() — engine_capacity_cc=NULL, image_urls count=1
[2026-07-24 10:09:56] [MotusApiImporter] findExistingCar() -> EXISTING car id=1442
[2026-07-24 10:09:56] [MotusApiImporter] updateCar() completed for existing id=1442.
[2026-07-24 10:09:56] [MotusApiImporter] --- Processing row 24 (stock/sku: 1446129) ---
[2026-07-24 10:09:56] [MotusApiImporter] parseVehicle() OK — make=VOLKSWAGEN, model=POLO, source_url=https://www.motusvw.co.za/midrand/showroom/625-vwmdf890824/0/, image_urls count=1
[2026-07-24 10:09:56] [MotusApiImporter] Skipped detail-page fetch for stock #1446129 — time budget already exhausted.
[2026-07-24 10:09:56] [MotusApiImporter] After enrichFromDetailPage() — engine_capacity_cc=NULL, image_urls count=1
[2026-07-24 10:09:56] [MotusApiImporter] findExistingCar() -> EXISTING car id=1443
[2026-07-24 10:09:56] [MotusApiImporter] updateCar() completed for existing id=1443.
[2026-07-24 10:09:56] [MotusApiImporter] --- Processing row 25 (stock/sku: 1445964) ---
[2026-07-24 10:09:56] [MotusApiImporter] parseVehicle() OK — make=VOLKSWAGEN, model=POLO, source_url=https://www.motusvw.co.za/midrand/showroom/625-vwmdf892733/0/, image_urls count=1
[2026-07-24 10:09:56] [MotusApiImporter] Skipped detail-page fetch for stock #1445964 — time budget already exhausted.
[2026-07-24 10:09:56] [MotusApiImporter] After enrichFromDetailPage() — engine_capacity_cc=NULL, image_urls count=1
[2026-07-24 10:09:56] [MotusApiImporter] findExistingCar() -> EXISTING car id=1444
[2026-07-24 10:09:56] [MotusApiImporter] updateCar() completed for existing id=1444.
[2026-07-24 10:09:56] [MotusApiImporter] --- Processing row 26 (stock/sku: 1446127) ---
[2026-07-24 10:09:56] [MotusApiImporter] parseVehicle() OK — make=VOLKSWAGEN, model=POLO, source_url=https://www.motusvw.co.za/midrand/showroom/625-vwmdf890793/0/, image_urls count=1
[2026-07-24 10:09:56] [MotusApiImporter] Skipped detail-page fetch for stock #1446127 — time budget already exhausted.
[2026-07-24 10:09:56] [MotusApiImporter] After enrichFromDetailPage() — engine_capacity_cc=NULL, image_urls count=1
[2026-07-24 10:09:56] [MotusApiImporter] findExistingCar() -> EXISTING car id=1445
[2026-07-24 10:09:56] [MotusApiImporter] updateCar() completed for existing id=1445.
[2026-07-24 10:09:56] [MotusApiImporter] --- Processing row 27 (stock/sku: 1446009) ---
[2026-07-24 10:09:56] [MotusApiImporter] parseVehicle() OK — make=VOLKSWAGEN, model=POLO, source_url=https://www.motusvw.co.za/midrand/showroom/625-vwmdf892148/0/, image_urls count=1
[2026-07-24 10:09:56] [MotusApiImporter] Skipped detail-page fetch for stock #1446009 — time budget already exhausted.
[2026-07-24 10:09:56] [MotusApiImporter] After enrichFromDetailPage() — engine_capacity_cc=NULL, image_urls count=1
[2026-07-24 10:09:56] [MotusApiImporter] findExistingCar() -> EXISTING car id=1446
[2026-07-24 10:09:56] [MotusApiImporter] updateCar() completed for existing id=1446.
[2026-07-24 10:09:56] [MotusApiImporter] --- Processing row 28 (stock/sku: 1445944) ---
[2026-07-24 10:09:56] [MotusApiImporter] parseVehicle() OK — make=VOLKSWAGEN, model=POLO, source_url=https://www.motusvw.co.za/midrand/showroom/625-vwmdf893079/0/, image_urls count=1
[2026-07-24 10:09:56] [MotusApiImporter] Skipped detail-page fetch for stock #1445944 — time budget already exhausted.
[2026-07-24 10:09:56] [MotusApiImporter] After enrichFromDetailPage() — engine_capacity_cc=NULL, image_urls count=1
[2026-07-24 10:09:56] [MotusApiImporter] findExistingCar() -> EXISTING car id=1447
[2026-07-24 10:09:56] [MotusApiImporter] updateCar() completed for existing id=1447.
[2026-07-24 10:09:56] [MotusApiImporter] --- Processing row 29 (stock/sku: 1445929) ---
[2026-07-24 10:09:56] [MotusApiImporter] parseVehicle() OK — make=VOLKSWAGEN, model=POLO, source_url=https://www.motusvw.co.za/midrand/showroom/625-vwmdf893255/0/, image_urls count=1
[2026-07-24 10:09:56] [MotusApiImporter] Skipped detail-page fetch for stock #1445929 — time budget already exhausted.
[2026-07-24 10:09:56] [MotusApiImporter] After enrichFromDetailPage() — engine_capacity_cc=NULL, image_urls count=1
[2026-07-24 10:09:56] [MotusApiImporter] findExistingCar() -> EXISTING car id=1448
[2026-07-24 10:09:56] [MotusApiImporter] updateCar() completed for existing id=1448.
[2026-07-24 10:09:56] [MotusApiImporter] --- Processing row 30 (stock/sku: 1445930) ---
[2026-07-24 10:09:56] [MotusApiImporter] parseVehicle() OK — make=VOLKSWAGEN, model=POLO, source_url=https://www.motusvw.co.za/midrand/showroom/625-vwmdf893267/0/, image_urls count=1
[2026-07-24 10:09:56] [MotusApiImporter] Skipped detail-page fetch for stock #1445930 — time budget already exhausted.
[2026-07-24 10:09:56] [MotusApiImporter] After enrichFromDetailPage() — engine_capacity_cc=NULL, image_urls count=1
[2026-07-24 10:09:56] [MotusApiImporter] findExistingCar() -> EXISTING car id=1449
[2026-07-24 10:09:56] [MotusApiImporter] updateCar() completed for existing id=1449.
[2026-07-24 10:09:56] [MotusApiImporter] --- Processing row 31 (stock/sku: 1446008) ---
[2026-07-24 10:09:56] [MotusApiImporter] parseVehicle() OK — make=VOLKSWAGEN, model=POLO, source_url=https://www.motusvw.co.za/midrand/showroom/625-vwmdf892145/0/, image_urls count=1
[2026-07-24 10:09:56] [MotusApiImporter] Skipped detail-page fetch for stock #1446008 — time budget already exhausted.
[2026-07-24 10:09:56] [MotusApiImporter] After enrichFromDetailPage() — engine_capacity_cc=NULL, image_urls count=1
[2026-07-24 10:09:56] [MotusApiImporter] findExistingCar() -> EXISTING car id=1450
[2026-07-24 10:09:56] [MotusApiImporter] updateCar() completed for existing id=1450.
[2026-07-24 10:09:56] [MotusApiImporter] --- Processing row 32 (stock/sku: 1445928) ---
[2026-07-24 10:09:56] [MotusApiImporter] parseVehicle() OK — make=VOLKSWAGEN, model=POLO, source_url=https://www.motusvw.co.za/midrand/showroom/625-vwmdf893252/0/, image_urls count=1
[2026-07-24 10:09:56] [MotusApiImporter] Skipped detail-page fetch for stock #1445928 — time budget already exhausted.
[2026-07-24 10:09:56] [MotusApiImporter] After enrichFromDetailPage() — engine_capacity_cc=NULL, image_urls count=1
[2026-07-24 10:09:56] [MotusApiImporter] findExistingCar() -> EXISTING car id=1451
[2026-07-24 10:09:56] [MotusApiImporter] updateCar() completed for existing id=1451.
[2026-07-24 10:09:56] [MotusApiImporter] --- Processing row 33 (stock/sku: 1445915) ---
[2026-07-24 10:09:56] [MotusApiImporter] parseVehicle() OK — make=VOLKSWAGEN, model=POLO, source_url=https://www.motusvw.co.za/midrand/showroom/625-vwmdf893516/0/, image_urls count=1
[2026-07-24 10:09:56] [MotusApiImporter] Skipped detail-page fetch for stock #1445915 — time budget already exhausted.
[2026-07-24 10:09:56] [MotusApiImporter] After enrichFromDetailPage() — engine_capacity_cc=NULL, image_urls count=1
[2026-07-24 10:09:56] [MotusApiImporter] findExistingCar() -> EXISTING car id=1452
[2026-07-24 10:09:56] [MotusApiImporter] updateCar() completed for existing id=1452.
[2026-07-24 10:09:56] [MotusApiImporter] --- Processing row 34 (stock/sku: 1445966) ---
[2026-07-24 10:09:56] [MotusApiImporter] parseVehicle() OK — make=VOLKSWAGEN, model=POLO, source_url=https://www.motusvw.co.za/midrand/showroom/625-vwmdf892527/0/, image_urls count=1
[2026-07-24 10:09:56] [MotusApiImporter] Skipped detail-page fetch for stock #1445966 — time budget already exhausted.
[2026-07-24 10:09:56] [MotusApiImporter] After enrichFromDetailPage() — engine_capacity_cc=NULL, image_urls count=1
[2026-07-24 10:09:56] [MotusApiImporter] findExistingCar() -> EXISTING car id=1453
[2026-07-24 10:09:56] [MotusApiImporter] updateCar() completed for existing id=1453.
[2026-07-24 10:09:56] [MotusApiImporter] --- Processing row 35 (stock/sku: 1445835) ---
[2026-07-24 10:09:56] [MotusApiImporter] parseVehicle() OK — make=VOLKSWAGEN, model=POLO, source_url=https://www.motusvw.co.za/midrand/showroom/625-vwmdf894547/0/, image_urls count=1
[2026-07-24 10:09:56] [MotusApiImporter] Skipped detail-page fetch for stock #1445835 — time budget already exhausted.
[2026-07-24 10:09:56] [MotusApiImporter] After enrichFromDetailPage() — engine_capacity_cc=NULL, image_urls count=1
[2026-07-24 10:09:56] [MotusApiImporter] findExistingCar() -> EXISTING car id=1454
[2026-07-24 10:09:56] [MotusApiImporter] updateCar() completed for existing id=1454.
[2026-07-24 10:09:56] [MotusApiImporter] --- Processing row 36 (stock/sku: 1445857) ---
[2026-07-24 10:09:56] [MotusApiImporter] parseVehicle() OK — make=VOLKSWAGEN, model=POLO VIVO, source_url=https://www.motusvw.co.za/midrand/showroom/625-vwmdf894310/0/, image_urls count=1
[2026-07-24 10:09:56] [MotusApiImporter] Skipped detail-page fetch for stock #1445857 — time budget already exhausted.
[2026-07-24 10:09:56] [MotusApiImporter] After enrichFromDetailPage() — engine_capacity_cc=NULL, image_urls count=1
[2026-07-24 10:09:56] [MotusApiImporter] findExistingCar() -> EXISTING car id=1455
[2026-07-24 10:09:56] [MotusApiImporter] updateCar() completed for existing id=1455.
[2026-07-24 10:09:56] [MotusApiImporter] --- Processing row 37 (stock/sku: 1445858) ---
[2026-07-24 10:09:56] [MotusApiImporter] parseVehicle() OK — make=VOLKSWAGEN, model=POLO VIVO, source_url=https://www.motusvw.co.za/midrand/showroom/625-vwmdf894316/0/, image_urls count=1
[2026-07-24 10:09:56] [MotusApiImporter] Skipped detail-page fetch for stock #1445858 — time budget already exhausted.
[2026-07-24 10:09:56] [MotusApiImporter] After enrichFromDetailPage() — engine_capacity_cc=NULL, image_urls count=1
[2026-07-24 10:09:56] [MotusApiImporter] findExistingCar() -> EXISTING car id=1456
[2026-07-24 10:09:56] [MotusApiImporter] updateCar() completed for existing id=1456.
[2026-07-24 10:09:56] [MotusApiImporter] --- Processing row 38 (stock/sku: 1446130) ---
[2026-07-24 10:09:56] [MotusApiImporter] parseVehicle() OK — make=VOLKSWAGEN, model=POLO VIVO, source_url=https://www.motusvw.co.za/midrand/showroom/625-vwmdf890905/0/, image_urls count=1
[2026-07-24 10:09:56] [MotusApiImporter] Skipped detail-page fetch for stock #1446130 — time budget already exhausted.
[2026-07-24 10:09:56] [MotusApiImporter] After enrichFromDetailPage() — engine_capacity_cc=NULL, image_urls count=1
[2026-07-24 10:09:56] [MotusApiImporter] findExistingCar() -> EXISTING car id=1457
[2026-07-24 10:09:56] [MotusApiImporter] updateCar() completed for existing id=1457.
[2026-07-24 10:09:56] [MotusApiImporter] --- Processing row 39 (stock/sku: 1445963) ---
[2026-07-24 10:09:56] [MotusApiImporter] parseVehicle() OK — make=VOLKSWAGEN, model=T-CROSS, source_url=https://www.motusvw.co.za/midrand/showroom/625-vwmdf892729/0/, image_urls count=1
[2026-07-24 10:09:56] [MotusApiImporter] Skipped detail-page fetch for stock #1445963 — time budget already exhausted.
[2026-07-24 10:09:56] [MotusApiImporter] After enrichFromDetailPage() — engine_capacity_cc=NULL, image_urls count=1
[2026-07-24 10:09:56] [MotusApiImporter] findExistingCar() -> EXISTING car id=1458
[2026-07-24 10:09:56] [MotusApiImporter] updateCar() completed for existing id=1458.
[2026-07-24 10:09:56] [MotusApiImporter] --- Processing row 40 (stock/sku: 1445833) ---
[2026-07-24 10:09:56] [MotusApiImporter] parseVehicle() OK — make=VOLKSWAGEN, model=T-CROSS, source_url=https://www.motusvw.co.za/midrand/showroom/625-vwmdf895060/0/, image_urls count=1
[2026-07-24 10:09:56] [MotusApiImporter] Skipped detail-page fetch for stock #1445833 — time budget already exhausted.
[2026-07-24 10:09:56] [MotusApiImporter] After enrichFromDetailPage() — engine_capacity_cc=NULL, image_urls count=1
[2026-07-24 10:09:56] [MotusApiImporter] findExistingCar() -> EXISTING car id=1459
[2026-07-24 10:09:56] [MotusApiImporter] updateCar() completed for existing id=1459.
[2026-07-24 10:09:56] [MotusApiImporter] --- Processing row 41 (stock/sku: 1445916) ---
[2026-07-24 10:09:56] [MotusApiImporter] parseVehicle() OK — make=VOLKSWAGEN, model=T-CROSS, source_url=https://www.motusvw.co.za/midrand/showroom/625-vwmdf893597/0/, image_urls count=1
[2026-07-24 10:09:56] [MotusApiImporter] Skipped detail-page fetch for stock #1445916 — time budget already exhausted.
[2026-07-24 10:09:56] [MotusApiImporter] After enrichFromDetailPage() — engine_capacity_cc=NULL, image_urls count=1
[2026-07-24 10:09:56] [MotusApiImporter] findExistingCar() -> EXISTING car id=1460
[2026-07-24 10:09:56] [MotusApiImporter] updateCar() completed for existing id=1460.
[2026-07-24 10:09:56] [MotusApiImporter] --- Processing row 42 (stock/sku: 1445895) ---
[2026-07-24 10:09:56] [MotusApiImporter] parseVehicle() OK — make=VOLKSWAGEN, model=T-CROSS, source_url=https://www.motusvw.co.za/midrand/showroom/625-vwmdf894000/0/, image_urls count=1
[2026-07-24 10:09:56] [MotusApiImporter] Skipped detail-page fetch for stock #1445895 — time budget already exhausted.
[2026-07-24 10:09:56] [MotusApiImporter] After enrichFromDetailPage() — engine_capacity_cc=NULL, image_urls count=1
[2026-07-24 10:09:56] [MotusApiImporter] findExistingCar() -> EXISTING car id=1461
[2026-07-24 10:09:56] [MotusApiImporter] updateCar() completed for existing id=1461.
[2026-07-24 10:09:56] [MotusApiImporter] --- Processing row 43 (stock/sku: 1445907) ---
[2026-07-24 10:09:56] [MotusApiImporter] parseVehicle() OK — make=VOLKSWAGEN, model=TIGUAN, source_url=https://www.motusvw.co.za/midrand/showroom/625-vwmdf893709/0/, image_urls count=1
[2026-07-24 10:09:56] [MotusApiImporter] Skipped detail-page fetch for stock #1445907 — time budget already exhausted.
[2026-07-24 10:09:56] [MotusApiImporter] After enrichFromDetailPage() — engine_capacity_cc=NULL, image_urls count=1
[2026-07-24 10:09:56] [MotusApiImporter] findExistingCar() -> EXISTING car id=1462
[2026-07-24 10:09:56] [MotusApiImporter] updateCar() completed for existing id=1462.
[2026-07-24 10:09:56] [MotusApiImporter] --- Processing row 44 (stock/sku: 1446283) ---
[2026-07-24 10:09:56] [MotusApiImporter] parseVehicle() OK — make=VOLKSWAGEN, model=TIGUAN, source_url=https://www.motusvw.co.za/midrand/showroom/625-vwmdf888104/0/, image_urls count=1
[2026-07-24 10:09:56] [MotusApiImporter] Skipped detail-page fetch for stock #1446283 — time budget already exhausted.
[2026-07-24 10:09:56] [MotusApiImporter] After enrichFromDetailPage() — engine_capacity_cc=NULL, image_urls count=1
[2026-07-24 10:09:56] [MotusApiImporter] findExistingCar() -> EXISTING car id=1463
[2026-07-24 10:09:56] [MotusApiImporter] updateCar() completed for existing id=1463.
[2026-07-24 10:09:56] [MotusApiImporter] --- Processing row 45 (stock/sku: 1446223) ---
[2026-07-24 10:09:56] [MotusApiImporter] parseVehicle() OK — make=JEEP, model=RENEGADE, source_url=https://www.motusvw.co.za/midrand/showroom/625-vwmdf889687/1/, image_urls count=1
[2026-07-24 10:09:56] [MotusApiImporter] Skipped detail-page fetch for stock #1446223 — time budget already exhausted.
[2026-07-24 10:09:56] [MotusApiImporter] After enrichFromDetailPage() — engine_capacity_cc=NULL, image_urls count=1
[2026-07-24 10:09:56] [MotusApiImporter] findExistingCar() -> EXISTING car id=1464
[2026-07-24 10:09:56] [MotusApiImporter] updateCar() completed for existing id=1464.
[2026-07-24 10:09:56] [MotusApiImporter] --- Processing row 46 (stock/sku: 1445923) ---
[2026-07-24 10:09:56] [MotusApiImporter] parseVehicle() OK — make=BMW, model=2 SERIES, source_url=https://www.motusvw.co.za/midrand/showroom/625-vwmdf893379/1/, image_urls count=1
[2026-07-24 10:09:56] [MotusApiImporter] Skipped detail-page fetch for stock #1445923 — time budget already exhausted.
[2026-07-24 10:09:56] [MotusApiImporter] After enrichFromDetailPage() — engine_capacity_cc=NULL, image_urls count=1
[2026-07-24 10:09:56] [MotusApiImporter] findExistingCar() -> EXISTING car id=1465
[2026-07-24 10:09:56] [MotusApiImporter] updateCar() completed for existing id=1465.
[2026-07-24 10:09:56] [MotusApiImporter] --- Processing row 47 (stock/sku: 1445943) ---
[2026-07-24 10:09:56] [MotusApiImporter] parseVehicle() OK — make=FORD, model=ECOSPORT, source_url=https://www.motusvw.co.za/midrand/showroom/625-vwmdf893075/1/, image_urls count=1
[2026-07-24 10:09:56] [MotusApiImporter] Skipped detail-page fetch for stock #1445943 — time budget already exhausted.
[2026-07-24 10:09:56] [MotusApiImporter] After enrichFromDetailPage() — engine_capacity_cc=NULL, image_urls count=1
[2026-07-24 10:09:56] [MotusApiImporter] findExistingCar() -> EXISTING car id=1466
[2026-07-24 10:09:56] [MotusApiImporter] updateCar() completed for existing id=1466.
[2026-07-24 10:09:56] [MotusApiImporter] --- Processing row 48 (stock/sku: 1446850) ---
[2026-07-24 10:09:56] [MotusApiImporter] parseVehicle() OK — make=VOLKSWAGEN, model=POLO, source_url=https://www.motusvw.co.za/midrand/showroom/625-vwmdf258260/1/, image_urls count=1
[2026-07-24 10:09:56] [MotusApiImporter] Skipped detail-page fetch for stock #1446850 — time budget already exhausted.
[2026-07-24 10:09:56] [MotusApiImporter] After enrichFromDetailPage() — engine_capacity_cc=NULL, image_urls count=1
[2026-07-24 10:09:56] [MotusApiImporter] findExistingCar() -> EXISTING car id=1467
[2026-07-24 10:09:56] [MotusApiImporter] updateCar() completed for existing id=1467.
[2026-07-24 10:09:56] [MotusApiImporter] --- Processing row 49 (stock/sku: 1446505) ---
[2026-07-24 10:09:56] [MotusApiImporter] parseVehicle() OK — make=VOLKSWAGEN, model=POLO VIVO, source_url=https://www.motusvw.co.za/midrand/showroom/625-vwmdf608385/2/, image_urls count=1
[2026-07-24 10:09:56] [MotusApiImporter] Skipped detail-page fetch for stock #1446505 — time budget already exhausted.
[2026-07-24 10:09:56] [MotusApiImporter] After enrichFromDetailPage() — engine_capacity_cc=NULL, image_urls count=1
[2026-07-24 10:09:56] [MotusApiImporter] findExistingCar() -> EXISTING car id=1468
[2026-07-24 10:09:56] [MotusApiImporter] updateCar() completed for existing id=1468.
[2026-07-24 10:09:56] [MotusApiImporter] --- Processing row 50 (stock/sku: 1446800) ---
[2026-07-24 10:09:56] [MotusApiImporter] parseVehicle() OK — make=VOLKSWAGEN, model=TIGUAN, source_url=https://www.motusvw.co.za/midrand/showroom/625-vwmdf829969/1/, image_urls count=1
[2026-07-24 10:09:56] [MotusApiImporter] Skipped detail-page fetch for stock #1446800 — time budget already exhausted.
[2026-07-24 10:09:56] [MotusApiImporter] After enrichFromDetailPage() — engine_capacity_cc=NULL, image_urls count=1
[2026-07-24 10:09:56] [MotusApiImporter] findExistingCar() -> EXISTING car id=1469
[2026-07-24 10:09:56] [MotusApiImporter] updateCar() completed for existing id=1469.
[2026-07-24 10:09:56] [MotusApiImporter] --- Processing row 51 (stock/sku: 1446792) ---
[2026-07-24 10:09:56] [MotusApiImporter] parseVehicle() OK — make=VOLKSWAGEN, model=TIGUAN ALLSPACE, source_url=https://www.motusvw.co.za/midrand/showroom/625-vwmdf838290/1/, image_urls count=1
[2026-07-24 10:09:56] [MotusApiImporter] Skipped detail-page fetch for stock #1446792 — time budget already exhausted.
[2026-07-24 10:09:56] [MotusApiImporter] After enrichFromDetailPage() — engine_capacity_cc=NULL, image_urls count=1
[2026-07-24 10:09:56] [MotusApiImporter] findExistingCar() -> EXISTING car id=1470
[2026-07-24 10:09:56] [MotusApiImporter] updateCar() completed for existing id=1470.
[2026-07-24 10:09:56] [MotusApiImporter] --- Processing row 52 (stock/sku: 1446153) ---
[2026-07-24 10:09:56] [MotusApiImporter] parseVehicle() OK — make=VOLKSWAGEN, model=TIGUAN, source_url=https://www.motusvw.co.za/midrand/showroom/625-vwmdf762579/1/, image_urls count=1
[2026-07-24 10:09:56] [MotusApiImporter] Skipped detail-page fetch for stock #1446153 — time budget already exhausted.
[2026-07-24 10:09:56] [MotusApiImporter] After enrichFromDetailPage() — engine_capacity_cc=NULL, image_urls count=1
[2026-07-24 10:09:56] [MotusApiImporter] findExistingCar() -> EXISTING car id=1471
[2026-07-24 10:09:56] [MotusApiImporter] updateCar() completed for existing id=1471.
[2026-07-24 10:09:56] [MotusApiImporter] --- Processing row 53 (stock/sku: 1446811) ---
[2026-07-24 10:09:56] [MotusApiImporter] parseVehicle() OK — make=FORD, model=ECOSPORT, source_url=https://www.motusvw.co.za/midrand/showroom/625-vwmdf889981/1/, image_urls count=1
[2026-07-24 10:09:56] [MotusApiImporter] Skipped detail-page fetch for stock #1446811 — time budget already exhausted.
[2026-07-24 10:09:56] [MotusApiImporter] After enrichFromDetailPage() — engine_capacity_cc=NULL, image_urls count=1
[2026-07-24 10:09:56] [MotusApiImporter] findExistingCar() -> EXISTING car id=1472
[2026-07-24 10:09:56] [MotusApiImporter] updateCar() completed for existing id=1472.
[2026-07-24 10:09:56] [MotusApiImporter] --- Processing row 54 (stock/sku: 1445937) ---
[2026-07-24 10:09:56] [MotusApiImporter] parseVehicle() OK — make=FORD, model=FIGO, source_url=https://www.motusvw.co.za/midrand/showroom/625-vwmdf893195/1/, image_urls count=1
[2026-07-24 10:09:56] [MotusApiImporter] Skipped detail-page fetch for stock #1445937 — time budget already exhausted.
[2026-07-24 10:09:56] [MotusApiImporter] After enrichFromDetailPage() — engine_capacity_cc=NULL, image_urls count=1
[2026-07-24 10:09:56] [MotusApiImporter] findExistingCar() -> EXISTING car id=1473
[2026-07-24 10:09:56] [MotusApiImporter] updateCar() completed for existing id=1473.
[2026-07-24 10:09:56] [MotusApiImporter] --- Processing row 55 (stock/sku: 1446382) ---
[2026-07-24 10:09:56] [MotusApiImporter] parseVehicle() OK — make=VOLKSWAGEN, model=AMAROK, source_url=https://www.motusvw.co.za/midrand/showroom/625-vwmdf421690/1/, image_urls count=1
[2026-07-24 10:09:56] [MotusApiImporter] Skipped detail-page fetch for stock #1446382 — time budget already exhausted.
[2026-07-24 10:09:56] [MotusApiImporter] After enrichFromDetailPage() — engine_capacity_cc=NULL, image_urls count=1
[2026-07-24 10:09:56] [MotusApiImporter] findExistingCar() -> EXISTING car id=1474
[2026-07-24 10:09:56] [MotusApiImporter] updateCar() completed for existing id=1474.
[2026-07-24 10:09:56] [MotusApiImporter] --- Processing row 56 (stock/sku: 1446801) ---
[2026-07-24 10:09:56] [MotusApiImporter] parseVehicle() OK — make=VOLKSWAGEN, model=T-CROSS, source_url=https://www.motusvw.co.za/midrand/showroom/625-vwmdf423363/2/, image_urls count=1
[2026-07-24 10:09:56] [MotusApiImporter] Skipped detail-page fetch for stock #1446801 — time budget already exhausted.
[2026-07-24 10:09:56] [MotusApiImporter] After enrichFromDetailPage() — engine_capacity_cc=NULL, image_urls count=1
[2026-07-24 10:09:56] [MotusApiImporter] findExistingCar() -> EXISTING car id=1475
[2026-07-24 10:09:56] [MotusApiImporter] updateCar() completed for existing id=1475.
[2026-07-24 10:09:56] [MotusApiImporter] --- Processing row 57 (stock/sku: 1446410) ---
[2026-07-24 10:09:56] [MotusApiImporter] parseVehicle() OK — make=VOLKSWAGEN, model=TRANSPORTER, source_url=https://www.motusvw.co.za/midrand/showroom/625-vwmdf886408/4/, image_urls count=1
[2026-07-24 10:09:56] [MotusApiImporter] Skipped detail-page fetch for stock #1446410 — time budget already exhausted.
[2026-07-24 10:09:56] [MotusApiImporter] After enrichFromDetailPage() — engine_capacity_cc=NULL, image_urls count=1
[2026-07-24 10:09:56] [MotusApiImporter] findExistingCar() -> EXISTING car id=1476
[2026-07-24 10:09:56] [MotusApiImporter] updateCar() completed for existing id=1476.
[2026-07-24 10:09:56] [MotusApiImporter] --- Processing row 58 (stock/sku: 1445899) ---
[2026-07-24 10:09:56] [MotusApiImporter] parseVehicle() OK — make=VOLKSWAGEN, model=TRANSPORTER, source_url=https://www.motusvw.co.za/midrand/showroom/625-vwmdf893863/1/, image_urls count=1
[2026-07-24 10:09:56] [MotusApiImporter] Skipped detail-page fetch for stock #1445899 — time budget already exhausted.
[2026-07-24 10:09:56] [MotusApiImporter] After enrichFromDetailPage() — engine_capacity_cc=NULL, image_urls count=1
[2026-07-24 10:09:56] [MotusApiImporter] findExistingCar() -> EXISTING car id=1477
[2026-07-24 10:09:56] [MotusApiImporter] updateCar() completed for existing id=1477.
[2026-07-24 10:09:56] [MotusApiImporter] --- Processing row 59 (stock/sku: 1446142) ---
[2026-07-24 10:09:56] [MotusApiImporter] parseVehicle() OK — make=BMW, model=4 SERIES, source_url=https://www.motusvw.co.za/midrand/showroom/625-vwmdf890748/1/, image_urls count=1
[2026-07-24 10:09:56] [MotusApiImporter] Skipped detail-page fetch for stock #1446142 — time budget already exhausted.
[2026-07-24 10:09:56] [MotusApiImporter] After enrichFromDetailPage() — engine_capacity_cc=NULL, image_urls count=1
[2026-07-24 10:09:56] [MotusApiImporter] findExistingCar() -> EXISTING car id=1478
[2026-07-24 10:09:56] [MotusApiImporter] updateCar() completed for existing id=1478.
[2026-07-24 10:09:56] [MotusApiImporter] --- Processing row 60 (stock/sku: 1446010) ---
[2026-07-24 10:09:56] [MotusApiImporter] parseVehicle() OK — make=JAGUAR, model=F-PACE, source_url=https://www.motusvw.co.za/midrand/showroom/625-vwmdf892204/1/, image_urls count=1
[2026-07-24 10:09:56] [MotusApiImporter] Skipped detail-page fetch for stock #1446010 — time budget already exhausted.
[2026-07-24 10:09:56] [MotusApiImporter] After enrichFromDetailPage() — engine_capacity_cc=NULL, image_urls count=1
[2026-07-24 10:09:56] [MotusApiImporter] findExistingCar() -> EXISTING car id=1479
[2026-07-24 10:09:56] [MotusApiImporter] updateCar() completed for existing id=1479.
[2026-07-24 10:09:56] [MotusApiImporter] --- Processing row 61 (stock/sku: 1448883) ---
[2026-07-24 10:09:56] [MotusApiImporter] parseVehicle() OK — make=KIA, model=RIO, source_url=https://www.motusvw.co.za/midrand/showroom/625-vwmvusc894215/1/, image_urls count=1
[2026-07-24 10:09:56] [MotusApiImporter] Skipped detail-page fetch for stock #1448883 — time budget already exhausted.
[2026-07-24 10:09:56] [MotusApiImporter] After enrichFromDetailPage() — engine_capacity_cc=NULL, image_urls count=1
[2026-07-24 10:09:56] [MotusApiImporter] findExistingCar() -> EXISTING car id=1539
[2026-07-24 10:09:56] [MotusApiImporter] updateCar() completed for existing id=1539.
[2026-07-24 10:09:56] [MotusApiImporter] --- Processing row 62 (stock/sku: 1445715) ---
[2026-07-24 10:09:56] [MotusApiImporter] parseVehicle() OK — make=RENAULT, model=CLIO, source_url=https://www.motusvw.co.za/midrand/showroom/625-vwmdf896334/1/, image_urls count=1
[2026-07-24 10:09:56] [MotusApiImporter] Skipped detail-page fetch for stock #1445715 — time budget already exhausted.
[2026-07-24 10:09:56] [MotusApiImporter] After enrichFromDetailPage() — engine_capacity_cc=NULL, image_urls count=1
[2026-07-24 10:09:56] [MotusApiImporter] findExistingCar() -> EXISTING car id=1481
[2026-07-24 10:09:56] [MotusApiImporter] updateCar() completed for existing id=1481.
[2026-07-24 10:09:56] [MotusApiImporter] --- Processing row 63 (stock/sku: 1445883) ---
[2026-07-24 10:09:56] [MotusApiImporter] parseVehicle() OK — make=VOLKSWAGEN, model=POLO VIVO, source_url=https://www.motusvw.co.za/midrand/showroom/625-vwmdf894125/2/, image_urls count=1
[2026-07-24 10:09:56] [MotusApiImporter] Skipped detail-page fetch for stock #1445883 — time budget already exhausted.
[2026-07-24 10:09:56] [MotusApiImporter] After enrichFromDetailPage() — engine_capacity_cc=NULL, image_urls count=1
[2026-07-24 10:09:56] [MotusApiImporter] findExistingCar() -> EXISTING car id=1482
[2026-07-24 10:09:56] [MotusApiImporter] updateCar() completed for existing id=1482.
[2026-07-24 10:09:56] [MotusApiImporter] --- Processing row 64 (stock/sku: 1445714) ---
[2026-07-24 10:09:56] [MotusApiImporter] parseVehicle() OK — make=VOLKSWAGEN, model=POLO VIVO, source_url=https://www.motusvw.co.za/midrand/showroom/625-vwmdf896260/1/, image_urls count=1
[2026-07-24 10:09:56] [MotusApiImporter] Skipped detail-page fetch for stock #1445714 — time budget already exhausted.
[2026-07-24 10:09:56] [MotusApiImporter] After enrichFromDetailPage() — engine_capacity_cc=NULL, image_urls count=1
[2026-07-24 10:09:56] [MotusApiImporter] findExistingCar() -> EXISTING car id=1483
[2026-07-24 10:09:56] [MotusApiImporter] updateCar() completed for existing id=1483.
[2026-07-24 10:09:56] [MotusApiImporter] --- Processing row 65 (stock/sku: 1446735) ---
[2026-07-24 10:09:56] [MotusApiImporter] parseVehicle() OK — make=VOLKSWAGEN, model=TAIGO, source_url=https://www.motusvw.co.za/midrand/showroom/625-vwmdf861673/2/, image_urls count=1
[2026-07-24 10:09:56] [MotusApiImporter] Skipped detail-page fetch for stock #1446735 — time budget already exhausted.
[2026-07-24 10:09:56] [MotusApiImporter] After enrichFromDetailPage() — engine_capacity_cc=NULL, image_urls count=1
[2026-07-24 10:09:56] [MotusApiImporter] findExistingCar() -> EXISTING car id=1485
[2026-07-24 10:09:56] [MotusApiImporter] updateCar() completed for existing id=1485.
[2026-07-24 10:09:56] [MotusApiImporter] --- Processing row 66 (stock/sku: 1445959) ---
[2026-07-24 10:09:56] [MotusApiImporter] parseVehicle() OK — make=VOLKSWAGEN, model=TRANSPORTER, source_url=https://www.motusvw.co.za/midrand/showroom/625-vwmdf425954/1/, image_urls count=1
[2026-07-24 10:09:56] [MotusApiImporter] Skipped detail-page fetch for stock #1445959 — time budget already exhausted.
[2026-07-24 10:09:56] [MotusApiImporter] After enrichFromDetailPage() — engine_capacity_cc=NULL, image_urls count=1
[2026-07-24 10:09:56] [MotusApiImporter] findExistingCar() -> EXISTING car id=1486
[2026-07-24 10:09:56] [MotusApiImporter] updateCar() completed for existing id=1486.
[2026-07-24 10:09:56] [MotusApiImporter] --- Processing row 67 (stock/sku: 1446051) ---
[2026-07-24 10:09:56] [MotusApiImporter] parseVehicle() OK — make=VOLKSWAGEN, model=AMAROK, source_url=https://www.motusvw.co.za/midrand/showroom/625-vwmdf891606/1/, image_urls count=1
[2026-07-24 10:09:56] [MotusApiImporter] Skipped detail-page fetch for stock #1446051 — time budget already exhausted.
[2026-07-24 10:09:56] [MotusApiImporter] After enrichFromDetailPage() — engine_capacity_cc=NULL, image_urls count=1
[2026-07-24 10:09:56] [MotusApiImporter] findExistingCar() -> EXISTING car id=1487
[2026-07-24 10:09:56] [MotusApiImporter] updateCar() completed for existing id=1487.
[2026-07-24 10:09:56] [MotusApiImporter] --- Processing row 68 (stock/sku: 1446086) ---
[2026-07-24 10:09:56] [MotusApiImporter] parseVehicle() OK — make=VOLKSWAGEN, model=POLO, source_url=https://www.motusvw.co.za/midrand/showroom/625-vwmdf891191/1/, image_urls count=1
[2026-07-24 10:09:56] [MotusApiImporter] Skipped detail-page fetch for stock #1446086 — time budget already exhausted.
[2026-07-24 10:09:56] [MotusApiImporter] After enrichFromDetailPage() — engine_capacity_cc=NULL, image_urls count=1
[2026-07-24 10:09:56] [MotusApiImporter] findExistingCar() -> EXISTING car id=1489
[2026-07-24 10:09:56] [MotusApiImporter] updateCar() completed for existing id=1489.
[2026-07-24 10:09:56] [MotusApiImporter] --- Processing row 69 (stock/sku: 1446654) ---
[2026-07-24 10:09:56] [MotusApiImporter] parseVehicle() OK — make=AUDI, model=Q2, source_url=https://www.motusvw.co.za/midrand/showroom/625-vwmdf872129/1/, image_urls count=1
[2026-07-24 10:09:56] [MotusApiImporter] Skipped detail-page fetch for stock #1446654 — time budget already exhausted.
[2026-07-24 10:09:56] [MotusApiImporter] After enrichFromDetailPage() — engine_capacity_cc=NULL, image_urls count=1
[2026-07-24 10:09:56] [MotusApiImporter] findExistingCar() -> EXISTING car id=1490
[2026-07-24 10:09:56] [MotusApiImporter] updateCar() completed for existing id=1490.
[2026-07-24 10:09:56] [MotusApiImporter] --- Processing row 70 (stock/sku: 1449184) ---
[2026-07-24 10:09:56] [MotusApiImporter] parseVehicle() OK — make=FORD, model=RANGER, source_url=https://www.motusvw.co.za/midrand/showroom/625-vwmdf895758/1/, image_urls count=1
[2026-07-24 10:09:56] [MotusApiImporter] Skipped detail-page fetch for stock #1449184 — time budget already exhausted.
[2026-07-24 10:09:56] [MotusApiImporter] After enrichFromDetailPage() — engine_capacity_cc=NULL, image_urls count=1
[2026-07-24 10:09:56] [MotusApiImporter] findExistingCar() -> EXISTING car id=1588
[2026-07-24 10:09:56] [MotusApiImporter] updateCar() completed for existing id=1588.
[2026-07-24 10:09:56] [MotusApiImporter] --- Processing row 71 (stock/sku: 1448032) ---
[2026-07-24 10:09:56] [MotusApiImporter] parseVehicle() OK — make=HYUNDAI, model=GRAND CRETA, source_url=https://www.motusvw.co.za/midrand/showroom/625-vwmvusc853094/1/, image_urls count=1
[2026-07-24 10:09:56] [MotusApiImporter] Skipped detail-page fetch for stock #1448032 — time budget already exhausted.
[2026-07-24 10:09:56] [MotusApiImporter] After enrichFromDetailPage() — engine_capacity_cc=NULL, image_urls count=1
[2026-07-24 10:09:56] [MotusApiImporter] findExistingCar() -> EXISTING car id=1491
[2026-07-24 10:09:56] [MotusApiImporter] updateCar() completed for existing id=1491.
[2026-07-24 10:09:56] [MotusApiImporter] --- Processing row 72 (stock/sku: 1446809) ---
[2026-07-24 10:09:56] [MotusApiImporter] parseVehicle() OK — make=KIA, model=PICANTO, source_url=https://www.motusvw.co.za/midrand/showroom/625-vwmdf894445/1/, image_urls count=1
[2026-07-24 10:09:56] [MotusApiImporter] Skipped detail-page fetch for stock #1446809 — time budget already exhausted.
[2026-07-24 10:09:56] [MotusApiImporter] After enrichFromDetailPage() — engine_capacity_cc=NULL, image_urls count=1
[2026-07-24 10:09:56] [MotusApiImporter] findExistingCar() -> EXISTING car id=1492
[2026-07-24 10:09:56] [MotusApiImporter] updateCar() completed for existing id=1492.
[2026-07-24 10:09:56] [MotusApiImporter] --- Processing row 73 (stock/sku: 1446810) ---
[2026-07-24 10:09:56] [MotusApiImporter] parseVehicle() OK — make=NISSAN, model=MAGNITE, source_url=https://www.motusvw.co.za/midrand/showroom/625-vwmdf894838/1/, image_urls count=1
[2026-07-24 10:09:56] [MotusApiImporter] Skipped detail-page fetch for stock #1446810 — time budget already exhausted.
[2026-07-24 10:09:56] [MotusApiImporter] After enrichFromDetailPage() — engine_capacity_cc=NULL, image_urls count=1
[2026-07-24 10:09:56] [MotusApiImporter] findExistingCar() -> EXISTING car id=1493
[2026-07-24 10:09:56] [MotusApiImporter] updateCar() completed for existing id=1493.
[2026-07-24 10:09:56] [MotusApiImporter] --- Processing row 74 (stock/sku: 1446523) ---
[2026-07-24 10:09:56] [MotusApiImporter] parseVehicle() OK — make=TOYOTA, model=COROLLA CROSS, source_url=https://www.motusvw.co.za/midrand/showroom/625-bm037used896315/1/, image_urls count=1
[2026-07-24 10:09:56] [MotusApiImporter] Skipped detail-page fetch for stock #1446523 — time budget already exhausted.
[2026-07-24 10:09:56] [MotusApiImporter] After enrichFromDetailPage() — engine_capacity_cc=NULL, image_urls count=1
[2026-07-24 10:09:56] [MotusApiImporter] findExistingCar() -> EXISTING car id=1494
[2026-07-24 10:09:56] [MotusApiImporter] updateCar() completed for existing id=1494.
[2026-07-24 10:09:56] [MotusApiImporter] --- Processing row 75 (stock/sku: 1445994) ---
[2026-07-24 10:09:56] [MotusApiImporter] parseVehicle() OK — make=TOYOTA, model=HILUX, source_url=https://www.motusvw.co.za/midrand/showroom/625-vwmdf892356/1/, image_urls count=1
[2026-07-24 10:09:56] [MotusApiImporter] Skipped detail-page fetch for stock #1445994 — time budget already exhausted.
[2026-07-24 10:09:56] [MotusApiImporter] After enrichFromDetailPage() — engine_capacity_cc=NULL, image_urls count=1
[2026-07-24 10:09:56] [MotusApiImporter] findExistingCar() -> EXISTING car id=1495
[2026-07-24 10:09:56] [MotusApiImporter] updateCar() completed for existing id=1495.
[2026-07-24 10:09:56] [MotusApiImporter] --- Processing row 76 (stock/sku: 1446028) ---
[2026-07-24 10:09:56] [MotusApiImporter] parseVehicle() OK — make=VOLKSWAGEN, model=AMAROK, source_url=https://www.motusvw.co.za/midrand/showroom/625-vwmdf850170/1/, image_urls count=1
[2026-07-24 10:09:56] [MotusApiImporter] Skipped detail-page fetch for stock #1446028 — time budget already exhausted.
[2026-07-24 10:09:56] [MotusApiImporter] After enrichFromDetailPage() — engine_capacity_cc=NULL, image_urls count=1
[2026-07-24 10:09:56] [MotusApiImporter] findExistingCar() -> EXISTING car id=1496
[2026-07-24 10:09:56] [MotusApiImporter] updateCar() completed for existing id=1496.
[2026-07-24 10:09:56] [MotusApiImporter] --- Processing row 77 (stock/sku: 1445881) ---
[2026-07-24 10:09:56] [MotusApiImporter] parseVehicle() OK — make=VOLKSWAGEN, model=POLO, source_url=https://www.motusvw.co.za/midrand/showroom/625-vwmdf894037/1/, image_urls count=1
[2026-07-24 10:09:56] [MotusApiImporter] Skipped detail-page fetch for stock #1445881 — time budget already exhausted.
[2026-07-24 10:09:56] [MotusApiImporter] After enrichFromDetailPage() — engine_capacity_cc=NULL, image_urls count=1
[2026-07-24 10:09:56] [MotusApiImporter] findExistingCar() -> EXISTING car id=1497
[2026-07-24 10:09:56] [MotusApiImporter] updateCar() completed for existing id=1497.
[2026-07-24 10:09:56] [MotusApiImporter] --- Processing row 78 (stock/sku: 1446323) ---
[2026-07-24 10:09:56] [MotusApiImporter] parseVehicle() OK — make=VOLKSWAGEN, model=POLO, source_url=https://www.motusvw.co.za/midrand/showroom/625-vwmdf888345/1/, image_urls count=1
[2026-07-24 10:09:56] [MotusApiImporter] Skipped detail-page fetch for stock #1446323 — time budget already exhausted.
[2026-07-24 10:09:56] [MotusApiImporter] After enrichFromDetailPage() — engine_capacity_cc=NULL, image_urls count=1
[2026-07-24 10:09:56] [MotusApiImporter] findExistingCar() -> EXISTING car id=1498
[2026-07-24 10:09:56] [MotusApiImporter] updateCar() completed for existing id=1498.
[2026-07-24 10:09:56] [MotusApiImporter] --- Processing row 79 (stock/sku: 1446790) ---
[2026-07-24 10:09:56] [MotusApiImporter] parseVehicle() OK — make=VOLKSWAGEN, model=T-CROSS, source_url=https://www.motusvw.co.za/midrand/showroom/625-vwmdf839567/1/, image_urls count=1
[2026-07-24 10:09:56] [MotusApiImporter] Skipped detail-page fetch for stock #1446790 — time budget already exhausted.
[2026-07-24 10:09:56] [MotusApiImporter] After enrichFromDetailPage() — engine_capacity_cc=NULL, image_urls count=1
[2026-07-24 10:09:56] [MotusApiImporter] findExistingCar() -> EXISTING car id=1499
[2026-07-24 10:09:56] [MotusApiImporter] updateCar() completed for existing id=1499.
[2026-07-24 10:09:56] [MotusApiImporter] --- Processing row 80 (stock/sku: 1446786) ---
[2026-07-24 10:09:56] [MotusApiImporter] parseVehicle() OK — make=VOLKSWAGEN, model=T-CROSS, source_url=https://www.motusvw.co.za/midrand/showroom/625-vwmdf843717/8/, image_urls count=1
[2026-07-24 10:09:56] [MotusApiImporter] Skipped detail-page fetch for stock #1446786 — time budget already exhausted.
[2026-07-24 10:09:56] [MotusApiImporter] After enrichFromDetailPage() — engine_capacity_cc=NULL, image_urls count=1
[2026-07-24 10:09:56] [MotusApiImporter] findExistingCar() -> EXISTING car id=1500
[2026-07-24 10:09:56] [MotusApiImporter] updateCar() completed for existing id=1500.
[2026-07-24 10:09:56] [MotusApiImporter] --- Processing row 81 (stock/sku: 1445882) ---
[2026-07-24 10:09:56] [MotusApiImporter] parseVehicle() OK — make=VOLKSWAGEN, model=T-ROC, source_url=https://www.motusvw.co.za/midrand/showroom/625-vwmdf894108/1/, image_urls count=1
[2026-07-24 10:09:56] [MotusApiImporter] Skipped detail-page fetch for stock #1445882 — time budget already exhausted.
[2026-07-24 10:09:56] [MotusApiImporter] After enrichFromDetailPage() — engine_capacity_cc=NULL, image_urls count=1
[2026-07-24 10:09:56] [MotusApiImporter] findExistingCar() -> EXISTING car id=1501
[2026-07-24 10:09:56] [MotusApiImporter] updateCar() completed for existing id=1501.
[2026-07-24 10:09:56] [MotusApiImporter] --- Processing row 82 (stock/sku: 1445751) ---
[2026-07-24 10:09:56] [MotusApiImporter] parseVehicle() OK — make=VOLKSWAGEN, model=TAIGO, source_url=https://www.motusvw.co.za/midrand/showroom/625-vwmdf874038/1/, image_urls count=1
[2026-07-24 10:09:56] [MotusApiImporter] Skipped detail-page fetch for stock #1445751 — time budget already exhausted.
[2026-07-24 10:09:56] [MotusApiImporter] After enrichFromDetailPage() — engine_capacity_cc=NULL, image_urls count=1
[2026-07-24 10:09:56] [MotusApiImporter] findExistingCar() -> EXISTING car id=1502
[2026-07-24 10:09:56] [MotusApiImporter] updateCar() completed for existing id=1502.
[2026-07-24 10:09:56] [MotusApiImporter] --- Processing row 83 (stock/sku: 1446249) ---
[2026-07-24 10:09:56] [MotusApiImporter] parseVehicle() OK — make=SUZUKI, model=SWIFT, source_url=https://www.motusvw.co.za/midrand/showroom/625-vwmdf889410/1/, image_urls count=1
[2026-07-24 10:09:56] [MotusApiImporter] Skipped detail-page fetch for stock #1446249 — time budget already exhausted.
[2026-07-24 10:09:56] [MotusApiImporter] After enrichFromDetailPage() — engine_capacity_cc=NULL, image_urls count=1
[2026-07-24 10:09:56] [MotusApiImporter] findExistingCar() -> EXISTING car id=1503
[2026-07-24 10:09:56] [MotusApiImporter] updateCar() completed for existing id=1503.
[2026-07-24 10:09:56] [MotusApiImporter] --- Processing row 84 (stock/sku: 1445799) ---
[2026-07-24 10:09:56] [MotusApiImporter] parseVehicle() OK — make=SUZUKI, model=SWIFT, source_url=https://www.motusvw.co.za/midrand/showroom/625-vwmdf895482/1/, image_urls count=1
[2026-07-24 10:09:56] [MotusApiImporter] Skipped detail-page fetch for stock #1445799 — time budget already exhausted.
[2026-07-24 10:09:56] [MotusApiImporter] After enrichFromDetailPage() — engine_capacity_cc=NULL, image_urls count=1
[2026-07-24 10:09:56] [MotusApiImporter] findExistingCar() -> EXISTING car id=1504
[2026-07-24 10:09:56] [MotusApiImporter] updateCar() completed for existing id=1504.
[2026-07-24 10:09:56] [MotusApiImporter] --- Processing row 85 (stock/sku: 1445871) ---
[2026-07-24 10:09:56] [MotusApiImporter] parseVehicle() OK — make=SUZUKI, model=SWIFT, source_url=https://www.motusvw.co.za/midrand/showroom/625-vwmdf894155/1/, image_urls count=1
[2026-07-24 10:09:56] [MotusApiImporter] Skipped detail-page fetch for stock #1445871 — time budget already exhausted.
[2026-07-24 10:09:56] [MotusApiImporter] After enrichFromDetailPage() — engine_capacity_cc=NULL, image_urls count=1
[2026-07-24 10:09:56] [MotusApiImporter] findExistingCar() -> EXISTING car id=1505
[2026-07-24 10:09:56] [MotusApiImporter] updateCar() completed for existing id=1505.
[2026-07-24 10:09:56] [MotusApiImporter] --- Processing row 86 (stock/sku: 1445800) ---
[2026-07-24 10:09:56] [MotusApiImporter] parseVehicle() OK — make=SUZUKI, model=SWIFT, source_url=https://www.motusvw.co.za/midrand/showroom/625-vwmdf895483/1/, image_urls count=1
[2026-07-24 10:09:56] [MotusApiImporter] Skipped detail-page fetch for stock #1445800 — time budget already exhausted.
[2026-07-24 10:09:56] [MotusApiImporter] After enrichFromDetailPage() — engine_capacity_cc=NULL, image_urls count=1
[2026-07-24 10:09:56] [MotusApiImporter] findExistingCar() -> EXISTING car id=1506
[2026-07-24 10:09:56] [MotusApiImporter] updateCar() completed for existing id=1506.
[2026-07-24 10:09:56] [MotusApiImporter] --- Processing row 87 (stock/sku: 1446293) ---
[2026-07-24 10:09:56] [MotusApiImporter] parseVehicle() OK — make=TOYOTA, model=STARLET, source_url=https://www.motusvw.co.za/midrand/showroom/625-vwmdf888699/1/, image_urls count=1
[2026-07-24 10:09:56] [MotusApiImporter] Skipped detail-page fetch for stock #1446293 — time budget already exhausted.
[2026-07-24 10:09:56] [MotusApiImporter] After enrichFromDetailPage() — engine_capacity_cc=NULL, image_urls count=1
[2026-07-24 10:09:56] [MotusApiImporter] findExistingCar() -> EXISTING car id=1507
[2026-07-24 10:09:56] [MotusApiImporter] updateCar() completed for existing id=1507.
[2026-07-24 10:09:56] [MotusApiImporter] --- Processing row 88 (stock/sku: 1446743) ---
[2026-07-24 10:09:56] [MotusApiImporter] parseVehicle() OK — make=VOLKSWAGEN, model=AMAROK, source_url=https://www.motusvw.co.za/midrand/showroom/625-vwmdf861452/1/, image_urls count=1
[2026-07-24 10:09:56] [MotusApiImporter] Skipped detail-page fetch for stock #1446743 — time budget already exhausted.
[2026-07-24 10:09:56] [MotusApiImporter] After enrichFromDetailPage() — engine_capacity_cc=NULL, image_urls count=1
[2026-07-24 10:09:56] [MotusApiImporter] findExistingCar() -> EXISTING car id=1508
[2026-07-24 10:09:56] [MotusApiImporter] updateCar() completed for existing id=1508.
[2026-07-24 10:09:56] [MotusApiImporter] --- Processing row 89 (stock/sku: 1446558) ---
[2026-07-24 10:09:56] [MotusApiImporter] parseVehicle() OK — make=VOLKSWAGEN, model=POLO, source_url=https://www.motusvw.co.za/midrand/showroom/625-vwmdf876638/1/, image_urls count=1
[2026-07-24 10:09:56] [MotusApiImporter] Skipped detail-page fetch for stock #1446558 — time budget already exhausted.
[2026-07-24 10:09:56] [MotusApiImporter] After enrichFromDetailPage() — engine_capacity_cc=NULL, image_urls count=1
[2026-07-24 10:09:56] [MotusApiImporter] findExistingCar() -> EXISTING car id=1509
[2026-07-24 10:09:56] [MotusApiImporter] updateCar() completed for existing id=1509.
[2026-07-24 10:09:56] [MotusApiImporter] --- Processing row 90 (stock/sku: 1446729) ---
[2026-07-24 10:09:56] [MotusApiImporter] parseVehicle() OK — make=VOLKSWAGEN, model=POLO, source_url=https://www.motusvw.co.za/midrand/showroom/625-vwmdf864742/3/, image_urls count=1
[2026-07-24 10:09:56] [MotusApiImporter] Skipped detail-page fetch for stock #1446729 — time budget already exhausted.
[2026-07-24 10:09:56] [MotusApiImporter] After enrichFromDetailPage() — engine_capacity_cc=NULL, image_urls count=1
[2026-07-24 10:09:56] [MotusApiImporter] findExistingCar() -> EXISTING car id=1510
[2026-07-24 10:09:56] [MotusApiImporter] updateCar() completed for existing id=1510.
[2026-07-24 10:09:56] [MotusApiImporter] --- Processing row 91 (stock/sku: 1446763) ---
[2026-07-24 10:09:56] [MotusApiImporter] parseVehicle() OK — make=VOLKSWAGEN, model=POLO VIVO, source_url=https://www.motusvw.co.za/midrand/showroom/625-vwmdf858161/1/, image_urls count=1
[2026-07-24 10:09:56] [MotusApiImporter] Skipped detail-page fetch for stock #1446763 — time budget already exhausted.
[2026-07-24 10:09:56] [MotusApiImporter] After enrichFromDetailPage() — engine_capacity_cc=NULL, image_urls count=1
[2026-07-24 10:09:56] [MotusApiImporter] findExistingCar() -> EXISTING car id=1511
[2026-07-24 10:09:56] [MotusApiImporter] updateCar() completed for existing id=1511.
[2026-07-24 10:09:56] [MotusApiImporter] --- Processing row 92 (stock/sku: 1446755) ---
[2026-07-24 10:09:56] [MotusApiImporter] parseVehicle() OK — make=VOLKSWAGEN, model=POLO VIVO, source_url=https://www.motusvw.co.za/midrand/showroom/625-vwmdf859179/4/, image_urls count=1
[2026-07-24 10:09:56] [MotusApiImporter] Skipped detail-page fetch for stock #1446755 — time budget already exhausted.
[2026-07-24 10:09:56] [MotusApiImporter] After enrichFromDetailPage() — engine_capacity_cc=NULL, image_urls count=1
[2026-07-24 10:09:56] [MotusApiImporter] findExistingCar() -> EXISTING car id=1512
[2026-07-24 10:09:56] [MotusApiImporter] updateCar() completed for existing id=1512.
[2026-07-24 10:09:56] [MotusApiImporter] --- Processing row 93 (stock/sku: 1446746) ---
[2026-07-24 10:09:56] [MotusApiImporter] parseVehicle() OK — make=VOLKSWAGEN, model=POLO VIVO, source_url=https://www.motusvw.co.za/midrand/showroom/625-vwmdf860907/1/, image_urls count=1
[2026-07-24 10:09:56] [MotusApiImporter] Skipped detail-page fetch for stock #1446746 — time budget already exhausted.
[2026-07-24 10:09:56] [MotusApiImporter] After enrichFromDetailPage() — engine_capacity_cc=NULL, image_urls count=1
[2026-07-24 10:09:56] [MotusApiImporter] findExistingCar() -> EXISTING car id=1513
[2026-07-24 10:09:56] [MotusApiImporter] updateCar() completed for existing id=1513.
[2026-07-24 10:09:56] [MotusApiImporter] --- Processing row 94 (stock/sku: 1446711) ---
[2026-07-24 10:09:56] [MotusApiImporter] parseVehicle() OK — make=VOLKSWAGEN, model=POLO VIVO, source_url=https://www.motusvw.co.za/midrand/showroom/625-vwmdf868173/2/, image_urls count=1
[2026-07-24 10:09:56] [MotusApiImporter] Skipped detail-page fetch for stock #1446711 — time budget already exhausted.
[2026-07-24 10:09:56] [MotusApiImporter] After enrichFromDetailPage() — engine_capacity_cc=NULL, image_urls count=1
[2026-07-24 10:09:56] [MotusApiImporter] findExistingCar() -> EXISTING car id=1514
[2026-07-24 10:09:56] [MotusApiImporter] updateCar() completed for existing id=1514.
[2026-07-24 10:09:56] [MotusApiImporter] --- Processing row 95 (stock/sku: 1446694) ---
[2026-07-24 10:09:56] [MotusApiImporter] parseVehicle() OK — make=VOLKSWAGEN, model=POLO VIVO, source_url=https://www.motusvw.co.za/midrand/showroom/625-vwmdf869665/2/, image_urls count=1
[2026-07-24 10:09:56] [MotusApiImporter] Skipped detail-page fetch for stock #1446694 — time budget already exhausted.
[2026-07-24 10:09:56] [MotusApiImporter] After enrichFromDetailPage() — engine_capacity_cc=NULL, image_urls count=1
[2026-07-24 10:09:56] [MotusApiImporter] findExistingCar() -> EXISTING car id=1515
[2026-07-24 10:09:56] [MotusApiImporter] updateCar() completed for existing id=1515.
[2026-07-24 10:09:56] [MotusApiImporter] --- Processing row 96 (stock/sku: 1446751) ---
[2026-07-24 10:09:56] [MotusApiImporter] parseVehicle() OK — make=VOLKSWAGEN, model=T-CROSS, source_url=https://www.motusvw.co.za/midrand/showroom/625-vwmdf860129/3/, image_urls count=1
[2026-07-24 10:09:56] [MotusApiImporter] Skipped detail-page fetch for stock #1446751 — time budget already exhausted.
[2026-07-24 10:09:56] [MotusApiImporter] After enrichFromDetailPage() — engine_capacity_cc=NULL, image_urls count=1
[2026-07-24 10:09:56] [MotusApiImporter] findExistingCar() -> EXISTING car id=1516
[2026-07-24 10:09:56] [MotusApiImporter] updateCar() completed for existing id=1516.
[2026-07-24 10:09:56] [MotusApiImporter] --- Processing row 97 (stock/sku: 1446720) ---
[2026-07-24 10:09:56] [MotusApiImporter] parseVehicle() OK — make=VOLKSWAGEN, model=TAIGO, source_url=https://www.motusvw.co.za/midrand/showroom/625-vwmdf859177/2/, image_urls count=1
[2026-07-24 10:09:56] [MotusApiImporter] Skipped detail-page fetch for stock #1446720 — time budget already exhausted.
[2026-07-24 10:09:56] [MotusApiImporter] After enrichFromDetailPage() — engine_capacity_cc=NULL, image_urls count=1
[2026-07-24 10:09:56] [MotusApiImporter] findExistingCar() -> EXISTING car id=1517
[2026-07-24 10:09:56] [MotusApiImporter] updateCar() completed for existing id=1517.
[2026-07-24 10:09:56] [MotusApiImporter] --- Processing row 98 (stock/sku: 1446118) ---
[2026-07-24 10:09:56] [MotusApiImporter] parseVehicle() OK — make=MG, model=HS, source_url=https://www.motusvw.co.za/midrand/showroom/625-vwmdf890989/1/, image_urls count=1
[2026-07-24 10:09:56] [MotusApiImporter] Skipped detail-page fetch for stock #1446118 — time budget already exhausted.
[2026-07-24 10:09:56] [MotusApiImporter] After enrichFromDetailPage() — engine_capacity_cc=NULL, image_urls count=1
[2026-07-24 10:09:56] [MotusApiImporter] findExistingCar() -> EXISTING car id=1518
[2026-07-24 10:09:56] [MotusApiImporter] updateCar() completed for existing id=1518.
[2026-07-24 10:09:56] [MotusApiImporter] --- Processing row 99 (stock/sku: 1446119) ---
[2026-07-24 10:09:56] [MotusApiImporter] parseVehicle() OK — make=MG, model=MG3, source_url=https://www.motusvw.co.za/midrand/showroom/625-vwmdf890997/1/, image_urls count=1
[2026-07-24 10:09:56] [MotusApiImporter] Skipped detail-page fetch for stock #1446119 — time budget already exhausted.
[2026-07-24 10:09:56] [MotusApiImporter] After enrichFromDetailPage() — engine_capacity_cc=NULL, image_urls count=1
[2026-07-24 10:09:56] [MotusApiImporter] findExistingCar() -> EXISTING car id=1519
[2026-07-24 10:09:56] [MotusApiImporter] updateCar() completed for existing id=1519.
[2026-07-24 10:09:56] [MotusApiImporter] --- Processing row 100 (stock/sku: 1446188) ---
[2026-07-24 10:09:56] [MotusApiImporter] parseVehicle() OK — make=TATA, model=TIAGO, source_url=https://www.motusvw.co.za/midrand/showroom/625-vwmdf891531/1/, image_urls count=1
[2026-07-24 10:09:56] [MotusApiImporter] Skipped detail-page fetch for stock #1446188 — time budget already exhausted.
[2026-07-24 10:09:56] [MotusApiImporter] After enrichFromDetailPage() — engine_capacity_cc=NULL, image_urls count=1
[2026-07-24 10:09:56] [MotusApiImporter] findExistingCar() -> EXISTING car id=1520
[2026-07-24 10:09:56] [MotusApiImporter] updateCar() completed for existing id=1520.
[2026-07-24 10:09:56] [MotusApiImporter] --- Processing row 101 (stock/sku: 1446482) ---
[2026-07-24 10:09:56] [MotusApiImporter] parseVehicle() OK — make=VOLKSWAGEN, model=AMAROK, source_url=https://www.motusvw.co.za/midrand/showroom/625-vwmdf885078/1/, image_urls count=1
[2026-07-24 10:09:56] [MotusApiImporter] Skipped detail-page fetch for stock #1446482 — time budget already exhausted.
[2026-07-24 10:09:56] [MotusApiImporter] After enrichFromDetailPage() — engine_capacity_cc=NULL, image_urls count=1
[2026-07-24 10:09:56] [MotusApiImporter] findExistingCar() -> EXISTING car id=1521
[2026-07-24 10:09:56] [MotusApiImporter] updateCar() completed for existing id=1521.
[2026-07-24 10:09:56] [MotusApiImporter] --- Processing row 102 (stock/sku: 1446648) ---
[2026-07-24 10:09:56] [MotusApiImporter] parseVehicle() OK — make=VOLKSWAGEN, model=CADDY, source_url=https://www.motusvw.co.za/midrand/showroom/625-vwmdf872377/1/, image_urls count=1
[2026-07-24 10:09:56] [MotusApiImporter] Skipped detail-page fetch for stock #1446648 — time budget already exhausted.
[2026-07-24 10:09:56] [MotusApiImporter] After enrichFromDetailPage() — engine_capacity_cc=NULL, image_urls count=1
[2026-07-24 10:09:56] [MotusApiImporter] findExistingCar() -> EXISTING car id=1522
[2026-07-24 10:09:56] [MotusApiImporter] updateCar() completed for existing id=1522.
[2026-07-24 10:09:56] [MotusApiImporter] --- Processing row 103 (stock/sku: 1445922) ---
[2026-07-24 10:09:56] [MotusApiImporter] parseVehicle() OK — make=VOLKSWAGEN, model=POLO VIVO, source_url=https://www.motusvw.co.za/midrand/showroom/625-vwmdf893350/1/, image_urls count=1
[2026-07-24 10:09:56] [MotusApiImporter] Skipped detail-page fetch for stock #1445922 — time budget already exhausted.
[2026-07-24 10:09:56] [MotusApiImporter] After enrichFromDetailPage() — engine_capacity_cc=NULL, image_urls count=1
[2026-07-24 10:09:56] [MotusApiImporter] findExistingCar() -> EXISTING car id=1523
[2026-07-24 10:09:56] [MotusApiImporter] updateCar() completed for existing id=1523.
[2026-07-24 10:09:56] [MotusApiImporter] --- Processing row 104 (stock/sku: 1446628) ---
[2026-07-24 10:09:56] [MotusApiImporter] parseVehicle() OK — make=VOLKSWAGEN, model=POLO VIVO, source_url=https://www.motusvw.co.za/midrand/showroom/625-vwmdf873548/2/, image_urls count=1
[2026-07-24 10:09:56] [MotusApiImporter] Skipped detail-page fetch for stock #1446628 — time budget already exhausted.
[2026-07-24 10:09:56] [MotusApiImporter] After enrichFromDetailPage() — engine_capacity_cc=NULL, image_urls count=1
[2026-07-24 10:09:56] [MotusApiImporter] findExistingCar() -> EXISTING car id=1525
[2026-07-24 10:09:56] [MotusApiImporter] updateCar() completed for existing id=1525.
[2026-07-24 10:09:56] [MotusApiImporter] --- Processing row 105 (stock/sku: 1446506) ---
[2026-07-24 10:09:56] [MotusApiImporter] parseVehicle() OK — make=VOLKSWAGEN, model=POLO VIVO, source_url=https://www.motusvw.co.za/midrand/showroom/625-vwmdf884657/2/, image_urls count=1
[2026-07-24 10:09:56] [MotusApiImporter] Skipped detail-page fetch for stock #1446506 — time budget already exhausted.
[2026-07-24 10:09:56] [MotusApiImporter] After enrichFromDetailPage() — engine_capacity_cc=NULL, image_urls count=1
[2026-07-24 10:09:56] [MotusApiImporter] findExistingCar() -> EXISTING car id=1526
[2026-07-24 10:09:56] [MotusApiImporter] updateCar() completed for existing id=1526.
[2026-07-24 10:09:56] [MotusApiImporter] --- Processing row 106 (stock/sku: 1446432) ---
[2026-07-24 10:09:56] [MotusApiImporter] parseVehicle() OK — make=VOLKSWAGEN, model=POLO VIVO, source_url=https://www.motusvw.co.za/midrand/showroom/625-vwmdf886086/1/, image_urls count=1
[2026-07-24 10:09:56] [MotusApiImporter] Skipped detail-page fetch for stock #1446432 — time budget already exhausted.
[2026-07-24 10:09:56] [MotusApiImporter] After enrichFromDetailPage() — engine_capacity_cc=NULL, image_urls count=1
[2026-07-24 10:09:56] [MotusApiImporter] findExistingCar() -> EXISTING car id=1527
[2026-07-24 10:09:56] [MotusApiImporter] updateCar() completed for existing id=1527.
[2026-07-24 10:09:56] [MotusApiImporter] --- Processing row 107 (stock/sku: 1446409) ---
[2026-07-24 10:09:56] [MotusApiImporter] parseVehicle() OK — make=VOLKSWAGEN, model=POLO VIVO, source_url=https://www.motusvw.co.za/midrand/showroom/625-vwmdf886385/1/, image_urls count=1
[2026-07-24 10:09:56] [MotusApiImporter] Skipped detail-page fetch for stock #1446409 — time budget already exhausted.
[2026-07-24 10:09:56] [MotusApiImporter] After enrichFromDetailPage() — engine_capacity_cc=NULL, image_urls count=1
[2026-07-24 10:09:56] [MotusApiImporter] findExistingCar() -> EXISTING car id=1528
[2026-07-24 10:09:56] [MotusApiImporter] updateCar() completed for existing id=1528.
[2026-07-24 10:09:56] [MotusApiImporter] --- Processing row 108 (stock/sku: 1446322) ---
[2026-07-24 10:09:56] [MotusApiImporter] parseVehicle() OK — make=VOLKSWAGEN, model=POLO VIVO, source_url=https://www.motusvw.co.za/midrand/showroom/625-vwmdf888339/1/, image_urls count=1
[2026-07-24 10:09:56] [MotusApiImporter] Skipped detail-page fetch for stock #1446322 — time budget already exhausted.
[2026-07-24 10:09:56] [MotusApiImporter] After enrichFromDetailPage() — engine_capacity_cc=NULL, image_urls count=1
[2026-07-24 10:09:56] [MotusApiImporter] findExistingCar() -> EXISTING car id=1529
[2026-07-24 10:09:56] [MotusApiImporter] updateCar() completed for existing id=1529.
[2026-07-24 10:09:56] [MotusApiImporter] --- Processing row 109 (stock/sku: 1446321) ---
[2026-07-24 10:09:56] [MotusApiImporter] parseVehicle() OK — make=VOLKSWAGEN, model=POLO VIVO, source_url=https://www.motusvw.co.za/midrand/showroom/625-vwmdf888337/1/, image_urls count=1
[2026-07-24 10:09:56] [MotusApiImporter] Skipped detail-page fetch for stock #1446321 — time budget already exhausted.
[2026-07-24 10:09:56] [MotusApiImporter] After enrichFromDetailPage() — engine_capacity_cc=NULL, image_urls count=1
[2026-07-24 10:09:56] [MotusApiImporter] findExistingCar() -> EXISTING car id=1530
[2026-07-24 10:09:56] [MotusApiImporter] updateCar() completed for existing id=1530.
[2026-07-24 10:09:56] [MotusApiImporter] --- Processing row 110 (stock/sku: 1446314) ---
[2026-07-24 10:09:56] [MotusApiImporter] parseVehicle() OK — make=VOLKSWAGEN, model=POLO VIVO, source_url=https://www.motusvw.co.za/midrand/showroom/625-vwmdf888462/1/, image_urls count=1
[2026-07-24 10:09:56] [MotusApiImporter] Skipped detail-page fetch for stock #1446314 — time budget already exhausted.
[2026-07-24 10:09:56] [MotusApiImporter] After enrichFromDetailPage() — engine_capacity_cc=NULL, image_urls count=1
[2026-07-24 10:09:56] [MotusApiImporter] findExistingCar() -> EXISTING car id=1531
[2026-07-24 10:09:56] [MotusApiImporter] updateCar() completed for existing id=1531.
[2026-07-24 10:09:56] [MotusApiImporter] --- Processing row 111 (stock/sku: 1446181) ---
[2026-07-24 10:09:56] [MotusApiImporter] parseVehicle() OK — make=VOLKSWAGEN, model=POLO VIVO, source_url=https://www.motusvw.co.za/midrand/showroom/625-vwmdf890179/3/, image_urls count=1
[2026-07-24 10:09:56] [MotusApiImporter] Skipped detail-page fetch for stock #1446181 — time budget already exhausted.
[2026-07-24 10:09:56] [MotusApiImporter] After enrichFromDetailPage() — engine_capacity_cc=NULL, image_urls count=1
[2026-07-24 10:09:56] [MotusApiImporter] findExistingCar() -> EXISTING car id=1532
[2026-07-24 10:09:56] [MotusApiImporter] updateCar() completed for existing id=1532.
[2026-07-24 10:09:56] [MotusApiImporter] --- Processing row 112 (stock/sku: 1449179) ---
[2026-07-24 10:09:56] [MotusApiImporter] parseVehicle() OK — make=VOLKSWAGEN, model=POLO VIVO, source_url=https://www.motusvw.co.za/midrand/showroom/625-vwmdf875858/2/, image_urls count=1
[2026-07-24 10:09:56] [MotusApiImporter] Skipped detail-page fetch for stock #1449179 — time budget already exhausted.
[2026-07-24 10:09:56] [MotusApiImporter] After enrichFromDetailPage() — engine_capacity_cc=NULL, image_urls count=1
[2026-07-24 10:09:56] [MotusApiImporter] findExistingCar() -> EXISTING car id=1589
[2026-07-24 10:09:56] [MotusApiImporter] updateCar() completed for existing id=1589.
[2026-07-24 10:09:56] [MotusApiImporter] --- Processing row 113 (stock/sku: 1446179) ---
[2026-07-24 10:09:56] [MotusApiImporter] parseVehicle() OK — make=VOLKSWAGEN, model=POLO VIVO, source_url=https://www.motusvw.co.za/midrand/showroom/625-vwmdf890169/1/, image_urls count=1
[2026-07-24 10:09:56] [MotusApiImporter] Skipped detail-page fetch for stock #1446179 — time budget already exhausted.
[2026-07-24 10:09:56] [MotusApiImporter] After enrichFromDetailPage() — engine_capacity_cc=NULL, image_urls count=1
[2026-07-24 10:09:56] [MotusApiImporter] findExistingCar() -> EXISTING car id=1533
[2026-07-24 10:09:56] [MotusApiImporter] updateCar() completed for existing id=1533.
[2026-07-24 10:09:56] [MotusApiImporter] --- Processing row 114 (stock/sku: 1446333) ---
[2026-07-24 10:09:56] [MotusApiImporter] parseVehicle() OK — make=VOLKSWAGEN, model=POLO VIVO, source_url=https://www.motusvw.co.za/midrand/showroom/625-vwmdf888093/1/, image_urls count=1
[2026-07-24 10:09:56] [MotusApiImporter] Skipped detail-page fetch for stock #1446333 — time budget already exhausted.
[2026-07-24 10:09:56] [MotusApiImporter] After enrichFromDetailPage() — engine_capacity_cc=NULL, image_urls count=1
[2026-07-24 10:09:56] [MotusApiImporter] findExistingCar() -> EXISTING car id=1534
[2026-07-24 10:09:56] [MotusApiImporter] updateCar() completed for existing id=1534.
[2026-07-24 10:09:56] [MotusApiImporter] --- Processing row 115 (stock/sku: 1446180) ---
[2026-07-24 10:09:56] [MotusApiImporter] parseVehicle() OK — make=VOLKSWAGEN, model=POLO VIVO, source_url=https://www.motusvw.co.za/midrand/showroom/625-vwmdf890170/1/, image_urls count=1
[2026-07-24 10:09:56] [MotusApiImporter] Skipped detail-page fetch for stock #1446180 — time budget already exhausted.
[2026-07-24 10:09:56] [MotusApiImporter] After enrichFromDetailPage() — engine_capacity_cc=NULL, image_urls count=1
[2026-07-24 10:09:56] [MotusApiImporter] findExistingCar() -> EXISTING car id=1535
[2026-07-24 10:09:56] [MotusApiImporter] updateCar() completed for existing id=1535.
[2026-07-24 10:09:56] [MotusApiImporter] --- Processing row 116 (stock/sku: 1446261) ---
[2026-07-24 10:09:56] [MotusApiImporter] parseVehicle() OK — make=VOLKSWAGEN, model=POLO VIVO, source_url=https://www.motusvw.co.za/midrand/showroom/625-vwmdf889143/1/, image_urls count=1
[2026-07-24 10:09:56] [MotusApiImporter] Skipped detail-page fetch for stock #1446261 — time budget already exhausted.
[2026-07-24 10:09:56] [MotusApiImporter] After enrichFromDetailPage() — engine_capacity_cc=NULL, image_urls count=1
[2026-07-24 10:09:56] [MotusApiImporter] findExistingCar() -> EXISTING car id=1536
[2026-07-24 10:09:56] [MotusApiImporter] updateCar() completed for existing id=1536.
[2026-07-24 10:09:56] [MotusApiImporter] --- Processing row 117 (stock/sku: 1446533) ---
[2026-07-24 10:09:56] [MotusApiImporter] parseVehicle() OK — make=VOLKSWAGEN, model=T-CROSS, source_url=https://www.motusvw.co.za/midrand/showroom/625-vwmdf883411/2/, image_urls count=1
[2026-07-24 10:09:56] [MotusApiImporter] Skipped detail-page fetch for stock #1446533 — time budget already exhausted.
[2026-07-24 10:09:56] [MotusApiImporter] After enrichFromDetailPage() — engine_capacity_cc=NULL, image_urls count=1
[2026-07-24 10:09:56] [MotusApiImporter] findExistingCar() -> EXISTING car id=1537
[2026-07-24 10:09:56] [MotusApiImporter] updateCar() completed for existing id=1537.
[2026-07-24 10:09:56] [MotusApiImporter] --- Processing row 118 (stock/sku: 1446610) ---
[2026-07-24 10:09:56] [MotusApiImporter] parseVehicle() OK — make=VOLKSWAGEN, model=TRANSPORTER, source_url=https://www.motusvw.co.za/midrand/showroom/625-vwmdf875570/1/, image_urls count=1
[2026-07-24 10:09:56] [MotusApiImporter] Skipped detail-page fetch for stock #1446610 — time budget already exhausted.
[2026-07-24 10:09:56] [MotusApiImporter] After enrichFromDetailPage() — engine_capacity_cc=NULL, image_urls count=1
[2026-07-24 10:09:56] [MotusApiImporter] findExistingCar() -> EXISTING car id=1538
[2026-07-24 10:09:56] [MotusApiImporter] updateCar() completed for existing id=1538.
[2026-07-24 10:09:56] [MotusApiImporter] sync() FINISHED — {"imported":0,"updated":119,"skipped":0,"failed":0}
[2026-07-24 10:13:16] [MotusApiImporter] sync() STARTED — dealerId=14, sourceRef=https://www.motusvw.co.za/midrand/showroom/
[2026-07-24 10:13:16] [MotusApiImporter] Time budget: 35s, dealerNameFilter="Motus VW Midrand"
[2026-07-24 10:13:17] [MotusApiImporter] crawlDealership() returned 119 row(s) before dealer-name filtering.
[2026-07-24 10:13:17] [MotusApiImporter] After filterByDealerName(): 119 row(s) remain.
[2026-07-24 10:13:17] [MotusApiImporter] --- Processing row 0 (stock/sku: 1446776) ---
[2026-07-24 10:13:17] [MotusApiImporter] parseVehicle() OK — make=VOLKSWAGEN, model=POLO, source_url=https://www.motusvw.co.za/midrand/showroom/625-vwmdf852273/5/, image_urls count=1
[2026-07-24 10:13:19] [MotusApiImporter] After enrichFromDetailPage() — engine_capacity_cc=999, image_urls count=17
[2026-07-24 10:13:19] [MotusApiImporter] findExistingCar() -> EXISTING car id=1419
[2026-07-24 10:13:19] [MotusApiImporter] updateCar() completed for existing id=1419.
[2026-07-24 10:13:19] [MotusApiImporter] --- Processing row 1 (stock/sku: 1446299) ---
[2026-07-24 10:13:19] [MotusApiImporter] parseVehicle() OK — make=VOLKSWAGEN, model=GOLF 8, source_url=https://www.motusvw.co.za/midrand/showroom/625-vwmdf888609/1/, image_urls count=1
[2026-07-24 10:13:20] [MotusApiImporter] After enrichFromDetailPage() — engine_capacity_cc=0, image_urls count=18
[2026-07-24 10:13:20] [MotusApiImporter] findExistingCar() -> EXISTING car id=1420
[2026-07-24 10:13:20] [MotusApiImporter] updateCar() completed for existing id=1420.
[2026-07-24 10:13:20] [MotusApiImporter] --- Processing row 2 (stock/sku: 1446532) ---
[2026-07-24 10:13:20] [MotusApiImporter] parseVehicle() OK — make=VOLKSWAGEN, model=POLO, source_url=https://www.motusvw.co.za/midrand/showroom/625-vwmdf883395/1/, image_urls count=1
[2026-07-24 10:13:22] [MotusApiImporter] After enrichFromDetailPage() — engine_capacity_cc=999, image_urls count=10
[2026-07-24 10:13:22] [MotusApiImporter] findExistingCar() -> EXISTING car id=1421
[2026-07-24 10:13:22] [MotusApiImporter] updateCar() completed for existing id=1421.
[2026-07-24 10:13:22] [MotusApiImporter] --- Processing row 3 (stock/sku: 1446295) ---
[2026-07-24 10:13:22] [MotusApiImporter] parseVehicle() OK — make=VOLKSWAGEN, model=POLO, source_url=https://www.motusvw.co.za/midrand/showroom/625-vwmdf888735/1/, image_urls count=1
[2026-07-24 10:13:24] [MotusApiImporter] After enrichFromDetailPage() — engine_capacity_cc=999, image_urls count=15
[2026-07-24 10:13:24] [MotusApiImporter] findExistingCar() -> EXISTING car id=1422
[2026-07-24 10:13:24] [MotusApiImporter] updateCar() completed for existing id=1422.
[2026-07-24 10:13:24] [MotusApiImporter] --- Processing row 4 (stock/sku: 1446601) ---
[2026-07-24 10:13:24] [MotusApiImporter] parseVehicle() OK — make=VOLKSWAGEN, model=POLO, source_url=https://www.motusvw.co.za/midrand/showroom/625-bm030used887224/1/, image_urls count=1
[2026-07-24 10:13:25] [MotusApiImporter] After enrichFromDetailPage() — engine_capacity_cc=999, image_urls count=18
[2026-07-24 10:13:25] [MotusApiImporter] findExistingCar() -> EXISTING car id=1423
[2026-07-24 10:13:25] [MotusApiImporter] updateCar() completed for existing id=1423.
[2026-07-24 10:13:25] [MotusApiImporter] --- Processing row 5 (stock/sku: 1446065) ---
[2026-07-24 10:13:25] [MotusApiImporter] parseVehicle() OK — make=VOLKSWAGEN, model=POLO, source_url=https://www.motusvw.co.za/midrand/showroom/625-vwmdf890975/1/, image_urls count=1
[2026-07-24 10:13:26] [MotusApiImporter] After enrichFromDetailPage() — engine_capacity_cc=1598, image_urls count=17
[2026-07-24 10:13:26] [MotusApiImporter] findExistingCar() -> EXISTING car id=1424
[2026-07-24 10:13:26] [MotusApiImporter] updateCar() completed for existing id=1424.
[2026-07-24 10:13:26] [MotusApiImporter] --- Processing row 6 (stock/sku: 1446370) ---
[2026-07-24 10:13:26] [MotusApiImporter] parseVehicle() OK — make=VOLKSWAGEN, model=POLO, source_url=https://www.motusvw.co.za/midrand/showroom/625-vwmdf887435/1/, image_urls count=1
[2026-07-24 10:13:27] [MotusApiImporter] After enrichFromDetailPage() — engine_capacity_cc=1998, image_urls count=18
[2026-07-24 10:13:27] [MotusApiImporter] findExistingCar() -> EXISTING car id=1425
[2026-07-24 10:13:27] [MotusApiImporter] updateCar() completed for existing id=1425.
[2026-07-24 10:13:27] [MotusApiImporter] --- Processing row 7 (stock/sku: 1446517) ---
[2026-07-24 10:13:27] [MotusApiImporter] parseVehicle() OK — make=VOLKSWAGEN, model=POLO VIVO, source_url=https://www.motusvw.co.za/midrand/showroom/625-vwmdf884987/1/, image_urls count=1
[2026-07-24 10:13:28] [MotusApiImporter] After enrichFromDetailPage() — engine_capacity_cc=1398, image_urls count=18
[2026-07-24 10:13:28] [MotusApiImporter] findExistingCar() -> EXISTING car id=1426
[2026-07-24 10:13:28] [MotusApiImporter] updateCar() completed for existing id=1426.
[2026-07-24 10:13:28] [MotusApiImporter] --- Processing row 8 (stock/sku: 1446115) ---
[2026-07-24 10:13:28] [MotusApiImporter] parseVehicle() OK — make=VOLKSWAGEN, model=POLO VIVO, source_url=https://www.motusvw.co.za/midrand/showroom/625-vwmdf891042/2/, image_urls count=1
[2026-07-24 10:13:30] [MotusApiImporter] After enrichFromDetailPage() — engine_capacity_cc=1598, image_urls count=18
[2026-07-24 10:13:30] [MotusApiImporter] findExistingCar() -> EXISTING car id=1427
[2026-07-24 10:13:30] [MotusApiImporter] updateCar() completed for existing id=1427.
[2026-07-24 10:13:30] [MotusApiImporter] --- Processing row 9 (stock/sku: 1446589) ---
[2026-07-24 10:13:30] [MotusApiImporter] parseVehicle() OK — make=VOLKSWAGEN, model=POLO VIVO, source_url=https://www.motusvw.co.za/midrand/showroom/625-vwmdf875588/1/, image_urls count=1
[2026-07-24 10:13:32] [MotusApiImporter] After enrichFromDetailPage() — engine_capacity_cc=1598, image_urls count=16
[2026-07-24 10:13:32] [MotusApiImporter] findExistingCar() -> EXISTING car id=1428
[2026-07-24 10:13:32] [MotusApiImporter] updateCar() completed for existing id=1428.
[2026-07-24 10:13:32] [MotusApiImporter] --- Processing row 10 (stock/sku: 1446083) ---
[2026-07-24 10:13:32] [MotusApiImporter] parseVehicle() OK — make=VOLKSWAGEN, model=T-CROSS, source_url=https://www.motusvw.co.za/midrand/showroom/625-vwmdf891215/1/, image_urls count=1
[2026-07-24 10:13:33] [MotusApiImporter] After enrichFromDetailPage() — engine_capacity_cc=999, image_urls count=16
[2026-07-24 10:13:33] [MotusApiImporter] findExistingCar() -> EXISTING car id=1429
[2026-07-24 10:13:33] [MotusApiImporter] updateCar() completed for existing id=1429.
[2026-07-24 10:13:33] [MotusApiImporter] --- Processing row 11 (stock/sku: 1446395) ---
[2026-07-24 10:13:33] [MotusApiImporter] parseVehicle() OK — make=VOLKSWAGEN, model=T-CROSS, source_url=https://www.motusvw.co.za/midrand/showroom/625-vwmdf886830/1/, image_urls count=1
[2026-07-24 10:13:35] [MotusApiImporter] After enrichFromDetailPage() — engine_capacity_cc=999, image_urls count=17
[2026-07-24 10:13:35] [MotusApiImporter] findExistingCar() -> EXISTING car id=1430
[2026-07-24 10:13:35] [MotusApiImporter] updateCar() completed for existing id=1430.
[2026-07-24 10:13:35] [MotusApiImporter] --- Processing row 12 (stock/sku: 1446535) ---
[2026-07-24 10:13:35] [MotusApiImporter] parseVehicle() OK — make=VOLKSWAGEN, model=T-ROC, source_url=https://www.motusvw.co.za/midrand/showroom/625-vwmdf883338/1/, image_urls count=1
[2026-07-24 10:13:37] [MotusApiImporter] After enrichFromDetailPage() — engine_capacity_cc=1984, image_urls count=20
[2026-07-24 10:13:37] [MotusApiImporter] findExistingCar() -> EXISTING car id=1431
[2026-07-24 10:13:37] [MotusApiImporter] updateCar() completed for existing id=1431.
[2026-07-24 10:13:37] [MotusApiImporter] --- Processing row 13 (stock/sku: 1446315) ---
[2026-07-24 10:13:37] [MotusApiImporter] parseVehicle() OK — make=VOLKSWAGEN, model=T-ROC, source_url=https://www.motusvw.co.za/midrand/showroom/625-vwmdf888464/1/, image_urls count=1
[2026-07-24 10:13:39] [MotusApiImporter] After enrichFromDetailPage() — engine_capacity_cc=1984, image_urls count=20
[2026-07-24 10:13:39] [MotusApiImporter] findExistingCar() -> EXISTING car id=1432
[2026-07-24 10:13:39] [MotusApiImporter] updateCar() completed for existing id=1432.
[2026-07-24 10:13:39] [MotusApiImporter] --- Processing row 14 (stock/sku: 1446599) ---
[2026-07-24 10:13:39] [MotusApiImporter] parseVehicle() OK — make=VOLKSWAGEN, model=TIGUAN, source_url=https://www.motusvw.co.za/midrand/showroom/625-vwmdf875100/1/, image_urls count=1
[2026-07-24 10:13:40] [MotusApiImporter] After enrichFromDetailPage() — engine_capacity_cc=1968, image_urls count=18
[2026-07-24 10:13:40] [MotusApiImporter] findExistingCar() -> EXISTING car id=1433
[2026-07-24 10:13:40] [MotusApiImporter] updateCar() completed for existing id=1433.
[2026-07-24 10:13:40] [MotusApiImporter] --- Processing row 15 (stock/sku: 1446192) ---
[2026-07-24 10:13:40] [MotusApiImporter] parseVehicle() OK — make=VOLKSWAGEN, model=TIGUAN, source_url=https://www.motusvw.co.za/midrand/showroom/625-vwmdf890088/2/, image_urls count=1
[2026-07-24 10:13:42] [MotusApiImporter] After enrichFromDetailPage() — engine_capacity_cc=1395, image_urls count=15
[2026-07-24 10:13:42] [MotusApiImporter] findExistingCar() -> EXISTING car id=1434
[2026-07-24 10:13:42] [MotusApiImporter] updateCar() completed for existing id=1434.
[2026-07-24 10:13:42] [MotusApiImporter] --- Processing row 16 (stock/sku: 1446143) ---
[2026-07-24 10:13:42] [MotusApiImporter] parseVehicle() OK — make=VOLKSWAGEN, model=TIGUAN, source_url=https://www.motusvw.co.za/midrand/showroom/625-vwmdf890778/1/, image_urls count=1
[2026-07-24 10:13:44] [MotusApiImporter] After enrichFromDetailPage() — engine_capacity_cc=1968, image_urls count=17
[2026-07-24 10:13:44] [MotusApiImporter] findExistingCar() -> EXISTING car id=1435
[2026-07-24 10:13:44] [MotusApiImporter] updateCar() completed for existing id=1435.
[2026-07-24 10:13:44] [MotusApiImporter] --- Processing row 17 (stock/sku: 1446000) ---
[2026-07-24 10:13:44] [MotusApiImporter] parseVehicle() OK — make=VOLKSWAGEN, model=GOLF, source_url=https://www.motusvw.co.za/midrand/showroom/625-vwmdf892223/0/, image_urls count=1
[2026-07-24 10:13:45] [MotusApiImporter] After enrichFromDetailPage() — engine_capacity_cc=1395, image_urls count=16
[2026-07-24 10:13:45] [MotusApiImporter] findExistingCar() -> EXISTING car id=1436
[2026-07-24 10:13:45] [MotusApiImporter] updateCar() completed for existing id=1436.
[2026-07-24 10:13:45] [MotusApiImporter] --- Processing row 18 (stock/sku: 1445980) ---
[2026-07-24 10:13:45] [MotusApiImporter] parseVehicle() OK — make=VOLKSWAGEN, model=GOLF 8, source_url=https://www.motusvw.co.za/midrand/showroom/625-vwmdf892557/0/, image_urls count=1
[2026-07-24 10:13:47] [MotusApiImporter] After enrichFromDetailPage() — engine_capacity_cc=0, image_urls count=15
[2026-07-24 10:13:47] [MotusApiImporter] findExistingCar() -> EXISTING car id=1437
[2026-07-24 10:13:47] [MotusApiImporter] updateCar() completed for existing id=1437.
[2026-07-24 10:13:47] [MotusApiImporter] --- Processing row 19 (stock/sku: 1446122) ---
[2026-07-24 10:13:47] [MotusApiImporter] parseVehicle() OK — make=VOLKSWAGEN, model=GOLF 8, source_url=https://www.motusvw.co.za/midrand/showroom/625-vwmdf890926/0/, image_urls count=1
[2026-07-24 10:13:49] [MotusApiImporter] After enrichFromDetailPage() — engine_capacity_cc=0, image_urls count=16
[2026-07-24 10:13:49] [MotusApiImporter] findExistingCar() -> EXISTING car id=1438
[2026-07-24 10:13:49] [MotusApiImporter] updateCar() completed for existing id=1438.
[2026-07-24 10:13:49] [MotusApiImporter] --- Processing row 20 (stock/sku: 1446022) ---
[2026-07-24 10:13:49] [MotusApiImporter] parseVehicle() OK — make=VOLKSWAGEN, model=GOLF 8, source_url=https://www.motusvw.co.za/midrand/showroom/625-vwmdf892077/0/, image_urls count=1
[2026-07-24 10:13:50] [MotusApiImporter] After enrichFromDetailPage() — engine_capacity_cc=0, image_urls count=17
[2026-07-24 10:13:50] [MotusApiImporter] findExistingCar() -> EXISTING car id=1439
[2026-07-24 10:13:50] [MotusApiImporter] updateCar() completed for existing id=1439.
[2026-07-24 10:13:50] [MotusApiImporter] --- Processing row 21 (stock/sku: 1446049) ---
[2026-07-24 10:13:50] [MotusApiImporter] parseVehicle() OK — make=VOLKSWAGEN, model=GOLF 8, source_url=https://www.motusvw.co.za/midrand/showroom/625-vwmdf892214/0/, image_urls count=1
[2026-07-24 10:13:52] [MotusApiImporter] After enrichFromDetailPage() — engine_capacity_cc=0, image_urls count=16
[2026-07-24 10:13:52] [MotusApiImporter] findExistingCar() -> EXISTING car id=1440
[2026-07-24 10:13:52] [MotusApiImporter] updateCar() completed for existing id=1440.
[2026-07-24 10:13:52] [MotusApiImporter] --- Processing row 22 (stock/sku: 1446001) ---
[2026-07-24 10:13:52] [MotusApiImporter] parseVehicle() OK — make=VOLKSWAGEN, model=GOLF 8, source_url=https://www.motusvw.co.za/midrand/showroom/625-vwmdf892266/0/, image_urls count=1
[2026-07-24 10:13:52] [MotusApiImporter] Skipped detail-page fetch for stock #1446001 — time budget already exhausted.
[2026-07-24 10:13:52] [MotusApiImporter] After enrichFromDetailPage() — engine_capacity_cc=NULL, image_urls count=1
[2026-07-24 10:13:52] [MotusApiImporter] findExistingCar() -> EXISTING car id=1441
[2026-07-24 10:13:52] [MotusApiImporter] updateCar() completed for existing id=1441.
[2026-07-24 10:13:52] [MotusApiImporter] --- Processing row 23 (stock/sku: 1446356) ---
[2026-07-24 10:13:52] [MotusApiImporter] parseVehicle() OK — make=VOLKSWAGEN, model=POLO, source_url=https://www.motusvw.co.za/midrand/showroom/625-vwmdf887866/0/, image_urls count=1
[2026-07-24 10:13:52] [MotusApiImporter] Skipped detail-page fetch for stock #1446356 — time budget already exhausted.
[2026-07-24 10:13:52] [MotusApiImporter] After enrichFromDetailPage() — engine_capacity_cc=NULL, image_urls count=1
[2026-07-24 10:13:52] [MotusApiImporter] findExistingCar() -> EXISTING car id=1442
[2026-07-24 10:13:52] [MotusApiImporter] updateCar() completed for existing id=1442.
[2026-07-24 10:13:52] [MotusApiImporter] --- Processing row 24 (stock/sku: 1446129) ---
[2026-07-24 10:13:52] [MotusApiImporter] parseVehicle() OK — make=VOLKSWAGEN, model=POLO, source_url=https://www.motusvw.co.za/midrand/showroom/625-vwmdf890824/0/, image_urls count=1
[2026-07-24 10:13:52] [MotusApiImporter] Skipped detail-page fetch for stock #1446129 — time budget already exhausted.
[2026-07-24 10:13:52] [MotusApiImporter] After enrichFromDetailPage() — engine_capacity_cc=NULL, image_urls count=1
[2026-07-24 10:13:52] [MotusApiImporter] findExistingCar() -> EXISTING car id=1443
[2026-07-24 10:13:52] [MotusApiImporter] updateCar() completed for existing id=1443.
[2026-07-24 10:13:52] [MotusApiImporter] --- Processing row 25 (stock/sku: 1445964) ---
[2026-07-24 10:13:52] [MotusApiImporter] parseVehicle() OK — make=VOLKSWAGEN, model=POLO, source_url=https://www.motusvw.co.za/midrand/showroom/625-vwmdf892733/0/, image_urls count=1
[2026-07-24 10:13:52] [MotusApiImporter] Skipped detail-page fetch for stock #1445964 — time budget already exhausted.
[2026-07-24 10:13:52] [MotusApiImporter] After enrichFromDetailPage() — engine_capacity_cc=NULL, image_urls count=1
[2026-07-24 10:13:52] [MotusApiImporter] findExistingCar() -> EXISTING car id=1444
[2026-07-24 10:13:52] [MotusApiImporter] updateCar() completed for existing id=1444.
[2026-07-24 10:13:52] [MotusApiImporter] --- Processing row 26 (stock/sku: 1446127) ---
[2026-07-24 10:13:52] [MotusApiImporter] parseVehicle() OK — make=VOLKSWAGEN, model=POLO, source_url=https://www.motusvw.co.za/midrand/showroom/625-vwmdf890793/0/, image_urls count=1
[2026-07-24 10:13:52] [MotusApiImporter] Skipped detail-page fetch for stock #1446127 — time budget already exhausted.
[2026-07-24 10:13:52] [MotusApiImporter] After enrichFromDetailPage() — engine_capacity_cc=NULL, image_urls count=1
[2026-07-24 10:13:52] [MotusApiImporter] findExistingCar() -> EXISTING car id=1445
[2026-07-24 10:13:52] [MotusApiImporter] updateCar() completed for existing id=1445.
[2026-07-24 10:13:52] [MotusApiImporter] --- Processing row 27 (stock/sku: 1446009) ---
[2026-07-24 10:13:52] [MotusApiImporter] parseVehicle() OK — make=VOLKSWAGEN, model=POLO, source_url=https://www.motusvw.co.za/midrand/showroom/625-vwmdf892148/0/, image_urls count=1
[2026-07-24 10:13:52] [MotusApiImporter] Skipped detail-page fetch for stock #1446009 — time budget already exhausted.
[2026-07-24 10:13:52] [MotusApiImporter] After enrichFromDetailPage() — engine_capacity_cc=NULL, image_urls count=1
[2026-07-24 10:13:52] [MotusApiImporter] findExistingCar() -> EXISTING car id=1446
[2026-07-24 10:13:52] [MotusApiImporter] updateCar() completed for existing id=1446.
[2026-07-24 10:13:52] [MotusApiImporter] --- Processing row 28 (stock/sku: 1445944) ---
[2026-07-24 10:13:52] [MotusApiImporter] parseVehicle() OK — make=VOLKSWAGEN, model=POLO, source_url=https://www.motusvw.co.za/midrand/showroom/625-vwmdf893079/0/, image_urls count=1
[2026-07-24 10:13:52] [MotusApiImporter] Skipped detail-page fetch for stock #1445944 — time budget already exhausted.
[2026-07-24 10:13:52] [MotusApiImporter] After enrichFromDetailPage() — engine_capacity_cc=NULL, image_urls count=1
[2026-07-24 10:13:52] [MotusApiImporter] findExistingCar() -> EXISTING car id=1447
[2026-07-24 10:13:52] [MotusApiImporter] updateCar() completed for existing id=1447.
[2026-07-24 10:13:52] [MotusApiImporter] --- Processing row 29 (stock/sku: 1445929) ---
[2026-07-24 10:13:52] [MotusApiImporter] parseVehicle() OK — make=VOLKSWAGEN, model=POLO, source_url=https://www.motusvw.co.za/midrand/showroom/625-vwmdf893255/0/, image_urls count=1
[2026-07-24 10:13:52] [MotusApiImporter] Skipped detail-page fetch for stock #1445929 — time budget already exhausted.
[2026-07-24 10:13:52] [MotusApiImporter] After enrichFromDetailPage() — engine_capacity_cc=NULL, image_urls count=1
[2026-07-24 10:13:52] [MotusApiImporter] findExistingCar() -> EXISTING car id=1448
[2026-07-24 10:13:52] [MotusApiImporter] updateCar() completed for existing id=1448.
[2026-07-24 10:13:52] [MotusApiImporter] --- Processing row 30 (stock/sku: 1445930) ---
[2026-07-24 10:13:52] [MotusApiImporter] parseVehicle() OK — make=VOLKSWAGEN, model=POLO, source_url=https://www.motusvw.co.za/midrand/showroom/625-vwmdf893267/0/, image_urls count=1
[2026-07-24 10:13:52] [MotusApiImporter] Skipped detail-page fetch for stock #1445930 — time budget already exhausted.
[2026-07-24 10:13:52] [MotusApiImporter] After enrichFromDetailPage() — engine_capacity_cc=NULL, image_urls count=1
[2026-07-24 10:13:52] [MotusApiImporter] findExistingCar() -> EXISTING car id=1449
[2026-07-24 10:13:52] [MotusApiImporter] updateCar() completed for existing id=1449.
[2026-07-24 10:13:52] [MotusApiImporter] --- Processing row 31 (stock/sku: 1446008) ---
[2026-07-24 10:13:52] [MotusApiImporter] parseVehicle() OK — make=VOLKSWAGEN, model=POLO, source_url=https://www.motusvw.co.za/midrand/showroom/625-vwmdf892145/0/, image_urls count=1
[2026-07-24 10:13:52] [MotusApiImporter] Skipped detail-page fetch for stock #1446008 — time budget already exhausted.
[2026-07-24 10:13:52] [MotusApiImporter] After enrichFromDetailPage() — engine_capacity_cc=NULL, image_urls count=1
[2026-07-24 10:13:52] [MotusApiImporter] findExistingCar() -> EXISTING car id=1450
[2026-07-24 10:13:52] [MotusApiImporter] updateCar() completed for existing id=1450.
[2026-07-24 10:13:52] [MotusApiImporter] --- Processing row 32 (stock/sku: 1445928) ---
[2026-07-24 10:13:52] [MotusApiImporter] parseVehicle() OK — make=VOLKSWAGEN, model=POLO, source_url=https://www.motusvw.co.za/midrand/showroom/625-vwmdf893252/0/, image_urls count=1
[2026-07-24 10:13:52] [MotusApiImporter] Skipped detail-page fetch for stock #1445928 — time budget already exhausted.
[2026-07-24 10:13:52] [MotusApiImporter] After enrichFromDetailPage() — engine_capacity_cc=NULL, image_urls count=1
[2026-07-24 10:13:52] [MotusApiImporter] findExistingCar() -> EXISTING car id=1451
[2026-07-24 10:13:52] [MotusApiImporter] updateCar() completed for existing id=1451.
[2026-07-24 10:13:52] [MotusApiImporter] --- Processing row 33 (stock/sku: 1445915) ---
[2026-07-24 10:13:52] [MotusApiImporter] parseVehicle() OK — make=VOLKSWAGEN, model=POLO, source_url=https://www.motusvw.co.za/midrand/showroom/625-vwmdf893516/0/, image_urls count=1
[2026-07-24 10:13:52] [MotusApiImporter] Skipped detail-page fetch for stock #1445915 — time budget already exhausted.
[2026-07-24 10:13:52] [MotusApiImporter] After enrichFromDetailPage() — engine_capacity_cc=NULL, image_urls count=1
[2026-07-24 10:13:52] [MotusApiImporter] findExistingCar() -> EXISTING car id=1452
[2026-07-24 10:13:52] [MotusApiImporter] updateCar() completed for existing id=1452.
[2026-07-24 10:13:52] [MotusApiImporter] --- Processing row 34 (stock/sku: 1445966) ---
[2026-07-24 10:13:52] [MotusApiImporter] parseVehicle() OK — make=VOLKSWAGEN, model=POLO, source_url=https://www.motusvw.co.za/midrand/showroom/625-vwmdf892527/0/, image_urls count=1
[2026-07-24 10:13:52] [MotusApiImporter] Skipped detail-page fetch for stock #1445966 — time budget already exhausted.
[2026-07-24 10:13:52] [MotusApiImporter] After enrichFromDetailPage() — engine_capacity_cc=NULL, image_urls count=1
[2026-07-24 10:13:52] [MotusApiImporter] findExistingCar() -> EXISTING car id=1453
[2026-07-24 10:13:52] [MotusApiImporter] updateCar() completed for existing id=1453.
[2026-07-24 10:13:52] [MotusApiImporter] --- Processing row 35 (stock/sku: 1445835) ---
[2026-07-24 10:13:52] [MotusApiImporter] parseVehicle() OK — make=VOLKSWAGEN, model=POLO, source_url=https://www.motusvw.co.za/midrand/showroom/625-vwmdf894547/0/, image_urls count=1
[2026-07-24 10:13:52] [MotusApiImporter] Skipped detail-page fetch for stock #1445835 — time budget already exhausted.
[2026-07-24 10:13:52] [MotusApiImporter] After enrichFromDetailPage() — engine_capacity_cc=NULL, image_urls count=1
[2026-07-24 10:13:52] [MotusApiImporter] findExistingCar() -> EXISTING car id=1454
[2026-07-24 10:13:52] [MotusApiImporter] updateCar() completed for existing id=1454.
[2026-07-24 10:13:52] [MotusApiImporter] --- Processing row 36 (stock/sku: 1445857) ---
[2026-07-24 10:13:52] [MotusApiImporter] parseVehicle() OK — make=VOLKSWAGEN, model=POLO VIVO, source_url=https://www.motusvw.co.za/midrand/showroom/625-vwmdf894310/0/, image_urls count=1
[2026-07-24 10:13:52] [MotusApiImporter] Skipped detail-page fetch for stock #1445857 — time budget already exhausted.
[2026-07-24 10:13:52] [MotusApiImporter] After enrichFromDetailPage() — engine_capacity_cc=NULL, image_urls count=1
[2026-07-24 10:13:52] [MotusApiImporter] findExistingCar() -> EXISTING car id=1455
[2026-07-24 10:13:52] [MotusApiImporter] updateCar() completed for existing id=1455.
[2026-07-24 10:13:52] [MotusApiImporter] --- Processing row 37 (stock/sku: 1445858) ---
[2026-07-24 10:13:52] [MotusApiImporter] parseVehicle() OK — make=VOLKSWAGEN, model=POLO VIVO, source_url=https://www.motusvw.co.za/midrand/showroom/625-vwmdf894316/0/, image_urls count=1
[2026-07-24 10:13:52] [MotusApiImporter] Skipped detail-page fetch for stock #1445858 — time budget already exhausted.
[2026-07-24 10:13:52] [MotusApiImporter] After enrichFromDetailPage() — engine_capacity_cc=NULL, image_urls count=1
[2026-07-24 10:13:52] [MotusApiImporter] findExistingCar() -> EXISTING car id=1456
[2026-07-24 10:13:52] [MotusApiImporter] updateCar() completed for existing id=1456.
[2026-07-24 10:13:52] [MotusApiImporter] --- Processing row 38 (stock/sku: 1446130) ---
[2026-07-24 10:13:52] [MotusApiImporter] parseVehicle() OK — make=VOLKSWAGEN, model=POLO VIVO, source_url=https://www.motusvw.co.za/midrand/showroom/625-vwmdf890905/0/, image_urls count=1
[2026-07-24 10:13:52] [MotusApiImporter] Skipped detail-page fetch for stock #1446130 — time budget already exhausted.
[2026-07-24 10:13:52] [MotusApiImporter] After enrichFromDetailPage() — engine_capacity_cc=NULL, image_urls count=1
[2026-07-24 10:13:52] [MotusApiImporter] findExistingCar() -> EXISTING car id=1457
[2026-07-24 10:13:52] [MotusApiImporter] updateCar() completed for existing id=1457.
[2026-07-24 10:13:52] [MotusApiImporter] --- Processing row 39 (stock/sku: 1445963) ---
[2026-07-24 10:13:52] [MotusApiImporter] parseVehicle() OK — make=VOLKSWAGEN, model=T-CROSS, source_url=https://www.motusvw.co.za/midrand/showroom/625-vwmdf892729/0/, image_urls count=1
[2026-07-24 10:13:52] [MotusApiImporter] Skipped detail-page fetch for stock #1445963 — time budget already exhausted.
[2026-07-24 10:13:52] [MotusApiImporter] After enrichFromDetailPage() — engine_capacity_cc=NULL, image_urls count=1
[2026-07-24 10:13:52] [MotusApiImporter] findExistingCar() -> EXISTING car id=1458
[2026-07-24 10:13:52] [MotusApiImporter] updateCar() completed for existing id=1458.
[2026-07-24 10:13:52] [MotusApiImporter] --- Processing row 40 (stock/sku: 1445833) ---
[2026-07-24 10:13:52] [MotusApiImporter] parseVehicle() OK — make=VOLKSWAGEN, model=T-CROSS, source_url=https://www.motusvw.co.za/midrand/showroom/625-vwmdf895060/0/, image_urls count=1
[2026-07-24 10:13:52] [MotusApiImporter] Skipped detail-page fetch for stock #1445833 — time budget already exhausted.
[2026-07-24 10:13:52] [MotusApiImporter] After enrichFromDetailPage() — engine_capacity_cc=NULL, image_urls count=1
[2026-07-24 10:13:52] [MotusApiImporter] findExistingCar() -> EXISTING car id=1459
[2026-07-24 10:13:52] [MotusApiImporter] updateCar() completed for existing id=1459.
[2026-07-24 10:13:52] [MotusApiImporter] --- Processing row 41 (stock/sku: 1445916) ---
[2026-07-24 10:13:52] [MotusApiImporter] parseVehicle() OK — make=VOLKSWAGEN, model=T-CROSS, source_url=https://www.motusvw.co.za/midrand/showroom/625-vwmdf893597/0/, image_urls count=1
[2026-07-24 10:13:52] [MotusApiImporter] Skipped detail-page fetch for stock #1445916 — time budget already exhausted.
[2026-07-24 10:13:52] [MotusApiImporter] After enrichFromDetailPage() — engine_capacity_cc=NULL, image_urls count=1
[2026-07-24 10:13:52] [MotusApiImporter] findExistingCar() -> EXISTING car id=1460
[2026-07-24 10:13:52] [MotusApiImporter] updateCar() completed for existing id=1460.
[2026-07-24 10:13:52] [MotusApiImporter] --- Processing row 42 (stock/sku: 1445895) ---
[2026-07-24 10:13:52] [MotusApiImporter] parseVehicle() OK — make=VOLKSWAGEN, model=T-CROSS, source_url=https://www.motusvw.co.za/midrand/showroom/625-vwmdf894000/0/, image_urls count=1
[2026-07-24 10:13:52] [MotusApiImporter] Skipped detail-page fetch for stock #1445895 — time budget already exhausted.
[2026-07-24 10:13:52] [MotusApiImporter] After enrichFromDetailPage() — engine_capacity_cc=NULL, image_urls count=1
[2026-07-24 10:13:52] [MotusApiImporter] findExistingCar() -> EXISTING car id=1461
[2026-07-24 10:13:52] [MotusApiImporter] updateCar() completed for existing id=1461.
[2026-07-24 10:13:52] [MotusApiImporter] --- Processing row 43 (stock/sku: 1445907) ---
[2026-07-24 10:13:52] [MotusApiImporter] parseVehicle() OK — make=VOLKSWAGEN, model=TIGUAN, source_url=https://www.motusvw.co.za/midrand/showroom/625-vwmdf893709/0/, image_urls count=1
[2026-07-24 10:13:52] [MotusApiImporter] Skipped detail-page fetch for stock #1445907 — time budget already exhausted.
[2026-07-24 10:13:52] [MotusApiImporter] After enrichFromDetailPage() — engine_capacity_cc=NULL, image_urls count=1
[2026-07-24 10:13:52] [MotusApiImporter] findExistingCar() -> EXISTING car id=1462
[2026-07-24 10:13:52] [MotusApiImporter] updateCar() completed for existing id=1462.
[2026-07-24 10:13:52] [MotusApiImporter] --- Processing row 44 (stock/sku: 1446283) ---
[2026-07-24 10:13:52] [MotusApiImporter] parseVehicle() OK — make=VOLKSWAGEN, model=TIGUAN, source_url=https://www.motusvw.co.za/midrand/showroom/625-vwmdf888104/0/, image_urls count=1
[2026-07-24 10:13:52] [MotusApiImporter] Skipped detail-page fetch for stock #1446283 — time budget already exhausted.
[2026-07-24 10:13:52] [MotusApiImporter] After enrichFromDetailPage() — engine_capacity_cc=NULL, image_urls count=1
[2026-07-24 10:13:52] [MotusApiImporter] findExistingCar() -> EXISTING car id=1463
[2026-07-24 10:13:52] [MotusApiImporter] updateCar() completed for existing id=1463.
[2026-07-24 10:13:52] [MotusApiImporter] --- Processing row 45 (stock/sku: 1446223) ---
[2026-07-24 10:13:52] [MotusApiImporter] parseVehicle() OK — make=JEEP, model=RENEGADE, source_url=https://www.motusvw.co.za/midrand/showroom/625-vwmdf889687/1/, image_urls count=1
[2026-07-24 10:13:52] [MotusApiImporter] Skipped detail-page fetch for stock #1446223 — time budget already exhausted.
[2026-07-24 10:13:52] [MotusApiImporter] After enrichFromDetailPage() — engine_capacity_cc=NULL, image_urls count=1
[2026-07-24 10:13:52] [MotusApiImporter] findExistingCar() -> EXISTING car id=1464
[2026-07-24 10:13:52] [MotusApiImporter] updateCar() completed for existing id=1464.
[2026-07-24 10:13:52] [MotusApiImporter] --- Processing row 46 (stock/sku: 1445923) ---
[2026-07-24 10:13:52] [MotusApiImporter] parseVehicle() OK — make=BMW, model=2 SERIES, source_url=https://www.motusvw.co.za/midrand/showroom/625-vwmdf893379/1/, image_urls count=1
[2026-07-24 10:13:52] [MotusApiImporter] Skipped detail-page fetch for stock #1445923 — time budget already exhausted.
[2026-07-24 10:13:52] [MotusApiImporter] After enrichFromDetailPage() — engine_capacity_cc=NULL, image_urls count=1
[2026-07-24 10:13:52] [MotusApiImporter] findExistingCar() -> EXISTING car id=1465
[2026-07-24 10:13:52] [MotusApiImporter] updateCar() completed for existing id=1465.
[2026-07-24 10:13:52] [MotusApiImporter] --- Processing row 47 (stock/sku: 1445943) ---
[2026-07-24 10:13:52] [MotusApiImporter] parseVehicle() OK — make=FORD, model=ECOSPORT, source_url=https://www.motusvw.co.za/midrand/showroom/625-vwmdf893075/1/, image_urls count=1
[2026-07-24 10:13:52] [MotusApiImporter] Skipped detail-page fetch for stock #1445943 — time budget already exhausted.
[2026-07-24 10:13:52] [MotusApiImporter] After enrichFromDetailPage() — engine_capacity_cc=NULL, image_urls count=1
[2026-07-24 10:13:52] [MotusApiImporter] findExistingCar() -> EXISTING car id=1466
[2026-07-24 10:13:52] [MotusApiImporter] updateCar() completed for existing id=1466.
[2026-07-24 10:13:52] [MotusApiImporter] --- Processing row 48 (stock/sku: 1446850) ---
[2026-07-24 10:13:52] [MotusApiImporter] parseVehicle() OK — make=VOLKSWAGEN, model=POLO, source_url=https://www.motusvw.co.za/midrand/showroom/625-vwmdf258260/1/, image_urls count=1
[2026-07-24 10:13:52] [MotusApiImporter] Skipped detail-page fetch for stock #1446850 — time budget already exhausted.
[2026-07-24 10:13:52] [MotusApiImporter] After enrichFromDetailPage() — engine_capacity_cc=NULL, image_urls count=1
[2026-07-24 10:13:52] [MotusApiImporter] findExistingCar() -> EXISTING car id=1467
[2026-07-24 10:13:52] [MotusApiImporter] updateCar() completed for existing id=1467.
[2026-07-24 10:13:52] [MotusApiImporter] --- Processing row 49 (stock/sku: 1446505) ---
[2026-07-24 10:13:52] [MotusApiImporter] parseVehicle() OK — make=VOLKSWAGEN, model=POLO VIVO, source_url=https://www.motusvw.co.za/midrand/showroom/625-vwmdf608385/2/, image_urls count=1
[2026-07-24 10:13:52] [MotusApiImporter] Skipped detail-page fetch for stock #1446505 — time budget already exhausted.
[2026-07-24 10:13:52] [MotusApiImporter] After enrichFromDetailPage() — engine_capacity_cc=NULL, image_urls count=1
[2026-07-24 10:13:52] [MotusApiImporter] findExistingCar() -> EXISTING car id=1468
[2026-07-24 10:13:52] [MotusApiImporter] updateCar() completed for existing id=1468.
[2026-07-24 10:13:52] [MotusApiImporter] --- Processing row 50 (stock/sku: 1446800) ---
[2026-07-24 10:13:52] [MotusApiImporter] parseVehicle() OK — make=VOLKSWAGEN, model=TIGUAN, source_url=https://www.motusvw.co.za/midrand/showroom/625-vwmdf829969/1/, image_urls count=1
[2026-07-24 10:13:52] [MotusApiImporter] Skipped detail-page fetch for stock #1446800 — time budget already exhausted.
[2026-07-24 10:13:52] [MotusApiImporter] After enrichFromDetailPage() — engine_capacity_cc=NULL, image_urls count=1
[2026-07-24 10:13:52] [MotusApiImporter] findExistingCar() -> EXISTING car id=1469
[2026-07-24 10:13:52] [MotusApiImporter] updateCar() completed for existing id=1469.
[2026-07-24 10:13:52] [MotusApiImporter] --- Processing row 51 (stock/sku: 1446792) ---
[2026-07-24 10:13:52] [MotusApiImporter] parseVehicle() OK — make=VOLKSWAGEN, model=TIGUAN ALLSPACE, source_url=https://www.motusvw.co.za/midrand/showroom/625-vwmdf838290/1/, image_urls count=1
[2026-07-24 10:13:52] [MotusApiImporter] Skipped detail-page fetch for stock #1446792 — time budget already exhausted.
[2026-07-24 10:13:52] [MotusApiImporter] After enrichFromDetailPage() — engine_capacity_cc=NULL, image_urls count=1
[2026-07-24 10:13:52] [MotusApiImporter] findExistingCar() -> EXISTING car id=1470
[2026-07-24 10:13:52] [MotusApiImporter] updateCar() completed for existing id=1470.
[2026-07-24 10:13:52] [MotusApiImporter] --- Processing row 52 (stock/sku: 1446153) ---
[2026-07-24 10:13:52] [MotusApiImporter] parseVehicle() OK — make=VOLKSWAGEN, model=TIGUAN, source_url=https://www.motusvw.co.za/midrand/showroom/625-vwmdf762579/1/, image_urls count=1
[2026-07-24 10:13:52] [MotusApiImporter] Skipped detail-page fetch for stock #1446153 — time budget already exhausted.
[2026-07-24 10:13:52] [MotusApiImporter] After enrichFromDetailPage() — engine_capacity_cc=NULL, image_urls count=1
[2026-07-24 10:13:52] [MotusApiImporter] findExistingCar() -> EXISTING car id=1471
[2026-07-24 10:13:52] [MotusApiImporter] updateCar() completed for existing id=1471.
[2026-07-24 10:13:52] [MotusApiImporter] --- Processing row 53 (stock/sku: 1446811) ---
[2026-07-24 10:13:52] [MotusApiImporter] parseVehicle() OK — make=FORD, model=ECOSPORT, source_url=https://www.motusvw.co.za/midrand/showroom/625-vwmdf889981/1/, image_urls count=1
[2026-07-24 10:13:52] [MotusApiImporter] Skipped detail-page fetch for stock #1446811 — time budget already exhausted.
[2026-07-24 10:13:52] [MotusApiImporter] After enrichFromDetailPage() — engine_capacity_cc=NULL, image_urls count=1
[2026-07-24 10:13:52] [MotusApiImporter] findExistingCar() -> EXISTING car id=1472
[2026-07-24 10:13:52] [MotusApiImporter] updateCar() completed for existing id=1472.
[2026-07-24 10:13:52] [MotusApiImporter] --- Processing row 54 (stock/sku: 1445937) ---
[2026-07-24 10:13:52] [MotusApiImporter] parseVehicle() OK — make=FORD, model=FIGO, source_url=https://www.motusvw.co.za/midrand/showroom/625-vwmdf893195/1/, image_urls count=1
[2026-07-24 10:13:52] [MotusApiImporter] Skipped detail-page fetch for stock #1445937 — time budget already exhausted.
[2026-07-24 10:13:52] [MotusApiImporter] After enrichFromDetailPage() — engine_capacity_cc=NULL, image_urls count=1
[2026-07-24 10:13:52] [MotusApiImporter] findExistingCar() -> EXISTING car id=1473
[2026-07-24 10:13:52] [MotusApiImporter] updateCar() completed for existing id=1473.
[2026-07-24 10:13:52] [MotusApiImporter] --- Processing row 55 (stock/sku: 1446382) ---
[2026-07-24 10:13:52] [MotusApiImporter] parseVehicle() OK — make=VOLKSWAGEN, model=AMAROK, source_url=https://www.motusvw.co.za/midrand/showroom/625-vwmdf421690/1/, image_urls count=1
[2026-07-24 10:13:52] [MotusApiImporter] Skipped detail-page fetch for stock #1446382 — time budget already exhausted.
[2026-07-24 10:13:52] [MotusApiImporter] After enrichFromDetailPage() — engine_capacity_cc=NULL, image_urls count=1
[2026-07-24 10:13:52] [MotusApiImporter] findExistingCar() -> EXISTING car id=1474
[2026-07-24 10:13:52] [MotusApiImporter] updateCar() completed for existing id=1474.
[2026-07-24 10:13:52] [MotusApiImporter] --- Processing row 56 (stock/sku: 1446801) ---
[2026-07-24 10:13:52] [MotusApiImporter] parseVehicle() OK — make=VOLKSWAGEN, model=T-CROSS, source_url=https://www.motusvw.co.za/midrand/showroom/625-vwmdf423363/2/, image_urls count=1
[2026-07-24 10:13:52] [MotusApiImporter] Skipped detail-page fetch for stock #1446801 — time budget already exhausted.
[2026-07-24 10:13:52] [MotusApiImporter] After enrichFromDetailPage() — engine_capacity_cc=NULL, image_urls count=1
[2026-07-24 10:13:52] [MotusApiImporter] findExistingCar() -> EXISTING car id=1475
[2026-07-24 10:13:52] [MotusApiImporter] updateCar() completed for existing id=1475.
[2026-07-24 10:13:52] [MotusApiImporter] --- Processing row 57 (stock/sku: 1446410) ---
[2026-07-24 10:13:52] [MotusApiImporter] parseVehicle() OK — make=VOLKSWAGEN, model=TRANSPORTER, source_url=https://www.motusvw.co.za/midrand/showroom/625-vwmdf886408/4/, image_urls count=1
[2026-07-24 10:13:52] [MotusApiImporter] Skipped detail-page fetch for stock #1446410 — time budget already exhausted.
[2026-07-24 10:13:52] [MotusApiImporter] After enrichFromDetailPage() — engine_capacity_cc=NULL, image_urls count=1
[2026-07-24 10:13:52] [MotusApiImporter] findExistingCar() -> EXISTING car id=1476
[2026-07-24 10:13:52] [MotusApiImporter] updateCar() completed for existing id=1476.
[2026-07-24 10:13:52] [MotusApiImporter] --- Processing row 58 (stock/sku: 1445899) ---
[2026-07-24 10:13:52] [MotusApiImporter] parseVehicle() OK — make=VOLKSWAGEN, model=TRANSPORTER, source_url=https://www.motusvw.co.za/midrand/showroom/625-vwmdf893863/1/, image_urls count=1
[2026-07-24 10:13:52] [MotusApiImporter] Skipped detail-page fetch for stock #1445899 — time budget already exhausted.
[2026-07-24 10:13:52] [MotusApiImporter] After enrichFromDetailPage() — engine_capacity_cc=NULL, image_urls count=1
[2026-07-24 10:13:52] [MotusApiImporter] findExistingCar() -> EXISTING car id=1477
[2026-07-24 10:13:52] [MotusApiImporter] updateCar() completed for existing id=1477.
[2026-07-24 10:13:52] [MotusApiImporter] --- Processing row 59 (stock/sku: 1446142) ---
[2026-07-24 10:13:52] [MotusApiImporter] parseVehicle() OK — make=BMW, model=4 SERIES, source_url=https://www.motusvw.co.za/midrand/showroom/625-vwmdf890748/1/, image_urls count=1
[2026-07-24 10:13:52] [MotusApiImporter] Skipped detail-page fetch for stock #1446142 — time budget already exhausted.
[2026-07-24 10:13:52] [MotusApiImporter] After enrichFromDetailPage() — engine_capacity_cc=NULL, image_urls count=1
[2026-07-24 10:13:52] [MotusApiImporter] findExistingCar() -> EXISTING car id=1478
[2026-07-24 10:13:52] [MotusApiImporter] updateCar() completed for existing id=1478.
[2026-07-24 10:13:52] [MotusApiImporter] --- Processing row 60 (stock/sku: 1446010) ---
[2026-07-24 10:13:52] [MotusApiImporter] parseVehicle() OK — make=JAGUAR, model=F-PACE, source_url=https://www.motusvw.co.za/midrand/showroom/625-vwmdf892204/1/, image_urls count=1
[2026-07-24 10:13:52] [MotusApiImporter] Skipped detail-page fetch for stock #1446010 — time budget already exhausted.
[2026-07-24 10:13:52] [MotusApiImporter] After enrichFromDetailPage() — engine_capacity_cc=NULL, image_urls count=1
[2026-07-24 10:13:52] [MotusApiImporter] findExistingCar() -> EXISTING car id=1479
[2026-07-24 10:13:52] [MotusApiImporter] updateCar() completed for existing id=1479.
[2026-07-24 10:13:52] [MotusApiImporter] --- Processing row 61 (stock/sku: 1448883) ---
[2026-07-24 10:13:52] [MotusApiImporter] parseVehicle() OK — make=KIA, model=RIO, source_url=https://www.motusvw.co.za/midrand/showroom/625-vwmvusc894215/1/, image_urls count=1
[2026-07-24 10:13:52] [MotusApiImporter] Skipped detail-page fetch for stock #1448883 — time budget already exhausted.
[2026-07-24 10:13:52] [MotusApiImporter] After enrichFromDetailPage() — engine_capacity_cc=NULL, image_urls count=1
[2026-07-24 10:13:52] [MotusApiImporter] findExistingCar() -> EXISTING car id=1539
[2026-07-24 10:13:52] [MotusApiImporter] updateCar() completed for existing id=1539.
[2026-07-24 10:13:52] [MotusApiImporter] --- Processing row 62 (stock/sku: 1445715) ---
[2026-07-24 10:13:52] [MotusApiImporter] parseVehicle() OK — make=RENAULT, model=CLIO, source_url=https://www.motusvw.co.za/midrand/showroom/625-vwmdf896334/1/, image_urls count=1
[2026-07-24 10:13:52] [MotusApiImporter] Skipped detail-page fetch for stock #1445715 — time budget already exhausted.
[2026-07-24 10:13:52] [MotusApiImporter] After enrichFromDetailPage() — engine_capacity_cc=NULL, image_urls count=1
[2026-07-24 10:13:52] [MotusApiImporter] findExistingCar() -> EXISTING car id=1481
[2026-07-24 10:13:52] [MotusApiImporter] updateCar() completed for existing id=1481.
[2026-07-24 10:13:52] [MotusApiImporter] --- Processing row 63 (stock/sku: 1445883) ---
[2026-07-24 10:13:52] [MotusApiImporter] parseVehicle() OK — make=VOLKSWAGEN, model=POLO VIVO, source_url=https://www.motusvw.co.za/midrand/showroom/625-vwmdf894125/2/, image_urls count=1
[2026-07-24 10:13:52] [MotusApiImporter] Skipped detail-page fetch for stock #1445883 — time budget already exhausted.
[2026-07-24 10:13:52] [MotusApiImporter] After enrichFromDetailPage() — engine_capacity_cc=NULL, image_urls count=1
[2026-07-24 10:13:52] [MotusApiImporter] findExistingCar() -> EXISTING car id=1482
[2026-07-24 10:13:52] [MotusApiImporter] updateCar() completed for existing id=1482.
[2026-07-24 10:13:52] [MotusApiImporter] --- Processing row 64 (stock/sku: 1445714) ---
[2026-07-24 10:13:52] [MotusApiImporter] parseVehicle() OK — make=VOLKSWAGEN, model=POLO VIVO, source_url=https://www.motusvw.co.za/midrand/showroom/625-vwmdf896260/1/, image_urls count=1
[2026-07-24 10:13:52] [MotusApiImporter] Skipped detail-page fetch for stock #1445714 — time budget already exhausted.
[2026-07-24 10:13:52] [MotusApiImporter] After enrichFromDetailPage() — engine_capacity_cc=NULL, image_urls count=1
[2026-07-24 10:13:52] [MotusApiImporter] findExistingCar() -> EXISTING car id=1483
[2026-07-24 10:13:52] [MotusApiImporter] updateCar() completed for existing id=1483.
[2026-07-24 10:13:52] [MotusApiImporter] --- Processing row 65 (stock/sku: 1446735) ---
[2026-07-24 10:13:52] [MotusApiImporter] parseVehicle() OK — make=VOLKSWAGEN, model=TAIGO, source_url=https://www.motusvw.co.za/midrand/showroom/625-vwmdf861673/2/, image_urls count=1
[2026-07-24 10:13:52] [MotusApiImporter] Skipped detail-page fetch for stock #1446735 — time budget already exhausted.
[2026-07-24 10:13:52] [MotusApiImporter] After enrichFromDetailPage() — engine_capacity_cc=NULL, image_urls count=1
[2026-07-24 10:13:52] [MotusApiImporter] findExistingCar() -> EXISTING car id=1485
[2026-07-24 10:13:52] [MotusApiImporter] updateCar() completed for existing id=1485.
[2026-07-24 10:13:52] [MotusApiImporter] --- Processing row 66 (stock/sku: 1445959) ---
[2026-07-24 10:13:52] [MotusApiImporter] parseVehicle() OK — make=VOLKSWAGEN, model=TRANSPORTER, source_url=https://www.motusvw.co.za/midrand/showroom/625-vwmdf425954/1/, image_urls count=1
[2026-07-24 10:13:52] [MotusApiImporter] Skipped detail-page fetch for stock #1445959 — time budget already exhausted.
[2026-07-24 10:13:52] [MotusApiImporter] After enrichFromDetailPage() — engine_capacity_cc=NULL, image_urls count=1
[2026-07-24 10:13:52] [MotusApiImporter] findExistingCar() -> EXISTING car id=1486
[2026-07-24 10:13:52] [MotusApiImporter] updateCar() completed for existing id=1486.
[2026-07-24 10:13:52] [MotusApiImporter] --- Processing row 67 (stock/sku: 1446051) ---
[2026-07-24 10:13:52] [MotusApiImporter] parseVehicle() OK — make=VOLKSWAGEN, model=AMAROK, source_url=https://www.motusvw.co.za/midrand/showroom/625-vwmdf891606/1/, image_urls count=1
[2026-07-24 10:13:52] [MotusApiImporter] Skipped detail-page fetch for stock #1446051 — time budget already exhausted.
[2026-07-24 10:13:52] [MotusApiImporter] After enrichFromDetailPage() — engine_capacity_cc=NULL, image_urls count=1
[2026-07-24 10:13:52] [MotusApiImporter] findExistingCar() -> EXISTING car id=1487
[2026-07-24 10:13:52] [MotusApiImporter] updateCar() completed for existing id=1487.
[2026-07-24 10:13:52] [MotusApiImporter] --- Processing row 68 (stock/sku: 1446086) ---
[2026-07-24 10:13:52] [MotusApiImporter] parseVehicle() OK — make=VOLKSWAGEN, model=POLO, source_url=https://www.motusvw.co.za/midrand/showroom/625-vwmdf891191/1/, image_urls count=1
[2026-07-24 10:13:52] [MotusApiImporter] Skipped detail-page fetch for stock #1446086 — time budget already exhausted.
[2026-07-24 10:13:52] [MotusApiImporter] After enrichFromDetailPage() — engine_capacity_cc=NULL, image_urls count=1
[2026-07-24 10:13:52] [MotusApiImporter] findExistingCar() -> EXISTING car id=1489
[2026-07-24 10:13:52] [MotusApiImporter] updateCar() completed for existing id=1489.
[2026-07-24 10:13:52] [MotusApiImporter] --- Processing row 69 (stock/sku: 1446654) ---
[2026-07-24 10:13:52] [MotusApiImporter] parseVehicle() OK — make=AUDI, model=Q2, source_url=https://www.motusvw.co.za/midrand/showroom/625-vwmdf872129/1/, image_urls count=1
[2026-07-24 10:13:52] [MotusApiImporter] Skipped detail-page fetch for stock #1446654 — time budget already exhausted.
[2026-07-24 10:13:52] [MotusApiImporter] After enrichFromDetailPage() — engine_capacity_cc=NULL, image_urls count=1
[2026-07-24 10:13:52] [MotusApiImporter] findExistingCar() -> EXISTING car id=1490
[2026-07-24 10:13:52] [MotusApiImporter] updateCar() completed for existing id=1490.
[2026-07-24 10:13:52] [MotusApiImporter] --- Processing row 70 (stock/sku: 1449184) ---
[2026-07-24 10:13:52] [MotusApiImporter] parseVehicle() OK — make=FORD, model=RANGER, source_url=https://www.motusvw.co.za/midrand/showroom/625-vwmdf895758/1/, image_urls count=1
[2026-07-24 10:13:52] [MotusApiImporter] Skipped detail-page fetch for stock #1449184 — time budget already exhausted.
[2026-07-24 10:13:52] [MotusApiImporter] After enrichFromDetailPage() — engine_capacity_cc=NULL, image_urls count=1
[2026-07-24 10:13:52] [MotusApiImporter] findExistingCar() -> EXISTING car id=1588
[2026-07-24 10:13:52] [MotusApiImporter] updateCar() completed for existing id=1588.
[2026-07-24 10:13:52] [MotusApiImporter] --- Processing row 71 (stock/sku: 1448032) ---
[2026-07-24 10:13:52] [MotusApiImporter] parseVehicle() OK — make=HYUNDAI, model=GRAND CRETA, source_url=https://www.motusvw.co.za/midrand/showroom/625-vwmvusc853094/1/, image_urls count=1
[2026-07-24 10:13:52] [MotusApiImporter] Skipped detail-page fetch for stock #1448032 — time budget already exhausted.
[2026-07-24 10:13:52] [MotusApiImporter] After enrichFromDetailPage() — engine_capacity_cc=NULL, image_urls count=1
[2026-07-24 10:13:52] [MotusApiImporter] findExistingCar() -> EXISTING car id=1491
[2026-07-24 10:13:52] [MotusApiImporter] updateCar() completed for existing id=1491.
[2026-07-24 10:13:52] [MotusApiImporter] --- Processing row 72 (stock/sku: 1446809) ---
[2026-07-24 10:13:52] [MotusApiImporter] parseVehicle() OK — make=KIA, model=PICANTO, source_url=https://www.motusvw.co.za/midrand/showroom/625-vwmdf894445/1/, image_urls count=1
[2026-07-24 10:13:52] [MotusApiImporter] Skipped detail-page fetch for stock #1446809 — time budget already exhausted.
[2026-07-24 10:13:52] [MotusApiImporter] After enrichFromDetailPage() — engine_capacity_cc=NULL, image_urls count=1
[2026-07-24 10:13:52] [MotusApiImporter] findExistingCar() -> EXISTING car id=1492
[2026-07-24 10:13:52] [MotusApiImporter] updateCar() completed for existing id=1492.
[2026-07-24 10:13:52] [MotusApiImporter] --- Processing row 73 (stock/sku: 1446810) ---
[2026-07-24 10:13:52] [MotusApiImporter] parseVehicle() OK — make=NISSAN, model=MAGNITE, source_url=https://www.motusvw.co.za/midrand/showroom/625-vwmdf894838/1/, image_urls count=1
[2026-07-24 10:13:52] [MotusApiImporter] Skipped detail-page fetch for stock #1446810 — time budget already exhausted.
[2026-07-24 10:13:52] [MotusApiImporter] After enrichFromDetailPage() — engine_capacity_cc=NULL, image_urls count=1
[2026-07-24 10:13:52] [MotusApiImporter] findExistingCar() -> EXISTING car id=1493
[2026-07-24 10:13:52] [MotusApiImporter] updateCar() completed for existing id=1493.
[2026-07-24 10:13:52] [MotusApiImporter] --- Processing row 74 (stock/sku: 1446523) ---
[2026-07-24 10:13:52] [MotusApiImporter] parseVehicle() OK — make=TOYOTA, model=COROLLA CROSS, source_url=https://www.motusvw.co.za/midrand/showroom/625-bm037used896315/1/, image_urls count=1
[2026-07-24 10:13:52] [MotusApiImporter] Skipped detail-page fetch for stock #1446523 — time budget already exhausted.
[2026-07-24 10:13:52] [MotusApiImporter] After enrichFromDetailPage() — engine_capacity_cc=NULL, image_urls count=1
[2026-07-24 10:13:52] [MotusApiImporter] findExistingCar() -> EXISTING car id=1494
[2026-07-24 10:13:52] [MotusApiImporter] updateCar() completed for existing id=1494.
[2026-07-24 10:13:52] [MotusApiImporter] --- Processing row 75 (stock/sku: 1445994) ---
[2026-07-24 10:13:52] [MotusApiImporter] parseVehicle() OK — make=TOYOTA, model=HILUX, source_url=https://www.motusvw.co.za/midrand/showroom/625-vwmdf892356/1/, image_urls count=1
[2026-07-24 10:13:52] [MotusApiImporter] Skipped detail-page fetch for stock #1445994 — time budget already exhausted.
[2026-07-24 10:13:52] [MotusApiImporter] After enrichFromDetailPage() — engine_capacity_cc=NULL, image_urls count=1
[2026-07-24 10:13:52] [MotusApiImporter] findExistingCar() -> EXISTING car id=1495
[2026-07-24 10:13:52] [MotusApiImporter] updateCar() completed for existing id=1495.
[2026-07-24 10:13:52] [MotusApiImporter] --- Processing row 76 (stock/sku: 1446028) ---
[2026-07-24 10:13:52] [MotusApiImporter] parseVehicle() OK — make=VOLKSWAGEN, model=AMAROK, source_url=https://www.motusvw.co.za/midrand/showroom/625-vwmdf850170/1/, image_urls count=1
[2026-07-24 10:13:52] [MotusApiImporter] Skipped detail-page fetch for stock #1446028 — time budget already exhausted.
[2026-07-24 10:13:52] [MotusApiImporter] After enrichFromDetailPage() — engine_capacity_cc=NULL, image_urls count=1
[2026-07-24 10:13:52] [MotusApiImporter] findExistingCar() -> EXISTING car id=1496
[2026-07-24 10:13:52] [MotusApiImporter] updateCar() completed for existing id=1496.
[2026-07-24 10:13:52] [MotusApiImporter] --- Processing row 77 (stock/sku: 1445881) ---
[2026-07-24 10:13:52] [MotusApiImporter] parseVehicle() OK — make=VOLKSWAGEN, model=POLO, source_url=https://www.motusvw.co.za/midrand/showroom/625-vwmdf894037/1/, image_urls count=1
[2026-07-24 10:13:52] [MotusApiImporter] Skipped detail-page fetch for stock #1445881 — time budget already exhausted.
[2026-07-24 10:13:52] [MotusApiImporter] After enrichFromDetailPage() — engine_capacity_cc=NULL, image_urls count=1
[2026-07-24 10:13:52] [MotusApiImporter] findExistingCar() -> EXISTING car id=1497
[2026-07-24 10:13:52] [MotusApiImporter] updateCar() completed for existing id=1497.
[2026-07-24 10:13:52] [MotusApiImporter] --- Processing row 78 (stock/sku: 1446323) ---
[2026-07-24 10:13:52] [MotusApiImporter] parseVehicle() OK — make=VOLKSWAGEN, model=POLO, source_url=https://www.motusvw.co.za/midrand/showroom/625-vwmdf888345/1/, image_urls count=1
[2026-07-24 10:13:52] [MotusApiImporter] Skipped detail-page fetch for stock #1446323 — time budget already exhausted.
[2026-07-24 10:13:52] [MotusApiImporter] After enrichFromDetailPage() — engine_capacity_cc=NULL, image_urls count=1
[2026-07-24 10:13:52] [MotusApiImporter] findExistingCar() -> EXISTING car id=1498
[2026-07-24 10:13:52] [MotusApiImporter] updateCar() completed for existing id=1498.
[2026-07-24 10:13:52] [MotusApiImporter] --- Processing row 79 (stock/sku: 1446790) ---
[2026-07-24 10:13:52] [MotusApiImporter] parseVehicle() OK — make=VOLKSWAGEN, model=T-CROSS, source_url=https://www.motusvw.co.za/midrand/showroom/625-vwmdf839567/1/, image_urls count=1
[2026-07-24 10:13:52] [MotusApiImporter] Skipped detail-page fetch for stock #1446790 — time budget already exhausted.
[2026-07-24 10:13:52] [MotusApiImporter] After enrichFromDetailPage() — engine_capacity_cc=NULL, image_urls count=1
[2026-07-24 10:13:52] [MotusApiImporter] findExistingCar() -> EXISTING car id=1499
[2026-07-24 10:13:52] [MotusApiImporter] updateCar() completed for existing id=1499.
[2026-07-24 10:13:52] [MotusApiImporter] --- Processing row 80 (stock/sku: 1446786) ---
[2026-07-24 10:13:52] [MotusApiImporter] parseVehicle() OK — make=VOLKSWAGEN, model=T-CROSS, source_url=https://www.motusvw.co.za/midrand/showroom/625-vwmdf843717/8/, image_urls count=1
[2026-07-24 10:13:52] [MotusApiImporter] Skipped detail-page fetch for stock #1446786 — time budget already exhausted.
[2026-07-24 10:13:52] [MotusApiImporter] After enrichFromDetailPage() — engine_capacity_cc=NULL, image_urls count=1
[2026-07-24 10:13:52] [MotusApiImporter] findExistingCar() -> EXISTING car id=1500
[2026-07-24 10:13:52] [MotusApiImporter] updateCar() completed for existing id=1500.
[2026-07-24 10:13:52] [MotusApiImporter] --- Processing row 81 (stock/sku: 1445882) ---
[2026-07-24 10:13:52] [MotusApiImporter] parseVehicle() OK — make=VOLKSWAGEN, model=T-ROC, source_url=https://www.motusvw.co.za/midrand/showroom/625-vwmdf894108/1/, image_urls count=1
[2026-07-24 10:13:52] [MotusApiImporter] Skipped detail-page fetch for stock #1445882 — time budget already exhausted.
[2026-07-24 10:13:52] [MotusApiImporter] After enrichFromDetailPage() — engine_capacity_cc=NULL, image_urls count=1
[2026-07-24 10:13:52] [MotusApiImporter] findExistingCar() -> EXISTING car id=1501
[2026-07-24 10:13:52] [MotusApiImporter] updateCar() completed for existing id=1501.
[2026-07-24 10:13:52] [MotusApiImporter] --- Processing row 82 (stock/sku: 1445751) ---
[2026-07-24 10:13:52] [MotusApiImporter] parseVehicle() OK — make=VOLKSWAGEN, model=TAIGO, source_url=https://www.motusvw.co.za/midrand/showroom/625-vwmdf874038/1/, image_urls count=1
[2026-07-24 10:13:52] [MotusApiImporter] Skipped detail-page fetch for stock #1445751 — time budget already exhausted.
[2026-07-24 10:13:52] [MotusApiImporter] After enrichFromDetailPage() — engine_capacity_cc=NULL, image_urls count=1
[2026-07-24 10:13:52] [MotusApiImporter] findExistingCar() -> EXISTING car id=1502
[2026-07-24 10:13:52] [MotusApiImporter] updateCar() completed for existing id=1502.
[2026-07-24 10:13:52] [MotusApiImporter] --- Processing row 83 (stock/sku: 1446249) ---
[2026-07-24 10:13:52] [MotusApiImporter] parseVehicle() OK — make=SUZUKI, model=SWIFT, source_url=https://www.motusvw.co.za/midrand/showroom/625-vwmdf889410/1/, image_urls count=1
[2026-07-24 10:13:52] [MotusApiImporter] Skipped detail-page fetch for stock #1446249 — time budget already exhausted.
[2026-07-24 10:13:52] [MotusApiImporter] After enrichFromDetailPage() — engine_capacity_cc=NULL, image_urls count=1
[2026-07-24 10:13:52] [MotusApiImporter] findExistingCar() -> EXISTING car id=1503
[2026-07-24 10:13:52] [MotusApiImporter] updateCar() completed for existing id=1503.
[2026-07-24 10:13:52] [MotusApiImporter] --- Processing row 84 (stock/sku: 1445799) ---
[2026-07-24 10:13:52] [MotusApiImporter] parseVehicle() OK — make=SUZUKI, model=SWIFT, source_url=https://www.motusvw.co.za/midrand/showroom/625-vwmdf895482/1/, image_urls count=1
[2026-07-24 10:13:52] [MotusApiImporter] Skipped detail-page fetch for stock #1445799 — time budget already exhausted.
[2026-07-24 10:13:52] [MotusApiImporter] After enrichFromDetailPage() — engine_capacity_cc=NULL, image_urls count=1
[2026-07-24 10:13:52] [MotusApiImporter] findExistingCar() -> EXISTING car id=1504
[2026-07-24 10:13:52] [MotusApiImporter] updateCar() completed for existing id=1504.
[2026-07-24 10:13:52] [MotusApiImporter] --- Processing row 85 (stock/sku: 1445871) ---
[2026-07-24 10:13:52] [MotusApiImporter] parseVehicle() OK — make=SUZUKI, model=SWIFT, source_url=https://www.motusvw.co.za/midrand/showroom/625-vwmdf894155/1/, image_urls count=1
[2026-07-24 10:13:52] [MotusApiImporter] Skipped detail-page fetch for stock #1445871 — time budget already exhausted.
[2026-07-24 10:13:52] [MotusApiImporter] After enrichFromDetailPage() — engine_capacity_cc=NULL, image_urls count=1
[2026-07-24 10:13:52] [MotusApiImporter] findExistingCar() -> EXISTING car id=1505
[2026-07-24 10:13:52] [MotusApiImporter] updateCar() completed for existing id=1505.
[2026-07-24 10:13:52] [MotusApiImporter] --- Processing row 86 (stock/sku: 1445800) ---
[2026-07-24 10:13:52] [MotusApiImporter] parseVehicle() OK — make=SUZUKI, model=SWIFT, source_url=https://www.motusvw.co.za/midrand/showroom/625-vwmdf895483/1/, image_urls count=1
[2026-07-24 10:13:52] [MotusApiImporter] Skipped detail-page fetch for stock #1445800 — time budget already exhausted.
[2026-07-24 10:13:52] [MotusApiImporter] After enrichFromDetailPage() — engine_capacity_cc=NULL, image_urls count=1
[2026-07-24 10:13:52] [MotusApiImporter] findExistingCar() -> EXISTING car id=1506
[2026-07-24 10:13:52] [MotusApiImporter] updateCar() completed for existing id=1506.
[2026-07-24 10:13:52] [MotusApiImporter] --- Processing row 87 (stock/sku: 1446293) ---
[2026-07-24 10:13:52] [MotusApiImporter] parseVehicle() OK — make=TOYOTA, model=STARLET, source_url=https://www.motusvw.co.za/midrand/showroom/625-vwmdf888699/1/, image_urls count=1
[2026-07-24 10:13:52] [MotusApiImporter] Skipped detail-page fetch for stock #1446293 — time budget already exhausted.
[2026-07-24 10:13:52] [MotusApiImporter] After enrichFromDetailPage() — engine_capacity_cc=NULL, image_urls count=1
[2026-07-24 10:13:52] [MotusApiImporter] findExistingCar() -> EXISTING car id=1507
[2026-07-24 10:13:52] [MotusApiImporter] updateCar() completed for existing id=1507.
[2026-07-24 10:13:52] [MotusApiImporter] --- Processing row 88 (stock/sku: 1446743) ---
[2026-07-24 10:13:52] [MotusApiImporter] parseVehicle() OK — make=VOLKSWAGEN, model=AMAROK, source_url=https://www.motusvw.co.za/midrand/showroom/625-vwmdf861452/1/, image_urls count=1
[2026-07-24 10:13:52] [MotusApiImporter] Skipped detail-page fetch for stock #1446743 — time budget already exhausted.
[2026-07-24 10:13:52] [MotusApiImporter] After enrichFromDetailPage() — engine_capacity_cc=NULL, image_urls count=1
[2026-07-24 10:13:52] [MotusApiImporter] findExistingCar() -> EXISTING car id=1508
[2026-07-24 10:13:52] [MotusApiImporter] updateCar() completed for existing id=1508.
[2026-07-24 10:13:52] [MotusApiImporter] --- Processing row 89 (stock/sku: 1446558) ---
[2026-07-24 10:13:52] [MotusApiImporter] parseVehicle() OK — make=VOLKSWAGEN, model=POLO, source_url=https://www.motusvw.co.za/midrand/showroom/625-vwmdf876638/1/, image_urls count=1
[2026-07-24 10:13:52] [MotusApiImporter] Skipped detail-page fetch for stock #1446558 — time budget already exhausted.
[2026-07-24 10:13:52] [MotusApiImporter] After enrichFromDetailPage() — engine_capacity_cc=NULL, image_urls count=1
[2026-07-24 10:13:52] [MotusApiImporter] findExistingCar() -> EXISTING car id=1509
[2026-07-24 10:13:52] [MotusApiImporter] updateCar() completed for existing id=1509.
[2026-07-24 10:13:52] [MotusApiImporter] --- Processing row 90 (stock/sku: 1446729) ---
[2026-07-24 10:13:52] [MotusApiImporter] parseVehicle() OK — make=VOLKSWAGEN, model=POLO, source_url=https://www.motusvw.co.za/midrand/showroom/625-vwmdf864742/3/, image_urls count=1
[2026-07-24 10:13:52] [MotusApiImporter] Skipped detail-page fetch for stock #1446729 — time budget already exhausted.
[2026-07-24 10:13:52] [MotusApiImporter] After enrichFromDetailPage() — engine_capacity_cc=NULL, image_urls count=1
[2026-07-24 10:13:52] [MotusApiImporter] findExistingCar() -> EXISTING car id=1510
[2026-07-24 10:13:52] [MotusApiImporter] updateCar() completed for existing id=1510.
[2026-07-24 10:13:52] [MotusApiImporter] --- Processing row 91 (stock/sku: 1446763) ---
[2026-07-24 10:13:52] [MotusApiImporter] parseVehicle() OK — make=VOLKSWAGEN, model=POLO VIVO, source_url=https://www.motusvw.co.za/midrand/showroom/625-vwmdf858161/1/, image_urls count=1
[2026-07-24 10:13:52] [MotusApiImporter] Skipped detail-page fetch for stock #1446763 — time budget already exhausted.
[2026-07-24 10:13:52] [MotusApiImporter] After enrichFromDetailPage() — engine_capacity_cc=NULL, image_urls count=1
[2026-07-24 10:13:52] [MotusApiImporter] findExistingCar() -> EXISTING car id=1511
[2026-07-24 10:13:52] [MotusApiImporter] updateCar() completed for existing id=1511.
[2026-07-24 10:13:52] [MotusApiImporter] --- Processing row 92 (stock/sku: 1446755) ---
[2026-07-24 10:13:52] [MotusApiImporter] parseVehicle() OK — make=VOLKSWAGEN, model=POLO VIVO, source_url=https://www.motusvw.co.za/midrand/showroom/625-vwmdf859179/4/, image_urls count=1
[2026-07-24 10:13:52] [MotusApiImporter] Skipped detail-page fetch for stock #1446755 — time budget already exhausted.
[2026-07-24 10:13:52] [MotusApiImporter] After enrichFromDetailPage() — engine_capacity_cc=NULL, image_urls count=1
[2026-07-24 10:13:52] [MotusApiImporter] findExistingCar() -> EXISTING car id=1512
[2026-07-24 10:13:52] [MotusApiImporter] updateCar() completed for existing id=1512.
[2026-07-24 10:13:52] [MotusApiImporter] --- Processing row 93 (stock/sku: 1446746) ---
[2026-07-24 10:13:52] [MotusApiImporter] parseVehicle() OK — make=VOLKSWAGEN, model=POLO VIVO, source_url=https://www.motusvw.co.za/midrand/showroom/625-vwmdf860907/1/, image_urls count=1
[2026-07-24 10:13:52] [MotusApiImporter] Skipped detail-page fetch for stock #1446746 — time budget already exhausted.
[2026-07-24 10:13:52] [MotusApiImporter] After enrichFromDetailPage() — engine_capacity_cc=NULL, image_urls count=1
[2026-07-24 10:13:52] [MotusApiImporter] findExistingCar() -> EXISTING car id=1513
[2026-07-24 10:13:52] [MotusApiImporter] updateCar() completed for existing id=1513.
[2026-07-24 10:13:52] [MotusApiImporter] --- Processing row 94 (stock/sku: 1446711) ---
[2026-07-24 10:13:52] [MotusApiImporter] parseVehicle() OK — make=VOLKSWAGEN, model=POLO VIVO, source_url=https://www.motusvw.co.za/midrand/showroom/625-vwmdf868173/2/, image_urls count=1
[2026-07-24 10:13:52] [MotusApiImporter] Skipped detail-page fetch for stock #1446711 — time budget already exhausted.
[2026-07-24 10:13:52] [MotusApiImporter] After enrichFromDetailPage() — engine_capacity_cc=NULL, image_urls count=1
[2026-07-24 10:13:52] [MotusApiImporter] findExistingCar() -> EXISTING car id=1514
[2026-07-24 10:13:52] [MotusApiImporter] updateCar() completed for existing id=1514.
[2026-07-24 10:13:52] [MotusApiImporter] --- Processing row 95 (stock/sku: 1446694) ---
[2026-07-24 10:13:52] [MotusApiImporter] parseVehicle() OK — make=VOLKSWAGEN, model=POLO VIVO, source_url=https://www.motusvw.co.za/midrand/showroom/625-vwmdf869665/2/, image_urls count=1
[2026-07-24 10:13:52] [MotusApiImporter] Skipped detail-page fetch for stock #1446694 — time budget already exhausted.
[2026-07-24 10:13:52] [MotusApiImporter] After enrichFromDetailPage() — engine_capacity_cc=NULL, image_urls count=1
[2026-07-24 10:13:52] [MotusApiImporter] findExistingCar() -> EXISTING car id=1515
[2026-07-24 10:13:52] [MotusApiImporter] updateCar() completed for existing id=1515.
[2026-07-24 10:13:52] [MotusApiImporter] --- Processing row 96 (stock/sku: 1446751) ---
[2026-07-24 10:13:52] [MotusApiImporter] parseVehicle() OK — make=VOLKSWAGEN, model=T-CROSS, source_url=https://www.motusvw.co.za/midrand/showroom/625-vwmdf860129/3/, image_urls count=1
[2026-07-24 10:13:52] [MotusApiImporter] Skipped detail-page fetch for stock #1446751 — time budget already exhausted.
[2026-07-24 10:13:52] [MotusApiImporter] After enrichFromDetailPage() — engine_capacity_cc=NULL, image_urls count=1
[2026-07-24 10:13:52] [MotusApiImporter] findExistingCar() -> EXISTING car id=1516
[2026-07-24 10:13:52] [MotusApiImporter] updateCar() completed for existing id=1516.
[2026-07-24 10:13:52] [MotusApiImporter] --- Processing row 97 (stock/sku: 1446720) ---
[2026-07-24 10:13:52] [MotusApiImporter] parseVehicle() OK — make=VOLKSWAGEN, model=TAIGO, source_url=https://www.motusvw.co.za/midrand/showroom/625-vwmdf859177/2/, image_urls count=1
[2026-07-24 10:13:52] [MotusApiImporter] Skipped detail-page fetch for stock #1446720 — time budget already exhausted.
[2026-07-24 10:13:52] [MotusApiImporter] After enrichFromDetailPage() — engine_capacity_cc=NULL, image_urls count=1
[2026-07-24 10:13:52] [MotusApiImporter] findExistingCar() -> EXISTING car id=1517
[2026-07-24 10:13:52] [MotusApiImporter] updateCar() completed for existing id=1517.
[2026-07-24 10:13:52] [MotusApiImporter] --- Processing row 98 (stock/sku: 1446118) ---
[2026-07-24 10:13:52] [MotusApiImporter] parseVehicle() OK — make=MG, model=HS, source_url=https://www.motusvw.co.za/midrand/showroom/625-vwmdf890989/1/, image_urls count=1
[2026-07-24 10:13:52] [MotusApiImporter] Skipped detail-page fetch for stock #1446118 — time budget already exhausted.
[2026-07-24 10:13:52] [MotusApiImporter] After enrichFromDetailPage() — engine_capacity_cc=NULL, image_urls count=1
[2026-07-24 10:13:52] [MotusApiImporter] findExistingCar() -> EXISTING car id=1518
[2026-07-24 10:13:52] [MotusApiImporter] updateCar() completed for existing id=1518.
[2026-07-24 10:13:52] [MotusApiImporter] --- Processing row 99 (stock/sku: 1446119) ---
[2026-07-24 10:13:52] [MotusApiImporter] parseVehicle() OK — make=MG, model=MG3, source_url=https://www.motusvw.co.za/midrand/showroom/625-vwmdf890997/1/, image_urls count=1
[2026-07-24 10:13:52] [MotusApiImporter] Skipped detail-page fetch for stock #1446119 — time budget already exhausted.
[2026-07-24 10:13:52] [MotusApiImporter] After enrichFromDetailPage() — engine_capacity_cc=NULL, image_urls count=1
[2026-07-24 10:13:52] [MotusApiImporter] findExistingCar() -> EXISTING car id=1519
[2026-07-24 10:13:52] [MotusApiImporter] updateCar() completed for existing id=1519.
[2026-07-24 10:13:52] [MotusApiImporter] --- Processing row 100 (stock/sku: 1446188) ---
[2026-07-24 10:13:52] [MotusApiImporter] parseVehicle() OK — make=TATA, model=TIAGO, source_url=https://www.motusvw.co.za/midrand/showroom/625-vwmdf891531/1/, image_urls count=1
[2026-07-24 10:13:52] [MotusApiImporter] Skipped detail-page fetch for stock #1446188 — time budget already exhausted.
[2026-07-24 10:13:52] [MotusApiImporter] After enrichFromDetailPage() — engine_capacity_cc=NULL, image_urls count=1
[2026-07-24 10:13:52] [MotusApiImporter] findExistingCar() -> EXISTING car id=1520
[2026-07-24 10:13:52] [MotusApiImporter] updateCar() completed for existing id=1520.
[2026-07-24 10:13:52] [MotusApiImporter] --- Processing row 101 (stock/sku: 1446482) ---
[2026-07-24 10:13:52] [MotusApiImporter] parseVehicle() OK — make=VOLKSWAGEN, model=AMAROK, source_url=https://www.motusvw.co.za/midrand/showroom/625-vwmdf885078/1/, image_urls count=1
[2026-07-24 10:13:52] [MotusApiImporter] Skipped detail-page fetch for stock #1446482 — time budget already exhausted.
[2026-07-24 10:13:52] [MotusApiImporter] After enrichFromDetailPage() — engine_capacity_cc=NULL, image_urls count=1
[2026-07-24 10:13:52] [MotusApiImporter] findExistingCar() -> EXISTING car id=1521
[2026-07-24 10:13:52] [MotusApiImporter] updateCar() completed for existing id=1521.
[2026-07-24 10:13:52] [MotusApiImporter] --- Processing row 102 (stock/sku: 1446648) ---
[2026-07-24 10:13:52] [MotusApiImporter] parseVehicle() OK — make=VOLKSWAGEN, model=CADDY, source_url=https://www.motusvw.co.za/midrand/showroom/625-vwmdf872377/1/, image_urls count=1
[2026-07-24 10:13:52] [MotusApiImporter] Skipped detail-page fetch for stock #1446648 — time budget already exhausted.
[2026-07-24 10:13:52] [MotusApiImporter] After enrichFromDetailPage() — engine_capacity_cc=NULL, image_urls count=1
[2026-07-24 10:13:52] [MotusApiImporter] findExistingCar() -> EXISTING car id=1522
[2026-07-24 10:13:52] [MotusApiImporter] updateCar() completed for existing id=1522.
[2026-07-24 10:13:52] [MotusApiImporter] --- Processing row 103 (stock/sku: 1445922) ---
[2026-07-24 10:13:52] [MotusApiImporter] parseVehicle() OK — make=VOLKSWAGEN, model=POLO VIVO, source_url=https://www.motusvw.co.za/midrand/showroom/625-vwmdf893350/1/, image_urls count=1
[2026-07-24 10:13:52] [MotusApiImporter] Skipped detail-page fetch for stock #1445922 — time budget already exhausted.
[2026-07-24 10:13:52] [MotusApiImporter] After enrichFromDetailPage() — engine_capacity_cc=NULL, image_urls count=1
[2026-07-24 10:13:52] [MotusApiImporter] findExistingCar() -> EXISTING car id=1523
[2026-07-24 10:13:52] [MotusApiImporter] updateCar() completed for existing id=1523.
[2026-07-24 10:13:52] [MotusApiImporter] --- Processing row 104 (stock/sku: 1446628) ---
[2026-07-24 10:13:52] [MotusApiImporter] parseVehicle() OK — make=VOLKSWAGEN, model=POLO VIVO, source_url=https://www.motusvw.co.za/midrand/showroom/625-vwmdf873548/2/, image_urls count=1
[2026-07-24 10:13:52] [MotusApiImporter] Skipped detail-page fetch for stock #1446628 — time budget already exhausted.
[2026-07-24 10:13:52] [MotusApiImporter] After enrichFromDetailPage() — engine_capacity_cc=NULL, image_urls count=1
[2026-07-24 10:13:52] [MotusApiImporter] findExistingCar() -> EXISTING car id=1525
[2026-07-24 10:13:52] [MotusApiImporter] updateCar() completed for existing id=1525.
[2026-07-24 10:13:52] [MotusApiImporter] --- Processing row 105 (stock/sku: 1446506) ---
[2026-07-24 10:13:52] [MotusApiImporter] parseVehicle() OK — make=VOLKSWAGEN, model=POLO VIVO, source_url=https://www.motusvw.co.za/midrand/showroom/625-vwmdf884657/2/, image_urls count=1
[2026-07-24 10:13:52] [MotusApiImporter] Skipped detail-page fetch for stock #1446506 — time budget already exhausted.
[2026-07-24 10:13:52] [MotusApiImporter] After enrichFromDetailPage() — engine_capacity_cc=NULL, image_urls count=1
[2026-07-24 10:13:52] [MotusApiImporter] findExistingCar() -> EXISTING car id=1526
[2026-07-24 10:13:52] [MotusApiImporter] updateCar() completed for existing id=1526.
[2026-07-24 10:13:52] [MotusApiImporter] --- Processing row 106 (stock/sku: 1446432) ---
[2026-07-24 10:13:52] [MotusApiImporter] parseVehicle() OK — make=VOLKSWAGEN, model=POLO VIVO, source_url=https://www.motusvw.co.za/midrand/showroom/625-vwmdf886086/1/, image_urls count=1
[2026-07-24 10:13:52] [MotusApiImporter] Skipped detail-page fetch for stock #1446432 — time budget already exhausted.
[2026-07-24 10:13:52] [MotusApiImporter] After enrichFromDetailPage() — engine_capacity_cc=NULL, image_urls count=1
[2026-07-24 10:13:52] [MotusApiImporter] findExistingCar() -> EXISTING car id=1527
[2026-07-24 10:13:52] [MotusApiImporter] updateCar() completed for existing id=1527.
[2026-07-24 10:13:52] [MotusApiImporter] --- Processing row 107 (stock/sku: 1446409) ---
[2026-07-24 10:13:52] [MotusApiImporter] parseVehicle() OK — make=VOLKSWAGEN, model=POLO VIVO, source_url=https://www.motusvw.co.za/midrand/showroom/625-vwmdf886385/1/, image_urls count=1
[2026-07-24 10:13:52] [MotusApiImporter] Skipped detail-page fetch for stock #1446409 — time budget already exhausted.
[2026-07-24 10:13:52] [MotusApiImporter] After enrichFromDetailPage() — engine_capacity_cc=NULL, image_urls count=1
[2026-07-24 10:13:52] [MotusApiImporter] findExistingCar() -> EXISTING car id=1528
[2026-07-24 10:13:52] [MotusApiImporter] updateCar() completed for existing id=1528.
[2026-07-24 10:13:52] [MotusApiImporter] --- Processing row 108 (stock/sku: 1446322) ---
[2026-07-24 10:13:52] [MotusApiImporter] parseVehicle() OK — make=VOLKSWAGEN, model=POLO VIVO, source_url=https://www.motusvw.co.za/midrand/showroom/625-vwmdf888339/1/, image_urls count=1
[2026-07-24 10:13:52] [MotusApiImporter] Skipped detail-page fetch for stock #1446322 — time budget already exhausted.
[2026-07-24 10:13:52] [MotusApiImporter] After enrichFromDetailPage() — engine_capacity_cc=NULL, image_urls count=1
[2026-07-24 10:13:52] [MotusApiImporter] findExistingCar() -> EXISTING car id=1529
[2026-07-24 10:13:52] [MotusApiImporter] updateCar() completed for existing id=1529.
[2026-07-24 10:13:52] [MotusApiImporter] --- Processing row 109 (stock/sku: 1446321) ---
[2026-07-24 10:13:52] [MotusApiImporter] parseVehicle() OK — make=VOLKSWAGEN, model=POLO VIVO, source_url=https://www.motusvw.co.za/midrand/showroom/625-vwmdf888337/1/, image_urls count=1
[2026-07-24 10:13:52] [MotusApiImporter] Skipped detail-page fetch for stock #1446321 — time budget already exhausted.
[2026-07-24 10:13:52] [MotusApiImporter] After enrichFromDetailPage() — engine_capacity_cc=NULL, image_urls count=1
[2026-07-24 10:13:52] [MotusApiImporter] findExistingCar() -> EXISTING car id=1530
[2026-07-24 10:13:52] [MotusApiImporter] updateCar() completed for existing id=1530.
[2026-07-24 10:13:52] [MotusApiImporter] --- Processing row 110 (stock/sku: 1446314) ---
[2026-07-24 10:13:52] [MotusApiImporter] parseVehicle() OK — make=VOLKSWAGEN, model=POLO VIVO, source_url=https://www.motusvw.co.za/midrand/showroom/625-vwmdf888462/1/, image_urls count=1
[2026-07-24 10:13:52] [MotusApiImporter] Skipped detail-page fetch for stock #1446314 — time budget already exhausted.
[2026-07-24 10:13:52] [MotusApiImporter] After enrichFromDetailPage() — engine_capacity_cc=NULL, image_urls count=1
[2026-07-24 10:13:52] [MotusApiImporter] findExistingCar() -> EXISTING car id=1531
[2026-07-24 10:13:52] [MotusApiImporter] updateCar() completed for existing id=1531.
[2026-07-24 10:13:52] [MotusApiImporter] --- Processing row 111 (stock/sku: 1446181) ---
[2026-07-24 10:13:52] [MotusApiImporter] parseVehicle() OK — make=VOLKSWAGEN, model=POLO VIVO, source_url=https://www.motusvw.co.za/midrand/showroom/625-vwmdf890179/3/, image_urls count=1
[2026-07-24 10:13:52] [MotusApiImporter] Skipped detail-page fetch for stock #1446181 — time budget already exhausted.
[2026-07-24 10:13:52] [MotusApiImporter] After enrichFromDetailPage() — engine_capacity_cc=NULL, image_urls count=1
[2026-07-24 10:13:52] [MotusApiImporter] findExistingCar() -> EXISTING car id=1532
[2026-07-24 10:13:52] [MotusApiImporter] updateCar() completed for existing id=1532.
[2026-07-24 10:13:52] [MotusApiImporter] --- Processing row 112 (stock/sku: 1449179) ---
[2026-07-24 10:13:52] [MotusApiImporter] parseVehicle() OK — make=VOLKSWAGEN, model=POLO VIVO, source_url=https://www.motusvw.co.za/midrand/showroom/625-vwmdf875858/2/, image_urls count=1
[2026-07-24 10:13:52] [MotusApiImporter] Skipped detail-page fetch for stock #1449179 — time budget already exhausted.
[2026-07-24 10:13:52] [MotusApiImporter] After enrichFromDetailPage() — engine_capacity_cc=NULL, image_urls count=1
[2026-07-24 10:13:52] [MotusApiImporter] findExistingCar() -> EXISTING car id=1589
[2026-07-24 10:13:52] [MotusApiImporter] updateCar() completed for existing id=1589.
[2026-07-24 10:13:52] [MotusApiImporter] --- Processing row 113 (stock/sku: 1446179) ---
[2026-07-24 10:13:52] [MotusApiImporter] parseVehicle() OK — make=VOLKSWAGEN, model=POLO VIVO, source_url=https://www.motusvw.co.za/midrand/showroom/625-vwmdf890169/1/, image_urls count=1
[2026-07-24 10:13:52] [MotusApiImporter] Skipped detail-page fetch for stock #1446179 — time budget already exhausted.
[2026-07-24 10:13:52] [MotusApiImporter] After enrichFromDetailPage() — engine_capacity_cc=NULL, image_urls count=1
[2026-07-24 10:13:52] [MotusApiImporter] findExistingCar() -> EXISTING car id=1533
[2026-07-24 10:13:52] [MotusApiImporter] updateCar() completed for existing id=1533.
[2026-07-24 10:13:52] [MotusApiImporter] --- Processing row 114 (stock/sku: 1446333) ---
[2026-07-24 10:13:52] [MotusApiImporter] parseVehicle() OK — make=VOLKSWAGEN, model=POLO VIVO, source_url=https://www.motusvw.co.za/midrand/showroom/625-vwmdf888093/1/, image_urls count=1
[2026-07-24 10:13:52] [MotusApiImporter] Skipped detail-page fetch for stock #1446333 — time budget already exhausted.
[2026-07-24 10:13:52] [MotusApiImporter] After enrichFromDetailPage() — engine_capacity_cc=NULL, image_urls count=1
[2026-07-24 10:13:52] [MotusApiImporter] findExistingCar() -> EXISTING car id=1534
[2026-07-24 10:13:52] [MotusApiImporter] updateCar() completed for existing id=1534.
[2026-07-24 10:13:52] [MotusApiImporter] --- Processing row 115 (stock/sku: 1446180) ---
[2026-07-24 10:13:52] [MotusApiImporter] parseVehicle() OK — make=VOLKSWAGEN, model=POLO VIVO, source_url=https://www.motusvw.co.za/midrand/showroom/625-vwmdf890170/1/, image_urls count=1
[2026-07-24 10:13:52] [MotusApiImporter] Skipped detail-page fetch for stock #1446180 — time budget already exhausted.
[2026-07-24 10:13:52] [MotusApiImporter] After enrichFromDetailPage() — engine_capacity_cc=NULL, image_urls count=1
[2026-07-24 10:13:52] [MotusApiImporter] findExistingCar() -> EXISTING car id=1535
[2026-07-24 10:13:52] [MotusApiImporter] updateCar() completed for existing id=1535.
[2026-07-24 10:13:52] [MotusApiImporter] --- Processing row 116 (stock/sku: 1446261) ---
[2026-07-24 10:13:52] [MotusApiImporter] parseVehicle() OK — make=VOLKSWAGEN, model=POLO VIVO, source_url=https://www.motusvw.co.za/midrand/showroom/625-vwmdf889143/1/, image_urls count=1
[2026-07-24 10:13:52] [MotusApiImporter] Skipped detail-page fetch for stock #1446261 — time budget already exhausted.
[2026-07-24 10:13:52] [MotusApiImporter] After enrichFromDetailPage() — engine_capacity_cc=NULL, image_urls count=1
[2026-07-24 10:13:52] [MotusApiImporter] findExistingCar() -> EXISTING car id=1536
[2026-07-24 10:13:52] [MotusApiImporter] updateCar() completed for existing id=1536.
[2026-07-24 10:13:52] [MotusApiImporter] --- Processing row 117 (stock/sku: 1446533) ---
[2026-07-24 10:13:52] [MotusApiImporter] parseVehicle() OK — make=VOLKSWAGEN, model=T-CROSS, source_url=https://www.motusvw.co.za/midrand/showroom/625-vwmdf883411/2/, image_urls count=1
[2026-07-24 10:13:52] [MotusApiImporter] Skipped detail-page fetch for stock #1446533 — time budget already exhausted.
[2026-07-24 10:13:52] [MotusApiImporter] After enrichFromDetailPage() — engine_capacity_cc=NULL, image_urls count=1
[2026-07-24 10:13:52] [MotusApiImporter] findExistingCar() -> EXISTING car id=1537
[2026-07-24 10:13:52] [MotusApiImporter] updateCar() completed for existing id=1537.
[2026-07-24 10:13:52] [MotusApiImporter] --- Processing row 118 (stock/sku: 1446610) ---
[2026-07-24 10:13:52] [MotusApiImporter] parseVehicle() OK — make=VOLKSWAGEN, model=TRANSPORTER, source_url=https://www.motusvw.co.za/midrand/showroom/625-vwmdf875570/1/, image_urls count=1
[2026-07-24 10:13:52] [MotusApiImporter] Skipped detail-page fetch for stock #1446610 — time budget already exhausted.
[2026-07-24 10:13:52] [MotusApiImporter] After enrichFromDetailPage() — engine_capacity_cc=NULL, image_urls count=1
[2026-07-24 10:13:52] [MotusApiImporter] findExistingCar() -> EXISTING car id=1538
[2026-07-24 10:13:52] [MotusApiImporter] updateCar() completed for existing id=1538.
[2026-07-24 10:13:52] [MotusApiImporter] sync() FINISHED — {"imported":0,"updated":119,"skipped":0,"failed":0}
[2026-07-24 10:17:17] [MotusApiImporter] sync() STARTED — dealerId=14, sourceRef=https://www.motusvw.co.za/midrand/showroom/625-vwmdf894125/2/
[2026-07-24 10:17:17] [MotusApiImporter] Time budget: 35s, dealerNameFilter="Motus VW Midrand"
[2026-07-24 10:17:21] [MotusApiImporter] crawlDealership() returned 1 row(s) before dealer-name filtering.
[2026-07-24 10:17:21] [MotusApiImporter] Single-detail-node mode — skipping dealer-name filter.
[2026-07-24 10:17:21] [MotusApiImporter] --- Processing row 0 (stock/sku: VWM|DF|894125/2) ---
[2026-07-24 10:17:21] [MotusApiImporter] findExistingCar() -> no match, will INSERT
[2026-07-24 10:17:21] [MotusApiImporter] insertCar() completed.
[2026-07-24 10:17:21] [MotusApiImporter] sync() FINISHED — {"imported":1,"updated":0,"skipped":0,"failed":0}
[2026-07-24 11:46:09] [MotusApiImporter] sync() STARTED — dealerId=14, sourceRef=https://www.motusvw.co.za/midrand/showroom/625-vwmdf258260/1/
[2026-07-24 11:46:09] [MotusApiImporter] Time budget: 35s, dealerNameFilter="Motus VW Midrand"
[2026-07-24 11:46:11] [MotusApiImporter] crawlDealership() returned 1 row(s) before dealer-name filtering.
[2026-07-24 11:46:11] [MotusApiImporter] Single-detail-node mode — skipping dealer-name filter.
[2026-07-24 11:46:11] [MotusApiImporter] --- Processing row 0 (stock/sku: VWM|DF|258260/1) ---
[2026-07-24 11:46:11] [MotusApiImporter] findExistingCar() -> no match, will INSERT
[2026-07-24 11:46:11] [MotusApiImporter] insertCar() completed.
[2026-07-24 11:46:11] [MotusApiImporter] sync() FINISHED — {"imported":1,"updated":0,"skipped":0,"failed":0}
[2026-07-24 20:25:32] [MotusApiImporter] sync() STARTED — dealerId=14, sourceRef=https://www.motusvw.co.za/midrand/showroom/
[2026-07-24 20:25:32] [MotusApiImporter] Time budget: 35s, dealerNameFilter="Motus VW Midrand"
[2026-07-24 20:25:34] [MotusApiImporter] crawlDealership() returned 120 row(s) before dealer-name filtering.
[2026-07-24 20:25:34] [MotusApiImporter] After filterByDealerName(): 120 row(s) remain.
[2026-07-24 20:25:34] [MotusApiImporter] 2 vehicle(s) already enriched for this dealer — their detail-page fetch will be skipped this run.
[2026-07-24 20:25:34] [MotusApiImporter] --- Processing row 0 (stock/sku: 1446776) ---
[2026-07-24 20:25:34] [MotusApiImporter] parseVehicle() OK — make=VOLKSWAGEN, model=POLO, source_url=https://www.motusvw.co.za/midrand/showroom/625-vwmdf852273/5/, image_urls count=1
[2026-07-24 20:25:36] [MotusApiImporter] After enrichFromDetailPage() — engine_capacity_cc=999, image_urls count=17
[2026-07-24 20:25:36] [MotusApiImporter] findExistingCar() -> no match, will INSERT
[2026-07-24 20:25:36] [MotusApiImporter] insertCar() completed.
[2026-07-24 20:25:36] [MotusApiImporter] --- Processing row 1 (stock/sku: 1446299) ---
[2026-07-24 20:25:36] [MotusApiImporter] parseVehicle() OK — make=VOLKSWAGEN, model=GOLF 8, source_url=https://www.motusvw.co.za/midrand/showroom/625-vwmdf888609/1/, image_urls count=1
[2026-07-24 20:25:38] [MotusApiImporter] After enrichFromDetailPage() — engine_capacity_cc=0, image_urls count=18
[2026-07-24 20:25:38] [MotusApiImporter] findExistingCar() -> no match, will INSERT
[2026-07-24 20:25:38] [MotusApiImporter] insertCar() completed.
[2026-07-24 20:25:38] [MotusApiImporter] --- Processing row 2 (stock/sku: 1446532) ---
[2026-07-24 20:25:38] [MotusApiImporter] parseVehicle() OK — make=VOLKSWAGEN, model=POLO, source_url=https://www.motusvw.co.za/midrand/showroom/625-vwmdf883395/1/, image_urls count=1
[2026-07-24 20:25:40] [MotusApiImporter] After enrichFromDetailPage() — engine_capacity_cc=999, image_urls count=10
[2026-07-24 20:25:40] [MotusApiImporter] findExistingCar() -> no match, will INSERT
[2026-07-24 20:25:40] [MotusApiImporter] insertCar() completed.
[2026-07-24 20:25:40] [MotusApiImporter] --- Processing row 3 (stock/sku: 1446295) ---
[2026-07-24 20:25:40] [MotusApiImporter] parseVehicle() OK — make=VOLKSWAGEN, model=POLO, source_url=https://www.motusvw.co.za/midrand/showroom/625-vwmdf888735/1/, image_urls count=1
[2026-07-24 20:25:41] [MotusApiImporter] After enrichFromDetailPage() — engine_capacity_cc=999, image_urls count=15
[2026-07-24 20:25:41] [MotusApiImporter] findExistingCar() -> no match, will INSERT
[2026-07-24 20:25:41] [MotusApiImporter] insertCar() completed.
[2026-07-24 20:25:41] [MotusApiImporter] --- Processing row 4 (stock/sku: 1446601) ---
[2026-07-24 20:25:41] [MotusApiImporter] parseVehicle() OK — make=VOLKSWAGEN, model=POLO, source_url=https://www.motusvw.co.za/midrand/showroom/625-bm030used887224/1/, image_urls count=1
[2026-07-24 20:25:41] [MotusApiImporter] After enrichFromDetailPage() — engine_capacity_cc=999, image_urls count=18
[2026-07-24 20:25:41] [MotusApiImporter] findExistingCar() -> no match, will INSERT
[2026-07-24 20:25:41] [MotusApiImporter] insertCar() completed.
[2026-07-24 20:25:41] [MotusApiImporter] --- Processing row 5 (stock/sku: 1446065) ---
[2026-07-24 20:25:41] [MotusApiImporter] parseVehicle() OK — make=VOLKSWAGEN, model=POLO, source_url=https://www.motusvw.co.za/midrand/showroom/625-vwmdf890975/1/, image_urls count=1
[2026-07-24 20:25:43] [MotusApiImporter] After enrichFromDetailPage() — engine_capacity_cc=1598, image_urls count=17
[2026-07-24 20:25:43] [MotusApiImporter] findExistingCar() -> no match, will INSERT
[2026-07-24 20:25:43] [MotusApiImporter] insertCar() completed.
[2026-07-24 20:25:43] [MotusApiImporter] --- Processing row 6 (stock/sku: 1446370) ---
[2026-07-24 20:25:43] [MotusApiImporter] parseVehicle() OK — make=VOLKSWAGEN, model=POLO, source_url=https://www.motusvw.co.za/midrand/showroom/625-vwmdf887435/1/, image_urls count=1
[2026-07-24 20:25:44] [MotusApiImporter] After enrichFromDetailPage() — engine_capacity_cc=1998, image_urls count=18
[2026-07-24 20:25:44] [MotusApiImporter] findExistingCar() -> no match, will INSERT
[2026-07-24 20:25:44] [MotusApiImporter] insertCar() completed.
[2026-07-24 20:25:44] [MotusApiImporter] --- Processing row 7 (stock/sku: 1446517) ---
[2026-07-24 20:25:44] [MotusApiImporter] parseVehicle() OK — make=VOLKSWAGEN, model=POLO VIVO, source_url=https://www.motusvw.co.za/midrand/showroom/625-vwmdf884987/1/, image_urls count=1
[2026-07-24 20:25:46] [MotusApiImporter] After enrichFromDetailPage() — engine_capacity_cc=1398, image_urls count=18
[2026-07-24 20:25:46] [MotusApiImporter] findExistingCar() -> no match, will INSERT
[2026-07-24 20:25:46] [MotusApiImporter] insertCar() completed.
[2026-07-24 20:25:46] [MotusApiImporter] --- Processing row 8 (stock/sku: 1446115) ---
[2026-07-24 20:25:46] [MotusApiImporter] parseVehicle() OK — make=VOLKSWAGEN, model=POLO VIVO, source_url=https://www.motusvw.co.za/midrand/showroom/625-vwmdf891042/2/, image_urls count=1
[2026-07-24 20:25:47] [MotusApiImporter] After enrichFromDetailPage() — engine_capacity_cc=1598, image_urls count=18
[2026-07-24 20:25:47] [MotusApiImporter] findExistingCar() -> no match, will INSERT
[2026-07-24 20:25:47] [MotusApiImporter] insertCar() completed.
[2026-07-24 20:25:47] [MotusApiImporter] --- Processing row 9 (stock/sku: 1446589) ---
[2026-07-24 20:25:47] [MotusApiImporter] parseVehicle() OK — make=VOLKSWAGEN, model=POLO VIVO, source_url=https://www.motusvw.co.za/midrand/showroom/625-vwmdf875588/1/, image_urls count=1
[2026-07-24 20:25:48] [MotusApiImporter] After enrichFromDetailPage() — engine_capacity_cc=1598, image_urls count=16
[2026-07-24 20:25:48] [MotusApiImporter] findExistingCar() -> no match, will INSERT
[2026-07-24 20:25:48] [MotusApiImporter] insertCar() completed.
[2026-07-24 20:25:48] [MotusApiImporter] --- Processing row 10 (stock/sku: 1446083) ---
[2026-07-24 20:25:48] [MotusApiImporter] parseVehicle() OK — make=VOLKSWAGEN, model=T-CROSS, source_url=https://www.motusvw.co.za/midrand/showroom/625-vwmdf891215/1/, image_urls count=1
[2026-07-24 20:25:50] [MotusApiImporter] After enrichFromDetailPage() — engine_capacity_cc=999, image_urls count=16
[2026-07-24 20:25:50] [MotusApiImporter] findExistingCar() -> no match, will INSERT
[2026-07-24 20:25:50] [MotusApiImporter] insertCar() completed.
[2026-07-24 20:25:50] [MotusApiImporter] --- Processing row 11 (stock/sku: 1446395) ---
[2026-07-24 20:25:50] [MotusApiImporter] parseVehicle() OK — make=VOLKSWAGEN, model=T-CROSS, source_url=https://www.motusvw.co.za/midrand/showroom/625-vwmdf886830/1/, image_urls count=1
[2026-07-24 20:25:52] [MotusApiImporter] After enrichFromDetailPage() — engine_capacity_cc=999, image_urls count=17
[2026-07-24 20:25:52] [MotusApiImporter] findExistingCar() -> no match, will INSERT
[2026-07-24 20:25:52] [MotusApiImporter] insertCar() completed.
[2026-07-24 20:25:52] [MotusApiImporter] --- Processing row 12 (stock/sku: 1446535) ---
[2026-07-24 20:25:52] [MotusApiImporter] parseVehicle() OK — make=VOLKSWAGEN, model=T-ROC, source_url=https://www.motusvw.co.za/midrand/showroom/625-vwmdf883338/1/, image_urls count=1
[2026-07-24 20:25:52] [MotusApiImporter] After enrichFromDetailPage() — engine_capacity_cc=1984, image_urls count=20
[2026-07-24 20:25:52] [MotusApiImporter] findExistingCar() -> no match, will INSERT
[2026-07-24 20:25:52] [MotusApiImporter] insertCar() completed.
[2026-07-24 20:25:52] [MotusApiImporter] --- Processing row 13 (stock/sku: 1446315) ---
[2026-07-24 20:25:52] [MotusApiImporter] parseVehicle() OK — make=VOLKSWAGEN, model=T-ROC, source_url=https://www.motusvw.co.za/midrand/showroom/625-vwmdf888464/1/, image_urls count=1
[2026-07-24 20:25:54] [MotusApiImporter] After enrichFromDetailPage() — engine_capacity_cc=1984, image_urls count=20
[2026-07-24 20:25:54] [MotusApiImporter] findExistingCar() -> no match, will INSERT
[2026-07-24 20:25:54] [MotusApiImporter] insertCar() completed.
[2026-07-24 20:25:54] [MotusApiImporter] --- Processing row 14 (stock/sku: 1446599) ---
[2026-07-24 20:25:54] [MotusApiImporter] parseVehicle() OK — make=VOLKSWAGEN, model=TIGUAN, source_url=https://www.motusvw.co.za/midrand/showroom/625-vwmdf875100/1/, image_urls count=1
[2026-07-24 20:25:56] [MotusApiImporter] After enrichFromDetailPage() — engine_capacity_cc=1968, image_urls count=18
[2026-07-24 20:25:56] [MotusApiImporter] findExistingCar() -> no match, will INSERT
[2026-07-24 20:25:56] [MotusApiImporter] insertCar() completed.
[2026-07-24 20:25:56] [MotusApiImporter] --- Processing row 15 (stock/sku: 1446192) ---
[2026-07-24 20:25:56] [MotusApiImporter] parseVehicle() OK — make=VOLKSWAGEN, model=TIGUAN, source_url=https://www.motusvw.co.za/midrand/showroom/625-vwmdf890088/2/, image_urls count=1
[2026-07-24 20:25:57] [MotusApiImporter] After enrichFromDetailPage() — engine_capacity_cc=1395, image_urls count=15
[2026-07-24 20:25:57] [MotusApiImporter] findExistingCar() -> no match, will INSERT
[2026-07-24 20:25:57] [MotusApiImporter] insertCar() completed.
[2026-07-24 20:25:57] [MotusApiImporter] --- Processing row 16 (stock/sku: 1446143) ---
[2026-07-24 20:25:57] [MotusApiImporter] parseVehicle() OK — make=VOLKSWAGEN, model=TIGUAN, source_url=https://www.motusvw.co.za/midrand/showroom/625-vwmdf890778/1/, image_urls count=1
[2026-07-24 20:25:59] [MotusApiImporter] After enrichFromDetailPage() — engine_capacity_cc=1968, image_urls count=17
[2026-07-24 20:25:59] [MotusApiImporter] findExistingCar() -> no match, will INSERT
[2026-07-24 20:25:59] [MotusApiImporter] insertCar() completed.
[2026-07-24 20:25:59] [MotusApiImporter] --- Processing row 17 (stock/sku: 1446000) ---
[2026-07-24 20:25:59] [MotusApiImporter] parseVehicle() OK — make=VOLKSWAGEN, model=GOLF, source_url=https://www.motusvw.co.za/midrand/showroom/625-vwmdf892223/0/, image_urls count=1
[2026-07-24 20:26:00] [MotusApiImporter] After enrichFromDetailPage() — engine_capacity_cc=1395, image_urls count=16
[2026-07-24 20:26:00] [MotusApiImporter] findExistingCar() -> no match, will INSERT
[2026-07-24 20:26:00] [MotusApiImporter] insertCar() completed.
[2026-07-24 20:26:00] [MotusApiImporter] --- Processing row 18 (stock/sku: 1445980) ---
[2026-07-24 20:26:00] [MotusApiImporter] parseVehicle() OK — make=VOLKSWAGEN, model=GOLF 8, source_url=https://www.motusvw.co.za/midrand/showroom/625-vwmdf892557/0/, image_urls count=1
[2026-07-24 20:26:01] [MotusApiImporter] After enrichFromDetailPage() — engine_capacity_cc=0, image_urls count=15
[2026-07-24 20:26:01] [MotusApiImporter] findExistingCar() -> no match, will INSERT
[2026-07-24 20:26:01] [MotusApiImporter] insertCar() completed.
[2026-07-24 20:26:01] [MotusApiImporter] --- Processing row 19 (stock/sku: 1446122) ---
[2026-07-24 20:26:01] [MotusApiImporter] parseVehicle() OK — make=VOLKSWAGEN, model=GOLF 8, source_url=https://www.motusvw.co.za/midrand/showroom/625-vwmdf890926/0/, image_urls count=1
[2026-07-24 20:26:04] [MotusApiImporter] After enrichFromDetailPage() — engine_capacity_cc=0, image_urls count=16
[2026-07-24 20:26:04] [MotusApiImporter] findExistingCar() -> no match, will INSERT
[2026-07-24 20:26:04] [MotusApiImporter] insertCar() completed.
[2026-07-24 20:26:04] [MotusApiImporter] --- Processing row 20 (stock/sku: 1446022) ---
[2026-07-24 20:26:04] [MotusApiImporter] parseVehicle() OK — make=VOLKSWAGEN, model=GOLF 8, source_url=https://www.motusvw.co.za/midrand/showroom/625-vwmdf892077/0/, image_urls count=1
[2026-07-24 20:26:05] [MotusApiImporter] After enrichFromDetailPage() — engine_capacity_cc=0, image_urls count=17
[2026-07-24 20:26:05] [MotusApiImporter] findExistingCar() -> no match, will INSERT
[2026-07-24 20:26:05] [MotusApiImporter] insertCar() completed.
[2026-07-24 20:26:05] [MotusApiImporter] --- Processing row 21 (stock/sku: 1446049) ---
[2026-07-24 20:26:05] [MotusApiImporter] parseVehicle() OK — make=VOLKSWAGEN, model=GOLF 8, source_url=https://www.motusvw.co.za/midrand/showroom/625-vwmdf892214/0/, image_urls count=1
[2026-07-24 20:26:06] [MotusApiImporter] After enrichFromDetailPage() — engine_capacity_cc=0, image_urls count=16
[2026-07-24 20:26:06] [MotusApiImporter] findExistingCar() -> no match, will INSERT
[2026-07-24 20:26:06] [MotusApiImporter] insertCar() completed.
[2026-07-24 20:26:06] [MotusApiImporter] --- Processing row 22 (stock/sku: 1446001) ---
[2026-07-24 20:26:06] [MotusApiImporter] parseVehicle() OK — make=VOLKSWAGEN, model=GOLF 8, source_url=https://www.motusvw.co.za/midrand/showroom/625-vwmdf892266/0/, image_urls count=1
[2026-07-24 20:26:08] [MotusApiImporter] After enrichFromDetailPage() — engine_capacity_cc=0, image_urls count=17
[2026-07-24 20:26:08] [MotusApiImporter] findExistingCar() -> no match, will INSERT
[2026-07-24 20:26:08] [MotusApiImporter] insertCar() completed.
[2026-07-24 20:26:08] [MotusApiImporter] --- Processing row 23 (stock/sku: 1446356) ---
[2026-07-24 20:26:08] [MotusApiImporter] parseVehicle() OK — make=VOLKSWAGEN, model=POLO, source_url=https://www.motusvw.co.za/midrand/showroom/625-vwmdf887866/0/, image_urls count=1
[2026-07-24 20:26:08] [MotusApiImporter] Skipped detail-page fetch for stock #1446356 — time budget already exhausted.
[2026-07-24 20:26:08] [MotusApiImporter] After enrichFromDetailPage() — engine_capacity_cc=NULL, image_urls count=1
[2026-07-24 20:26:08] [MotusApiImporter] findExistingCar() -> no match, will INSERT
[2026-07-24 20:26:08] [MotusApiImporter] insertCar() completed.
[2026-07-24 20:26:08] [MotusApiImporter] --- Processing row 24 (stock/sku: 1446129) ---
[2026-07-24 20:26:08] [MotusApiImporter] parseVehicle() OK — make=VOLKSWAGEN, model=POLO, source_url=https://www.motusvw.co.za/midrand/showroom/625-vwmdf890824/0/, image_urls count=1
[2026-07-24 20:26:08] [MotusApiImporter] Skipped detail-page fetch for stock #1446129 — time budget already exhausted.
[2026-07-24 20:26:08] [MotusApiImporter] After enrichFromDetailPage() — engine_capacity_cc=NULL, image_urls count=1
[2026-07-24 20:26:08] [MotusApiImporter] findExistingCar() -> no match, will INSERT
[2026-07-24 20:26:08] [MotusApiImporter] insertCar() completed.
[2026-07-24 20:26:08] [MotusApiImporter] --- Processing row 25 (stock/sku: 1445964) ---
[2026-07-24 20:26:08] [MotusApiImporter] parseVehicle() OK — make=VOLKSWAGEN, model=POLO, source_url=https://www.motusvw.co.za/midrand/showroom/625-vwmdf892733/0/, image_urls count=1
[2026-07-24 20:26:08] [MotusApiImporter] Skipped detail-page fetch for stock #1445964 — time budget already exhausted.
[2026-07-24 20:26:08] [MotusApiImporter] After enrichFromDetailPage() — engine_capacity_cc=NULL, image_urls count=1
[2026-07-24 20:26:08] [MotusApiImporter] findExistingCar() -> no match, will INSERT
[2026-07-24 20:26:08] [MotusApiImporter] insertCar() completed.
[2026-07-24 20:26:08] [MotusApiImporter] --- Processing row 26 (stock/sku: 1446127) ---
[2026-07-24 20:26:08] [MotusApiImporter] parseVehicle() OK — make=VOLKSWAGEN, model=POLO, source_url=https://www.motusvw.co.za/midrand/showroom/625-vwmdf890793/0/, image_urls count=1
[2026-07-24 20:26:08] [MotusApiImporter] Skipped detail-page fetch for stock #1446127 — time budget already exhausted.
[2026-07-24 20:26:08] [MotusApiImporter] After enrichFromDetailPage() — engine_capacity_cc=NULL, image_urls count=1
[2026-07-24 20:26:08] [MotusApiImporter] findExistingCar() -> no match, will INSERT
[2026-07-24 20:26:08] [MotusApiImporter] insertCar() completed.
[2026-07-24 20:26:08] [MotusApiImporter] --- Processing row 27 (stock/sku: 1446009) ---
[2026-07-24 20:26:08] [MotusApiImporter] parseVehicle() OK — make=VOLKSWAGEN, model=POLO, source_url=https://www.motusvw.co.za/midrand/showroom/625-vwmdf892148/0/, image_urls count=1
[2026-07-24 20:26:08] [MotusApiImporter] Skipped detail-page fetch for stock #1446009 — time budget already exhausted.
[2026-07-24 20:26:08] [MotusApiImporter] After enrichFromDetailPage() — engine_capacity_cc=NULL, image_urls count=1
[2026-07-24 20:26:08] [MotusApiImporter] findExistingCar() -> no match, will INSERT
[2026-07-24 20:26:08] [MotusApiImporter] insertCar() completed.
[2026-07-24 20:26:08] [MotusApiImporter] --- Processing row 28 (stock/sku: 1445944) ---
[2026-07-24 20:26:08] [MotusApiImporter] parseVehicle() OK — make=VOLKSWAGEN, model=POLO, source_url=https://www.motusvw.co.za/midrand/showroom/625-vwmdf893079/0/, image_urls count=1
[2026-07-24 20:26:08] [MotusApiImporter] Skipped detail-page fetch for stock #1445944 — time budget already exhausted.
[2026-07-24 20:26:08] [MotusApiImporter] After enrichFromDetailPage() — engine_capacity_cc=NULL, image_urls count=1
[2026-07-24 20:26:08] [MotusApiImporter] findExistingCar() -> no match, will INSERT
[2026-07-24 20:26:08] [MotusApiImporter] insertCar() completed.
[2026-07-24 20:26:08] [MotusApiImporter] --- Processing row 29 (stock/sku: 1445929) ---
[2026-07-24 20:26:08] [MotusApiImporter] parseVehicle() OK — make=VOLKSWAGEN, model=POLO, source_url=https://www.motusvw.co.za/midrand/showroom/625-vwmdf893255/0/, image_urls count=1
[2026-07-24 20:26:08] [MotusApiImporter] Skipped detail-page fetch for stock #1445929 — time budget already exhausted.
[2026-07-24 20:26:08] [MotusApiImporter] After enrichFromDetailPage() — engine_capacity_cc=NULL, image_urls count=1
[2026-07-24 20:26:08] [MotusApiImporter] findExistingCar() -> no match, will INSERT
[2026-07-24 20:26:08] [MotusApiImporter] insertCar() completed.
[2026-07-24 20:26:08] [MotusApiImporter] --- Processing row 30 (stock/sku: 1445930) ---
[2026-07-24 20:26:08] [MotusApiImporter] parseVehicle() OK — make=VOLKSWAGEN, model=POLO, source_url=https://www.motusvw.co.za/midrand/showroom/625-vwmdf893267/0/, image_urls count=1
[2026-07-24 20:26:08] [MotusApiImporter] Skipped detail-page fetch for stock #1445930 — time budget already exhausted.
[2026-07-24 20:26:08] [MotusApiImporter] After enrichFromDetailPage() — engine_capacity_cc=NULL, image_urls count=1
[2026-07-24 20:26:08] [MotusApiImporter] findExistingCar() -> no match, will INSERT
[2026-07-24 20:26:08] [MotusApiImporter] insertCar() completed.
[2026-07-24 20:26:08] [MotusApiImporter] --- Processing row 31 (stock/sku: 1446008) ---
[2026-07-24 20:26:08] [MotusApiImporter] parseVehicle() OK — make=VOLKSWAGEN, model=POLO, source_url=https://www.motusvw.co.za/midrand/showroom/625-vwmdf892145/0/, image_urls count=1
[2026-07-24 20:26:08] [MotusApiImporter] Skipped detail-page fetch for stock #1446008 — time budget already exhausted.
[2026-07-24 20:26:08] [MotusApiImporter] After enrichFromDetailPage() — engine_capacity_cc=NULL, image_urls count=1
[2026-07-24 20:26:08] [MotusApiImporter] findExistingCar() -> no match, will INSERT
[2026-07-24 20:26:08] [MotusApiImporter] insertCar() completed.
[2026-07-24 20:26:08] [MotusApiImporter] --- Processing row 32 (stock/sku: 1445928) ---
[2026-07-24 20:26:08] [MotusApiImporter] parseVehicle() OK — make=VOLKSWAGEN, model=POLO, source_url=https://www.motusvw.co.za/midrand/showroom/625-vwmdf893252/0/, image_urls count=1
[2026-07-24 20:26:08] [MotusApiImporter] Skipped detail-page fetch for stock #1445928 — time budget already exhausted.
[2026-07-24 20:26:08] [MotusApiImporter] After enrichFromDetailPage() — engine_capacity_cc=NULL, image_urls count=1
[2026-07-24 20:26:08] [MotusApiImporter] findExistingCar() -> no match, will INSERT
[2026-07-24 20:26:08] [MotusApiImporter] insertCar() completed.
[2026-07-24 20:26:08] [MotusApiImporter] --- Processing row 33 (stock/sku: 1445915) ---
[2026-07-24 20:26:08] [MotusApiImporter] parseVehicle() OK — make=VOLKSWAGEN, model=POLO, source_url=https://www.motusvw.co.za/midrand/showroom/625-vwmdf893516/0/, image_urls count=1
[2026-07-24 20:26:08] [MotusApiImporter] Skipped detail-page fetch for stock #1445915 — time budget already exhausted.
[2026-07-24 20:26:08] [MotusApiImporter] After enrichFromDetailPage() — engine_capacity_cc=NULL, image_urls count=1
[2026-07-24 20:26:08] [MotusApiImporter] findExistingCar() -> no match, will INSERT
[2026-07-24 20:26:08] [MotusApiImporter] insertCar() completed.
[2026-07-24 20:26:08] [MotusApiImporter] --- Processing row 34 (stock/sku: 1445966) ---
[2026-07-24 20:26:08] [MotusApiImporter] parseVehicle() OK — make=VOLKSWAGEN, model=POLO, source_url=https://www.motusvw.co.za/midrand/showroom/625-vwmdf892527/0/, image_urls count=1
[2026-07-24 20:26:08] [MotusApiImporter] Skipped detail-page fetch for stock #1445966 — time budget already exhausted.
[2026-07-24 20:26:08] [MotusApiImporter] After enrichFromDetailPage() — engine_capacity_cc=NULL, image_urls count=1
[2026-07-24 20:26:08] [MotusApiImporter] findExistingCar() -> no match, will INSERT
[2026-07-24 20:26:08] [MotusApiImporter] insertCar() completed.
[2026-07-24 20:26:08] [MotusApiImporter] --- Processing row 35 (stock/sku: 1445835) ---
[2026-07-24 20:26:08] [MotusApiImporter] parseVehicle() OK — make=VOLKSWAGEN, model=POLO, source_url=https://www.motusvw.co.za/midrand/showroom/625-vwmdf894547/0/, image_urls count=1
[2026-07-24 20:26:08] [MotusApiImporter] Skipped detail-page fetch for stock #1445835 — time budget already exhausted.
[2026-07-24 20:26:08] [MotusApiImporter] After enrichFromDetailPage() — engine_capacity_cc=NULL, image_urls count=1
[2026-07-24 20:26:08] [MotusApiImporter] findExistingCar() -> no match, will INSERT
[2026-07-24 20:26:08] [MotusApiImporter] insertCar() completed.
[2026-07-24 20:26:08] [MotusApiImporter] --- Processing row 36 (stock/sku: 1445857) ---
[2026-07-24 20:26:08] [MotusApiImporter] parseVehicle() OK — make=VOLKSWAGEN, model=POLO VIVO, source_url=https://www.motusvw.co.za/midrand/showroom/625-vwmdf894310/0/, image_urls count=1
[2026-07-24 20:26:08] [MotusApiImporter] Skipped detail-page fetch for stock #1445857 — time budget already exhausted.
[2026-07-24 20:26:08] [MotusApiImporter] After enrichFromDetailPage() — engine_capacity_cc=NULL, image_urls count=1
[2026-07-24 20:26:08] [MotusApiImporter] findExistingCar() -> no match, will INSERT
[2026-07-24 20:26:08] [MotusApiImporter] insertCar() completed.
[2026-07-24 20:26:08] [MotusApiImporter] --- Processing row 37 (stock/sku: 1445858) ---
[2026-07-24 20:26:08] [MotusApiImporter] parseVehicle() OK — make=VOLKSWAGEN, model=POLO VIVO, source_url=https://www.motusvw.co.za/midrand/showroom/625-vwmdf894316/0/, image_urls count=1
[2026-07-24 20:26:08] [MotusApiImporter] Skipped detail-page fetch for stock #1445858 — time budget already exhausted.
[2026-07-24 20:26:08] [MotusApiImporter] After enrichFromDetailPage() — engine_capacity_cc=NULL, image_urls count=1
[2026-07-24 20:26:08] [MotusApiImporter] findExistingCar() -> no match, will INSERT
[2026-07-24 20:26:08] [MotusApiImporter] insertCar() completed.
[2026-07-24 20:26:08] [MotusApiImporter] --- Processing row 38 (stock/sku: 1446130) ---
[2026-07-24 20:26:08] [MotusApiImporter] parseVehicle() OK — make=VOLKSWAGEN, model=POLO VIVO, source_url=https://www.motusvw.co.za/midrand/showroom/625-vwmdf890905/0/, image_urls count=1
[2026-07-24 20:26:08] [MotusApiImporter] Skipped detail-page fetch for stock #1446130 — time budget already exhausted.
[2026-07-24 20:26:08] [MotusApiImporter] After enrichFromDetailPage() — engine_capacity_cc=NULL, image_urls count=1
[2026-07-24 20:26:08] [MotusApiImporter] findExistingCar() -> no match, will INSERT
[2026-07-24 20:26:08] [MotusApiImporter] insertCar() completed.
[2026-07-24 20:26:08] [MotusApiImporter] --- Processing row 39 (stock/sku: 1445963) ---
[2026-07-24 20:26:08] [MotusApiImporter] parseVehicle() OK — make=VOLKSWAGEN, model=T-CROSS, source_url=https://www.motusvw.co.za/midrand/showroom/625-vwmdf892729/0/, image_urls count=1
[2026-07-24 20:26:08] [MotusApiImporter] Skipped detail-page fetch for stock #1445963 — time budget already exhausted.
[2026-07-24 20:26:08] [MotusApiImporter] After enrichFromDetailPage() — engine_capacity_cc=NULL, image_urls count=1
[2026-07-24 20:26:08] [MotusApiImporter] findExistingCar() -> no match, will INSERT
[2026-07-24 20:26:08] [MotusApiImporter] insertCar() completed.
[2026-07-24 20:26:08] [MotusApiImporter] --- Processing row 40 (stock/sku: 1445833) ---
[2026-07-24 20:26:08] [MotusApiImporter] parseVehicle() OK — make=VOLKSWAGEN, model=T-CROSS, source_url=https://www.motusvw.co.za/midrand/showroom/625-vwmdf895060/0/, image_urls count=1
[2026-07-24 20:26:08] [MotusApiImporter] Skipped detail-page fetch for stock #1445833 — time budget already exhausted.
[2026-07-24 20:26:08] [MotusApiImporter] After enrichFromDetailPage() — engine_capacity_cc=NULL, image_urls count=1
[2026-07-24 20:26:08] [MotusApiImporter] findExistingCar() -> no match, will INSERT
[2026-07-24 20:26:08] [MotusApiImporter] insertCar() completed.
[2026-07-24 20:26:08] [MotusApiImporter] --- Processing row 41 (stock/sku: 1445916) ---
[2026-07-24 20:26:08] [MotusApiImporter] parseVehicle() OK — make=VOLKSWAGEN, model=T-CROSS, source_url=https://www.motusvw.co.za/midrand/showroom/625-vwmdf893597/0/, image_urls count=1
[2026-07-24 20:26:08] [MotusApiImporter] Skipped detail-page fetch for stock #1445916 — time budget already exhausted.
[2026-07-24 20:26:08] [MotusApiImporter] After enrichFromDetailPage() — engine_capacity_cc=NULL, image_urls count=1
[2026-07-24 20:26:08] [MotusApiImporter] findExistingCar() -> no match, will INSERT
[2026-07-24 20:26:08] [MotusApiImporter] insertCar() completed.
[2026-07-24 20:26:08] [MotusApiImporter] --- Processing row 42 (stock/sku: 1445895) ---
[2026-07-24 20:26:08] [MotusApiImporter] parseVehicle() OK — make=VOLKSWAGEN, model=T-CROSS, source_url=https://www.motusvw.co.za/midrand/showroom/625-vwmdf894000/0/, image_urls count=1
[2026-07-24 20:26:08] [MotusApiImporter] Skipped detail-page fetch for stock #1445895 — time budget already exhausted.
[2026-07-24 20:26:08] [MotusApiImporter] After enrichFromDetailPage() — engine_capacity_cc=NULL, image_urls count=1
[2026-07-24 20:26:08] [MotusApiImporter] findExistingCar() -> no match, will INSERT
[2026-07-24 20:26:08] [MotusApiImporter] insertCar() completed.
[2026-07-24 20:26:08] [MotusApiImporter] --- Processing row 43 (stock/sku: 1445907) ---
[2026-07-24 20:26:08] [MotusApiImporter] parseVehicle() OK — make=VOLKSWAGEN, model=TIGUAN, source_url=https://www.motusvw.co.za/midrand/showroom/625-vwmdf893709/0/, image_urls count=1
[2026-07-24 20:26:08] [MotusApiImporter] Skipped detail-page fetch for stock #1445907 — time budget already exhausted.
[2026-07-24 20:26:08] [MotusApiImporter] After enrichFromDetailPage() — engine_capacity_cc=NULL, image_urls count=1
[2026-07-24 20:26:08] [MotusApiImporter] findExistingCar() -> no match, will INSERT
[2026-07-24 20:26:08] [MotusApiImporter] insertCar() completed.
[2026-07-24 20:26:08] [MotusApiImporter] --- Processing row 44 (stock/sku: 1446283) ---
[2026-07-24 20:26:08] [MotusApiImporter] parseVehicle() OK — make=VOLKSWAGEN, model=TIGUAN, source_url=https://www.motusvw.co.za/midrand/showroom/625-vwmdf888104/0/, image_urls count=1
[2026-07-24 20:26:08] [MotusApiImporter] Skipped detail-page fetch for stock #1446283 — time budget already exhausted.
[2026-07-24 20:26:08] [MotusApiImporter] After enrichFromDetailPage() — engine_capacity_cc=NULL, image_urls count=1
[2026-07-24 20:26:08] [MotusApiImporter] findExistingCar() -> no match, will INSERT
[2026-07-24 20:26:08] [MotusApiImporter] insertCar() completed.
[2026-07-24 20:26:08] [MotusApiImporter] --- Processing row 45 (stock/sku: 1446223) ---
[2026-07-24 20:26:08] [MotusApiImporter] parseVehicle() OK — make=JEEP, model=RENEGADE, source_url=https://www.motusvw.co.za/midrand/showroom/625-vwmdf889687/1/, image_urls count=1
[2026-07-24 20:26:08] [MotusApiImporter] Skipped detail-page fetch for stock #1446223 — time budget already exhausted.
[2026-07-24 20:26:08] [MotusApiImporter] After enrichFromDetailPage() — engine_capacity_cc=NULL, image_urls count=1
[2026-07-24 20:26:08] [MotusApiImporter] findExistingCar() -> no match, will INSERT
[2026-07-24 20:26:08] [MotusApiImporter] insertCar() completed.
[2026-07-24 20:26:08] [MotusApiImporter] --- Processing row 46 (stock/sku: 1445923) ---
[2026-07-24 20:26:08] [MotusApiImporter] parseVehicle() OK — make=BMW, model=2 SERIES, source_url=https://www.motusvw.co.za/midrand/showroom/625-vwmdf893379/1/, image_urls count=1
[2026-07-24 20:26:08] [MotusApiImporter] Skipped detail-page fetch for stock #1445923 — time budget already exhausted.
[2026-07-24 20:26:08] [MotusApiImporter] After enrichFromDetailPage() — engine_capacity_cc=NULL, image_urls count=1
[2026-07-24 20:26:08] [MotusApiImporter] findExistingCar() -> no match, will INSERT
[2026-07-24 20:26:08] [MotusApiImporter] insertCar() completed.
[2026-07-24 20:26:08] [MotusApiImporter] --- Processing row 47 (stock/sku: 1445943) ---
[2026-07-24 20:26:08] [MotusApiImporter] parseVehicle() OK — make=FORD, model=ECOSPORT, source_url=https://www.motusvw.co.za/midrand/showroom/625-vwmdf893075/1/, image_urls count=1
[2026-07-24 20:26:08] [MotusApiImporter] Skipped detail-page fetch for stock #1445943 — time budget already exhausted.
[2026-07-24 20:26:08] [MotusApiImporter] After enrichFromDetailPage() — engine_capacity_cc=NULL, image_urls count=1
[2026-07-24 20:26:08] [MotusApiImporter] findExistingCar() -> no match, will INSERT
[2026-07-24 20:26:08] [MotusApiImporter] insertCar() completed.
[2026-07-24 20:26:08] [MotusApiImporter] --- Processing row 48 (stock/sku: 1446850) ---
[2026-07-24 20:26:08] [MotusApiImporter] parseVehicle() OK — make=VOLKSWAGEN, model=POLO, source_url=https://www.motusvw.co.za/midrand/showroom/625-vwmdf258260/1/, image_urls count=1
[2026-07-24 20:26:08] [MotusApiImporter] Skipped detail-page fetch for stock #1446850 — time budget already exhausted.
[2026-07-24 20:26:08] [MotusApiImporter] After enrichFromDetailPage() — engine_capacity_cc=NULL, image_urls count=1
[2026-07-24 20:26:08] [MotusApiImporter] findExistingCar() -> no match, will INSERT
[2026-07-24 20:26:08] [MotusApiImporter] insertCar() completed.
[2026-07-24 20:26:08] [MotusApiImporter] --- Processing row 49 (stock/sku: 1446505) ---
[2026-07-24 20:26:08] [MotusApiImporter] parseVehicle() OK — make=VOLKSWAGEN, model=POLO VIVO, source_url=https://www.motusvw.co.za/midrand/showroom/625-vwmdf608385/2/, image_urls count=1
[2026-07-24 20:26:08] [MotusApiImporter] Skipped detail-page fetch for stock #1446505 — time budget already exhausted.
[2026-07-24 20:26:08] [MotusApiImporter] After enrichFromDetailPage() — engine_capacity_cc=NULL, image_urls count=1
[2026-07-24 20:26:08] [MotusApiImporter] findExistingCar() -> no match, will INSERT
[2026-07-24 20:26:08] [MotusApiImporter] insertCar() completed.
[2026-07-24 20:26:08] [MotusApiImporter] --- Processing row 50 (stock/sku: 1446800) ---
[2026-07-24 20:26:08] [MotusApiImporter] parseVehicle() OK — make=VOLKSWAGEN, model=TIGUAN, source_url=https://www.motusvw.co.za/midrand/showroom/625-vwmdf829969/1/, image_urls count=1
[2026-07-24 20:26:08] [MotusApiImporter] Skipped detail-page fetch for stock #1446800 — time budget already exhausted.
[2026-07-24 20:26:08] [MotusApiImporter] After enrichFromDetailPage() — engine_capacity_cc=NULL, image_urls count=1
[2026-07-24 20:26:08] [MotusApiImporter] findExistingCar() -> no match, will INSERT
[2026-07-24 20:26:08] [MotusApiImporter] insertCar() completed.
[2026-07-24 20:26:08] [MotusApiImporter] --- Processing row 51 (stock/sku: 1446792) ---
[2026-07-24 20:26:08] [MotusApiImporter] parseVehicle() OK — make=VOLKSWAGEN, model=TIGUAN ALLSPACE, source_url=https://www.motusvw.co.za/midrand/showroom/625-vwmdf838290/1/, image_urls count=1
[2026-07-24 20:26:08] [MotusApiImporter] Skipped detail-page fetch for stock #1446792 — time budget already exhausted.
[2026-07-24 20:26:08] [MotusApiImporter] After enrichFromDetailPage() — engine_capacity_cc=NULL, image_urls count=1
[2026-07-24 20:26:08] [MotusApiImporter] findExistingCar() -> no match, will INSERT
[2026-07-24 20:26:08] [MotusApiImporter] insertCar() completed.
[2026-07-24 20:26:08] [MotusApiImporter] --- Processing row 52 (stock/sku: 1449899) ---
[2026-07-24 20:26:08] [MotusApiImporter] parseVehicle() OK — make=VOLKSWAGEN, model=POLO VIVO, source_url=https://www.motusvw.co.za/midrand/showroom/625-vwmdf896660/1/, image_urls count=1
[2026-07-24 20:26:08] [MotusApiImporter] Skipped detail-page fetch for stock #1449899 — time budget already exhausted.
[2026-07-24 20:26:08] [MotusApiImporter] After enrichFromDetailPage() — engine_capacity_cc=NULL, image_urls count=1
[2026-07-24 20:26:08] [MotusApiImporter] findExistingCar() -> no match, will INSERT
[2026-07-24 20:26:08] [MotusApiImporter] insertCar() completed.
[2026-07-24 20:26:08] [MotusApiImporter] --- Processing row 53 (stock/sku: 1446153) ---
[2026-07-24 20:26:08] [MotusApiImporter] parseVehicle() OK — make=VOLKSWAGEN, model=TIGUAN, source_url=https://www.motusvw.co.za/midrand/showroom/625-vwmdf762579/1/, image_urls count=1
[2026-07-24 20:26:08] [MotusApiImporter] Skipped detail-page fetch for stock #1446153 — time budget already exhausted.
[2026-07-24 20:26:08] [MotusApiImporter] After enrichFromDetailPage() — engine_capacity_cc=NULL, image_urls count=1
[2026-07-24 20:26:08] [MotusApiImporter] findExistingCar() -> no match, will INSERT
[2026-07-24 20:26:08] [MotusApiImporter] insertCar() completed.
[2026-07-24 20:26:08] [MotusApiImporter] --- Processing row 54 (stock/sku: 1446811) ---
[2026-07-24 20:26:08] [MotusApiImporter] parseVehicle() OK — make=FORD, model=ECOSPORT, source_url=https://www.motusvw.co.za/midrand/showroom/625-vwmdf889981/1/, image_urls count=1
[2026-07-24 20:26:08] [MotusApiImporter] Skipped detail-page fetch for stock #1446811 — time budget already exhausted.
[2026-07-24 20:26:08] [MotusApiImporter] After enrichFromDetailPage() — engine_capacity_cc=NULL, image_urls count=1
[2026-07-24 20:26:08] [MotusApiImporter] findExistingCar() -> no match, will INSERT
[2026-07-24 20:26:08] [MotusApiImporter] insertCar() completed.
[2026-07-24 20:26:08] [MotusApiImporter] --- Processing row 55 (stock/sku: 1445937) ---
[2026-07-24 20:26:08] [MotusApiImporter] parseVehicle() OK — make=FORD, model=FIGO, source_url=https://www.motusvw.co.za/midrand/showroom/625-vwmdf893195/1/, image_urls count=1
[2026-07-24 20:26:08] [MotusApiImporter] Skipped detail-page fetch for stock #1445937 — time budget already exhausted.
[2026-07-24 20:26:08] [MotusApiImporter] After enrichFromDetailPage() — engine_capacity_cc=NULL, image_urls count=1
[2026-07-24 20:26:08] [MotusApiImporter] findExistingCar() -> no match, will INSERT
[2026-07-24 20:26:08] [MotusApiImporter] insertCar() completed.
[2026-07-24 20:26:08] [MotusApiImporter] --- Processing row 56 (stock/sku: 1446382) ---
[2026-07-24 20:26:08] [MotusApiImporter] parseVehicle() OK — make=VOLKSWAGEN, model=AMAROK, source_url=https://www.motusvw.co.za/midrand/showroom/625-vwmdf421690/1/, image_urls count=1
[2026-07-24 20:26:08] [MotusApiImporter] Skipped detail-page fetch for stock #1446382 — time budget already exhausted.
[2026-07-24 20:26:08] [MotusApiImporter] After enrichFromDetailPage() — engine_capacity_cc=NULL, image_urls count=1
[2026-07-24 20:26:08] [MotusApiImporter] findExistingCar() -> no match, will INSERT
[2026-07-24 20:26:08] [MotusApiImporter] insertCar() completed.
[2026-07-24 20:26:08] [MotusApiImporter] --- Processing row 57 (stock/sku: 1446801) ---
[2026-07-24 20:26:08] [MotusApiImporter] parseVehicle() OK — make=VOLKSWAGEN, model=T-CROSS, source_url=https://www.motusvw.co.za/midrand/showroom/625-vwmdf423363/2/, image_urls count=1
[2026-07-24 20:26:08] [MotusApiImporter] Skipped detail-page fetch for stock #1446801 — time budget already exhausted.
[2026-07-24 20:26:08] [MotusApiImporter] After enrichFromDetailPage() — engine_capacity_cc=NULL, image_urls count=1
[2026-07-24 20:26:08] [MotusApiImporter] findExistingCar() -> no match, will INSERT
[2026-07-24 20:26:08] [MotusApiImporter] insertCar() completed.
[2026-07-24 20:26:08] [MotusApiImporter] --- Processing row 58 (stock/sku: 1446410) ---
[2026-07-24 20:26:08] [MotusApiImporter] parseVehicle() OK — make=VOLKSWAGEN, model=TRANSPORTER, source_url=https://www.motusvw.co.za/midrand/showroom/625-vwmdf886408/4/, image_urls count=1
[2026-07-24 20:26:08] [MotusApiImporter] Skipped detail-page fetch for stock #1446410 — time budget already exhausted.
[2026-07-24 20:26:08] [MotusApiImporter] After enrichFromDetailPage() — engine_capacity_cc=NULL, image_urls count=1
[2026-07-24 20:26:08] [MotusApiImporter] findExistingCar() -> no match, will INSERT
[2026-07-24 20:26:08] [MotusApiImporter] insertCar() completed.
[2026-07-24 20:26:08] [MotusApiImporter] --- Processing row 59 (stock/sku: 1445899) ---
[2026-07-24 20:26:08] [MotusApiImporter] parseVehicle() OK — make=VOLKSWAGEN, model=TRANSPORTER, source_url=https://www.motusvw.co.za/midrand/showroom/625-vwmdf893863/1/, image_urls count=1
[2026-07-24 20:26:08] [MotusApiImporter] Skipped detail-page fetch for stock #1445899 — time budget already exhausted.
[2026-07-24 20:26:08] [MotusApiImporter] After enrichFromDetailPage() — engine_capacity_cc=NULL, image_urls count=1
[2026-07-24 20:26:08] [MotusApiImporter] findExistingCar() -> no match, will INSERT
[2026-07-24 20:26:08] [MotusApiImporter] insertCar() completed.
[2026-07-24 20:26:08] [MotusApiImporter] --- Processing row 60 (stock/sku: 1446142) ---
[2026-07-24 20:26:08] [MotusApiImporter] parseVehicle() OK — make=BMW, model=4 SERIES, source_url=https://www.motusvw.co.za/midrand/showroom/625-vwmdf890748/1/, image_urls count=1
[2026-07-24 20:26:08] [MotusApiImporter] Skipped detail-page fetch for stock #1446142 — time budget already exhausted.
[2026-07-24 20:26:08] [MotusApiImporter] After enrichFromDetailPage() — engine_capacity_cc=NULL, image_urls count=1
[2026-07-24 20:26:08] [MotusApiImporter] findExistingCar() -> no match, will INSERT
[2026-07-24 20:26:08] [MotusApiImporter] insertCar() completed.
[2026-07-24 20:26:08] [MotusApiImporter] --- Processing row 61 (stock/sku: 1446010) ---
[2026-07-24 20:26:08] [MotusApiImporter] parseVehicle() OK — make=JAGUAR, model=F-PACE, source_url=https://www.motusvw.co.za/midrand/showroom/625-vwmdf892204/1/, image_urls count=1
[2026-07-24 20:26:08] [MotusApiImporter] Skipped detail-page fetch for stock #1446010 — time budget already exhausted.
[2026-07-24 20:26:08] [MotusApiImporter] After enrichFromDetailPage() — engine_capacity_cc=NULL, image_urls count=1
[2026-07-24 20:26:08] [MotusApiImporter] findExistingCar() -> no match, will INSERT
[2026-07-24 20:26:08] [MotusApiImporter] insertCar() completed.
[2026-07-24 20:26:08] [MotusApiImporter] --- Processing row 62 (stock/sku: 1448883) ---
[2026-07-24 20:26:08] [MotusApiImporter] parseVehicle() OK — make=KIA, model=RIO, source_url=https://www.motusvw.co.za/midrand/showroom/625-vwmvusc894215/1/, image_urls count=1
[2026-07-24 20:26:08] [MotusApiImporter] Skipped detail-page fetch for stock #1448883 — time budget already exhausted.
[2026-07-24 20:26:08] [MotusApiImporter] After enrichFromDetailPage() — engine_capacity_cc=NULL, image_urls count=1
[2026-07-24 20:26:08] [MotusApiImporter] findExistingCar() -> no match, will INSERT
[2026-07-24 20:26:08] [MotusApiImporter] insertCar() completed.
[2026-07-24 20:26:08] [MotusApiImporter] --- Processing row 63 (stock/sku: 1445715) ---
[2026-07-24 20:26:08] [MotusApiImporter] parseVehicle() OK — make=RENAULT, model=CLIO, source_url=https://www.motusvw.co.za/midrand/showroom/625-vwmdf896334/1/, image_urls count=1
[2026-07-24 20:26:08] [MotusApiImporter] Skipped detail-page fetch for stock #1445715 — time budget already exhausted.
[2026-07-24 20:26:08] [MotusApiImporter] After enrichFromDetailPage() — engine_capacity_cc=NULL, image_urls count=1
[2026-07-24 20:26:08] [MotusApiImporter] findExistingCar() -> no match, will INSERT
[2026-07-24 20:26:08] [MotusApiImporter] insertCar() completed.
[2026-07-24 20:26:08] [MotusApiImporter] --- Processing row 64 (stock/sku: 1445883) ---
[2026-07-24 20:26:08] [MotusApiImporter] parseVehicle() OK — make=VOLKSWAGEN, model=POLO VIVO, source_url=https://www.motusvw.co.za/midrand/showroom/625-vwmdf894125/2/, image_urls count=1
[2026-07-24 20:26:08] [MotusApiImporter] Skipped detail-page fetch for stock #1445883 — time budget already exhausted.
[2026-07-24 20:26:08] [MotusApiImporter] After enrichFromDetailPage() — engine_capacity_cc=NULL, image_urls count=1
[2026-07-24 20:26:08] [MotusApiImporter] findExistingCar() -> no match, will INSERT
[2026-07-24 20:26:08] [MotusApiImporter] insertCar() completed.
[2026-07-24 20:26:08] [MotusApiImporter] --- Processing row 65 (stock/sku: 1445714) ---
[2026-07-24 20:26:08] [MotusApiImporter] parseVehicle() OK — make=VOLKSWAGEN, model=POLO VIVO, source_url=https://www.motusvw.co.za/midrand/showroom/625-vwmdf896260/1/, image_urls count=1
[2026-07-24 20:26:08] [MotusApiImporter] Skipped detail-page fetch for stock #1445714 — time budget already exhausted.
[2026-07-24 20:26:08] [MotusApiImporter] After enrichFromDetailPage() — engine_capacity_cc=NULL, image_urls count=1
[2026-07-24 20:26:08] [MotusApiImporter] findExistingCar() -> no match, will INSERT
[2026-07-24 20:26:08] [MotusApiImporter] insertCar() completed.
[2026-07-24 20:26:08] [MotusApiImporter] --- Processing row 66 (stock/sku: 1446735) ---
[2026-07-24 20:26:08] [MotusApiImporter] parseVehicle() OK — make=VOLKSWAGEN, model=TAIGO, source_url=https://www.motusvw.co.za/midrand/showroom/625-vwmdf861673/2/, image_urls count=1
[2026-07-24 20:26:08] [MotusApiImporter] Skipped detail-page fetch for stock #1446735 — time budget already exhausted.
[2026-07-24 20:26:08] [MotusApiImporter] After enrichFromDetailPage() — engine_capacity_cc=NULL, image_urls count=1
[2026-07-24 20:26:08] [MotusApiImporter] findExistingCar() -> no match, will INSERT
[2026-07-24 20:26:08] [MotusApiImporter] insertCar() completed.
[2026-07-24 20:26:08] [MotusApiImporter] --- Processing row 67 (stock/sku: 1445959) ---
[2026-07-24 20:26:08] [MotusApiImporter] parseVehicle() OK — make=VOLKSWAGEN, model=TRANSPORTER, source_url=https://www.motusvw.co.za/midrand/showroom/625-vwmdf425954/1/, image_urls count=1
[2026-07-24 20:26:08] [MotusApiImporter] Skipped detail-page fetch for stock #1445959 — time budget already exhausted.
[2026-07-24 20:26:08] [MotusApiImporter] After enrichFromDetailPage() — engine_capacity_cc=NULL, image_urls count=1
[2026-07-24 20:26:08] [MotusApiImporter] findExistingCar() -> no match, will INSERT
[2026-07-24 20:26:08] [MotusApiImporter] insertCar() completed.
[2026-07-24 20:26:08] [MotusApiImporter] --- Processing row 68 (stock/sku: 1446051) ---
[2026-07-24 20:26:08] [MotusApiImporter] parseVehicle() OK — make=VOLKSWAGEN, model=AMAROK, source_url=https://www.motusvw.co.za/midrand/showroom/625-vwmdf891606/1/, image_urls count=1
[2026-07-24 20:26:08] [MotusApiImporter] Skipped detail-page fetch for stock #1446051 — time budget already exhausted.
[2026-07-24 20:26:08] [MotusApiImporter] After enrichFromDetailPage() — engine_capacity_cc=NULL, image_urls count=1
[2026-07-24 20:26:08] [MotusApiImporter] findExistingCar() -> no match, will INSERT
[2026-07-24 20:26:08] [MotusApiImporter] insertCar() completed.
[2026-07-24 20:26:08] [MotusApiImporter] --- Processing row 69 (stock/sku: 1446086) ---
[2026-07-24 20:26:08] [MotusApiImporter] parseVehicle() OK — make=VOLKSWAGEN, model=POLO, source_url=https://www.motusvw.co.za/midrand/showroom/625-vwmdf891191/1/, image_urls count=1
[2026-07-24 20:26:08] [MotusApiImporter] Skipped detail-page fetch for stock #1446086 — time budget already exhausted.
[2026-07-24 20:26:08] [MotusApiImporter] After enrichFromDetailPage() — engine_capacity_cc=NULL, image_urls count=1
[2026-07-24 20:26:08] [MotusApiImporter] findExistingCar() -> no match, will INSERT
[2026-07-24 20:26:08] [MotusApiImporter] insertCar() completed.
[2026-07-24 20:26:08] [MotusApiImporter] --- Processing row 70 (stock/sku: 1446654) ---
[2026-07-24 20:26:08] [MotusApiImporter] parseVehicle() OK — make=AUDI, model=Q2, source_url=https://www.motusvw.co.za/midrand/showroom/625-vwmdf872129/1/, image_urls count=1
[2026-07-24 20:26:08] [MotusApiImporter] Skipped detail-page fetch for stock #1446654 — time budget already exhausted.
[2026-07-24 20:26:08] [MotusApiImporter] After enrichFromDetailPage() — engine_capacity_cc=NULL, image_urls count=1
[2026-07-24 20:26:08] [MotusApiImporter] findExistingCar() -> no match, will INSERT
[2026-07-24 20:26:08] [MotusApiImporter] insertCar() completed.
[2026-07-24 20:26:08] [MotusApiImporter] --- Processing row 71 (stock/sku: 1449184) ---
[2026-07-24 20:26:08] [MotusApiImporter] parseVehicle() OK — make=FORD, model=RANGER, source_url=https://www.motusvw.co.za/midrand/showroom/625-vwmdf895758/1/, image_urls count=1
[2026-07-24 20:26:08] [MotusApiImporter] Skipped detail-page fetch for stock #1449184 — time budget already exhausted.
[2026-07-24 20:26:08] [MotusApiImporter] After enrichFromDetailPage() — engine_capacity_cc=NULL, image_urls count=1
[2026-07-24 20:26:08] [MotusApiImporter] findExistingCar() -> no match, will INSERT
[2026-07-24 20:26:08] [MotusApiImporter] insertCar() completed.
[2026-07-24 20:26:08] [MotusApiImporter] --- Processing row 72 (stock/sku: 1448032) ---
[2026-07-24 20:26:08] [MotusApiImporter] parseVehicle() OK — make=HYUNDAI, model=GRAND CRETA, source_url=https://www.motusvw.co.za/midrand/showroom/625-vwmvusc853094/1/, image_urls count=1
[2026-07-24 20:26:08] [MotusApiImporter] Skipped detail-page fetch for stock #1448032 — time budget already exhausted.
[2026-07-24 20:26:08] [MotusApiImporter] After enrichFromDetailPage() — engine_capacity_cc=NULL, image_urls count=1
[2026-07-24 20:26:08] [MotusApiImporter] findExistingCar() -> no match, will INSERT
[2026-07-24 20:26:08] [MotusApiImporter] insertCar() completed.
[2026-07-24 20:26:08] [MotusApiImporter] --- Processing row 73 (stock/sku: 1446809) ---
[2026-07-24 20:26:08] [MotusApiImporter] parseVehicle() OK — make=KIA, model=PICANTO, source_url=https://www.motusvw.co.za/midrand/showroom/625-vwmdf894445/1/, image_urls count=1
[2026-07-24 20:26:08] [MotusApiImporter] Skipped detail-page fetch for stock #1446809 — time budget already exhausted.
[2026-07-24 20:26:08] [MotusApiImporter] After enrichFromDetailPage() — engine_capacity_cc=NULL, image_urls count=1
[2026-07-24 20:26:08] [MotusApiImporter] findExistingCar() -> no match, will INSERT
[2026-07-24 20:26:08] [MotusApiImporter] insertCar() completed.
[2026-07-24 20:26:08] [MotusApiImporter] --- Processing row 74 (stock/sku: 1446810) ---
[2026-07-24 20:26:08] [MotusApiImporter] parseVehicle() OK — make=NISSAN, model=MAGNITE, source_url=https://www.motusvw.co.za/midrand/showroom/625-vwmdf894838/1/, image_urls count=1
[2026-07-24 20:26:08] [MotusApiImporter] Skipped detail-page fetch for stock #1446810 — time budget already exhausted.
[2026-07-24 20:26:08] [MotusApiImporter] After enrichFromDetailPage() — engine_capacity_cc=NULL, image_urls count=1
[2026-07-24 20:26:08] [MotusApiImporter] findExistingCar() -> no match, will INSERT
[2026-07-24 20:26:08] [MotusApiImporter] insertCar() completed.
[2026-07-24 20:26:08] [MotusApiImporter] --- Processing row 75 (stock/sku: 1446523) ---
[2026-07-24 20:26:08] [MotusApiImporter] parseVehicle() OK — make=TOYOTA, model=COROLLA CROSS, source_url=https://www.motusvw.co.za/midrand/showroom/625-bm037used896315/1/, image_urls count=1
[2026-07-24 20:26:08] [MotusApiImporter] Skipped detail-page fetch for stock #1446523 — time budget already exhausted.
[2026-07-24 20:26:08] [MotusApiImporter] After enrichFromDetailPage() — engine_capacity_cc=NULL, image_urls count=1
[2026-07-24 20:26:08] [MotusApiImporter] findExistingCar() -> no match, will INSERT
[2026-07-24 20:26:08] [MotusApiImporter] insertCar() completed.
[2026-07-24 20:26:08] [MotusApiImporter] --- Processing row 76 (stock/sku: 1445994) ---
[2026-07-24 20:26:08] [MotusApiImporter] parseVehicle() OK — make=TOYOTA, model=HILUX, source_url=https://www.motusvw.co.za/midrand/showroom/625-vwmdf892356/1/, image_urls count=1
[2026-07-24 20:26:08] [MotusApiImporter] Skipped detail-page fetch for stock #1445994 — time budget already exhausted.
[2026-07-24 20:26:08] [MotusApiImporter] After enrichFromDetailPage() — engine_capacity_cc=NULL, image_urls count=1
[2026-07-24 20:26:08] [MotusApiImporter] findExistingCar() -> no match, will INSERT
[2026-07-24 20:26:08] [MotusApiImporter] insertCar() completed.
[2026-07-24 20:26:08] [MotusApiImporter] --- Processing row 77 (stock/sku: 1446028) ---
[2026-07-24 20:26:08] [MotusApiImporter] parseVehicle() OK — make=VOLKSWAGEN, model=AMAROK, source_url=https://www.motusvw.co.za/midrand/showroom/625-vwmdf850170/1/, image_urls count=1
[2026-07-24 20:26:08] [MotusApiImporter] Skipped detail-page fetch for stock #1446028 — time budget already exhausted.
[2026-07-24 20:26:08] [MotusApiImporter] After enrichFromDetailPage() — engine_capacity_cc=NULL, image_urls count=1
[2026-07-24 20:26:08] [MotusApiImporter] findExistingCar() -> no match, will INSERT
[2026-07-24 20:26:08] [MotusApiImporter] insertCar() completed.
[2026-07-24 20:26:08] [MotusApiImporter] --- Processing row 78 (stock/sku: 1445881) ---
[2026-07-24 20:26:08] [MotusApiImporter] parseVehicle() OK — make=VOLKSWAGEN, model=POLO, source_url=https://www.motusvw.co.za/midrand/showroom/625-vwmdf894037/1/, image_urls count=1
[2026-07-24 20:26:08] [MotusApiImporter] Skipped detail-page fetch for stock #1445881 — time budget already exhausted.
[2026-07-24 20:26:08] [MotusApiImporter] After enrichFromDetailPage() — engine_capacity_cc=NULL, image_urls count=1
[2026-07-24 20:26:08] [MotusApiImporter] findExistingCar() -> no match, will INSERT
[2026-07-24 20:26:08] [MotusApiImporter] insertCar() completed.
[2026-07-24 20:26:08] [MotusApiImporter] --- Processing row 79 (stock/sku: 1446323) ---
[2026-07-24 20:26:08] [MotusApiImporter] parseVehicle() OK — make=VOLKSWAGEN, model=POLO, source_url=https://www.motusvw.co.za/midrand/showroom/625-vwmdf888345/1/, image_urls count=1
[2026-07-24 20:26:08] [MotusApiImporter] Skipped detail-page fetch for stock #1446323 — time budget already exhausted.
[2026-07-24 20:26:08] [MotusApiImporter] After enrichFromDetailPage() — engine_capacity_cc=NULL, image_urls count=1
[2026-07-24 20:26:08] [MotusApiImporter] findExistingCar() -> no match, will INSERT
[2026-07-24 20:26:08] [MotusApiImporter] insertCar() completed.
[2026-07-24 20:26:08] [MotusApiImporter] --- Processing row 80 (stock/sku: 1446790) ---
[2026-07-24 20:26:08] [MotusApiImporter] parseVehicle() OK — make=VOLKSWAGEN, model=T-CROSS, source_url=https://www.motusvw.co.za/midrand/showroom/625-vwmdf839567/1/, image_urls count=1
[2026-07-24 20:26:08] [MotusApiImporter] Skipped detail-page fetch for stock #1446790 — time budget already exhausted.
[2026-07-24 20:26:08] [MotusApiImporter] After enrichFromDetailPage() — engine_capacity_cc=NULL, image_urls count=1
[2026-07-24 20:26:08] [MotusApiImporter] findExistingCar() -> no match, will INSERT
[2026-07-24 20:26:08] [MotusApiImporter] insertCar() completed.
[2026-07-24 20:26:08] [MotusApiImporter] --- Processing row 81 (stock/sku: 1446786) ---
[2026-07-24 20:26:08] [MotusApiImporter] parseVehicle() OK — make=VOLKSWAGEN, model=T-CROSS, source_url=https://www.motusvw.co.za/midrand/showroom/625-vwmdf843717/8/, image_urls count=1
[2026-07-24 20:26:08] [MotusApiImporter] Skipped detail-page fetch for stock #1446786 — time budget already exhausted.
[2026-07-24 20:26:08] [MotusApiImporter] After enrichFromDetailPage() — engine_capacity_cc=NULL, image_urls count=1
[2026-07-24 20:26:08] [MotusApiImporter] findExistingCar() -> no match, will INSERT
[2026-07-24 20:26:08] [MotusApiImporter] insertCar() completed.
[2026-07-24 20:26:08] [MotusApiImporter] --- Processing row 82 (stock/sku: 1445882) ---
[2026-07-24 20:26:08] [MotusApiImporter] parseVehicle() OK — make=VOLKSWAGEN, model=T-ROC, source_url=https://www.motusvw.co.za/midrand/showroom/625-vwmdf894108/1/, image_urls count=1
[2026-07-24 20:26:08] [MotusApiImporter] Skipped detail-page fetch for stock #1445882 — time budget already exhausted.
[2026-07-24 20:26:08] [MotusApiImporter] After enrichFromDetailPage() — engine_capacity_cc=NULL, image_urls count=1
[2026-07-24 20:26:08] [MotusApiImporter] findExistingCar() -> no match, will INSERT
[2026-07-24 20:26:08] [MotusApiImporter] insertCar() completed.
[2026-07-24 20:26:08] [MotusApiImporter] --- Processing row 83 (stock/sku: 1445751) ---
[2026-07-24 20:26:08] [MotusApiImporter] parseVehicle() OK — make=VOLKSWAGEN, model=TAIGO, source_url=https://www.motusvw.co.za/midrand/showroom/625-vwmdf874038/1/, image_urls count=1
[2026-07-24 20:26:08] [MotusApiImporter] Skipped detail-page fetch for stock #1445751 — time budget already exhausted.
[2026-07-24 20:26:08] [MotusApiImporter] After enrichFromDetailPage() — engine_capacity_cc=NULL, image_urls count=1
[2026-07-24 20:26:08] [MotusApiImporter] findExistingCar() -> no match, will INSERT
[2026-07-24 20:26:08] [MotusApiImporter] insertCar() completed.
[2026-07-24 20:26:08] [MotusApiImporter] --- Processing row 84 (stock/sku: 1446249) ---
[2026-07-24 20:26:08] [MotusApiImporter] parseVehicle() OK — make=SUZUKI, model=SWIFT, source_url=https://www.motusvw.co.za/midrand/showroom/625-vwmdf889410/1/, image_urls count=1
[2026-07-24 20:26:08] [MotusApiImporter] Skipped detail-page fetch for stock #1446249 — time budget already exhausted.
[2026-07-24 20:26:08] [MotusApiImporter] After enrichFromDetailPage() — engine_capacity_cc=NULL, image_urls count=1
[2026-07-24 20:26:08] [MotusApiImporter] findExistingCar() -> no match, will INSERT
[2026-07-24 20:26:08] [MotusApiImporter] insertCar() completed.
[2026-07-24 20:26:08] [MotusApiImporter] --- Processing row 85 (stock/sku: 1445799) ---
[2026-07-24 20:26:08] [MotusApiImporter] parseVehicle() OK — make=SUZUKI, model=SWIFT, source_url=https://www.motusvw.co.za/midrand/showroom/625-vwmdf895482/1/, image_urls count=1
[2026-07-24 20:26:08] [MotusApiImporter] Skipped detail-page fetch for stock #1445799 — time budget already exhausted.
[2026-07-24 20:26:08] [MotusApiImporter] After enrichFromDetailPage() — engine_capacity_cc=NULL, image_urls count=1
[2026-07-24 20:26:08] [MotusApiImporter] findExistingCar() -> no match, will INSERT
[2026-07-24 20:26:08] [MotusApiImporter] insertCar() completed.
[2026-07-24 20:26:08] [MotusApiImporter] --- Processing row 86 (stock/sku: 1445871) ---
[2026-07-24 20:26:08] [MotusApiImporter] parseVehicle() OK — make=SUZUKI, model=SWIFT, source_url=https://www.motusvw.co.za/midrand/showroom/625-vwmdf894155/1/, image_urls count=1
[2026-07-24 20:26:08] [MotusApiImporter] Skipped detail-page fetch for stock #1445871 — time budget already exhausted.
[2026-07-24 20:26:08] [MotusApiImporter] After enrichFromDetailPage() — engine_capacity_cc=NULL, image_urls count=1
[2026-07-24 20:26:08] [MotusApiImporter] findExistingCar() -> no match, will INSERT
[2026-07-24 20:26:08] [MotusApiImporter] insertCar() completed.
[2026-07-24 20:26:08] [MotusApiImporter] --- Processing row 87 (stock/sku: 1445800) ---
[2026-07-24 20:26:08] [MotusApiImporter] parseVehicle() OK — make=SUZUKI, model=SWIFT, source_url=https://www.motusvw.co.za/midrand/showroom/625-vwmdf895483/1/, image_urls count=1
[2026-07-24 20:26:08] [MotusApiImporter] Skipped detail-page fetch for stock #1445800 — time budget already exhausted.
[2026-07-24 20:26:08] [MotusApiImporter] After enrichFromDetailPage() — engine_capacity_cc=NULL, image_urls count=1
[2026-07-24 20:26:08] [MotusApiImporter] findExistingCar() -> no match, will INSERT
[2026-07-24 20:26:08] [MotusApiImporter] insertCar() completed.
[2026-07-24 20:26:08] [MotusApiImporter] --- Processing row 88 (stock/sku: 1446293) ---
[2026-07-24 20:26:08] [MotusApiImporter] parseVehicle() OK — make=TOYOTA, model=STARLET, source_url=https://www.motusvw.co.za/midrand/showroom/625-vwmdf888699/1/, image_urls count=1
[2026-07-24 20:26:08] [MotusApiImporter] Skipped detail-page fetch for stock #1446293 — time budget already exhausted.
[2026-07-24 20:26:08] [MotusApiImporter] After enrichFromDetailPage() — engine_capacity_cc=NULL, image_urls count=1
[2026-07-24 20:26:08] [MotusApiImporter] findExistingCar() -> no match, will INSERT
[2026-07-24 20:26:08] [MotusApiImporter] insertCar() completed.
[2026-07-24 20:26:08] [MotusApiImporter] --- Processing row 89 (stock/sku: 1446743) ---
[2026-07-24 20:26:08] [MotusApiImporter] parseVehicle() OK — make=VOLKSWAGEN, model=AMAROK, source_url=https://www.motusvw.co.za/midrand/showroom/625-vwmdf861452/1/, image_urls count=1
[2026-07-24 20:26:08] [MotusApiImporter] Skipped detail-page fetch for stock #1446743 — time budget already exhausted.
[2026-07-24 20:26:08] [MotusApiImporter] After enrichFromDetailPage() — engine_capacity_cc=NULL, image_urls count=1
[2026-07-24 20:26:08] [MotusApiImporter] findExistingCar() -> no match, will INSERT
[2026-07-24 20:26:08] [MotusApiImporter] insertCar() completed.
[2026-07-24 20:26:08] [MotusApiImporter] --- Processing row 90 (stock/sku: 1446558) ---
[2026-07-24 20:26:08] [MotusApiImporter] parseVehicle() OK — make=VOLKSWAGEN, model=POLO, source_url=https://www.motusvw.co.za/midrand/showroom/625-vwmdf876638/1/, image_urls count=1
[2026-07-24 20:26:08] [MotusApiImporter] Skipped detail-page fetch for stock #1446558 — time budget already exhausted.
[2026-07-24 20:26:08] [MotusApiImporter] After enrichFromDetailPage() — engine_capacity_cc=NULL, image_urls count=1
[2026-07-24 20:26:08] [MotusApiImporter] findExistingCar() -> no match, will INSERT
[2026-07-24 20:26:08] [MotusApiImporter] insertCar() completed.
[2026-07-24 20:26:08] [MotusApiImporter] --- Processing row 91 (stock/sku: 1446729) ---
[2026-07-24 20:26:08] [MotusApiImporter] parseVehicle() OK — make=VOLKSWAGEN, model=POLO, source_url=https://www.motusvw.co.za/midrand/showroom/625-vwmdf864742/3/, image_urls count=1
[2026-07-24 20:26:08] [MotusApiImporter] Skipped detail-page fetch for stock #1446729 — time budget already exhausted.
[2026-07-24 20:26:08] [MotusApiImporter] After enrichFromDetailPage() — engine_capacity_cc=NULL, image_urls count=1
[2026-07-24 20:26:08] [MotusApiImporter] findExistingCar() -> no match, will INSERT
[2026-07-24 20:26:08] [MotusApiImporter] insertCar() completed.
[2026-07-24 20:26:08] [MotusApiImporter] --- Processing row 92 (stock/sku: 1446763) ---
[2026-07-24 20:26:08] [MotusApiImporter] parseVehicle() OK — make=VOLKSWAGEN, model=POLO VIVO, source_url=https://www.motusvw.co.za/midrand/showroom/625-vwmdf858161/1/, image_urls count=1
[2026-07-24 20:26:08] [MotusApiImporter] Skipped detail-page fetch for stock #1446763 — time budget already exhausted.
[2026-07-24 20:26:08] [MotusApiImporter] After enrichFromDetailPage() — engine_capacity_cc=NULL, image_urls count=1
[2026-07-24 20:26:08] [MotusApiImporter] findExistingCar() -> no match, will INSERT
[2026-07-24 20:26:08] [MotusApiImporter] insertCar() completed.
[2026-07-24 20:26:08] [MotusApiImporter] --- Processing row 93 (stock/sku: 1446755) ---
[2026-07-24 20:26:08] [MotusApiImporter] parseVehicle() OK — make=VOLKSWAGEN, model=POLO VIVO, source_url=https://www.motusvw.co.za/midrand/showroom/625-vwmdf859179/4/, image_urls count=1
[2026-07-24 20:26:08] [MotusApiImporter] Skipped detail-page fetch for stock #1446755 — time budget already exhausted.
[2026-07-24 20:26:08] [MotusApiImporter] After enrichFromDetailPage() — engine_capacity_cc=NULL, image_urls count=1
[2026-07-24 20:26:08] [MotusApiImporter] findExistingCar() -> no match, will INSERT
[2026-07-24 20:26:08] [MotusApiImporter] insertCar() completed.
[2026-07-24 20:26:08] [MotusApiImporter] --- Processing row 94 (stock/sku: 1446746) ---
[2026-07-24 20:26:08] [MotusApiImporter] parseVehicle() OK — make=VOLKSWAGEN, model=POLO VIVO, source_url=https://www.motusvw.co.za/midrand/showroom/625-vwmdf860907/1/, image_urls count=1
[2026-07-24 20:26:08] [MotusApiImporter] Skipped detail-page fetch for stock #1446746 — time budget already exhausted.
[2026-07-24 20:26:08] [MotusApiImporter] After enrichFromDetailPage() — engine_capacity_cc=NULL, image_urls count=1
[2026-07-24 20:26:08] [MotusApiImporter] findExistingCar() -> no match, will INSERT
[2026-07-24 20:26:08] [MotusApiImporter] insertCar() completed.
[2026-07-24 20:26:08] [MotusApiImporter] --- Processing row 95 (stock/sku: 1446711) ---
[2026-07-24 20:26:08] [MotusApiImporter] parseVehicle() OK — make=VOLKSWAGEN, model=POLO VIVO, source_url=https://www.motusvw.co.za/midrand/showroom/625-vwmdf868173/2/, image_urls count=1
[2026-07-24 20:26:08] [MotusApiImporter] Skipped detail-page fetch for stock #1446711 — time budget already exhausted.
[2026-07-24 20:26:08] [MotusApiImporter] After enrichFromDetailPage() — engine_capacity_cc=NULL, image_urls count=1
[2026-07-24 20:26:08] [MotusApiImporter] findExistingCar() -> no match, will INSERT
[2026-07-24 20:26:08] [MotusApiImporter] insertCar() completed.
[2026-07-24 20:26:08] [MotusApiImporter] --- Processing row 96 (stock/sku: 1446694) ---
[2026-07-24 20:26:08] [MotusApiImporter] parseVehicle() OK — make=VOLKSWAGEN, model=POLO VIVO, source_url=https://www.motusvw.co.za/midrand/showroom/625-vwmdf869665/2/, image_urls count=1
[2026-07-24 20:26:08] [MotusApiImporter] Skipped detail-page fetch for stock #1446694 — time budget already exhausted.
[2026-07-24 20:26:08] [MotusApiImporter] After enrichFromDetailPage() — engine_capacity_cc=NULL, image_urls count=1
[2026-07-24 20:26:08] [MotusApiImporter] findExistingCar() -> no match, will INSERT
[2026-07-24 20:26:08] [MotusApiImporter] insertCar() completed.
[2026-07-24 20:26:08] [MotusApiImporter] --- Processing row 97 (stock/sku: 1446751) ---
[2026-07-24 20:26:08] [MotusApiImporter] parseVehicle() OK — make=VOLKSWAGEN, model=T-CROSS, source_url=https://www.motusvw.co.za/midrand/showroom/625-vwmdf860129/3/, image_urls count=1
[2026-07-24 20:26:08] [MotusApiImporter] Skipped detail-page fetch for stock #1446751 — time budget already exhausted.
[2026-07-24 20:26:08] [MotusApiImporter] After enrichFromDetailPage() — engine_capacity_cc=NULL, image_urls count=1
[2026-07-24 20:26:08] [MotusApiImporter] findExistingCar() -> no match, will INSERT
[2026-07-24 20:26:08] [MotusApiImporter] insertCar() completed.
[2026-07-24 20:26:08] [MotusApiImporter] --- Processing row 98 (stock/sku: 1446720) ---
[2026-07-24 20:26:08] [MotusApiImporter] parseVehicle() OK — make=VOLKSWAGEN, model=TAIGO, source_url=https://www.motusvw.co.za/midrand/showroom/625-vwmdf859177/2/, image_urls count=1
[2026-07-24 20:26:08] [MotusApiImporter] Skipped detail-page fetch for stock #1446720 — time budget already exhausted.
[2026-07-24 20:26:08] [MotusApiImporter] After enrichFromDetailPage() — engine_capacity_cc=NULL, image_urls count=1
[2026-07-24 20:26:08] [MotusApiImporter] findExistingCar() -> no match, will INSERT
[2026-07-24 20:26:08] [MotusApiImporter] insertCar() completed.
[2026-07-24 20:26:08] [MotusApiImporter] --- Processing row 99 (stock/sku: 1446118) ---
[2026-07-24 20:26:08] [MotusApiImporter] parseVehicle() OK — make=MG, model=HS, source_url=https://www.motusvw.co.za/midrand/showroom/625-vwmdf890989/1/, image_urls count=1
[2026-07-24 20:26:08] [MotusApiImporter] Skipped detail-page fetch for stock #1446118 — time budget already exhausted.
[2026-07-24 20:26:08] [MotusApiImporter] After enrichFromDetailPage() — engine_capacity_cc=NULL, image_urls count=1
[2026-07-24 20:26:08] [MotusApiImporter] findExistingCar() -> no match, will INSERT
[2026-07-24 20:26:08] [MotusApiImporter] insertCar() completed.
[2026-07-24 20:26:08] [MotusApiImporter] --- Processing row 100 (stock/sku: 1446119) ---
[2026-07-24 20:26:08] [MotusApiImporter] parseVehicle() OK — make=MG, model=MG3, source_url=https://www.motusvw.co.za/midrand/showroom/625-vwmdf890997/1/, image_urls count=1
[2026-07-24 20:26:08] [MotusApiImporter] Skipped detail-page fetch for stock #1446119 — time budget already exhausted.
[2026-07-24 20:26:08] [MotusApiImporter] After enrichFromDetailPage() — engine_capacity_cc=NULL, image_urls count=1
[2026-07-24 20:26:08] [MotusApiImporter] findExistingCar() -> no match, will INSERT
[2026-07-24 20:26:08] [MotusApiImporter] insertCar() completed.
[2026-07-24 20:26:08] [MotusApiImporter] --- Processing row 101 (stock/sku: 1446188) ---
[2026-07-24 20:26:08] [MotusApiImporter] parseVehicle() OK — make=TATA, model=TIAGO, source_url=https://www.motusvw.co.za/midrand/showroom/625-vwmdf891531/1/, image_urls count=1
[2026-07-24 20:26:08] [MotusApiImporter] Skipped detail-page fetch for stock #1446188 — time budget already exhausted.
[2026-07-24 20:26:08] [MotusApiImporter] After enrichFromDetailPage() — engine_capacity_cc=NULL, image_urls count=1
[2026-07-24 20:26:08] [MotusApiImporter] findExistingCar() -> no match, will INSERT
[2026-07-24 20:26:08] [MotusApiImporter] insertCar() completed.
[2026-07-24 20:26:08] [MotusApiImporter] --- Processing row 102 (stock/sku: 1446482) ---
[2026-07-24 20:26:08] [MotusApiImporter] parseVehicle() OK — make=VOLKSWAGEN, model=AMAROK, source_url=https://www.motusvw.co.za/midrand/showroom/625-vwmdf885078/1/, image_urls count=1
[2026-07-24 20:26:08] [MotusApiImporter] Skipped detail-page fetch for stock #1446482 — time budget already exhausted.
[2026-07-24 20:26:08] [MotusApiImporter] After enrichFromDetailPage() — engine_capacity_cc=NULL, image_urls count=1
[2026-07-24 20:26:08] [MotusApiImporter] findExistingCar() -> no match, will INSERT
[2026-07-24 20:26:08] [MotusApiImporter] insertCar() completed.
[2026-07-24 20:26:08] [MotusApiImporter] --- Processing row 103 (stock/sku: 1446648) ---
[2026-07-24 20:26:08] [MotusApiImporter] parseVehicle() OK — make=VOLKSWAGEN, model=CADDY, source_url=https://www.motusvw.co.za/midrand/showroom/625-vwmdf872377/1/, image_urls count=1
[2026-07-24 20:26:08] [MotusApiImporter] Skipped detail-page fetch for stock #1446648 — time budget already exhausted.
[2026-07-24 20:26:08] [MotusApiImporter] After enrichFromDetailPage() — engine_capacity_cc=NULL, image_urls count=1
[2026-07-24 20:26:08] [MotusApiImporter] findExistingCar() -> no match, will INSERT
[2026-07-24 20:26:08] [MotusApiImporter] insertCar() completed.
[2026-07-24 20:26:08] [MotusApiImporter] --- Processing row 104 (stock/sku: 1445922) ---
[2026-07-24 20:26:08] [MotusApiImporter] parseVehicle() OK — make=VOLKSWAGEN, model=POLO VIVO, source_url=https://www.motusvw.co.za/midrand/showroom/625-vwmdf893350/1/, image_urls count=1
[2026-07-24 20:26:08] [MotusApiImporter] Skipped detail-page fetch for stock #1445922 — time budget already exhausted.
[2026-07-24 20:26:08] [MotusApiImporter] After enrichFromDetailPage() — engine_capacity_cc=NULL, image_urls count=1
[2026-07-24 20:26:08] [MotusApiImporter] findExistingCar() -> no match, will INSERT
[2026-07-24 20:26:08] [MotusApiImporter] insertCar() completed.
[2026-07-24 20:26:08] [MotusApiImporter] --- Processing row 105 (stock/sku: 1446628) ---
[2026-07-24 20:26:08] [MotusApiImporter] parseVehicle() OK — make=VOLKSWAGEN, model=POLO VIVO, source_url=https://www.motusvw.co.za/midrand/showroom/625-vwmdf873548/2/, image_urls count=1
[2026-07-24 20:26:08] [MotusApiImporter] Skipped detail-page fetch for stock #1446628 — time budget already exhausted.
[2026-07-24 20:26:08] [MotusApiImporter] After enrichFromDetailPage() — engine_capacity_cc=NULL, image_urls count=1
[2026-07-24 20:26:08] [MotusApiImporter] findExistingCar() -> no match, will INSERT
[2026-07-24 20:26:08] [MotusApiImporter] insertCar() completed.
[2026-07-24 20:26:08] [MotusApiImporter] --- Processing row 106 (stock/sku: 1446506) ---
[2026-07-24 20:26:08] [MotusApiImporter] parseVehicle() OK — make=VOLKSWAGEN, model=POLO VIVO, source_url=https://www.motusvw.co.za/midrand/showroom/625-vwmdf884657/2/, image_urls count=1
[2026-07-24 20:26:08] [MotusApiImporter] Skipped detail-page fetch for stock #1446506 — time budget already exhausted.
[2026-07-24 20:26:08] [MotusApiImporter] After enrichFromDetailPage() — engine_capacity_cc=NULL, image_urls count=1
[2026-07-24 20:26:08] [MotusApiImporter] findExistingCar() -> no match, will INSERT
[2026-07-24 20:26:08] [MotusApiImporter] insertCar() completed.
[2026-07-24 20:26:08] [MotusApiImporter] --- Processing row 107 (stock/sku: 1446432) ---
[2026-07-24 20:26:08] [MotusApiImporter] parseVehicle() OK — make=VOLKSWAGEN, model=POLO VIVO, source_url=https://www.motusvw.co.za/midrand/showroom/625-vwmdf886086/1/, image_urls count=1
[2026-07-24 20:26:08] [MotusApiImporter] Skipped detail-page fetch for stock #1446432 — time budget already exhausted.
[2026-07-24 20:26:08] [MotusApiImporter] After enrichFromDetailPage() — engine_capacity_cc=NULL, image_urls count=1
[2026-07-24 20:26:08] [MotusApiImporter] findExistingCar() -> no match, will INSERT
[2026-07-24 20:26:08] [MotusApiImporter] insertCar() completed.
[2026-07-24 20:26:08] [MotusApiImporter] --- Processing row 108 (stock/sku: 1446409) ---
[2026-07-24 20:26:08] [MotusApiImporter] parseVehicle() OK — make=VOLKSWAGEN, model=POLO VIVO, source_url=https://www.motusvw.co.za/midrand/showroom/625-vwmdf886385/1/, image_urls count=1
[2026-07-24 20:26:08] [MotusApiImporter] Skipped detail-page fetch for stock #1446409 — time budget already exhausted.
[2026-07-24 20:26:08] [MotusApiImporter] After enrichFromDetailPage() — engine_capacity_cc=NULL, image_urls count=1
[2026-07-24 20:26:08] [MotusApiImporter] findExistingCar() -> no match, will INSERT
[2026-07-24 20:26:08] [MotusApiImporter] insertCar() completed.
[2026-07-24 20:26:08] [MotusApiImporter] --- Processing row 109 (stock/sku: 1446322) ---
[2026-07-24 20:26:08] [MotusApiImporter] parseVehicle() OK — make=VOLKSWAGEN, model=POLO VIVO, source_url=https://www.motusvw.co.za/midrand/showroom/625-vwmdf888339/1/, image_urls count=1
[2026-07-24 20:26:08] [MotusApiImporter] Skipped detail-page fetch for stock #1446322 — time budget already exhausted.
[2026-07-24 20:26:08] [MotusApiImporter] After enrichFromDetailPage() — engine_capacity_cc=NULL, image_urls count=1
[2026-07-24 20:26:08] [MotusApiImporter] findExistingCar() -> no match, will INSERT
[2026-07-24 20:26:08] [MotusApiImporter] insertCar() completed.
[2026-07-24 20:26:08] [MotusApiImporter] --- Processing row 110 (stock/sku: 1446321) ---
[2026-07-24 20:26:08] [MotusApiImporter] parseVehicle() OK — make=VOLKSWAGEN, model=POLO VIVO, source_url=https://www.motusvw.co.za/midrand/showroom/625-vwmdf888337/1/, image_urls count=1
[2026-07-24 20:26:08] [MotusApiImporter] Skipped detail-page fetch for stock #1446321 — time budget already exhausted.
[2026-07-24 20:26:08] [MotusApiImporter] After enrichFromDetailPage() — engine_capacity_cc=NULL, image_urls count=1
[2026-07-24 20:26:08] [MotusApiImporter] findExistingCar() -> no match, will INSERT
[2026-07-24 20:26:08] [MotusApiImporter] insertCar() completed.
[2026-07-24 20:26:08] [MotusApiImporter] --- Processing row 111 (stock/sku: 1446314) ---
[2026-07-24 20:26:08] [MotusApiImporter] parseVehicle() OK — make=VOLKSWAGEN, model=POLO VIVO, source_url=https://www.motusvw.co.za/midrand/showroom/625-vwmdf888462/1/, image_urls count=1
[2026-07-24 20:26:08] [MotusApiImporter] Skipped detail-page fetch for stock #1446314 — time budget already exhausted.
[2026-07-24 20:26:08] [MotusApiImporter] After enrichFromDetailPage() — engine_capacity_cc=NULL, image_urls count=1
[2026-07-24 20:26:08] [MotusApiImporter] findExistingCar() -> no match, will INSERT
[2026-07-24 20:26:08] [MotusApiImporter] insertCar() completed.
[2026-07-24 20:26:08] [MotusApiImporter] --- Processing row 112 (stock/sku: 1446181) ---
[2026-07-24 20:26:08] [MotusApiImporter] parseVehicle() OK — make=VOLKSWAGEN, model=POLO VIVO, source_url=https://www.motusvw.co.za/midrand/showroom/625-vwmdf890179/3/, image_urls count=1
[2026-07-24 20:26:08] [MotusApiImporter] Skipped detail-page fetch for stock #1446181 — time budget already exhausted.
[2026-07-24 20:26:08] [MotusApiImporter] After enrichFromDetailPage() — engine_capacity_cc=NULL, image_urls count=1
[2026-07-24 20:26:08] [MotusApiImporter] findExistingCar() -> no match, will INSERT
[2026-07-24 20:26:08] [MotusApiImporter] insertCar() completed.
[2026-07-24 20:26:08] [MotusApiImporter] --- Processing row 113 (stock/sku: 1449179) ---
[2026-07-24 20:26:08] [MotusApiImporter] parseVehicle() OK — make=VOLKSWAGEN, model=POLO VIVO, source_url=https://www.motusvw.co.za/midrand/showroom/625-vwmdf875858/2/, image_urls count=1
[2026-07-24 20:26:08] [MotusApiImporter] Skipped detail-page fetch for stock #1449179 — time budget already exhausted.
[2026-07-24 20:26:08] [MotusApiImporter] After enrichFromDetailPage() — engine_capacity_cc=NULL, image_urls count=1
[2026-07-24 20:26:08] [MotusApiImporter] findExistingCar() -> no match, will INSERT
[2026-07-24 20:26:08] [MotusApiImporter] insertCar() completed.
[2026-07-24 20:26:08] [MotusApiImporter] --- Processing row 114 (stock/sku: 1446179) ---
[2026-07-24 20:26:08] [MotusApiImporter] parseVehicle() OK — make=VOLKSWAGEN, model=POLO VIVO, source_url=https://www.motusvw.co.za/midrand/showroom/625-vwmdf890169/1/, image_urls count=1
[2026-07-24 20:26:08] [MotusApiImporter] Skipped detail-page fetch for stock #1446179 — time budget already exhausted.
[2026-07-24 20:26:08] [MotusApiImporter] After enrichFromDetailPage() — engine_capacity_cc=NULL, image_urls count=1
[2026-07-24 20:26:08] [MotusApiImporter] findExistingCar() -> no match, will INSERT
[2026-07-24 20:26:08] [MotusApiImporter] insertCar() completed.
[2026-07-24 20:26:08] [MotusApiImporter] --- Processing row 115 (stock/sku: 1446333) ---
[2026-07-24 20:26:08] [MotusApiImporter] parseVehicle() OK — make=VOLKSWAGEN, model=POLO VIVO, source_url=https://www.motusvw.co.za/midrand/showroom/625-vwmdf888093/1/, image_urls count=1
[2026-07-24 20:26:08] [MotusApiImporter] Skipped detail-page fetch for stock #1446333 — time budget already exhausted.
[2026-07-24 20:26:08] [MotusApiImporter] After enrichFromDetailPage() — engine_capacity_cc=NULL, image_urls count=1
[2026-07-24 20:26:08] [MotusApiImporter] findExistingCar() -> no match, will INSERT
[2026-07-24 20:26:08] [MotusApiImporter] insertCar() completed.
[2026-07-24 20:26:08] [MotusApiImporter] --- Processing row 116 (stock/sku: 1446180) ---
[2026-07-24 20:26:08] [MotusApiImporter] parseVehicle() OK — make=VOLKSWAGEN, model=POLO VIVO, source_url=https://www.motusvw.co.za/midrand/showroom/625-vwmdf890170/1/, image_urls count=1
[2026-07-24 20:26:08] [MotusApiImporter] Skipped detail-page fetch for stock #1446180 — time budget already exhausted.
[2026-07-24 20:26:08] [MotusApiImporter] After enrichFromDetailPage() — engine_capacity_cc=NULL, image_urls count=1
[2026-07-24 20:26:08] [MotusApiImporter] findExistingCar() -> no match, will INSERT
[2026-07-24 20:26:08] [MotusApiImporter] insertCar() completed.
[2026-07-24 20:26:08] [MotusApiImporter] --- Processing row 117 (stock/sku: 1446261) ---
[2026-07-24 20:26:08] [MotusApiImporter] parseVehicle() OK — make=VOLKSWAGEN, model=POLO VIVO, source_url=https://www.motusvw.co.za/midrand/showroom/625-vwmdf889143/1/, image_urls count=1
[2026-07-24 20:26:08] [MotusApiImporter] Skipped detail-page fetch for stock #1446261 — time budget already exhausted.
[2026-07-24 20:26:08] [MotusApiImporter] After enrichFromDetailPage() — engine_capacity_cc=NULL, image_urls count=1
[2026-07-24 20:26:08] [MotusApiImporter] findExistingCar() -> no match, will INSERT
[2026-07-24 20:26:08] [MotusApiImporter] insertCar() completed.
[2026-07-24 20:26:08] [MotusApiImporter] --- Processing row 118 (stock/sku: 1446533) ---
[2026-07-24 20:26:08] [MotusApiImporter] parseVehicle() OK — make=VOLKSWAGEN, model=T-CROSS, source_url=https://www.motusvw.co.za/midrand/showroom/625-vwmdf883411/2/, image_urls count=1
[2026-07-24 20:26:08] [MotusApiImporter] Skipped detail-page fetch for stock #1446533 — time budget already exhausted.
[2026-07-24 20:26:08] [MotusApiImporter] After enrichFromDetailPage() — engine_capacity_cc=NULL, image_urls count=1
[2026-07-24 20:26:08] [MotusApiImporter] findExistingCar() -> no match, will INSERT
[2026-07-24 20:26:08] [MotusApiImporter] insertCar() completed.
[2026-07-24 20:26:08] [MotusApiImporter] --- Processing row 119 (stock/sku: 1446610) ---
[2026-07-24 20:26:08] [MotusApiImporter] parseVehicle() OK — make=VOLKSWAGEN, model=TRANSPORTER, source_url=https://www.motusvw.co.za/midrand/showroom/625-vwmdf875570/1/, image_urls count=1
[2026-07-24 20:26:08] [MotusApiImporter] Skipped detail-page fetch for stock #1446610 — time budget already exhausted.
[2026-07-24 20:26:08] [MotusApiImporter] After enrichFromDetailPage() — engine_capacity_cc=NULL, image_urls count=1
[2026-07-24 20:26:08] [MotusApiImporter] findExistingCar() -> no match, will INSERT
[2026-07-24 20:26:08] [MotusApiImporter] insertCar() completed.
[2026-07-24 20:26:08] [MotusApiImporter] sync() FINISHED — {"imported":120,"updated":0,"skipped":0,"failed":0}
[2026-07-24 20:34:56] [MotusApiImporter] sync() STARTED — dealerId=14, sourceRef=https://www.motusvw.co.za/midrand/showroom/625-vwmdf875570/1/
[2026-07-24 20:34:56] [MotusApiImporter] Time budget: 35s, dealerNameFilter="Motus VW Midrand"
[2026-07-24 20:34:58] [MotusApiImporter] crawlDealership() returned 1 row(s) before dealer-name filtering.
[2026-07-24 20:34:58] [MotusApiImporter] Single-detail-node mode — skipping dealer-name filter.
[2026-07-24 20:34:58] [MotusApiImporter] 25 vehicle(s) already enriched for this dealer — their detail-page fetch will be skipped this run.
[2026-07-24 20:34:58] [MotusApiImporter] --- Processing row 0 (stock/sku: VWM|DF|875570/1) ---
[2026-07-24 20:34:58] [MotusApiImporter] findExistingCar() -> no match, will INSERT
[2026-07-24 20:34:58] [MotusApiImporter] insertCar() completed.
[2026-07-24 20:34:58] [MotusApiImporter] sync() FINISHED — {"imported":1,"updated":0,"skipped":0,"failed":0}
[2026-07-24 20:40:01] [MotusApiImporter] sync() STARTED — dealerId=14, sourceRef=https://www.motusvw.co.za/midrand/showroom/
[2026-07-24 20:40:01] [MotusApiImporter] Time budget: 35s, dealerNameFilter="Motus VW Midrand"
[2026-07-24 20:40:02] [MotusApiImporter] crawlDealership() returned 120 row(s) before dealer-name filtering.
[2026-07-24 20:40:02] [MotusApiImporter] After filterByDealerName(): 120 row(s) remain.
[2026-07-24 20:40:02] [MotusApiImporter] 26 vehicle(s) already enriched for this dealer — their detail-page fetch will be skipped this run.
[2026-07-24 20:40:02] [MotusApiImporter] --- Processing row 0 (stock/sku: 1446776) ---
[2026-07-24 20:40:02] [MotusApiImporter] parseVehicle() OK — make=VOLKSWAGEN, model=POLO, source_url=https://www.motusvw.co.za/midrand/showroom/625-vwmdf852273/5/, image_urls count=1
[2026-07-24 20:40:02] [MotusApiImporter] Stock #1446776 already enriched from a previous run — skipping detail-page fetch to save budget for un-enriched vehicles.
[2026-07-24 20:40:02] [MotusApiImporter] findExistingCar() -> EXISTING car id=1592
[2026-07-24 20:40:02] [MotusApiImporter] updateCar() completed for existing id=1592 (enrichment columns left untouched).
[2026-07-24 20:40:02] [MotusApiImporter] --- Processing row 1 (stock/sku: 1446299) ---
[2026-07-24 20:40:02] [MotusApiImporter] parseVehicle() OK — make=VOLKSWAGEN, model=GOLF 8, source_url=https://www.motusvw.co.za/midrand/showroom/625-vwmdf888609/1/, image_urls count=1
[2026-07-24 20:40:02] [MotusApiImporter] Stock #1446299 already enriched from a previous run — skipping detail-page fetch to save budget for un-enriched vehicles.
[2026-07-24 20:40:02] [MotusApiImporter] findExistingCar() -> EXISTING car id=1593
[2026-07-24 20:40:02] [MotusApiImporter] updateCar() completed for existing id=1593 (enrichment columns left untouched).
[2026-07-24 20:40:02] [MotusApiImporter] --- Processing row 2 (stock/sku: 1446532) ---
[2026-07-24 20:40:02] [MotusApiImporter] parseVehicle() OK — make=VOLKSWAGEN, model=POLO, source_url=https://www.motusvw.co.za/midrand/showroom/625-vwmdf883395/1/, image_urls count=1
[2026-07-24 20:40:02] [MotusApiImporter] Stock #1446532 already enriched from a previous run — skipping detail-page fetch to save budget for un-enriched vehicles.
[2026-07-24 20:40:02] [MotusApiImporter] findExistingCar() -> EXISTING car id=1594
[2026-07-24 20:40:02] [MotusApiImporter] updateCar() completed for existing id=1594 (enrichment columns left untouched).
[2026-07-24 20:40:02] [MotusApiImporter] --- Processing row 3 (stock/sku: 1446295) ---
[2026-07-24 20:40:02] [MotusApiImporter] parseVehicle() OK — make=VOLKSWAGEN, model=POLO, source_url=https://www.motusvw.co.za/midrand/showroom/625-vwmdf888735/1/, image_urls count=1
[2026-07-24 20:40:02] [MotusApiImporter] Stock #1446295 already enriched from a previous run — skipping detail-page fetch to save budget for un-enriched vehicles.
[2026-07-24 20:40:02] [MotusApiImporter] findExistingCar() -> EXISTING car id=1595
[2026-07-24 20:40:02] [MotusApiImporter] updateCar() completed for existing id=1595 (enrichment columns left untouched).
[2026-07-24 20:40:02] [MotusApiImporter] --- Processing row 4 (stock/sku: 1446601) ---
[2026-07-24 20:40:02] [MotusApiImporter] parseVehicle() OK — make=VOLKSWAGEN, model=POLO, source_url=https://www.motusvw.co.za/midrand/showroom/625-bm030used887224/1/, image_urls count=1
[2026-07-24 20:40:02] [MotusApiImporter] Stock #1446601 already enriched from a previous run — skipping detail-page fetch to save budget for un-enriched vehicles.
[2026-07-24 20:40:02] [MotusApiImporter] findExistingCar() -> EXISTING car id=1596
[2026-07-24 20:40:02] [MotusApiImporter] updateCar() completed for existing id=1596 (enrichment columns left untouched).
[2026-07-24 20:40:02] [MotusApiImporter] --- Processing row 5 (stock/sku: 1446065) ---
[2026-07-24 20:40:02] [MotusApiImporter] parseVehicle() OK — make=VOLKSWAGEN, model=POLO, source_url=https://www.motusvw.co.za/midrand/showroom/625-vwmdf890975/1/, image_urls count=1
[2026-07-24 20:40:02] [MotusApiImporter] Stock #1446065 already enriched from a previous run — skipping detail-page fetch to save budget for un-enriched vehicles.
[2026-07-24 20:40:02] [MotusApiImporter] findExistingCar() -> EXISTING car id=1597
[2026-07-24 20:40:02] [MotusApiImporter] updateCar() completed for existing id=1597 (enrichment columns left untouched).
[2026-07-24 20:40:02] [MotusApiImporter] --- Processing row 6 (stock/sku: 1446370) ---
[2026-07-24 20:40:02] [MotusApiImporter] parseVehicle() OK — make=VOLKSWAGEN, model=POLO, source_url=https://www.motusvw.co.za/midrand/showroom/625-vwmdf887435/1/, image_urls count=1
[2026-07-24 20:40:02] [MotusApiImporter] Stock #1446370 already enriched from a previous run — skipping detail-page fetch to save budget for un-enriched vehicles.
[2026-07-24 20:40:02] [MotusApiImporter] findExistingCar() -> EXISTING car id=1598
[2026-07-24 20:40:02] [MotusApiImporter] updateCar() completed for existing id=1598 (enrichment columns left untouched).
[2026-07-24 20:40:02] [MotusApiImporter] --- Processing row 7 (stock/sku: 1446517) ---
[2026-07-24 20:40:02] [MotusApiImporter] parseVehicle() OK — make=VOLKSWAGEN, model=POLO VIVO, source_url=https://www.motusvw.co.za/midrand/showroom/625-vwmdf884987/1/, image_urls count=1
[2026-07-24 20:40:02] [MotusApiImporter] Stock #1446517 already enriched from a previous run — skipping detail-page fetch to save budget for un-enriched vehicles.
[2026-07-24 20:40:02] [MotusApiImporter] findExistingCar() -> EXISTING car id=1599
[2026-07-24 20:40:02] [MotusApiImporter] updateCar() completed for existing id=1599 (enrichment columns left untouched).
[2026-07-24 20:40:02] [MotusApiImporter] --- Processing row 8 (stock/sku: 1446115) ---
[2026-07-24 20:40:02] [MotusApiImporter] parseVehicle() OK — make=VOLKSWAGEN, model=POLO VIVO, source_url=https://www.motusvw.co.za/midrand/showroom/625-vwmdf891042/2/, image_urls count=1
[2026-07-24 20:40:02] [MotusApiImporter] Stock #1446115 already enriched from a previous run — skipping detail-page fetch to save budget for un-enriched vehicles.
[2026-07-24 20:40:02] [MotusApiImporter] findExistingCar() -> EXISTING car id=1600
[2026-07-24 20:40:02] [MotusApiImporter] updateCar() completed for existing id=1600 (enrichment columns left untouched).
[2026-07-24 20:40:02] [MotusApiImporter] --- Processing row 9 (stock/sku: 1446589) ---
[2026-07-24 20:40:02] [MotusApiImporter] parseVehicle() OK — make=VOLKSWAGEN, model=POLO VIVO, source_url=https://www.motusvw.co.za/midrand/showroom/625-vwmdf875588/1/, image_urls count=1
[2026-07-24 20:40:02] [MotusApiImporter] Stock #1446589 already enriched from a previous run — skipping detail-page fetch to save budget for un-enriched vehicles.
[2026-07-24 20:40:02] [MotusApiImporter] findExistingCar() -> EXISTING car id=1601
[2026-07-24 20:40:02] [MotusApiImporter] updateCar() completed for existing id=1601 (enrichment columns left untouched).
[2026-07-24 20:40:02] [MotusApiImporter] --- Processing row 10 (stock/sku: 1446083) ---
[2026-07-24 20:40:02] [MotusApiImporter] parseVehicle() OK — make=VOLKSWAGEN, model=T-CROSS, source_url=https://www.motusvw.co.za/midrand/showroom/625-vwmdf891215/1/, image_urls count=1
[2026-07-24 20:40:02] [MotusApiImporter] Stock #1446083 already enriched from a previous run — skipping detail-page fetch to save budget for un-enriched vehicles.
[2026-07-24 20:40:02] [MotusApiImporter] findExistingCar() -> EXISTING car id=1602
[2026-07-24 20:40:02] [MotusApiImporter] updateCar() completed for existing id=1602 (enrichment columns left untouched).
[2026-07-24 20:40:02] [MotusApiImporter] --- Processing row 11 (stock/sku: 1446395) ---
[2026-07-24 20:40:02] [MotusApiImporter] parseVehicle() OK — make=VOLKSWAGEN, model=T-CROSS, source_url=https://www.motusvw.co.za/midrand/showroom/625-vwmdf886830/1/, image_urls count=1
[2026-07-24 20:40:02] [MotusApiImporter] Stock #1446395 already enriched from a previous run — skipping detail-page fetch to save budget for un-enriched vehicles.
[2026-07-24 20:40:02] [MotusApiImporter] findExistingCar() -> EXISTING car id=1603
[2026-07-24 20:40:02] [MotusApiImporter] updateCar() completed for existing id=1603 (enrichment columns left untouched).
[2026-07-24 20:40:02] [MotusApiImporter] --- Processing row 12 (stock/sku: 1446535) ---
[2026-07-24 20:40:02] [MotusApiImporter] parseVehicle() OK — make=VOLKSWAGEN, model=T-ROC, source_url=https://www.motusvw.co.za/midrand/showroom/625-vwmdf883338/1/, image_urls count=1
[2026-07-24 20:40:02] [MotusApiImporter] Stock #1446535 already enriched from a previous run — skipping detail-page fetch to save budget for un-enriched vehicles.
[2026-07-24 20:40:02] [MotusApiImporter] findExistingCar() -> EXISTING car id=1604
[2026-07-24 20:40:02] [MotusApiImporter] updateCar() completed for existing id=1604 (enrichment columns left untouched).
[2026-07-24 20:40:02] [MotusApiImporter] --- Processing row 13 (stock/sku: 1446315) ---
[2026-07-24 20:40:02] [MotusApiImporter] parseVehicle() OK — make=VOLKSWAGEN, model=T-ROC, source_url=https://www.motusvw.co.za/midrand/showroom/625-vwmdf888464/1/, image_urls count=1
[2026-07-24 20:40:02] [MotusApiImporter] Stock #1446315 already enriched from a previous run — skipping detail-page fetch to save budget for un-enriched vehicles.
[2026-07-24 20:40:02] [MotusApiImporter] findExistingCar() -> EXISTING car id=1605
[2026-07-24 20:40:02] [MotusApiImporter] updateCar() completed for existing id=1605 (enrichment columns left untouched).
[2026-07-24 20:40:02] [MotusApiImporter] --- Processing row 14 (stock/sku: 1446599) ---
[2026-07-24 20:40:02] [MotusApiImporter] parseVehicle() OK — make=VOLKSWAGEN, model=TIGUAN, source_url=https://www.motusvw.co.za/midrand/showroom/625-vwmdf875100/1/, image_urls count=1
[2026-07-24 20:40:02] [MotusApiImporter] Stock #1446599 already enriched from a previous run — skipping detail-page fetch to save budget for un-enriched vehicles.
[2026-07-24 20:40:02] [MotusApiImporter] findExistingCar() -> EXISTING car id=1606
[2026-07-24 20:40:02] [MotusApiImporter] updateCar() completed for existing id=1606 (enrichment columns left untouched).
[2026-07-24 20:40:02] [MotusApiImporter] --- Processing row 15 (stock/sku: 1446192) ---
[2026-07-24 20:40:02] [MotusApiImporter] parseVehicle() OK — make=VOLKSWAGEN, model=TIGUAN, source_url=https://www.motusvw.co.za/midrand/showroom/625-vwmdf890088/2/, image_urls count=1
[2026-07-24 20:40:02] [MotusApiImporter] Stock #1446192 already enriched from a previous run — skipping detail-page fetch to save budget for un-enriched vehicles.
[2026-07-24 20:40:02] [MotusApiImporter] findExistingCar() -> EXISTING car id=1607
[2026-07-24 20:40:02] [MotusApiImporter] updateCar() completed for existing id=1607 (enrichment columns left untouched).
[2026-07-24 20:40:02] [MotusApiImporter] --- Processing row 16 (stock/sku: 1446143) ---
[2026-07-24 20:40:02] [MotusApiImporter] parseVehicle() OK — make=VOLKSWAGEN, model=TIGUAN, source_url=https://www.motusvw.co.za/midrand/showroom/625-vwmdf890778/1/, image_urls count=1
[2026-07-24 20:40:02] [MotusApiImporter] Stock #1446143 already enriched from a previous run — skipping detail-page fetch to save budget for un-enriched vehicles.
[2026-07-24 20:40:02] [MotusApiImporter] findExistingCar() -> EXISTING car id=1608
[2026-07-24 20:40:02] [MotusApiImporter] updateCar() completed for existing id=1608 (enrichment columns left untouched).
[2026-07-24 20:40:02] [MotusApiImporter] --- Processing row 17 (stock/sku: 1446000) ---
[2026-07-24 20:40:02] [MotusApiImporter] parseVehicle() OK — make=VOLKSWAGEN, model=GOLF, source_url=https://www.motusvw.co.za/midrand/showroom/625-vwmdf892223/0/, image_urls count=1
[2026-07-24 20:40:02] [MotusApiImporter] Stock #1446000 already enriched from a previous run — skipping detail-page fetch to save budget for un-enriched vehicles.
[2026-07-24 20:40:02] [MotusApiImporter] findExistingCar() -> EXISTING car id=1609
[2026-07-24 20:40:02] [MotusApiImporter] updateCar() completed for existing id=1609 (enrichment columns left untouched).
[2026-07-24 20:40:02] [MotusApiImporter] --- Processing row 18 (stock/sku: 1445980) ---
[2026-07-24 20:40:02] [MotusApiImporter] parseVehicle() OK — make=VOLKSWAGEN, model=GOLF 8, source_url=https://www.motusvw.co.za/midrand/showroom/625-vwmdf892557/0/, image_urls count=1
[2026-07-24 20:40:02] [MotusApiImporter] Stock #1445980 already enriched from a previous run — skipping detail-page fetch to save budget for un-enriched vehicles.
[2026-07-24 20:40:02] [MotusApiImporter] findExistingCar() -> EXISTING car id=1610
[2026-07-24 20:40:02] [MotusApiImporter] updateCar() completed for existing id=1610 (enrichment columns left untouched).
[2026-07-24 20:40:02] [MotusApiImporter] --- Processing row 19 (stock/sku: 1446122) ---
[2026-07-24 20:40:02] [MotusApiImporter] parseVehicle() OK — make=VOLKSWAGEN, model=GOLF 8, source_url=https://www.motusvw.co.za/midrand/showroom/625-vwmdf890926/0/, image_urls count=1
[2026-07-24 20:40:02] [MotusApiImporter] Stock #1446122 already enriched from a previous run — skipping detail-page fetch to save budget for un-enriched vehicles.
[2026-07-24 20:40:02] [MotusApiImporter] findExistingCar() -> EXISTING car id=1611
[2026-07-24 20:40:02] [MotusApiImporter] updateCar() completed for existing id=1611 (enrichment columns left untouched).
[2026-07-24 20:40:02] [MotusApiImporter] --- Processing row 20 (stock/sku: 1446022) ---
[2026-07-24 20:40:02] [MotusApiImporter] parseVehicle() OK — make=VOLKSWAGEN, model=GOLF 8, source_url=https://www.motusvw.co.za/midrand/showroom/625-vwmdf892077/0/, image_urls count=1
[2026-07-24 20:40:02] [MotusApiImporter] Stock #1446022 already enriched from a previous run — skipping detail-page fetch to save budget for un-enriched vehicles.
[2026-07-24 20:40:02] [MotusApiImporter] findExistingCar() -> EXISTING car id=1612
[2026-07-24 20:40:02] [MotusApiImporter] updateCar() completed for existing id=1612 (enrichment columns left untouched).
[2026-07-24 20:40:02] [MotusApiImporter] --- Processing row 21 (stock/sku: 1446049) ---
[2026-07-24 20:40:02] [MotusApiImporter] parseVehicle() OK — make=VOLKSWAGEN, model=GOLF 8, source_url=https://www.motusvw.co.za/midrand/showroom/625-vwmdf892214/0/, image_urls count=1
[2026-07-24 20:40:02] [MotusApiImporter] Stock #1446049 already enriched from a previous run — skipping detail-page fetch to save budget for un-enriched vehicles.
[2026-07-24 20:40:02] [MotusApiImporter] findExistingCar() -> EXISTING car id=1613
[2026-07-24 20:40:02] [MotusApiImporter] updateCar() completed for existing id=1613 (enrichment columns left untouched).
[2026-07-24 20:40:02] [MotusApiImporter] --- Processing row 22 (stock/sku: 1446001) ---
[2026-07-24 20:40:02] [MotusApiImporter] parseVehicle() OK — make=VOLKSWAGEN, model=GOLF 8, source_url=https://www.motusvw.co.za/midrand/showroom/625-vwmdf892266/0/, image_urls count=1
[2026-07-24 20:40:02] [MotusApiImporter] Stock #1446001 already enriched from a previous run — skipping detail-page fetch to save budget for un-enriched vehicles.
[2026-07-24 20:40:02] [MotusApiImporter] findExistingCar() -> EXISTING car id=1614
[2026-07-24 20:40:02] [MotusApiImporter] updateCar() completed for existing id=1614 (enrichment columns left untouched).
[2026-07-24 20:40:02] [MotusApiImporter] --- Processing row 23 (stock/sku: 1446356) ---
[2026-07-24 20:40:02] [MotusApiImporter] parseVehicle() OK — make=VOLKSWAGEN, model=POLO, source_url=https://www.motusvw.co.za/midrand/showroom/625-vwmdf887866/0/, image_urls count=1
[2026-07-24 20:40:04] [MotusApiImporter] After enrichFromDetailPage() — engine_capacity_cc=999, image_urls count=13
[2026-07-24 20:40:04] [MotusApiImporter] findExistingCar() -> EXISTING car id=1615
[2026-07-24 20:40:04] [MotusApiImporter] updateCar() completed for existing id=1615.
[2026-07-24 20:40:04] [MotusApiImporter] --- Processing row 24 (stock/sku: 1446129) ---
[2026-07-24 20:40:04] [MotusApiImporter] parseVehicle() OK — make=VOLKSWAGEN, model=POLO, source_url=https://www.motusvw.co.za/midrand/showroom/625-vwmdf890824/0/, image_urls count=1
[2026-07-24 20:40:06] [MotusApiImporter] After enrichFromDetailPage() — engine_capacity_cc=999, image_urls count=12
[2026-07-24 20:40:06] [MotusApiImporter] findExistingCar() -> EXISTING car id=1616
[2026-07-24 20:40:06] [MotusApiImporter] updateCar() completed for existing id=1616.
[2026-07-24 20:40:06] [MotusApiImporter] --- Processing row 25 (stock/sku: 1445964) ---
[2026-07-24 20:40:06] [MotusApiImporter] parseVehicle() OK — make=VOLKSWAGEN, model=POLO, source_url=https://www.motusvw.co.za/midrand/showroom/625-vwmdf892733/0/, image_urls count=1
[2026-07-24 20:40:08] [MotusApiImporter] After enrichFromDetailPage() — engine_capacity_cc=999, image_urls count=12
[2026-07-24 20:40:08] [MotusApiImporter] findExistingCar() -> EXISTING car id=1617
[2026-07-24 20:40:08] [MotusApiImporter] updateCar() completed for existing id=1617.
[2026-07-24 20:40:08] [MotusApiImporter] --- Processing row 26 (stock/sku: 1446127) ---
[2026-07-24 20:40:08] [MotusApiImporter] parseVehicle() OK — make=VOLKSWAGEN, model=POLO, source_url=https://www.motusvw.co.za/midrand/showroom/625-vwmdf890793/0/, image_urls count=1
[2026-07-24 20:40:11] [MotusApiImporter] After enrichFromDetailPage() — engine_capacity_cc=999, image_urls count=13
[2026-07-24 20:40:11] [MotusApiImporter] findExistingCar() -> EXISTING car id=1618
[2026-07-24 20:40:11] [MotusApiImporter] updateCar() completed for existing id=1618.
[2026-07-24 20:40:11] [MotusApiImporter] --- Processing row 27 (stock/sku: 1446009) ---
[2026-07-24 20:40:11] [MotusApiImporter] parseVehicle() OK — make=VOLKSWAGEN, model=POLO, source_url=https://www.motusvw.co.za/midrand/showroom/625-vwmdf892148/0/, image_urls count=1
[2026-07-24 20:40:13] [MotusApiImporter] After enrichFromDetailPage() — engine_capacity_cc=999, image_urls count=12
[2026-07-24 20:40:13] [MotusApiImporter] findExistingCar() -> EXISTING car id=1619
[2026-07-24 20:40:13] [MotusApiImporter] updateCar() completed for existing id=1619.
[2026-07-24 20:40:13] [MotusApiImporter] --- Processing row 28 (stock/sku: 1445944) ---
[2026-07-24 20:40:13] [MotusApiImporter] parseVehicle() OK — make=VOLKSWAGEN, model=POLO, source_url=https://www.motusvw.co.za/midrand/showroom/625-vwmdf893079/0/, image_urls count=1
[2026-07-24 20:40:15] [MotusApiImporter] After enrichFromDetailPage() — engine_capacity_cc=999, image_urls count=10
[2026-07-24 20:40:15] [MotusApiImporter] findExistingCar() -> EXISTING car id=1620
[2026-07-24 20:40:15] [MotusApiImporter] updateCar() completed for existing id=1620.
[2026-07-24 20:40:15] [MotusApiImporter] --- Processing row 29 (stock/sku: 1445929) ---
[2026-07-24 20:40:15] [MotusApiImporter] parseVehicle() OK — make=VOLKSWAGEN, model=POLO, source_url=https://www.motusvw.co.za/midrand/showroom/625-vwmdf893255/0/, image_urls count=1
[2026-07-24 20:40:16] [MotusApiImporter] After enrichFromDetailPage() — engine_capacity_cc=999, image_urls count=16
[2026-07-24 20:40:16] [MotusApiImporter] findExistingCar() -> EXISTING car id=1621
[2026-07-24 20:40:16] [MotusApiImporter] updateCar() completed for existing id=1621.
[2026-07-24 20:40:16] [MotusApiImporter] --- Processing row 30 (stock/sku: 1445930) ---
[2026-07-24 20:40:16] [MotusApiImporter] parseVehicle() OK — make=VOLKSWAGEN, model=POLO, source_url=https://www.motusvw.co.za/midrand/showroom/625-vwmdf893267/0/, image_urls count=1
[2026-07-24 20:40:18] [MotusApiImporter] After enrichFromDetailPage() — engine_capacity_cc=999, image_urls count=15
[2026-07-24 20:40:18] [MotusApiImporter] findExistingCar() -> EXISTING car id=1622
[2026-07-24 20:40:18] [MotusApiImporter] updateCar() completed for existing id=1622.
[2026-07-24 20:40:18] [MotusApiImporter] --- Processing row 31 (stock/sku: 1446008) ---
[2026-07-24 20:40:18] [MotusApiImporter] parseVehicle() OK — make=VOLKSWAGEN, model=POLO, source_url=https://www.motusvw.co.za/midrand/showroom/625-vwmdf892145/0/, image_urls count=1
[2026-07-24 20:40:20] [MotusApiImporter] After enrichFromDetailPage() — engine_capacity_cc=999, image_urls count=18
[2026-07-24 20:40:20] [MotusApiImporter] findExistingCar() -> EXISTING car id=1623
[2026-07-24 20:40:20] [MotusApiImporter] updateCar() completed for existing id=1623.
[2026-07-24 20:40:20] [MotusApiImporter] --- Processing row 32 (stock/sku: 1445928) ---
[2026-07-24 20:40:20] [MotusApiImporter] parseVehicle() OK — make=VOLKSWAGEN, model=POLO, source_url=https://www.motusvw.co.za/midrand/showroom/625-vwmdf893252/0/, image_urls count=1
[2026-07-24 20:40:21] [MotusApiImporter] After enrichFromDetailPage() — engine_capacity_cc=999, image_urls count=15
[2026-07-24 20:40:21] [MotusApiImporter] findExistingCar() -> EXISTING car id=1624
[2026-07-24 20:40:21] [MotusApiImporter] updateCar() completed for existing id=1624.
[2026-07-24 20:40:21] [MotusApiImporter] --- Processing row 33 (stock/sku: 1445915) ---
[2026-07-24 20:40:21] [MotusApiImporter] parseVehicle() OK — make=VOLKSWAGEN, model=POLO, source_url=https://www.motusvw.co.za/midrand/showroom/625-vwmdf893516/0/, image_urls count=1
[2026-07-24 20:40:23] [MotusApiImporter] After enrichFromDetailPage() — engine_capacity_cc=999, image_urls count=16
[2026-07-24 20:40:23] [MotusApiImporter] findExistingCar() -> EXISTING car id=1625
[2026-07-24 20:40:23] [MotusApiImporter] updateCar() completed for existing id=1625.
[2026-07-24 20:40:23] [MotusApiImporter] --- Processing row 34 (stock/sku: 1445966) ---
[2026-07-24 20:40:23] [MotusApiImporter] parseVehicle() OK — make=VOLKSWAGEN, model=POLO, source_url=https://www.motusvw.co.za/midrand/showroom/625-vwmdf892527/0/, image_urls count=1
[2026-07-24 20:40:23] [MotusApiImporter] After enrichFromDetailPage() — engine_capacity_cc=1998, image_urls count=16
[2026-07-24 20:40:23] [MotusApiImporter] findExistingCar() -> EXISTING car id=1626
[2026-07-24 20:40:23] [MotusApiImporter] updateCar() completed for existing id=1626.
[2026-07-24 20:40:23] [MotusApiImporter] --- Processing row 35 (stock/sku: 1445835) ---
[2026-07-24 20:40:23] [MotusApiImporter] parseVehicle() OK — make=VOLKSWAGEN, model=POLO, source_url=https://www.motusvw.co.za/midrand/showroom/625-vwmdf894547/0/, image_urls count=1
[2026-07-24 20:40:25] [MotusApiImporter] After enrichFromDetailPage() — engine_capacity_cc=1998, image_urls count=16
[2026-07-24 20:40:25] [MotusApiImporter] findExistingCar() -> EXISTING car id=1627
[2026-07-24 20:40:25] [MotusApiImporter] updateCar() completed for existing id=1627.
[2026-07-24 20:40:25] [MotusApiImporter] --- Processing row 36 (stock/sku: 1445857) ---
[2026-07-24 20:40:25] [MotusApiImporter] parseVehicle() OK — make=VOLKSWAGEN, model=POLO VIVO, source_url=https://www.motusvw.co.za/midrand/showroom/625-vwmdf894310/0/, image_urls count=1
[2026-07-24 20:40:27] [MotusApiImporter] After enrichFromDetailPage() — engine_capacity_cc=1398, image_urls count=13
[2026-07-24 20:40:27] [MotusApiImporter] findExistingCar() -> EXISTING car id=1628
[2026-07-24 20:40:27] [MotusApiImporter] updateCar() completed for existing id=1628.
[2026-07-24 20:40:27] [MotusApiImporter] --- Processing row 37 (stock/sku: 1445858) ---
[2026-07-24 20:40:27] [MotusApiImporter] parseVehicle() OK — make=VOLKSWAGEN, model=POLO VIVO, source_url=https://www.motusvw.co.za/midrand/showroom/625-vwmdf894316/0/, image_urls count=1
[2026-07-24 20:40:29] [MotusApiImporter] After enrichFromDetailPage() — engine_capacity_cc=1398, image_urls count=18
[2026-07-24 20:40:29] [MotusApiImporter] findExistingCar() -> EXISTING car id=1629
[2026-07-24 20:40:29] [MotusApiImporter] updateCar() completed for existing id=1629.
[2026-07-24 20:40:29] [MotusApiImporter] --- Processing row 38 (stock/sku: 1446130) ---
[2026-07-24 20:40:29] [MotusApiImporter] parseVehicle() OK — make=VOLKSWAGEN, model=POLO VIVO, source_url=https://www.motusvw.co.za/midrand/showroom/625-vwmdf890905/0/, image_urls count=1
[2026-07-24 20:40:30] [MotusApiImporter] After enrichFromDetailPage() — engine_capacity_cc=1398, image_urls count=11
[2026-07-24 20:40:30] [MotusApiImporter] findExistingCar() -> EXISTING car id=1630
[2026-07-24 20:40:30] [MotusApiImporter] updateCar() completed for existing id=1630.
[2026-07-24 20:40:30] [MotusApiImporter] --- Processing row 39 (stock/sku: 1445963) ---
[2026-07-24 20:40:30] [MotusApiImporter] parseVehicle() OK — make=VOLKSWAGEN, model=T-CROSS, source_url=https://www.motusvw.co.za/midrand/showroom/625-vwmdf892729/0/, image_urls count=1
[2026-07-24 20:40:32] [MotusApiImporter] After enrichFromDetailPage() — engine_capacity_cc=999, image_urls count=9
[2026-07-24 20:40:32] [MotusApiImporter] findExistingCar() -> EXISTING car id=1631
[2026-07-24 20:40:32] [MotusApiImporter] updateCar() completed for existing id=1631.
[2026-07-24 20:40:32] [MotusApiImporter] --- Processing row 40 (stock/sku: 1445833) ---
[2026-07-24 20:40:32] [MotusApiImporter] parseVehicle() OK — make=VOLKSWAGEN, model=T-CROSS, source_url=https://www.motusvw.co.za/midrand/showroom/625-vwmdf895060/0/, image_urls count=1
[2026-07-24 20:40:34] [MotusApiImporter] After enrichFromDetailPage() — engine_capacity_cc=999, image_urls count=15
[2026-07-24 20:40:34] [MotusApiImporter] findExistingCar() -> EXISTING car id=1632
[2026-07-24 20:40:34] [MotusApiImporter] updateCar() completed for existing id=1632.
[2026-07-24 20:40:34] [MotusApiImporter] --- Processing row 41 (stock/sku: 1445916) ---
[2026-07-24 20:40:34] [MotusApiImporter] parseVehicle() OK — make=VOLKSWAGEN, model=T-CROSS, source_url=https://www.motusvw.co.za/midrand/showroom/625-vwmdf893597/0/, image_urls count=1
[2026-07-24 20:40:35] [MotusApiImporter] After enrichFromDetailPage() — engine_capacity_cc=999, image_urls count=18
[2026-07-24 20:40:35] [MotusApiImporter] findExistingCar() -> EXISTING car id=1633
[2026-07-24 20:40:35] [MotusApiImporter] updateCar() completed for existing id=1633.
[2026-07-24 20:40:35] [MotusApiImporter] --- Processing row 42 (stock/sku: 1445895) ---
[2026-07-24 20:40:35] [MotusApiImporter] parseVehicle() OK — make=VOLKSWAGEN, model=T-CROSS, source_url=https://www.motusvw.co.za/midrand/showroom/625-vwmdf894000/0/, image_urls count=1
[2026-07-24 20:40:36] [MotusApiImporter] After enrichFromDetailPage() — engine_capacity_cc=999, image_urls count=17
[2026-07-24 20:40:36] [MotusApiImporter] findExistingCar() -> EXISTING car id=1634
[2026-07-24 20:40:36] [MotusApiImporter] updateCar() completed for existing id=1634.
[2026-07-24 20:40:36] [MotusApiImporter] --- Processing row 43 (stock/sku: 1445907) ---
[2026-07-24 20:40:36] [MotusApiImporter] parseVehicle() OK — make=VOLKSWAGEN, model=TIGUAN, source_url=https://www.motusvw.co.za/midrand/showroom/625-vwmdf893709/0/, image_urls count=1
[2026-07-24 20:40:38] [MotusApiImporter] After enrichFromDetailPage() — engine_capacity_cc=1395, image_urls count=15
[2026-07-24 20:40:38] [MotusApiImporter] findExistingCar() -> EXISTING car id=1635
[2026-07-24 20:40:38] [MotusApiImporter] updateCar() completed for existing id=1635.
[2026-07-24 20:40:38] [MotusApiImporter] --- Processing row 44 (stock/sku: 1446283) ---
[2026-07-24 20:40:38] [MotusApiImporter] parseVehicle() OK — make=VOLKSWAGEN, model=TIGUAN, source_url=https://www.motusvw.co.za/midrand/showroom/625-vwmdf888104/0/, image_urls count=1
[2026-07-24 20:40:38] [MotusApiImporter] Skipped detail-page fetch for stock #1446283 — time budget already exhausted.
[2026-07-24 20:40:38] [MotusApiImporter] After enrichFromDetailPage() — engine_capacity_cc=NULL, image_urls count=1
[2026-07-24 20:40:38] [MotusApiImporter] findExistingCar() -> EXISTING car id=1636
[2026-07-24 20:40:38] [MotusApiImporter] updateCar() completed for existing id=1636.
[2026-07-24 20:40:38] [MotusApiImporter] --- Processing row 45 (stock/sku: 1446223) ---
[2026-07-24 20:40:38] [MotusApiImporter] parseVehicle() OK — make=JEEP, model=RENEGADE, source_url=https://www.motusvw.co.za/midrand/showroom/625-vwmdf889687/1/, image_urls count=1
[2026-07-24 20:40:38] [MotusApiImporter] Skipped detail-page fetch for stock #1446223 — time budget already exhausted.
[2026-07-24 20:40:38] [MotusApiImporter] After enrichFromDetailPage() — engine_capacity_cc=NULL, image_urls count=1
[2026-07-24 20:40:38] [MotusApiImporter] findExistingCar() -> EXISTING car id=1637
[2026-07-24 20:40:38] [MotusApiImporter] updateCar() completed for existing id=1637.
[2026-07-24 20:40:38] [MotusApiImporter] --- Processing row 46 (stock/sku: 1445923) ---
[2026-07-24 20:40:38] [MotusApiImporter] parseVehicle() OK — make=BMW, model=2 SERIES, source_url=https://www.motusvw.co.za/midrand/showroom/625-vwmdf893379/1/, image_urls count=1
[2026-07-24 20:40:38] [MotusApiImporter] Skipped detail-page fetch for stock #1445923 — time budget already exhausted.
[2026-07-24 20:40:38] [MotusApiImporter] After enrichFromDetailPage() — engine_capacity_cc=NULL, image_urls count=1
[2026-07-24 20:40:38] [MotusApiImporter] findExistingCar() -> EXISTING car id=1638
[2026-07-24 20:40:38] [MotusApiImporter] updateCar() completed for existing id=1638.
[2026-07-24 20:40:38] [MotusApiImporter] --- Processing row 47 (stock/sku: 1445943) ---
[2026-07-24 20:40:38] [MotusApiImporter] parseVehicle() OK — make=FORD, model=ECOSPORT, source_url=https://www.motusvw.co.za/midrand/showroom/625-vwmdf893075/1/, image_urls count=1
[2026-07-24 20:40:38] [MotusApiImporter] Skipped detail-page fetch for stock #1445943 — time budget already exhausted.
[2026-07-24 20:40:38] [MotusApiImporter] After enrichFromDetailPage() — engine_capacity_cc=NULL, image_urls count=1
[2026-07-24 20:40:38] [MotusApiImporter] findExistingCar() -> EXISTING car id=1639
[2026-07-24 20:40:38] [MotusApiImporter] updateCar() completed for existing id=1639.
[2026-07-24 20:40:38] [MotusApiImporter] --- Processing row 48 (stock/sku: 1446850) ---
[2026-07-24 20:40:38] [MotusApiImporter] parseVehicle() OK — make=VOLKSWAGEN, model=POLO, source_url=https://www.motusvw.co.za/midrand/showroom/625-vwmdf258260/1/, image_urls count=1
[2026-07-24 20:40:38] [MotusApiImporter] Skipped detail-page fetch for stock #1446850 — time budget already exhausted.
[2026-07-24 20:40:38] [MotusApiImporter] After enrichFromDetailPage() — engine_capacity_cc=NULL, image_urls count=1
[2026-07-24 20:40:38] [MotusApiImporter] findExistingCar() -> EXISTING car id=1640
[2026-07-24 20:40:38] [MotusApiImporter] updateCar() completed for existing id=1640.
[2026-07-24 20:40:38] [MotusApiImporter] --- Processing row 49 (stock/sku: 1446505) ---
[2026-07-24 20:40:38] [MotusApiImporter] parseVehicle() OK — make=VOLKSWAGEN, model=POLO VIVO, source_url=https://www.motusvw.co.za/midrand/showroom/625-vwmdf608385/2/, image_urls count=1
[2026-07-24 20:40:38] [MotusApiImporter] Skipped detail-page fetch for stock #1446505 — time budget already exhausted.
[2026-07-24 20:40:38] [MotusApiImporter] After enrichFromDetailPage() — engine_capacity_cc=NULL, image_urls count=1
[2026-07-24 20:40:38] [MotusApiImporter] findExistingCar() -> EXISTING car id=1641
[2026-07-24 20:40:38] [MotusApiImporter] updateCar() completed for existing id=1641.
[2026-07-24 20:40:38] [MotusApiImporter] --- Processing row 50 (stock/sku: 1446800) ---
[2026-07-24 20:40:38] [MotusApiImporter] parseVehicle() OK — make=VOLKSWAGEN, model=TIGUAN, source_url=https://www.motusvw.co.za/midrand/showroom/625-vwmdf829969/1/, image_urls count=1
[2026-07-24 20:40:38] [MotusApiImporter] Skipped detail-page fetch for stock #1446800 — time budget already exhausted.
[2026-07-24 20:40:38] [MotusApiImporter] After enrichFromDetailPage() — engine_capacity_cc=NULL, image_urls count=1
[2026-07-24 20:40:38] [MotusApiImporter] findExistingCar() -> EXISTING car id=1642
[2026-07-24 20:40:38] [MotusApiImporter] updateCar() completed for existing id=1642.
[2026-07-24 20:40:38] [MotusApiImporter] --- Processing row 51 (stock/sku: 1446792) ---
[2026-07-24 20:40:38] [MotusApiImporter] parseVehicle() OK — make=VOLKSWAGEN, model=TIGUAN ALLSPACE, source_url=https://www.motusvw.co.za/midrand/showroom/625-vwmdf838290/1/, image_urls count=1
[2026-07-24 20:40:38] [MotusApiImporter] Skipped detail-page fetch for stock #1446792 — time budget already exhausted.
[2026-07-24 20:40:38] [MotusApiImporter] After enrichFromDetailPage() — engine_capacity_cc=NULL, image_urls count=1
[2026-07-24 20:40:38] [MotusApiImporter] findExistingCar() -> EXISTING car id=1643
[2026-07-24 20:40:38] [MotusApiImporter] updateCar() completed for existing id=1643.
[2026-07-24 20:40:38] [MotusApiImporter] --- Processing row 52 (stock/sku: 1449899) ---
[2026-07-24 20:40:38] [MotusApiImporter] parseVehicle() OK — make=VOLKSWAGEN, model=POLO VIVO, source_url=https://www.motusvw.co.za/midrand/showroom/625-vwmdf896660/1/, image_urls count=1
[2026-07-24 20:40:38] [MotusApiImporter] Skipped detail-page fetch for stock #1449899 — time budget already exhausted.
[2026-07-24 20:40:38] [MotusApiImporter] After enrichFromDetailPage() — engine_capacity_cc=NULL, image_urls count=1
[2026-07-24 20:40:38] [MotusApiImporter] findExistingCar() -> EXISTING car id=1644
[2026-07-24 20:40:38] [MotusApiImporter] updateCar() completed for existing id=1644.
[2026-07-24 20:40:38] [MotusApiImporter] --- Processing row 53 (stock/sku: 1446153) ---
[2026-07-24 20:40:38] [MotusApiImporter] parseVehicle() OK — make=VOLKSWAGEN, model=TIGUAN, source_url=https://www.motusvw.co.za/midrand/showroom/625-vwmdf762579/1/, image_urls count=1
[2026-07-24 20:40:38] [MotusApiImporter] Skipped detail-page fetch for stock #1446153 — time budget already exhausted.
[2026-07-24 20:40:38] [MotusApiImporter] After enrichFromDetailPage() — engine_capacity_cc=NULL, image_urls count=1
[2026-07-24 20:40:38] [MotusApiImporter] findExistingCar() -> EXISTING car id=1645
[2026-07-24 20:40:38] [MotusApiImporter] updateCar() completed for existing id=1645.
[2026-07-24 20:40:38] [MotusApiImporter] --- Processing row 54 (stock/sku: 1446811) ---
[2026-07-24 20:40:38] [MotusApiImporter] parseVehicle() OK — make=FORD, model=ECOSPORT, source_url=https://www.motusvw.co.za/midrand/showroom/625-vwmdf889981/1/, image_urls count=1
[2026-07-24 20:40:38] [MotusApiImporter] Skipped detail-page fetch for stock #1446811 — time budget already exhausted.
[2026-07-24 20:40:38] [MotusApiImporter] After enrichFromDetailPage() — engine_capacity_cc=NULL, image_urls count=1
[2026-07-24 20:40:38] [MotusApiImporter] findExistingCar() -> EXISTING car id=1646
[2026-07-24 20:40:38] [MotusApiImporter] updateCar() completed for existing id=1646.
[2026-07-24 20:40:38] [MotusApiImporter] --- Processing row 55 (stock/sku: 1445937) ---
[2026-07-24 20:40:38] [MotusApiImporter] parseVehicle() OK — make=FORD, model=FIGO, source_url=https://www.motusvw.co.za/midrand/showroom/625-vwmdf893195/1/, image_urls count=1
[2026-07-24 20:40:38] [MotusApiImporter] Skipped detail-page fetch for stock #1445937 — time budget already exhausted.
[2026-07-24 20:40:38] [MotusApiImporter] After enrichFromDetailPage() — engine_capacity_cc=NULL, image_urls count=1
[2026-07-24 20:40:38] [MotusApiImporter] findExistingCar() -> EXISTING car id=1647
[2026-07-24 20:40:38] [MotusApiImporter] updateCar() completed for existing id=1647.
[2026-07-24 20:40:38] [MotusApiImporter] --- Processing row 56 (stock/sku: 1446382) ---
[2026-07-24 20:40:38] [MotusApiImporter] parseVehicle() OK — make=VOLKSWAGEN, model=AMAROK, source_url=https://www.motusvw.co.za/midrand/showroom/625-vwmdf421690/1/, image_urls count=1
[2026-07-24 20:40:38] [MotusApiImporter] Skipped detail-page fetch for stock #1446382 — time budget already exhausted.
[2026-07-24 20:40:38] [MotusApiImporter] After enrichFromDetailPage() — engine_capacity_cc=NULL, image_urls count=1
[2026-07-24 20:40:38] [MotusApiImporter] findExistingCar() -> EXISTING car id=1648
[2026-07-24 20:40:38] [MotusApiImporter] updateCar() completed for existing id=1648.
[2026-07-24 20:40:38] [MotusApiImporter] --- Processing row 57 (stock/sku: 1446801) ---
[2026-07-24 20:40:38] [MotusApiImporter] parseVehicle() OK — make=VOLKSWAGEN, model=T-CROSS, source_url=https://www.motusvw.co.za/midrand/showroom/625-vwmdf423363/2/, image_urls count=1
[2026-07-24 20:40:38] [MotusApiImporter] Skipped detail-page fetch for stock #1446801 — time budget already exhausted.
[2026-07-24 20:40:38] [MotusApiImporter] After enrichFromDetailPage() — engine_capacity_cc=NULL, image_urls count=1
[2026-07-24 20:40:38] [MotusApiImporter] findExistingCar() -> EXISTING car id=1649
[2026-07-24 20:40:38] [MotusApiImporter] updateCar() completed for existing id=1649.
[2026-07-24 20:40:38] [MotusApiImporter] --- Processing row 58 (stock/sku: 1446410) ---
[2026-07-24 20:40:38] [MotusApiImporter] parseVehicle() OK — make=VOLKSWAGEN, model=TRANSPORTER, source_url=https://www.motusvw.co.za/midrand/showroom/625-vwmdf886408/4/, image_urls count=1
[2026-07-24 20:40:38] [MotusApiImporter] Skipped detail-page fetch for stock #1446410 — time budget already exhausted.
[2026-07-24 20:40:38] [MotusApiImporter] After enrichFromDetailPage() — engine_capacity_cc=NULL, image_urls count=1
[2026-07-24 20:40:38] [MotusApiImporter] findExistingCar() -> EXISTING car id=1650
[2026-07-24 20:40:38] [MotusApiImporter] updateCar() completed for existing id=1650.
[2026-07-24 20:40:38] [MotusApiImporter] --- Processing row 59 (stock/sku: 1445899) ---
[2026-07-24 20:40:38] [MotusApiImporter] parseVehicle() OK — make=VOLKSWAGEN, model=TRANSPORTER, source_url=https://www.motusvw.co.za/midrand/showroom/625-vwmdf893863/1/, image_urls count=1
[2026-07-24 20:40:38] [MotusApiImporter] Skipped detail-page fetch for stock #1445899 — time budget already exhausted.
[2026-07-24 20:40:38] [MotusApiImporter] After enrichFromDetailPage() — engine_capacity_cc=NULL, image_urls count=1
[2026-07-24 20:40:38] [MotusApiImporter] findExistingCar() -> EXISTING car id=1651
[2026-07-24 20:40:38] [MotusApiImporter] updateCar() completed for existing id=1651.
[2026-07-24 20:40:38] [MotusApiImporter] --- Processing row 60 (stock/sku: 1446142) ---
[2026-07-24 20:40:38] [MotusApiImporter] parseVehicle() OK — make=BMW, model=4 SERIES, source_url=https://www.motusvw.co.za/midrand/showroom/625-vwmdf890748/1/, image_urls count=1
[2026-07-24 20:40:38] [MotusApiImporter] Skipped detail-page fetch for stock #1446142 — time budget already exhausted.
[2026-07-24 20:40:38] [MotusApiImporter] After enrichFromDetailPage() — engine_capacity_cc=NULL, image_urls count=1
[2026-07-24 20:40:38] [MotusApiImporter] findExistingCar() -> EXISTING car id=1652
[2026-07-24 20:40:38] [MotusApiImporter] updateCar() completed for existing id=1652.
[2026-07-24 20:40:38] [MotusApiImporter] --- Processing row 61 (stock/sku: 1446010) ---
[2026-07-24 20:40:38] [MotusApiImporter] parseVehicle() OK — make=JAGUAR, model=F-PACE, source_url=https://www.motusvw.co.za/midrand/showroom/625-vwmdf892204/1/, image_urls count=1
[2026-07-24 20:40:38] [MotusApiImporter] Skipped detail-page fetch for stock #1446010 — time budget already exhausted.
[2026-07-24 20:40:38] [MotusApiImporter] After enrichFromDetailPage() — engine_capacity_cc=NULL, image_urls count=1
[2026-07-24 20:40:38] [MotusApiImporter] findExistingCar() -> EXISTING car id=1653
[2026-07-24 20:40:38] [MotusApiImporter] updateCar() completed for existing id=1653.
[2026-07-24 20:40:38] [MotusApiImporter] --- Processing row 62 (stock/sku: 1448883) ---
[2026-07-24 20:40:38] [MotusApiImporter] parseVehicle() OK — make=KIA, model=RIO, source_url=https://www.motusvw.co.za/midrand/showroom/625-vwmvusc894215/1/, image_urls count=1
[2026-07-24 20:40:38] [MotusApiImporter] Skipped detail-page fetch for stock #1448883 — time budget already exhausted.
[2026-07-24 20:40:38] [MotusApiImporter] After enrichFromDetailPage() — engine_capacity_cc=NULL, image_urls count=1
[2026-07-24 20:40:38] [MotusApiImporter] findExistingCar() -> EXISTING car id=1654
[2026-07-24 20:40:38] [MotusApiImporter] updateCar() completed for existing id=1654.
[2026-07-24 20:40:38] [MotusApiImporter] --- Processing row 63 (stock/sku: 1445715) ---
[2026-07-24 20:40:38] [MotusApiImporter] parseVehicle() OK — make=RENAULT, model=CLIO, source_url=https://www.motusvw.co.za/midrand/showroom/625-vwmdf896334/1/, image_urls count=1
[2026-07-24 20:40:38] [MotusApiImporter] Skipped detail-page fetch for stock #1445715 — time budget already exhausted.
[2026-07-24 20:40:38] [MotusApiImporter] After enrichFromDetailPage() — engine_capacity_cc=NULL, image_urls count=1
[2026-07-24 20:40:38] [MotusApiImporter] findExistingCar() -> EXISTING car id=1655
[2026-07-24 20:40:38] [MotusApiImporter] updateCar() completed for existing id=1655.
[2026-07-24 20:40:38] [MotusApiImporter] --- Processing row 64 (stock/sku: 1445883) ---
[2026-07-24 20:40:38] [MotusApiImporter] parseVehicle() OK — make=VOLKSWAGEN, model=POLO VIVO, source_url=https://www.motusvw.co.za/midrand/showroom/625-vwmdf894125/2/, image_urls count=1
[2026-07-24 20:40:38] [MotusApiImporter] Skipped detail-page fetch for stock #1445883 — time budget already exhausted.
[2026-07-24 20:40:38] [MotusApiImporter] After enrichFromDetailPage() — engine_capacity_cc=NULL, image_urls count=1
[2026-07-24 20:40:38] [MotusApiImporter] findExistingCar() -> EXISTING car id=1656
[2026-07-24 20:40:38] [MotusApiImporter] updateCar() completed for existing id=1656.
[2026-07-24 20:40:38] [MotusApiImporter] --- Processing row 65 (stock/sku: 1445714) ---
[2026-07-24 20:40:38] [MotusApiImporter] parseVehicle() OK — make=VOLKSWAGEN, model=POLO VIVO, source_url=https://www.motusvw.co.za/midrand/showroom/625-vwmdf896260/1/, image_urls count=1
[2026-07-24 20:40:38] [MotusApiImporter] Skipped detail-page fetch for stock #1445714 — time budget already exhausted.
[2026-07-24 20:40:38] [MotusApiImporter] After enrichFromDetailPage() — engine_capacity_cc=NULL, image_urls count=1
[2026-07-24 20:40:38] [MotusApiImporter] findExistingCar() -> EXISTING car id=1657
[2026-07-24 20:40:38] [MotusApiImporter] updateCar() completed for existing id=1657.
[2026-07-24 20:40:38] [MotusApiImporter] --- Processing row 66 (stock/sku: 1446735) ---
[2026-07-24 20:40:38] [MotusApiImporter] parseVehicle() OK — make=VOLKSWAGEN, model=TAIGO, source_url=https://www.motusvw.co.za/midrand/showroom/625-vwmdf861673/2/, image_urls count=1
[2026-07-24 20:40:38] [MotusApiImporter] Skipped detail-page fetch for stock #1446735 — time budget already exhausted.
[2026-07-24 20:40:38] [MotusApiImporter] After enrichFromDetailPage() — engine_capacity_cc=NULL, image_urls count=1
[2026-07-24 20:40:38] [MotusApiImporter] findExistingCar() -> EXISTING car id=1658
[2026-07-24 20:40:38] [MotusApiImporter] updateCar() completed for existing id=1658.
[2026-07-24 20:40:38] [MotusApiImporter] --- Processing row 67 (stock/sku: 1445959) ---
[2026-07-24 20:40:38] [MotusApiImporter] parseVehicle() OK — make=VOLKSWAGEN, model=TRANSPORTER, source_url=https://www.motusvw.co.za/midrand/showroom/625-vwmdf425954/1/, image_urls count=1
[2026-07-24 20:40:38] [MotusApiImporter] Skipped detail-page fetch for stock #1445959 — time budget already exhausted.
[2026-07-24 20:40:38] [MotusApiImporter] After enrichFromDetailPage() — engine_capacity_cc=NULL, image_urls count=1
[2026-07-24 20:40:38] [MotusApiImporter] findExistingCar() -> EXISTING car id=1659
[2026-07-24 20:40:38] [MotusApiImporter] updateCar() completed for existing id=1659.
[2026-07-24 20:40:38] [MotusApiImporter] --- Processing row 68 (stock/sku: 1446051) ---
[2026-07-24 20:40:38] [MotusApiImporter] parseVehicle() OK — make=VOLKSWAGEN, model=AMAROK, source_url=https://www.motusvw.co.za/midrand/showroom/625-vwmdf891606/1/, image_urls count=1
[2026-07-24 20:40:38] [MotusApiImporter] Skipped detail-page fetch for stock #1446051 — time budget already exhausted.
[2026-07-24 20:40:38] [MotusApiImporter] After enrichFromDetailPage() — engine_capacity_cc=NULL, image_urls count=1
[2026-07-24 20:40:38] [MotusApiImporter] findExistingCar() -> EXISTING car id=1660
[2026-07-24 20:40:38] [MotusApiImporter] updateCar() completed for existing id=1660.
[2026-07-24 20:40:38] [MotusApiImporter] --- Processing row 69 (stock/sku: 1446086) ---
[2026-07-24 20:40:38] [MotusApiImporter] parseVehicle() OK — make=VOLKSWAGEN, model=POLO, source_url=https://www.motusvw.co.za/midrand/showroom/625-vwmdf891191/1/, image_urls count=1
[2026-07-24 20:40:38] [MotusApiImporter] Skipped detail-page fetch for stock #1446086 — time budget already exhausted.
[2026-07-24 20:40:38] [MotusApiImporter] After enrichFromDetailPage() — engine_capacity_cc=NULL, image_urls count=1
[2026-07-24 20:40:38] [MotusApiImporter] findExistingCar() -> EXISTING car id=1661
[2026-07-24 20:40:38] [MotusApiImporter] updateCar() completed for existing id=1661.
[2026-07-24 20:40:38] [MotusApiImporter] --- Processing row 70 (stock/sku: 1446654) ---
[2026-07-24 20:40:38] [MotusApiImporter] parseVehicle() OK — make=AUDI, model=Q2, source_url=https://www.motusvw.co.za/midrand/showroom/625-vwmdf872129/1/, image_urls count=1
[2026-07-24 20:40:38] [MotusApiImporter] Skipped detail-page fetch for stock #1446654 — time budget already exhausted.
[2026-07-24 20:40:38] [MotusApiImporter] After enrichFromDetailPage() — engine_capacity_cc=NULL, image_urls count=1
[2026-07-24 20:40:38] [MotusApiImporter] findExistingCar() -> EXISTING car id=1662
[2026-07-24 20:40:38] [MotusApiImporter] updateCar() completed for existing id=1662.
[2026-07-24 20:40:38] [MotusApiImporter] --- Processing row 71 (stock/sku: 1449184) ---
[2026-07-24 20:40:38] [MotusApiImporter] parseVehicle() OK — make=FORD, model=RANGER, source_url=https://www.motusvw.co.za/midrand/showroom/625-vwmdf895758/1/, image_urls count=1
[2026-07-24 20:40:38] [MotusApiImporter] Skipped detail-page fetch for stock #1449184 — time budget already exhausted.
[2026-07-24 20:40:38] [MotusApiImporter] After enrichFromDetailPage() — engine_capacity_cc=NULL, image_urls count=1
[2026-07-24 20:40:38] [MotusApiImporter] findExistingCar() -> EXISTING car id=1663
[2026-07-24 20:40:38] [MotusApiImporter] updateCar() completed for existing id=1663.
[2026-07-24 20:40:38] [MotusApiImporter] --- Processing row 72 (stock/sku: 1448032) ---
[2026-07-24 20:40:38] [MotusApiImporter] parseVehicle() OK — make=HYUNDAI, model=GRAND CRETA, source_url=https://www.motusvw.co.za/midrand/showroom/625-vwmvusc853094/1/, image_urls count=1
[2026-07-24 20:40:38] [MotusApiImporter] Skipped detail-page fetch for stock #1448032 — time budget already exhausted.
[2026-07-24 20:40:38] [MotusApiImporter] After enrichFromDetailPage() — engine_capacity_cc=NULL, image_urls count=1
[2026-07-24 20:40:38] [MotusApiImporter] findExistingCar() -> EXISTING car id=1664
[2026-07-24 20:40:38] [MotusApiImporter] updateCar() completed for existing id=1664.
[2026-07-24 20:40:38] [MotusApiImporter] --- Processing row 73 (stock/sku: 1446809) ---
[2026-07-24 20:40:38] [MotusApiImporter] parseVehicle() OK — make=KIA, model=PICANTO, source_url=https://www.motusvw.co.za/midrand/showroom/625-vwmdf894445/1/, image_urls count=1
[2026-07-24 20:40:38] [MotusApiImporter] Skipped detail-page fetch for stock #1446809 — time budget already exhausted.
[2026-07-24 20:40:38] [MotusApiImporter] After enrichFromDetailPage() — engine_capacity_cc=NULL, image_urls count=1
[2026-07-24 20:40:38] [MotusApiImporter] findExistingCar() -> EXISTING car id=1665
[2026-07-24 20:40:38] [MotusApiImporter] updateCar() completed for existing id=1665.
[2026-07-24 20:40:38] [MotusApiImporter] --- Processing row 74 (stock/sku: 1446810) ---
[2026-07-24 20:40:38] [MotusApiImporter] parseVehicle() OK — make=NISSAN, model=MAGNITE, source_url=https://www.motusvw.co.za/midrand/showroom/625-vwmdf894838/1/, image_urls count=1
[2026-07-24 20:40:38] [MotusApiImporter] Skipped detail-page fetch for stock #1446810 — time budget already exhausted.
[2026-07-24 20:40:38] [MotusApiImporter] After enrichFromDetailPage() — engine_capacity_cc=NULL, image_urls count=1
[2026-07-24 20:40:38] [MotusApiImporter] findExistingCar() -> EXISTING car id=1666
[2026-07-24 20:40:38] [MotusApiImporter] updateCar() completed for existing id=1666.
[2026-07-24 20:40:38] [MotusApiImporter] --- Processing row 75 (stock/sku: 1446523) ---
[2026-07-24 20:40:38] [MotusApiImporter] parseVehicle() OK — make=TOYOTA, model=COROLLA CROSS, source_url=https://www.motusvw.co.za/midrand/showroom/625-bm037used896315/1/, image_urls count=1
[2026-07-24 20:40:38] [MotusApiImporter] Skipped detail-page fetch for stock #1446523 — time budget already exhausted.
[2026-07-24 20:40:38] [MotusApiImporter] After enrichFromDetailPage() — engine_capacity_cc=NULL, image_urls count=1
[2026-07-24 20:40:38] [MotusApiImporter] findExistingCar() -> EXISTING car id=1667
[2026-07-24 20:40:38] [MotusApiImporter] updateCar() completed for existing id=1667.
[2026-07-24 20:40:38] [MotusApiImporter] --- Processing row 76 (stock/sku: 1445994) ---
[2026-07-24 20:40:38] [MotusApiImporter] parseVehicle() OK — make=TOYOTA, model=HILUX, source_url=https://www.motusvw.co.za/midrand/showroom/625-vwmdf892356/1/, image_urls count=1
[2026-07-24 20:40:38] [MotusApiImporter] Skipped detail-page fetch for stock #1445994 — time budget already exhausted.
[2026-07-24 20:40:38] [MotusApiImporter] After enrichFromDetailPage() — engine_capacity_cc=NULL, image_urls count=1
[2026-07-24 20:40:38] [MotusApiImporter] findExistingCar() -> EXISTING car id=1668
[2026-07-24 20:40:38] [MotusApiImporter] updateCar() completed for existing id=1668.
[2026-07-24 20:40:38] [MotusApiImporter] --- Processing row 77 (stock/sku: 1446028) ---
[2026-07-24 20:40:38] [MotusApiImporter] parseVehicle() OK — make=VOLKSWAGEN, model=AMAROK, source_url=https://www.motusvw.co.za/midrand/showroom/625-vwmdf850170/1/, image_urls count=1
[2026-07-24 20:40:38] [MotusApiImporter] Skipped detail-page fetch for stock #1446028 — time budget already exhausted.
[2026-07-24 20:40:38] [MotusApiImporter] After enrichFromDetailPage() — engine_capacity_cc=NULL, image_urls count=1
[2026-07-24 20:40:38] [MotusApiImporter] findExistingCar() -> EXISTING car id=1669
[2026-07-24 20:40:38] [MotusApiImporter] updateCar() completed for existing id=1669.
[2026-07-24 20:40:38] [MotusApiImporter] --- Processing row 78 (stock/sku: 1445881) ---
[2026-07-24 20:40:38] [MotusApiImporter] parseVehicle() OK — make=VOLKSWAGEN, model=POLO, source_url=https://www.motusvw.co.za/midrand/showroom/625-vwmdf894037/1/, image_urls count=1
[2026-07-24 20:40:38] [MotusApiImporter] Skipped detail-page fetch for stock #1445881 — time budget already exhausted.
[2026-07-24 20:40:38] [MotusApiImporter] After enrichFromDetailPage() — engine_capacity_cc=NULL, image_urls count=1
[2026-07-24 20:40:38] [MotusApiImporter] findExistingCar() -> EXISTING car id=1670
[2026-07-24 20:40:38] [MotusApiImporter] updateCar() completed for existing id=1670.
[2026-07-24 20:40:38] [MotusApiImporter] --- Processing row 79 (stock/sku: 1446323) ---
[2026-07-24 20:40:38] [MotusApiImporter] parseVehicle() OK — make=VOLKSWAGEN, model=POLO, source_url=https://www.motusvw.co.za/midrand/showroom/625-vwmdf888345/1/, image_urls count=1
[2026-07-24 20:40:38] [MotusApiImporter] Skipped detail-page fetch for stock #1446323 — time budget already exhausted.
[2026-07-24 20:40:38] [MotusApiImporter] After enrichFromDetailPage() — engine_capacity_cc=NULL, image_urls count=1
[2026-07-24 20:40:38] [MotusApiImporter] findExistingCar() -> EXISTING car id=1671
[2026-07-24 20:40:38] [MotusApiImporter] updateCar() completed for existing id=1671.
[2026-07-24 20:40:38] [MotusApiImporter] --- Processing row 80 (stock/sku: 1446790) ---
[2026-07-24 20:40:38] [MotusApiImporter] parseVehicle() OK — make=VOLKSWAGEN, model=T-CROSS, source_url=https://www.motusvw.co.za/midrand/showroom/625-vwmdf839567/1/, image_urls count=1
[2026-07-24 20:40:38] [MotusApiImporter] Skipped detail-page fetch for stock #1446790 — time budget already exhausted.
[2026-07-24 20:40:38] [MotusApiImporter] After enrichFromDetailPage() — engine_capacity_cc=NULL, image_urls count=1
[2026-07-24 20:40:38] [MotusApiImporter] findExistingCar() -> EXISTING car id=1672
[2026-07-24 20:40:38] [MotusApiImporter] updateCar() completed for existing id=1672.
[2026-07-24 20:40:38] [MotusApiImporter] --- Processing row 81 (stock/sku: 1446786) ---
[2026-07-24 20:40:38] [MotusApiImporter] parseVehicle() OK — make=VOLKSWAGEN, model=T-CROSS, source_url=https://www.motusvw.co.za/midrand/showroom/625-vwmdf843717/8/, image_urls count=1
[2026-07-24 20:40:38] [MotusApiImporter] Skipped detail-page fetch for stock #1446786 — time budget already exhausted.
[2026-07-24 20:40:38] [MotusApiImporter] After enrichFromDetailPage() — engine_capacity_cc=NULL, image_urls count=1
[2026-07-24 20:40:38] [MotusApiImporter] findExistingCar() -> EXISTING car id=1673
[2026-07-24 20:40:38] [MotusApiImporter] updateCar() completed for existing id=1673.
[2026-07-24 20:40:38] [MotusApiImporter] --- Processing row 82 (stock/sku: 1445882) ---
[2026-07-24 20:40:38] [MotusApiImporter] parseVehicle() OK — make=VOLKSWAGEN, model=T-ROC, source_url=https://www.motusvw.co.za/midrand/showroom/625-vwmdf894108/1/, image_urls count=1
[2026-07-24 20:40:38] [MotusApiImporter] Skipped detail-page fetch for stock #1445882 — time budget already exhausted.
[2026-07-24 20:40:38] [MotusApiImporter] After enrichFromDetailPage() — engine_capacity_cc=NULL, image_urls count=1
[2026-07-24 20:40:38] [MotusApiImporter] findExistingCar() -> EXISTING car id=1674
[2026-07-24 20:40:38] [MotusApiImporter] updateCar() completed for existing id=1674.
[2026-07-24 20:40:38] [MotusApiImporter] --- Processing row 83 (stock/sku: 1445751) ---
[2026-07-24 20:40:38] [MotusApiImporter] parseVehicle() OK — make=VOLKSWAGEN, model=TAIGO, source_url=https://www.motusvw.co.za/midrand/showroom/625-vwmdf874038/1/, image_urls count=1
[2026-07-24 20:40:38] [MotusApiImporter] Skipped detail-page fetch for stock #1445751 — time budget already exhausted.
[2026-07-24 20:40:38] [MotusApiImporter] After enrichFromDetailPage() — engine_capacity_cc=NULL, image_urls count=1
[2026-07-24 20:40:38] [MotusApiImporter] findExistingCar() -> EXISTING car id=1675
[2026-07-24 20:40:38] [MotusApiImporter] updateCar() completed for existing id=1675.
[2026-07-24 20:40:38] [MotusApiImporter] --- Processing row 84 (stock/sku: 1446249) ---
[2026-07-24 20:40:38] [MotusApiImporter] parseVehicle() OK — make=SUZUKI, model=SWIFT, source_url=https://www.motusvw.co.za/midrand/showroom/625-vwmdf889410/1/, image_urls count=1
[2026-07-24 20:40:38] [MotusApiImporter] Skipped detail-page fetch for stock #1446249 — time budget already exhausted.
[2026-07-24 20:40:38] [MotusApiImporter] After enrichFromDetailPage() — engine_capacity_cc=NULL, image_urls count=1
[2026-07-24 20:40:38] [MotusApiImporter] findExistingCar() -> EXISTING car id=1676
[2026-07-24 20:40:38] [MotusApiImporter] updateCar() completed for existing id=1676.
[2026-07-24 20:40:38] [MotusApiImporter] --- Processing row 85 (stock/sku: 1445799) ---
[2026-07-24 20:40:38] [MotusApiImporter] parseVehicle() OK — make=SUZUKI, model=SWIFT, source_url=https://www.motusvw.co.za/midrand/showroom/625-vwmdf895482/1/, image_urls count=1
[2026-07-24 20:40:38] [MotusApiImporter] Skipped detail-page fetch for stock #1445799 — time budget already exhausted.
[2026-07-24 20:40:38] [MotusApiImporter] After enrichFromDetailPage() — engine_capacity_cc=NULL, image_urls count=1
[2026-07-24 20:40:38] [MotusApiImporter] findExistingCar() -> EXISTING car id=1677
[2026-07-24 20:40:38] [MotusApiImporter] updateCar() completed for existing id=1677.
[2026-07-24 20:40:38] [MotusApiImporter] --- Processing row 86 (stock/sku: 1445871) ---
[2026-07-24 20:40:38] [MotusApiImporter] parseVehicle() OK — make=SUZUKI, model=SWIFT, source_url=https://www.motusvw.co.za/midrand/showroom/625-vwmdf894155/1/, image_urls count=1
[2026-07-24 20:40:38] [MotusApiImporter] Skipped detail-page fetch for stock #1445871 — time budget already exhausted.
[2026-07-24 20:40:38] [MotusApiImporter] After enrichFromDetailPage() — engine_capacity_cc=NULL, image_urls count=1
[2026-07-24 20:40:38] [MotusApiImporter] findExistingCar() -> EXISTING car id=1678
[2026-07-24 20:40:38] [MotusApiImporter] updateCar() completed for existing id=1678.
[2026-07-24 20:40:38] [MotusApiImporter] --- Processing row 87 (stock/sku: 1445800) ---
[2026-07-24 20:40:38] [MotusApiImporter] parseVehicle() OK — make=SUZUKI, model=SWIFT, source_url=https://www.motusvw.co.za/midrand/showroom/625-vwmdf895483/1/, image_urls count=1
[2026-07-24 20:40:38] [MotusApiImporter] Skipped detail-page fetch for stock #1445800 — time budget already exhausted.
[2026-07-24 20:40:38] [MotusApiImporter] After enrichFromDetailPage() — engine_capacity_cc=NULL, image_urls count=1
[2026-07-24 20:40:38] [MotusApiImporter] findExistingCar() -> EXISTING car id=1679
[2026-07-24 20:40:38] [MotusApiImporter] updateCar() completed for existing id=1679.
[2026-07-24 20:40:38] [MotusApiImporter] --- Processing row 88 (stock/sku: 1446293) ---
[2026-07-24 20:40:38] [MotusApiImporter] parseVehicle() OK — make=TOYOTA, model=STARLET, source_url=https://www.motusvw.co.za/midrand/showroom/625-vwmdf888699/1/, image_urls count=1
[2026-07-24 20:40:38] [MotusApiImporter] Skipped detail-page fetch for stock #1446293 — time budget already exhausted.
[2026-07-24 20:40:38] [MotusApiImporter] After enrichFromDetailPage() — engine_capacity_cc=NULL, image_urls count=1
[2026-07-24 20:40:38] [MotusApiImporter] findExistingCar() -> EXISTING car id=1680
[2026-07-24 20:40:38] [MotusApiImporter] updateCar() completed for existing id=1680.
[2026-07-24 20:40:38] [MotusApiImporter] --- Processing row 89 (stock/sku: 1446743) ---
[2026-07-24 20:40:38] [MotusApiImporter] parseVehicle() OK — make=VOLKSWAGEN, model=AMAROK, source_url=https://www.motusvw.co.za/midrand/showroom/625-vwmdf861452/1/, image_urls count=1
[2026-07-24 20:40:38] [MotusApiImporter] Skipped detail-page fetch for stock #1446743 — time budget already exhausted.
[2026-07-24 20:40:38] [MotusApiImporter] After enrichFromDetailPage() — engine_capacity_cc=NULL, image_urls count=1
[2026-07-24 20:40:38] [MotusApiImporter] findExistingCar() -> EXISTING car id=1681
[2026-07-24 20:40:38] [MotusApiImporter] updateCar() completed for existing id=1681.
[2026-07-24 20:40:38] [MotusApiImporter] --- Processing row 90 (stock/sku: 1446558) ---
[2026-07-24 20:40:38] [MotusApiImporter] parseVehicle() OK — make=VOLKSWAGEN, model=POLO, source_url=https://www.motusvw.co.za/midrand/showroom/625-vwmdf876638/1/, image_urls count=1
[2026-07-24 20:40:38] [MotusApiImporter] Skipped detail-page fetch for stock #1446558 — time budget already exhausted.
[2026-07-24 20:40:38] [MotusApiImporter] After enrichFromDetailPage() — engine_capacity_cc=NULL, image_urls count=1
[2026-07-24 20:40:38] [MotusApiImporter] findExistingCar() -> EXISTING car id=1682
[2026-07-24 20:40:38] [MotusApiImporter] updateCar() completed for existing id=1682.
[2026-07-24 20:40:38] [MotusApiImporter] --- Processing row 91 (stock/sku: 1446729) ---
[2026-07-24 20:40:38] [MotusApiImporter] parseVehicle() OK — make=VOLKSWAGEN, model=POLO, source_url=https://www.motusvw.co.za/midrand/showroom/625-vwmdf864742/3/, image_urls count=1
[2026-07-24 20:40:38] [MotusApiImporter] Skipped detail-page fetch for stock #1446729 — time budget already exhausted.
[2026-07-24 20:40:38] [MotusApiImporter] After enrichFromDetailPage() — engine_capacity_cc=NULL, image_urls count=1
[2026-07-24 20:40:38] [MotusApiImporter] findExistingCar() -> EXISTING car id=1683
[2026-07-24 20:40:38] [MotusApiImporter] updateCar() completed for existing id=1683.
[2026-07-24 20:40:38] [MotusApiImporter] --- Processing row 92 (stock/sku: 1446763) ---
[2026-07-24 20:40:38] [MotusApiImporter] parseVehicle() OK — make=VOLKSWAGEN, model=POLO VIVO, source_url=https://www.motusvw.co.za/midrand/showroom/625-vwmdf858161/1/, image_urls count=1
[2026-07-24 20:40:38] [MotusApiImporter] Skipped detail-page fetch for stock #1446763 — time budget already exhausted.
[2026-07-24 20:40:38] [MotusApiImporter] After enrichFromDetailPage() — engine_capacity_cc=NULL, image_urls count=1
[2026-07-24 20:40:38] [MotusApiImporter] findExistingCar() -> EXISTING car id=1684
[2026-07-24 20:40:38] [MotusApiImporter] updateCar() completed for existing id=1684.
[2026-07-24 20:40:38] [MotusApiImporter] --- Processing row 93 (stock/sku: 1446755) ---
[2026-07-24 20:40:38] [MotusApiImporter] parseVehicle() OK — make=VOLKSWAGEN, model=POLO VIVO, source_url=https://www.motusvw.co.za/midrand/showroom/625-vwmdf859179/4/, image_urls count=1
[2026-07-24 20:40:38] [MotusApiImporter] Skipped detail-page fetch for stock #1446755 — time budget already exhausted.
[2026-07-24 20:40:38] [MotusApiImporter] After enrichFromDetailPage() — engine_capacity_cc=NULL, image_urls count=1
[2026-07-24 20:40:38] [MotusApiImporter] findExistingCar() -> EXISTING car id=1685
[2026-07-24 20:40:38] [MotusApiImporter] updateCar() completed for existing id=1685.
[2026-07-24 20:40:38] [MotusApiImporter] --- Processing row 94 (stock/sku: 1446746) ---
[2026-07-24 20:40:38] [MotusApiImporter] parseVehicle() OK — make=VOLKSWAGEN, model=POLO VIVO, source_url=https://www.motusvw.co.za/midrand/showroom/625-vwmdf860907/1/, image_urls count=1
[2026-07-24 20:40:38] [MotusApiImporter] Skipped detail-page fetch for stock #1446746 — time budget already exhausted.
[2026-07-24 20:40:38] [MotusApiImporter] After enrichFromDetailPage() — engine_capacity_cc=NULL, image_urls count=1
[2026-07-24 20:40:38] [MotusApiImporter] findExistingCar() -> EXISTING car id=1686
[2026-07-24 20:40:38] [MotusApiImporter] updateCar() completed for existing id=1686.
[2026-07-24 20:40:38] [MotusApiImporter] --- Processing row 95 (stock/sku: 1446711) ---
[2026-07-24 20:40:38] [MotusApiImporter] parseVehicle() OK — make=VOLKSWAGEN, model=POLO VIVO, source_url=https://www.motusvw.co.za/midrand/showroom/625-vwmdf868173/2/, image_urls count=1
[2026-07-24 20:40:38] [MotusApiImporter] Skipped detail-page fetch for stock #1446711 — time budget already exhausted.
[2026-07-24 20:40:38] [MotusApiImporter] After enrichFromDetailPage() — engine_capacity_cc=NULL, image_urls count=1
[2026-07-24 20:40:38] [MotusApiImporter] findExistingCar() -> EXISTING car id=1687
[2026-07-24 20:40:38] [MotusApiImporter] updateCar() completed for existing id=1687.
[2026-07-24 20:40:38] [MotusApiImporter] --- Processing row 96 (stock/sku: 1446694) ---
[2026-07-24 20:40:38] [MotusApiImporter] parseVehicle() OK — make=VOLKSWAGEN, model=POLO VIVO, source_url=https://www.motusvw.co.za/midrand/showroom/625-vwmdf869665/2/, image_urls count=1
[2026-07-24 20:40:38] [MotusApiImporter] Skipped detail-page fetch for stock #1446694 — time budget already exhausted.
[2026-07-24 20:40:38] [MotusApiImporter] After enrichFromDetailPage() — engine_capacity_cc=NULL, image_urls count=1
[2026-07-24 20:40:38] [MotusApiImporter] findExistingCar() -> EXISTING car id=1688
[2026-07-24 20:40:38] [MotusApiImporter] updateCar() completed for existing id=1688.
[2026-07-24 20:40:38] [MotusApiImporter] --- Processing row 97 (stock/sku: 1446751) ---
[2026-07-24 20:40:38] [MotusApiImporter] parseVehicle() OK — make=VOLKSWAGEN, model=T-CROSS, source_url=https://www.motusvw.co.za/midrand/showroom/625-vwmdf860129/3/, image_urls count=1
[2026-07-24 20:40:38] [MotusApiImporter] Skipped detail-page fetch for stock #1446751 — time budget already exhausted.
[2026-07-24 20:40:38] [MotusApiImporter] After enrichFromDetailPage() — engine_capacity_cc=NULL, image_urls count=1
[2026-07-24 20:40:38] [MotusApiImporter] findExistingCar() -> EXISTING car id=1689
[2026-07-24 20:40:38] [MotusApiImporter] updateCar() completed for existing id=1689.
[2026-07-24 20:40:38] [MotusApiImporter] --- Processing row 98 (stock/sku: 1446720) ---
[2026-07-24 20:40:38] [MotusApiImporter] parseVehicle() OK — make=VOLKSWAGEN, model=TAIGO, source_url=https://www.motusvw.co.za/midrand/showroom/625-vwmdf859177/2/, image_urls count=1
[2026-07-24 20:40:38] [MotusApiImporter] Skipped detail-page fetch for stock #1446720 — time budget already exhausted.
[2026-07-24 20:40:38] [MotusApiImporter] After enrichFromDetailPage() — engine_capacity_cc=NULL, image_urls count=1
[2026-07-24 20:40:38] [MotusApiImporter] findExistingCar() -> EXISTING car id=1690
[2026-07-24 20:40:38] [MotusApiImporter] updateCar() completed for existing id=1690.
[2026-07-24 20:40:38] [MotusApiImporter] --- Processing row 99 (stock/sku: 1446118) ---
[2026-07-24 20:40:38] [MotusApiImporter] parseVehicle() OK — make=MG, model=HS, source_url=https://www.motusvw.co.za/midrand/showroom/625-vwmdf890989/1/, image_urls count=1
[2026-07-24 20:40:38] [MotusApiImporter] Skipped detail-page fetch for stock #1446118 — time budget already exhausted.
[2026-07-24 20:40:38] [MotusApiImporter] After enrichFromDetailPage() — engine_capacity_cc=NULL, image_urls count=1
[2026-07-24 20:40:38] [MotusApiImporter] findExistingCar() -> EXISTING car id=1691
[2026-07-24 20:40:38] [MotusApiImporter] updateCar() completed for existing id=1691.
[2026-07-24 20:40:38] [MotusApiImporter] --- Processing row 100 (stock/sku: 1446119) ---
[2026-07-24 20:40:38] [MotusApiImporter] parseVehicle() OK — make=MG, model=MG3, source_url=https://www.motusvw.co.za/midrand/showroom/625-vwmdf890997/1/, image_urls count=1
[2026-07-24 20:40:38] [MotusApiImporter] Skipped detail-page fetch for stock #1446119 — time budget already exhausted.
[2026-07-24 20:40:38] [MotusApiImporter] After enrichFromDetailPage() — engine_capacity_cc=NULL, image_urls count=1
[2026-07-24 20:40:38] [MotusApiImporter] findExistingCar() -> EXISTING car id=1692
[2026-07-24 20:40:38] [MotusApiImporter] updateCar() completed for existing id=1692.
[2026-07-24 20:40:38] [MotusApiImporter] --- Processing row 101 (stock/sku: 1446188) ---
[2026-07-24 20:40:38] [MotusApiImporter] parseVehicle() OK — make=TATA, model=TIAGO, source_url=https://www.motusvw.co.za/midrand/showroom/625-vwmdf891531/1/, image_urls count=1
[2026-07-24 20:40:38] [MotusApiImporter] Skipped detail-page fetch for stock #1446188 — time budget already exhausted.
[2026-07-24 20:40:38] [MotusApiImporter] After enrichFromDetailPage() — engine_capacity_cc=NULL, image_urls count=1
[2026-07-24 20:40:38] [MotusApiImporter] findExistingCar() -> EXISTING car id=1693
[2026-07-24 20:40:38] [MotusApiImporter] updateCar() completed for existing id=1693.
[2026-07-24 20:40:38] [MotusApiImporter] --- Processing row 102 (stock/sku: 1446482) ---
[2026-07-24 20:40:38] [MotusApiImporter] parseVehicle() OK — make=VOLKSWAGEN, model=AMAROK, source_url=https://www.motusvw.co.za/midrand/showroom/625-vwmdf885078/1/, image_urls count=1
[2026-07-24 20:40:38] [MotusApiImporter] Skipped detail-page fetch for stock #1446482 — time budget already exhausted.
[2026-07-24 20:40:38] [MotusApiImporter] After enrichFromDetailPage() — engine_capacity_cc=NULL, image_urls count=1
[2026-07-24 20:40:38] [MotusApiImporter] findExistingCar() -> EXISTING car id=1694
[2026-07-24 20:40:38] [MotusApiImporter] updateCar() completed for existing id=1694.
[2026-07-24 20:40:38] [MotusApiImporter] --- Processing row 103 (stock/sku: 1446648) ---
[2026-07-24 20:40:38] [MotusApiImporter] parseVehicle() OK — make=VOLKSWAGEN, model=CADDY, source_url=https://www.motusvw.co.za/midrand/showroom/625-vwmdf872377/1/, image_urls count=1
[2026-07-24 20:40:38] [MotusApiImporter] Skipped detail-page fetch for stock #1446648 — time budget already exhausted.
[2026-07-24 20:40:38] [MotusApiImporter] After enrichFromDetailPage() — engine_capacity_cc=NULL, image_urls count=1
[2026-07-24 20:40:38] [MotusApiImporter] findExistingCar() -> EXISTING car id=1695
[2026-07-24 20:40:38] [MotusApiImporter] updateCar() completed for existing id=1695.
[2026-07-24 20:40:38] [MotusApiImporter] --- Processing row 104 (stock/sku: 1445922) ---
[2026-07-24 20:40:38] [MotusApiImporter] parseVehicle() OK — make=VOLKSWAGEN, model=POLO VIVO, source_url=https://www.motusvw.co.za/midrand/showroom/625-vwmdf893350/1/, image_urls count=1
[2026-07-24 20:40:38] [MotusApiImporter] Skipped detail-page fetch for stock #1445922 — time budget already exhausted.
[2026-07-24 20:40:38] [MotusApiImporter] After enrichFromDetailPage() — engine_capacity_cc=NULL, image_urls count=1
[2026-07-24 20:40:38] [MotusApiImporter] findExistingCar() -> EXISTING car id=1696
[2026-07-24 20:40:38] [MotusApiImporter] updateCar() completed for existing id=1696.
[2026-07-24 20:40:38] [MotusApiImporter] --- Processing row 105 (stock/sku: 1446628) ---
[2026-07-24 20:40:38] [MotusApiImporter] parseVehicle() OK — make=VOLKSWAGEN, model=POLO VIVO, source_url=https://www.motusvw.co.za/midrand/showroom/625-vwmdf873548/2/, image_urls count=1
[2026-07-24 20:40:38] [MotusApiImporter] Skipped detail-page fetch for stock #1446628 — time budget already exhausted.
[2026-07-24 20:40:38] [MotusApiImporter] After enrichFromDetailPage() — engine_capacity_cc=NULL, image_urls count=1
[2026-07-24 20:40:38] [MotusApiImporter] findExistingCar() -> EXISTING car id=1697
[2026-07-24 20:40:38] [MotusApiImporter] updateCar() completed for existing id=1697.
[2026-07-24 20:40:38] [MotusApiImporter] --- Processing row 106 (stock/sku: 1446506) ---
[2026-07-24 20:40:38] [MotusApiImporter] parseVehicle() OK — make=VOLKSWAGEN, model=POLO VIVO, source_url=https://www.motusvw.co.za/midrand/showroom/625-vwmdf884657/2/, image_urls count=1
[2026-07-24 20:40:38] [MotusApiImporter] Skipped detail-page fetch for stock #1446506 — time budget already exhausted.
[2026-07-24 20:40:38] [MotusApiImporter] After enrichFromDetailPage() — engine_capacity_cc=NULL, image_urls count=1
[2026-07-24 20:40:38] [MotusApiImporter] findExistingCar() -> EXISTING car id=1698
[2026-07-24 20:40:38] [MotusApiImporter] updateCar() completed for existing id=1698.
[2026-07-24 20:40:38] [MotusApiImporter] --- Processing row 107 (stock/sku: 1446432) ---
[2026-07-24 20:40:38] [MotusApiImporter] parseVehicle() OK — make=VOLKSWAGEN, model=POLO VIVO, source_url=https://www.motusvw.co.za/midrand/showroom/625-vwmdf886086/1/, image_urls count=1
[2026-07-24 20:40:38] [MotusApiImporter] Skipped detail-page fetch for stock #1446432 — time budget already exhausted.
[2026-07-24 20:40:38] [MotusApiImporter] After enrichFromDetailPage() — engine_capacity_cc=NULL, image_urls count=1
[2026-07-24 20:40:38] [MotusApiImporter] findExistingCar() -> EXISTING car id=1699
[2026-07-24 20:40:38] [MotusApiImporter] updateCar() completed for existing id=1699.
[2026-07-24 20:40:38] [MotusApiImporter] --- Processing row 108 (stock/sku: 1446409) ---
[2026-07-24 20:40:38] [MotusApiImporter] parseVehicle() OK — make=VOLKSWAGEN, model=POLO VIVO, source_url=https://www.motusvw.co.za/midrand/showroom/625-vwmdf886385/1/, image_urls count=1
[2026-07-24 20:40:38] [MotusApiImporter] Skipped detail-page fetch for stock #1446409 — time budget already exhausted.
[2026-07-24 20:40:38] [MotusApiImporter] After enrichFromDetailPage() — engine_capacity_cc=NULL, image_urls count=1
[2026-07-24 20:40:38] [MotusApiImporter] findExistingCar() -> EXISTING car id=1700
[2026-07-24 20:40:38] [MotusApiImporter] updateCar() completed for existing id=1700.
[2026-07-24 20:40:38] [MotusApiImporter] --- Processing row 109 (stock/sku: 1446322) ---
[2026-07-24 20:40:38] [MotusApiImporter] parseVehicle() OK — make=VOLKSWAGEN, model=POLO VIVO, source_url=https://www.motusvw.co.za/midrand/showroom/625-vwmdf888339/1/, image_urls count=1
[2026-07-24 20:40:38] [MotusApiImporter] Skipped detail-page fetch for stock #1446322 — time budget already exhausted.
[2026-07-24 20:40:38] [MotusApiImporter] After enrichFromDetailPage() — engine_capacity_cc=NULL, image_urls count=1
[2026-07-24 20:40:38] [MotusApiImporter] findExistingCar() -> EXISTING car id=1701
[2026-07-24 20:40:38] [MotusApiImporter] updateCar() completed for existing id=1701.
[2026-07-24 20:40:38] [MotusApiImporter] --- Processing row 110 (stock/sku: 1446321) ---
[2026-07-24 20:40:38] [MotusApiImporter] parseVehicle() OK — make=VOLKSWAGEN, model=POLO VIVO, source_url=https://www.motusvw.co.za/midrand/showroom/625-vwmdf888337/1/, image_urls count=1
[2026-07-24 20:40:38] [MotusApiImporter] Skipped detail-page fetch for stock #1446321 — time budget already exhausted.
[2026-07-24 20:40:38] [MotusApiImporter] After enrichFromDetailPage() — engine_capacity_cc=NULL, image_urls count=1
[2026-07-24 20:40:38] [MotusApiImporter] findExistingCar() -> EXISTING car id=1702
[2026-07-24 20:40:38] [MotusApiImporter] updateCar() completed for existing id=1702.
[2026-07-24 20:40:38] [MotusApiImporter] --- Processing row 111 (stock/sku: 1446314) ---
[2026-07-24 20:40:38] [MotusApiImporter] parseVehicle() OK — make=VOLKSWAGEN, model=POLO VIVO, source_url=https://www.motusvw.co.za/midrand/showroom/625-vwmdf888462/1/, image_urls count=1
[2026-07-24 20:40:38] [MotusApiImporter] Skipped detail-page fetch for stock #1446314 — time budget already exhausted.
[2026-07-24 20:40:38] [MotusApiImporter] After enrichFromDetailPage() — engine_capacity_cc=NULL, image_urls count=1
[2026-07-24 20:40:38] [MotusApiImporter] findExistingCar() -> EXISTING car id=1703
[2026-07-24 20:40:38] [MotusApiImporter] updateCar() completed for existing id=1703.
[2026-07-24 20:40:38] [MotusApiImporter] --- Processing row 112 (stock/sku: 1446181) ---
[2026-07-24 20:40:38] [MotusApiImporter] parseVehicle() OK — make=VOLKSWAGEN, model=POLO VIVO, source_url=https://www.motusvw.co.za/midrand/showroom/625-vwmdf890179/3/, image_urls count=1
[2026-07-24 20:40:38] [MotusApiImporter] Skipped detail-page fetch for stock #1446181 — time budget already exhausted.
[2026-07-24 20:40:38] [MotusApiImporter] After enrichFromDetailPage() — engine_capacity_cc=NULL, image_urls count=1
[2026-07-24 20:40:38] [MotusApiImporter] findExistingCar() -> EXISTING car id=1704
[2026-07-24 20:40:38] [MotusApiImporter] updateCar() completed for existing id=1704.
[2026-07-24 20:40:38] [MotusApiImporter] --- Processing row 113 (stock/sku: 1449179) ---
[2026-07-24 20:40:38] [MotusApiImporter] parseVehicle() OK — make=VOLKSWAGEN, model=POLO VIVO, source_url=https://www.motusvw.co.za/midrand/showroom/625-vwmdf875858/2/, image_urls count=1
[2026-07-24 20:40:38] [MotusApiImporter] Skipped detail-page fetch for stock #1449179 — time budget already exhausted.
[2026-07-24 20:40:38] [MotusApiImporter] After enrichFromDetailPage() — engine_capacity_cc=NULL, image_urls count=1
[2026-07-24 20:40:38] [MotusApiImporter] findExistingCar() -> EXISTING car id=1705
[2026-07-24 20:40:38] [MotusApiImporter] updateCar() completed for existing id=1705.
[2026-07-24 20:40:38] [MotusApiImporter] --- Processing row 114 (stock/sku: 1446179) ---
[2026-07-24 20:40:38] [MotusApiImporter] parseVehicle() OK — make=VOLKSWAGEN, model=POLO VIVO, source_url=https://www.motusvw.co.za/midrand/showroom/625-vwmdf890169/1/, image_urls count=1
[2026-07-24 20:40:38] [MotusApiImporter] Skipped detail-page fetch for stock #1446179 — time budget already exhausted.
[2026-07-24 20:40:38] [MotusApiImporter] After enrichFromDetailPage() — engine_capacity_cc=NULL, image_urls count=1
[2026-07-24 20:40:38] [MotusApiImporter] findExistingCar() -> EXISTING car id=1706
[2026-07-24 20:40:38] [MotusApiImporter] updateCar() completed for existing id=1706.
[2026-07-24 20:40:38] [MotusApiImporter] --- Processing row 115 (stock/sku: 1446333) ---
[2026-07-24 20:40:38] [MotusApiImporter] parseVehicle() OK — make=VOLKSWAGEN, model=POLO VIVO, source_url=https://www.motusvw.co.za/midrand/showroom/625-vwmdf888093/1/, image_urls count=1
[2026-07-24 20:40:38] [MotusApiImporter] Skipped detail-page fetch for stock #1446333 — time budget already exhausted.
[2026-07-24 20:40:38] [MotusApiImporter] After enrichFromDetailPage() — engine_capacity_cc=NULL, image_urls count=1
[2026-07-24 20:40:38] [MotusApiImporter] findExistingCar() -> EXISTING car id=1707
[2026-07-24 20:40:38] [MotusApiImporter] updateCar() completed for existing id=1707.
[2026-07-24 20:40:38] [MotusApiImporter] --- Processing row 116 (stock/sku: 1446180) ---
[2026-07-24 20:40:38] [MotusApiImporter] parseVehicle() OK — make=VOLKSWAGEN, model=POLO VIVO, source_url=https://www.motusvw.co.za/midrand/showroom/625-vwmdf890170/1/, image_urls count=1
[2026-07-24 20:40:38] [MotusApiImporter] Skipped detail-page fetch for stock #1446180 — time budget already exhausted.
[2026-07-24 20:40:38] [MotusApiImporter] After enrichFromDetailPage() — engine_capacity_cc=NULL, image_urls count=1
[2026-07-24 20:40:38] [MotusApiImporter] findExistingCar() -> EXISTING car id=1708
[2026-07-24 20:40:38] [MotusApiImporter] updateCar() completed for existing id=1708.
[2026-07-24 20:40:38] [MotusApiImporter] --- Processing row 117 (stock/sku: 1446261) ---
[2026-07-24 20:40:38] [MotusApiImporter] parseVehicle() OK — make=VOLKSWAGEN, model=POLO VIVO, source_url=https://www.motusvw.co.za/midrand/showroom/625-vwmdf889143/1/, image_urls count=1
[2026-07-24 20:40:38] [MotusApiImporter] Skipped detail-page fetch for stock #1446261 — time budget already exhausted.
[2026-07-24 20:40:38] [MotusApiImporter] After enrichFromDetailPage() — engine_capacity_cc=NULL, image_urls count=1
[2026-07-24 20:40:38] [MotusApiImporter] findExistingCar() -> EXISTING car id=1709
[2026-07-24 20:40:38] [MotusApiImporter] updateCar() completed for existing id=1709.
[2026-07-24 20:40:38] [MotusApiImporter] --- Processing row 118 (stock/sku: 1446533) ---
[2026-07-24 20:40:38] [MotusApiImporter] parseVehicle() OK — make=VOLKSWAGEN, model=T-CROSS, source_url=https://www.motusvw.co.za/midrand/showroom/625-vwmdf883411/2/, image_urls count=1
[2026-07-24 20:40:38] [MotusApiImporter] Skipped detail-page fetch for stock #1446533 — time budget already exhausted.
[2026-07-24 20:40:38] [MotusApiImporter] After enrichFromDetailPage() — engine_capacity_cc=NULL, image_urls count=1
[2026-07-24 20:40:38] [MotusApiImporter] findExistingCar() -> EXISTING car id=1710
[2026-07-24 20:40:38] [MotusApiImporter] updateCar() completed for existing id=1710.
[2026-07-24 20:40:38] [MotusApiImporter] --- Processing row 119 (stock/sku: 1446610) ---
[2026-07-24 20:40:38] [MotusApiImporter] parseVehicle() OK — make=VOLKSWAGEN, model=TRANSPORTER, source_url=https://www.motusvw.co.za/midrand/showroom/625-vwmdf875570/1/, image_urls count=1
[2026-07-24 20:40:38] [MotusApiImporter] Skipped detail-page fetch for stock #1446610 — time budget already exhausted.
[2026-07-24 20:40:38] [MotusApiImporter] After enrichFromDetailPage() — engine_capacity_cc=NULL, image_urls count=1
[2026-07-24 20:40:38] [MotusApiImporter] findExistingCar() -> EXISTING car id=1711
[2026-07-24 20:40:38] [MotusApiImporter] updateCar() completed for existing id=1711.
[2026-07-24 20:40:38] [MotusApiImporter] sync() FINISHED — {"imported":0,"updated":120,"skipped":0,"failed":0}
[2026-07-24 20:49:15] [MotusApiImporter] sync() STARTED — dealerId=14, sourceRef=https://www.motusvw.co.za/midrand/showroom/
[2026-07-24 20:49:15] [MotusApiImporter] Time budget: 35s, dealerNameFilter="Motus VW Midrand"
[2026-07-24 20:49:16] [MotusApiImporter] crawlDealership() returned 120 row(s) before dealer-name filtering.
[2026-07-24 20:49:16] [MotusApiImporter] After filterByDealerName(): 120 row(s) remain.
[2026-07-24 20:49:16] [MotusApiImporter] 47 vehicle(s) already enriched for this dealer — their detail-page fetch will be skipped this run.
[2026-07-24 20:49:16] [MotusApiImporter] --- Processing row 0 (stock/sku: 1446776) ---
[2026-07-24 20:49:16] [MotusApiImporter] parseVehicle() OK — make=VOLKSWAGEN, model=POLO, source_url=https://www.motusvw.co.za/midrand/showroom/625-vwmdf852273/5/, image_urls count=1
[2026-07-24 20:49:16] [MotusApiImporter] Stock #1446776 already enriched from a previous run — skipping detail-page fetch to save budget for un-enriched vehicles.
[2026-07-24 20:49:16] [MotusApiImporter] findExistingCar() -> EXISTING car id=1592
[2026-07-24 20:49:16] [MotusApiImporter] updateCar() completed for existing id=1592 (enrichment columns left untouched).
[2026-07-24 20:49:16] [MotusApiImporter] --- Processing row 1 (stock/sku: 1446299) ---
[2026-07-24 20:49:16] [MotusApiImporter] parseVehicle() OK — make=VOLKSWAGEN, model=GOLF 8, source_url=https://www.motusvw.co.za/midrand/showroom/625-vwmdf888609/1/, image_urls count=1
[2026-07-24 20:49:16] [MotusApiImporter] Stock #1446299 already enriched from a previous run — skipping detail-page fetch to save budget for un-enriched vehicles.
[2026-07-24 20:49:16] [MotusApiImporter] findExistingCar() -> EXISTING car id=1593
[2026-07-24 20:49:16] [MotusApiImporter] updateCar() completed for existing id=1593 (enrichment columns left untouched).
[2026-07-24 20:49:16] [MotusApiImporter] --- Processing row 2 (stock/sku: 1446532) ---
[2026-07-24 20:49:16] [MotusApiImporter] parseVehicle() OK — make=VOLKSWAGEN, model=POLO, source_url=https://www.motusvw.co.za/midrand/showroom/625-vwmdf883395/1/, image_urls count=1
[2026-07-24 20:49:16] [MotusApiImporter] Stock #1446532 already enriched from a previous run — skipping detail-page fetch to save budget for un-enriched vehicles.
[2026-07-24 20:49:16] [MotusApiImporter] findExistingCar() -> EXISTING car id=1594
[2026-07-24 20:49:16] [MotusApiImporter] updateCar() completed for existing id=1594 (enrichment columns left untouched).
[2026-07-24 20:49:16] [MotusApiImporter] --- Processing row 3 (stock/sku: 1446295) ---
[2026-07-24 20:49:16] [MotusApiImporter] parseVehicle() OK — make=VOLKSWAGEN, model=POLO, source_url=https://www.motusvw.co.za/midrand/showroom/625-vwmdf888735/1/, image_urls count=1
[2026-07-24 20:49:16] [MotusApiImporter] Stock #1446295 already enriched from a previous run — skipping detail-page fetch to save budget for un-enriched vehicles.
[2026-07-24 20:49:16] [MotusApiImporter] findExistingCar() -> EXISTING car id=1595
[2026-07-24 20:49:16] [MotusApiImporter] updateCar() completed for existing id=1595 (enrichment columns left untouched).
[2026-07-24 20:49:16] [MotusApiImporter] --- Processing row 4 (stock/sku: 1446601) ---
[2026-07-24 20:49:16] [MotusApiImporter] parseVehicle() OK — make=VOLKSWAGEN, model=POLO, source_url=https://www.motusvw.co.za/midrand/showroom/625-bm030used887224/1/, image_urls count=1
[2026-07-24 20:49:16] [MotusApiImporter] Stock #1446601 already enriched from a previous run — skipping detail-page fetch to save budget for un-enriched vehicles.
[2026-07-24 20:49:16] [MotusApiImporter] findExistingCar() -> EXISTING car id=1596
[2026-07-24 20:49:16] [MotusApiImporter] updateCar() completed for existing id=1596 (enrichment columns left untouched).
[2026-07-24 20:49:16] [MotusApiImporter] --- Processing row 5 (stock/sku: 1446065) ---
[2026-07-24 20:49:16] [MotusApiImporter] parseVehicle() OK — make=VOLKSWAGEN, model=POLO, source_url=https://www.motusvw.co.za/midrand/showroom/625-vwmdf890975/1/, image_urls count=1
[2026-07-24 20:49:16] [MotusApiImporter] Stock #1446065 already enriched from a previous run — skipping detail-page fetch to save budget for un-enriched vehicles.
[2026-07-24 20:49:16] [MotusApiImporter] findExistingCar() -> EXISTING car id=1597
[2026-07-24 20:49:16] [MotusApiImporter] updateCar() completed for existing id=1597 (enrichment columns left untouched).
[2026-07-24 20:49:16] [MotusApiImporter] --- Processing row 6 (stock/sku: 1446370) ---
[2026-07-24 20:49:16] [MotusApiImporter] parseVehicle() OK — make=VOLKSWAGEN, model=POLO, source_url=https://www.motusvw.co.za/midrand/showroom/625-vwmdf887435/1/, image_urls count=1
[2026-07-24 20:49:16] [MotusApiImporter] Stock #1446370 already enriched from a previous run — skipping detail-page fetch to save budget for un-enriched vehicles.
[2026-07-24 20:49:16] [MotusApiImporter] findExistingCar() -> EXISTING car id=1598
[2026-07-24 20:49:16] [MotusApiImporter] updateCar() completed for existing id=1598 (enrichment columns left untouched).
[2026-07-24 20:49:16] [MotusApiImporter] --- Processing row 7 (stock/sku: 1446517) ---
[2026-07-24 20:49:16] [MotusApiImporter] parseVehicle() OK — make=VOLKSWAGEN, model=POLO VIVO, source_url=https://www.motusvw.co.za/midrand/showroom/625-vwmdf884987/1/, image_urls count=1
[2026-07-24 20:49:16] [MotusApiImporter] Stock #1446517 already enriched from a previous run — skipping detail-page fetch to save budget for un-enriched vehicles.
[2026-07-24 20:49:16] [MotusApiImporter] findExistingCar() -> EXISTING car id=1599
[2026-07-24 20:49:16] [MotusApiImporter] updateCar() completed for existing id=1599 (enrichment columns left untouched).
[2026-07-24 20:49:16] [MotusApiImporter] --- Processing row 8 (stock/sku: 1446115) ---
[2026-07-24 20:49:16] [MotusApiImporter] parseVehicle() OK — make=VOLKSWAGEN, model=POLO VIVO, source_url=https://www.motusvw.co.za/midrand/showroom/625-vwmdf891042/2/, image_urls count=1
[2026-07-24 20:49:16] [MotusApiImporter] Stock #1446115 already enriched from a previous run — skipping detail-page fetch to save budget for un-enriched vehicles.
[2026-07-24 20:49:16] [MotusApiImporter] findExistingCar() -> EXISTING car id=1600
[2026-07-24 20:49:16] [MotusApiImporter] updateCar() completed for existing id=1600 (enrichment columns left untouched).
[2026-07-24 20:49:16] [MotusApiImporter] --- Processing row 9 (stock/sku: 1446589) ---
[2026-07-24 20:49:16] [MotusApiImporter] parseVehicle() OK — make=VOLKSWAGEN, model=POLO VIVO, source_url=https://www.motusvw.co.za/midrand/showroom/625-vwmdf875588/1/, image_urls count=1
[2026-07-24 20:49:16] [MotusApiImporter] Stock #1446589 already enriched from a previous run — skipping detail-page fetch to save budget for un-enriched vehicles.
[2026-07-24 20:49:16] [MotusApiImporter] findExistingCar() -> EXISTING car id=1601
[2026-07-24 20:49:16] [MotusApiImporter] updateCar() completed for existing id=1601 (enrichment columns left untouched).
[2026-07-24 20:49:16] [MotusApiImporter] --- Processing row 10 (stock/sku: 1446083) ---
[2026-07-24 20:49:16] [MotusApiImporter] parseVehicle() OK — make=VOLKSWAGEN, model=T-CROSS, source_url=https://www.motusvw.co.za/midrand/showroom/625-vwmdf891215/1/, image_urls count=1
[2026-07-24 20:49:16] [MotusApiImporter] Stock #1446083 already enriched from a previous run — skipping detail-page fetch to save budget for un-enriched vehicles.
[2026-07-24 20:49:16] [MotusApiImporter] findExistingCar() -> EXISTING car id=1602
[2026-07-24 20:49:16] [MotusApiImporter] updateCar() completed for existing id=1602 (enrichment columns left untouched).
[2026-07-24 20:49:16] [MotusApiImporter] --- Processing row 11 (stock/sku: 1446395) ---
[2026-07-24 20:49:16] [MotusApiImporter] parseVehicle() OK — make=VOLKSWAGEN, model=T-CROSS, source_url=https://www.motusvw.co.za/midrand/showroom/625-vwmdf886830/1/, image_urls count=1
[2026-07-24 20:49:16] [MotusApiImporter] Stock #1446395 already enriched from a previous run — skipping detail-page fetch to save budget for un-enriched vehicles.
[2026-07-24 20:49:16] [MotusApiImporter] findExistingCar() -> EXISTING car id=1603
[2026-07-24 20:49:16] [MotusApiImporter] updateCar() completed for existing id=1603 (enrichment columns left untouched).
[2026-07-24 20:49:16] [MotusApiImporter] --- Processing row 12 (stock/sku: 1446535) ---
[2026-07-24 20:49:16] [MotusApiImporter] parseVehicle() OK — make=VOLKSWAGEN, model=T-ROC, source_url=https://www.motusvw.co.za/midrand/showroom/625-vwmdf883338/1/, image_urls count=1
[2026-07-24 20:49:16] [MotusApiImporter] Stock #1446535 already enriched from a previous run — skipping detail-page fetch to save budget for un-enriched vehicles.
[2026-07-24 20:49:16] [MotusApiImporter] findExistingCar() -> EXISTING car id=1604
[2026-07-24 20:49:16] [MotusApiImporter] updateCar() completed for existing id=1604 (enrichment columns left untouched).
[2026-07-24 20:49:16] [MotusApiImporter] --- Processing row 13 (stock/sku: 1446315) ---
[2026-07-24 20:49:16] [MotusApiImporter] parseVehicle() OK — make=VOLKSWAGEN, model=T-ROC, source_url=https://www.motusvw.co.za/midrand/showroom/625-vwmdf888464/1/, image_urls count=1
[2026-07-24 20:49:16] [MotusApiImporter] Stock #1446315 already enriched from a previous run — skipping detail-page fetch to save budget for un-enriched vehicles.
[2026-07-24 20:49:16] [MotusApiImporter] findExistingCar() -> EXISTING car id=1605
[2026-07-24 20:49:16] [MotusApiImporter] updateCar() completed for existing id=1605 (enrichment columns left untouched).
[2026-07-24 20:49:16] [MotusApiImporter] --- Processing row 14 (stock/sku: 1446599) ---
[2026-07-24 20:49:16] [MotusApiImporter] parseVehicle() OK — make=VOLKSWAGEN, model=TIGUAN, source_url=https://www.motusvw.co.za/midrand/showroom/625-vwmdf875100/1/, image_urls count=1
[2026-07-24 20:49:16] [MotusApiImporter] Stock #1446599 already enriched from a previous run — skipping detail-page fetch to save budget for un-enriched vehicles.
[2026-07-24 20:49:16] [MotusApiImporter] findExistingCar() -> EXISTING car id=1606
[2026-07-24 20:49:16] [MotusApiImporter] updateCar() completed for existing id=1606 (enrichment columns left untouched).
[2026-07-24 20:49:16] [MotusApiImporter] --- Processing row 15 (stock/sku: 1446192) ---
[2026-07-24 20:49:16] [MotusApiImporter] parseVehicle() OK — make=VOLKSWAGEN, model=TIGUAN, source_url=https://www.motusvw.co.za/midrand/showroom/625-vwmdf890088/2/, image_urls count=1
[2026-07-24 20:49:16] [MotusApiImporter] Stock #1446192 already enriched from a previous run — skipping detail-page fetch to save budget for un-enriched vehicles.
[2026-07-24 20:49:16] [MotusApiImporter] findExistingCar() -> EXISTING car id=1607
[2026-07-24 20:49:16] [MotusApiImporter] updateCar() completed for existing id=1607 (enrichment columns left untouched).
[2026-07-24 20:49:16] [MotusApiImporter] --- Processing row 16 (stock/sku: 1446143) ---
[2026-07-24 20:49:16] [MotusApiImporter] parseVehicle() OK — make=VOLKSWAGEN, model=TIGUAN, source_url=https://www.motusvw.co.za/midrand/showroom/625-vwmdf890778/1/, image_urls count=1
[2026-07-24 20:49:16] [MotusApiImporter] Stock #1446143 already enriched from a previous run — skipping detail-page fetch to save budget for un-enriched vehicles.
[2026-07-24 20:49:16] [MotusApiImporter] findExistingCar() -> EXISTING car id=1608
[2026-07-24 20:49:16] [MotusApiImporter] updateCar() completed for existing id=1608 (enrichment columns left untouched).
[2026-07-24 20:49:16] [MotusApiImporter] --- Processing row 17 (stock/sku: 1446000) ---
[2026-07-24 20:49:16] [MotusApiImporter] parseVehicle() OK — make=VOLKSWAGEN, model=GOLF, source_url=https://www.motusvw.co.za/midrand/showroom/625-vwmdf892223/0/, image_urls count=1
[2026-07-24 20:49:16] [MotusApiImporter] Stock #1446000 already enriched from a previous run — skipping detail-page fetch to save budget for un-enriched vehicles.
[2026-07-24 20:49:16] [MotusApiImporter] findExistingCar() -> EXISTING car id=1609
[2026-07-24 20:49:16] [MotusApiImporter] updateCar() completed for existing id=1609 (enrichment columns left untouched).
[2026-07-24 20:49:16] [MotusApiImporter] --- Processing row 18 (stock/sku: 1445980) ---
[2026-07-24 20:49:16] [MotusApiImporter] parseVehicle() OK — make=VOLKSWAGEN, model=GOLF 8, source_url=https://www.motusvw.co.za/midrand/showroom/625-vwmdf892557/0/, image_urls count=1
[2026-07-24 20:49:16] [MotusApiImporter] Stock #1445980 already enriched from a previous run — skipping detail-page fetch to save budget for un-enriched vehicles.
[2026-07-24 20:49:16] [MotusApiImporter] findExistingCar() -> EXISTING car id=1610
[2026-07-24 20:49:16] [MotusApiImporter] updateCar() completed for existing id=1610 (enrichment columns left untouched).
[2026-07-24 20:49:16] [MotusApiImporter] --- Processing row 19 (stock/sku: 1446122) ---
[2026-07-24 20:49:16] [MotusApiImporter] parseVehicle() OK — make=VOLKSWAGEN, model=GOLF 8, source_url=https://www.motusvw.co.za/midrand/showroom/625-vwmdf890926/0/, image_urls count=1
[2026-07-24 20:49:16] [MotusApiImporter] Stock #1446122 already enriched from a previous run — skipping detail-page fetch to save budget for un-enriched vehicles.
[2026-07-24 20:49:16] [MotusApiImporter] findExistingCar() -> EXISTING car id=1611
[2026-07-24 20:49:16] [MotusApiImporter] updateCar() completed for existing id=1611 (enrichment columns left untouched).
[2026-07-24 20:49:16] [MotusApiImporter] --- Processing row 20 (stock/sku: 1446022) ---
[2026-07-24 20:49:16] [MotusApiImporter] parseVehicle() OK — make=VOLKSWAGEN, model=GOLF 8, source_url=https://www.motusvw.co.za/midrand/showroom/625-vwmdf892077/0/, image_urls count=1
[2026-07-24 20:49:16] [MotusApiImporter] Stock #1446022 already enriched from a previous run — skipping detail-page fetch to save budget for un-enriched vehicles.
[2026-07-24 20:49:16] [MotusApiImporter] findExistingCar() -> EXISTING car id=1612
[2026-07-24 20:49:16] [MotusApiImporter] updateCar() completed for existing id=1612 (enrichment columns left untouched).
[2026-07-24 20:49:16] [MotusApiImporter] --- Processing row 21 (stock/sku: 1446049) ---
[2026-07-24 20:49:16] [MotusApiImporter] parseVehicle() OK — make=VOLKSWAGEN, model=GOLF 8, source_url=https://www.motusvw.co.za/midrand/showroom/625-vwmdf892214/0/, image_urls count=1
[2026-07-24 20:49:16] [MotusApiImporter] Stock #1446049 already enriched from a previous run — skipping detail-page fetch to save budget for un-enriched vehicles.
[2026-07-24 20:49:16] [MotusApiImporter] findExistingCar() -> EXISTING car id=1613
[2026-07-24 20:49:16] [MotusApiImporter] updateCar() completed for existing id=1613 (enrichment columns left untouched).
[2026-07-24 20:49:16] [MotusApiImporter] --- Processing row 22 (stock/sku: 1446001) ---
[2026-07-24 20:49:16] [MotusApiImporter] parseVehicle() OK — make=VOLKSWAGEN, model=GOLF 8, source_url=https://www.motusvw.co.za/midrand/showroom/625-vwmdf892266/0/, image_urls count=1
[2026-07-24 20:49:16] [MotusApiImporter] Stock #1446001 already enriched from a previous run — skipping detail-page fetch to save budget for un-enriched vehicles.
[2026-07-24 20:49:16] [MotusApiImporter] findExistingCar() -> EXISTING car id=1614
[2026-07-24 20:49:16] [MotusApiImporter] updateCar() completed for existing id=1614 (enrichment columns left untouched).
[2026-07-24 20:49:16] [MotusApiImporter] --- Processing row 23 (stock/sku: 1446356) ---
[2026-07-24 20:49:16] [MotusApiImporter] parseVehicle() OK — make=VOLKSWAGEN, model=POLO, source_url=https://www.motusvw.co.za/midrand/showroom/625-vwmdf887866/0/, image_urls count=1
[2026-07-24 20:49:16] [MotusApiImporter] Stock #1446356 already enriched from a previous run — skipping detail-page fetch to save budget for un-enriched vehicles.
[2026-07-24 20:49:16] [MotusApiImporter] findExistingCar() -> EXISTING car id=1615
[2026-07-24 20:49:16] [MotusApiImporter] updateCar() completed for existing id=1615 (enrichment columns left untouched).
[2026-07-24 20:49:16] [MotusApiImporter] --- Processing row 24 (stock/sku: 1446129) ---
[2026-07-24 20:49:16] [MotusApiImporter] parseVehicle() OK — make=VOLKSWAGEN, model=POLO, source_url=https://www.motusvw.co.za/midrand/showroom/625-vwmdf890824/0/, image_urls count=1
[2026-07-24 20:49:16] [MotusApiImporter] Stock #1446129 already enriched from a previous run — skipping detail-page fetch to save budget for un-enriched vehicles.
[2026-07-24 20:49:16] [MotusApiImporter] findExistingCar() -> EXISTING car id=1616
[2026-07-24 20:49:16] [MotusApiImporter] updateCar() completed for existing id=1616 (enrichment columns left untouched).
[2026-07-24 20:49:16] [MotusApiImporter] --- Processing row 25 (stock/sku: 1445964) ---
[2026-07-24 20:49:16] [MotusApiImporter] parseVehicle() OK — make=VOLKSWAGEN, model=POLO, source_url=https://www.motusvw.co.za/midrand/showroom/625-vwmdf892733/0/, image_urls count=1
[2026-07-24 20:49:16] [MotusApiImporter] Stock #1445964 already enriched from a previous run — skipping detail-page fetch to save budget for un-enriched vehicles.
[2026-07-24 20:49:16] [MotusApiImporter] findExistingCar() -> EXISTING car id=1617
[2026-07-24 20:49:16] [MotusApiImporter] updateCar() completed for existing id=1617 (enrichment columns left untouched).
[2026-07-24 20:49:16] [MotusApiImporter] --- Processing row 26 (stock/sku: 1446127) ---
[2026-07-24 20:49:16] [MotusApiImporter] parseVehicle() OK — make=VOLKSWAGEN, model=POLO, source_url=https://www.motusvw.co.za/midrand/showroom/625-vwmdf890793/0/, image_urls count=1
[2026-07-24 20:49:16] [MotusApiImporter] Stock #1446127 already enriched from a previous run — skipping detail-page fetch to save budget for un-enriched vehicles.
[2026-07-24 20:49:16] [MotusApiImporter] findExistingCar() -> EXISTING car id=1618
[2026-07-24 20:49:16] [MotusApiImporter] updateCar() completed for existing id=1618 (enrichment columns left untouched).
[2026-07-24 20:49:16] [MotusApiImporter] --- Processing row 27 (stock/sku: 1446009) ---
[2026-07-24 20:49:16] [MotusApiImporter] parseVehicle() OK — make=VOLKSWAGEN, model=POLO, source_url=https://www.motusvw.co.za/midrand/showroom/625-vwmdf892148/0/, image_urls count=1
[2026-07-24 20:49:16] [MotusApiImporter] Stock #1446009 already enriched from a previous run — skipping detail-page fetch to save budget for un-enriched vehicles.
[2026-07-24 20:49:16] [MotusApiImporter] findExistingCar() -> EXISTING car id=1619
[2026-07-24 20:49:16] [MotusApiImporter] updateCar() completed for existing id=1619 (enrichment columns left untouched).
[2026-07-24 20:49:16] [MotusApiImporter] --- Processing row 28 (stock/sku: 1445944) ---
[2026-07-24 20:49:16] [MotusApiImporter] parseVehicle() OK — make=VOLKSWAGEN, model=POLO, source_url=https://www.motusvw.co.za/midrand/showroom/625-vwmdf893079/0/, image_urls count=1
[2026-07-24 20:49:16] [MotusApiImporter] Stock #1445944 already enriched from a previous run — skipping detail-page fetch to save budget for un-enriched vehicles.
[2026-07-24 20:49:16] [MotusApiImporter] findExistingCar() -> EXISTING car id=1620
[2026-07-24 20:49:16] [MotusApiImporter] updateCar() completed for existing id=1620 (enrichment columns left untouched).
[2026-07-24 20:49:16] [MotusApiImporter] --- Processing row 29 (stock/sku: 1445929) ---
[2026-07-24 20:49:16] [MotusApiImporter] parseVehicle() OK — make=VOLKSWAGEN, model=POLO, source_url=https://www.motusvw.co.za/midrand/showroom/625-vwmdf893255/0/, image_urls count=1
[2026-07-24 20:49:16] [MotusApiImporter] Stock #1445929 already enriched from a previous run — skipping detail-page fetch to save budget for un-enriched vehicles.
[2026-07-24 20:49:16] [MotusApiImporter] findExistingCar() -> EXISTING car id=1621
[2026-07-24 20:49:16] [MotusApiImporter] updateCar() completed for existing id=1621 (enrichment columns left untouched).
[2026-07-24 20:49:16] [MotusApiImporter] --- Processing row 30 (stock/sku: 1445930) ---
[2026-07-24 20:49:16] [MotusApiImporter] parseVehicle() OK — make=VOLKSWAGEN, model=POLO, source_url=https://www.motusvw.co.za/midrand/showroom/625-vwmdf893267/0/, image_urls count=1
[2026-07-24 20:49:16] [MotusApiImporter] Stock #1445930 already enriched from a previous run — skipping detail-page fetch to save budget for un-enriched vehicles.
[2026-07-24 20:49:16] [MotusApiImporter] findExistingCar() -> EXISTING car id=1622
[2026-07-24 20:49:16] [MotusApiImporter] updateCar() completed for existing id=1622 (enrichment columns left untouched).
[2026-07-24 20:49:16] [MotusApiImporter] --- Processing row 31 (stock/sku: 1446008) ---
[2026-07-24 20:49:16] [MotusApiImporter] parseVehicle() OK — make=VOLKSWAGEN, model=POLO, source_url=https://www.motusvw.co.za/midrand/showroom/625-vwmdf892145/0/, image_urls count=1
[2026-07-24 20:49:16] [MotusApiImporter] Stock #1446008 already enriched from a previous run — skipping detail-page fetch to save budget for un-enriched vehicles.
[2026-07-24 20:49:16] [MotusApiImporter] findExistingCar() -> EXISTING car id=1623
[2026-07-24 20:49:16] [MotusApiImporter] updateCar() completed for existing id=1623 (enrichment columns left untouched).
[2026-07-24 20:49:16] [MotusApiImporter] --- Processing row 32 (stock/sku: 1445928) ---
[2026-07-24 20:49:16] [MotusApiImporter] parseVehicle() OK — make=VOLKSWAGEN, model=POLO, source_url=https://www.motusvw.co.za/midrand/showroom/625-vwmdf893252/0/, image_urls count=1
[2026-07-24 20:49:16] [MotusApiImporter] Stock #1445928 already enriched from a previous run — skipping detail-page fetch to save budget for un-enriched vehicles.
[2026-07-24 20:49:16] [MotusApiImporter] findExistingCar() -> EXISTING car id=1624
[2026-07-24 20:49:16] [MotusApiImporter] updateCar() completed for existing id=1624 (enrichment columns left untouched).
[2026-07-24 20:49:16] [MotusApiImporter] --- Processing row 33 (stock/sku: 1445915) ---
[2026-07-24 20:49:16] [MotusApiImporter] parseVehicle() OK — make=VOLKSWAGEN, model=POLO, source_url=https://www.motusvw.co.za/midrand/showroom/625-vwmdf893516/0/, image_urls count=1
[2026-07-24 20:49:16] [MotusApiImporter] Stock #1445915 already enriched from a previous run — skipping detail-page fetch to save budget for un-enriched vehicles.
[2026-07-24 20:49:16] [MotusApiImporter] findExistingCar() -> EXISTING car id=1625
[2026-07-24 20:49:16] [MotusApiImporter] updateCar() completed for existing id=1625 (enrichment columns left untouched).
[2026-07-24 20:49:16] [MotusApiImporter] --- Processing row 34 (stock/sku: 1445966) ---
[2026-07-24 20:49:16] [MotusApiImporter] parseVehicle() OK — make=VOLKSWAGEN, model=POLO, source_url=https://www.motusvw.co.za/midrand/showroom/625-vwmdf892527/0/, image_urls count=1
[2026-07-24 20:49:16] [MotusApiImporter] Stock #1445966 already enriched from a previous run — skipping detail-page fetch to save budget for un-enriched vehicles.
[2026-07-24 20:49:16] [MotusApiImporter] findExistingCar() -> EXISTING car id=1626
[2026-07-24 20:49:16] [MotusApiImporter] updateCar() completed for existing id=1626 (enrichment columns left untouched).
[2026-07-24 20:49:16] [MotusApiImporter] --- Processing row 35 (stock/sku: 1445835) ---
[2026-07-24 20:49:16] [MotusApiImporter] parseVehicle() OK — make=VOLKSWAGEN, model=POLO, source_url=https://www.motusvw.co.za/midrand/showroom/625-vwmdf894547/0/, image_urls count=1
[2026-07-24 20:49:16] [MotusApiImporter] Stock #1445835 already enriched from a previous run — skipping detail-page fetch to save budget for un-enriched vehicles.
[2026-07-24 20:49:16] [MotusApiImporter] findExistingCar() -> EXISTING car id=1627
[2026-07-24 20:49:16] [MotusApiImporter] updateCar() completed for existing id=1627 (enrichment columns left untouched).
[2026-07-24 20:49:16] [MotusApiImporter] --- Processing row 36 (stock/sku: 1445857) ---
[2026-07-24 20:49:16] [MotusApiImporter] parseVehicle() OK — make=VOLKSWAGEN, model=POLO VIVO, source_url=https://www.motusvw.co.za/midrand/showroom/625-vwmdf894310/0/, image_urls count=1
[2026-07-24 20:49:16] [MotusApiImporter] Stock #1445857 already enriched from a previous run — skipping detail-page fetch to save budget for un-enriched vehicles.
[2026-07-24 20:49:16] [MotusApiImporter] findExistingCar() -> EXISTING car id=1628
[2026-07-24 20:49:16] [MotusApiImporter] updateCar() completed for existing id=1628 (enrichment columns left untouched).
[2026-07-24 20:49:16] [MotusApiImporter] --- Processing row 37 (stock/sku: 1445858) ---
[2026-07-24 20:49:16] [MotusApiImporter] parseVehicle() OK — make=VOLKSWAGEN, model=POLO VIVO, source_url=https://www.motusvw.co.za/midrand/showroom/625-vwmdf894316/0/, image_urls count=1
[2026-07-24 20:49:16] [MotusApiImporter] Stock #1445858 already enriched from a previous run — skipping detail-page fetch to save budget for un-enriched vehicles.
[2026-07-24 20:49:16] [MotusApiImporter] findExistingCar() -> EXISTING car id=1629
[2026-07-24 20:49:16] [MotusApiImporter] updateCar() completed for existing id=1629 (enrichment columns left untouched).
[2026-07-24 20:49:16] [MotusApiImporter] --- Processing row 38 (stock/sku: 1446130) ---
[2026-07-24 20:49:16] [MotusApiImporter] parseVehicle() OK — make=VOLKSWAGEN, model=POLO VIVO, source_url=https://www.motusvw.co.za/midrand/showroom/625-vwmdf890905/0/, image_urls count=1
[2026-07-24 20:49:16] [MotusApiImporter] Stock #1446130 already enriched from a previous run — skipping detail-page fetch to save budget for un-enriched vehicles.
[2026-07-24 20:49:16] [MotusApiImporter] findExistingCar() -> EXISTING car id=1630
[2026-07-24 20:49:16] [MotusApiImporter] updateCar() completed for existing id=1630 (enrichment columns left untouched).
[2026-07-24 20:49:16] [MotusApiImporter] --- Processing row 39 (stock/sku: 1445963) ---
[2026-07-24 20:49:16] [MotusApiImporter] parseVehicle() OK — make=VOLKSWAGEN, model=T-CROSS, source_url=https://www.motusvw.co.za/midrand/showroom/625-vwmdf892729/0/, image_urls count=1
[2026-07-24 20:49:16] [MotusApiImporter] Stock #1445963 already enriched from a previous run — skipping detail-page fetch to save budget for un-enriched vehicles.
[2026-07-24 20:49:16] [MotusApiImporter] findExistingCar() -> EXISTING car id=1631
[2026-07-24 20:49:16] [MotusApiImporter] updateCar() completed for existing id=1631 (enrichment columns left untouched).
[2026-07-24 20:49:16] [MotusApiImporter] --- Processing row 40 (stock/sku: 1445833) ---
[2026-07-24 20:49:16] [MotusApiImporter] parseVehicle() OK — make=VOLKSWAGEN, model=T-CROSS, source_url=https://www.motusvw.co.za/midrand/showroom/625-vwmdf895060/0/, image_urls count=1
[2026-07-24 20:49:16] [MotusApiImporter] Stock #1445833 already enriched from a previous run — skipping detail-page fetch to save budget for un-enriched vehicles.
[2026-07-24 20:49:16] [MotusApiImporter] findExistingCar() -> EXISTING car id=1632
[2026-07-24 20:49:16] [MotusApiImporter] updateCar() completed for existing id=1632 (enrichment columns left untouched).
[2026-07-24 20:49:16] [MotusApiImporter] --- Processing row 41 (stock/sku: 1445916) ---
[2026-07-24 20:49:16] [MotusApiImporter] parseVehicle() OK — make=VOLKSWAGEN, model=T-CROSS, source_url=https://www.motusvw.co.za/midrand/showroom/625-vwmdf893597/0/, image_urls count=1
[2026-07-24 20:49:16] [MotusApiImporter] Stock #1445916 already enriched from a previous run — skipping detail-page fetch to save budget for un-enriched vehicles.
[2026-07-24 20:49:16] [MotusApiImporter] findExistingCar() -> EXISTING car id=1633
[2026-07-24 20:49:16] [MotusApiImporter] updateCar() completed for existing id=1633 (enrichment columns left untouched).
[2026-07-24 20:49:16] [MotusApiImporter] --- Processing row 42 (stock/sku: 1445895) ---
[2026-07-24 20:49:16] [MotusApiImporter] parseVehicle() OK — make=VOLKSWAGEN, model=T-CROSS, source_url=https://www.motusvw.co.za/midrand/showroom/625-vwmdf894000/0/, image_urls count=1
[2026-07-24 20:49:16] [MotusApiImporter] Stock #1445895 already enriched from a previous run — skipping detail-page fetch to save budget for un-enriched vehicles.
[2026-07-24 20:49:16] [MotusApiImporter] findExistingCar() -> EXISTING car id=1634
[2026-07-24 20:49:16] [MotusApiImporter] updateCar() completed for existing id=1634 (enrichment columns left untouched).
[2026-07-24 20:49:16] [MotusApiImporter] --- Processing row 43 (stock/sku: 1445907) ---
[2026-07-24 20:49:16] [MotusApiImporter] parseVehicle() OK — make=VOLKSWAGEN, model=TIGUAN, source_url=https://www.motusvw.co.za/midrand/showroom/625-vwmdf893709/0/, image_urls count=1
[2026-07-24 20:49:16] [MotusApiImporter] Stock #1445907 already enriched from a previous run — skipping detail-page fetch to save budget for un-enriched vehicles.
[2026-07-24 20:49:16] [MotusApiImporter] findExistingCar() -> EXISTING car id=1635
[2026-07-24 20:49:16] [MotusApiImporter] updateCar() completed for existing id=1635 (enrichment columns left untouched).
[2026-07-24 20:49:16] [MotusApiImporter] --- Processing row 44 (stock/sku: 1446283) ---
[2026-07-24 20:49:16] [MotusApiImporter] parseVehicle() OK — make=VOLKSWAGEN, model=TIGUAN, source_url=https://www.motusvw.co.za/midrand/showroom/625-vwmdf888104/0/, image_urls count=1
[2026-07-24 20:49:18] [MotusApiImporter] After enrichFromDetailPage() — engine_capacity_cc=1395, image_urls count=17
[2026-07-24 20:49:18] [MotusApiImporter] findExistingCar() -> EXISTING car id=1636
[2026-07-24 20:49:18] [MotusApiImporter] updateCar() completed for existing id=1636.
[2026-07-24 20:49:18] [MotusApiImporter] --- Processing row 45 (stock/sku: 1446223) ---
[2026-07-24 20:49:18] [MotusApiImporter] parseVehicle() OK — make=JEEP, model=RENEGADE, source_url=https://www.motusvw.co.za/midrand/showroom/625-vwmdf889687/1/, image_urls count=1
[2026-07-24 20:49:20] [MotusApiImporter] After enrichFromDetailPage() — engine_capacity_cc=1598, image_urls count=18
[2026-07-24 20:49:20] [MotusApiImporter] findExistingCar() -> EXISTING car id=1637
[2026-07-24 20:49:20] [MotusApiImporter] updateCar() completed for existing id=1637.
[2026-07-24 20:49:20] [MotusApiImporter] --- Processing row 46 (stock/sku: 1445923) ---
[2026-07-24 20:49:20] [MotusApiImporter] parseVehicle() OK — make=BMW, model=2 SERIES, source_url=https://www.motusvw.co.za/midrand/showroom/625-vwmdf893379/1/, image_urls count=1
[2026-07-24 20:49:21] [MotusApiImporter] After enrichFromDetailPage() — engine_capacity_cc=1998, image_urls count=18
[2026-07-24 20:49:21] [MotusApiImporter] findExistingCar() -> EXISTING car id=1638
[2026-07-24 20:49:21] [MotusApiImporter] updateCar() completed for existing id=1638.
[2026-07-24 20:49:21] [MotusApiImporter] --- Processing row 47 (stock/sku: 1445943) ---
[2026-07-24 20:49:21] [MotusApiImporter] parseVehicle() OK — make=FORD, model=ECOSPORT, source_url=https://www.motusvw.co.za/midrand/showroom/625-vwmdf893075/1/, image_urls count=1
[2026-07-24 20:49:23] [MotusApiImporter] After enrichFromDetailPage() — engine_capacity_cc=999, image_urls count=17
[2026-07-24 20:49:23] [MotusApiImporter] findExistingCar() -> EXISTING car id=1639
[2026-07-24 20:49:23] [MotusApiImporter] updateCar() completed for existing id=1639.
[2026-07-24 20:49:23] [MotusApiImporter] --- Processing row 48 (stock/sku: 1446850) ---
[2026-07-24 20:49:23] [MotusApiImporter] parseVehicle() OK — make=VOLKSWAGEN, model=POLO, source_url=https://www.motusvw.co.za/midrand/showroom/625-vwmdf258260/1/, image_urls count=1
[2026-07-24 20:49:24] [MotusApiImporter] After enrichFromDetailPage() — engine_capacity_cc=999, image_urls count=20
[2026-07-24 20:49:24] [MotusApiImporter] findExistingCar() -> EXISTING car id=1640
[2026-07-24 20:49:24] [MotusApiImporter] updateCar() completed for existing id=1640.
[2026-07-24 20:49:24] [MotusApiImporter] --- Processing row 49 (stock/sku: 1446505) ---
[2026-07-24 20:49:24] [MotusApiImporter] parseVehicle() OK — make=VOLKSWAGEN, model=POLO VIVO, source_url=https://www.motusvw.co.za/midrand/showroom/625-vwmdf608385/2/, image_urls count=1
[2026-07-24 20:49:26] [MotusApiImporter] After enrichFromDetailPage() — engine_capacity_cc=1398, image_urls count=16
[2026-07-24 20:49:26] [MotusApiImporter] findExistingCar() -> EXISTING car id=1641
[2026-07-24 20:49:26] [MotusApiImporter] updateCar() completed for existing id=1641.
[2026-07-24 20:49:26] [MotusApiImporter] --- Processing row 50 (stock/sku: 1446800) ---
[2026-07-24 20:49:26] [MotusApiImporter] parseVehicle() OK — make=VOLKSWAGEN, model=TIGUAN, source_url=https://www.motusvw.co.za/midrand/showroom/625-vwmdf829969/1/, image_urls count=1
[2026-07-24 20:49:28] [MotusApiImporter] After enrichFromDetailPage() — engine_capacity_cc=1395, image_urls count=16
[2026-07-24 20:49:28] [MotusApiImporter] findExistingCar() -> EXISTING car id=1642
[2026-07-24 20:49:28] [MotusApiImporter] updateCar() completed for existing id=1642.
[2026-07-24 20:49:28] [MotusApiImporter] --- Processing row 51 (stock/sku: 1446792) ---
[2026-07-24 20:49:28] [MotusApiImporter] parseVehicle() OK — make=VOLKSWAGEN, model=TIGUAN ALLSPACE, source_url=https://www.motusvw.co.za/midrand/showroom/625-vwmdf838290/1/, image_urls count=1
[2026-07-24 20:49:29] [MotusApiImporter] After enrichFromDetailPage() — engine_capacity_cc=1984, image_urls count=17
[2026-07-24 20:49:29] [MotusApiImporter] findExistingCar() -> EXISTING car id=1643
[2026-07-24 20:49:29] [MotusApiImporter] updateCar() completed for existing id=1643.
[2026-07-24 20:49:29] [MotusApiImporter] --- Processing row 52 (stock/sku: 1449899) ---
[2026-07-24 20:49:29] [MotusApiImporter] parseVehicle() OK — make=VOLKSWAGEN, model=POLO VIVO, source_url=https://www.motusvw.co.za/midrand/showroom/625-vwmdf896660/1/, image_urls count=1
[2026-07-24 20:49:30] [MotusApiImporter] After enrichFromDetailPage() — engine_capacity_cc=1398, image_urls count=22
[2026-07-24 20:49:30] [MotusApiImporter] findExistingCar() -> EXISTING car id=1644
[2026-07-24 20:49:30] [MotusApiImporter] updateCar() completed for existing id=1644.
[2026-07-24 20:49:30] [MotusApiImporter] --- Processing row 53 (stock/sku: 1446153) ---
[2026-07-24 20:49:30] [MotusApiImporter] parseVehicle() OK — make=VOLKSWAGEN, model=TIGUAN, source_url=https://www.motusvw.co.za/midrand/showroom/625-vwmdf762579/1/, image_urls count=1
[2026-07-24 20:49:32] [MotusApiImporter] After enrichFromDetailPage() — engine_capacity_cc=1395, image_urls count=16
[2026-07-24 20:49:32] [MotusApiImporter] findExistingCar() -> EXISTING car id=1645
[2026-07-24 20:49:32] [MotusApiImporter] updateCar() completed for existing id=1645.
[2026-07-24 20:49:32] [MotusApiImporter] --- Processing row 54 (stock/sku: 1446811) ---
[2026-07-24 20:49:32] [MotusApiImporter] parseVehicle() OK — make=FORD, model=ECOSPORT, source_url=https://www.motusvw.co.za/midrand/showroom/625-vwmdf889981/1/, image_urls count=1
[2026-07-24 20:49:33] [MotusApiImporter] After enrichFromDetailPage() — engine_capacity_cc=999, image_urls count=15
[2026-07-24 20:49:33] [MotusApiImporter] findExistingCar() -> EXISTING car id=1646
[2026-07-24 20:49:33] [MotusApiImporter] updateCar() completed for existing id=1646.
[2026-07-24 20:49:33] [MotusApiImporter] --- Processing row 55 (stock/sku: 1445937) ---
[2026-07-24 20:49:33] [MotusApiImporter] parseVehicle() OK — make=FORD, model=FIGO, source_url=https://www.motusvw.co.za/midrand/showroom/625-vwmdf893195/1/, image_urls count=1
[2026-07-24 20:49:35] [MotusApiImporter] After enrichFromDetailPage() — engine_capacity_cc=1498, image_urls count=18
[2026-07-24 20:49:35] [MotusApiImporter] findExistingCar() -> EXISTING car id=1647
[2026-07-24 20:49:35] [MotusApiImporter] updateCar() completed for existing id=1647.
[2026-07-24 20:49:35] [MotusApiImporter] --- Processing row 56 (stock/sku: 1446382) ---
[2026-07-24 20:49:35] [MotusApiImporter] parseVehicle() OK — make=VOLKSWAGEN, model=AMAROK, source_url=https://www.motusvw.co.za/midrand/showroom/625-vwmdf421690/1/, image_urls count=1
[2026-07-24 20:49:36] [MotusApiImporter] After enrichFromDetailPage() — engine_capacity_cc=2967, image_urls count=17
[2026-07-24 20:49:36] [MotusApiImporter] findExistingCar() -> EXISTING car id=1648
[2026-07-24 20:49:36] [MotusApiImporter] updateCar() completed for existing id=1648.
[2026-07-24 20:49:36] [MotusApiImporter] --- Processing row 57 (stock/sku: 1446801) ---
[2026-07-24 20:49:36] [MotusApiImporter] parseVehicle() OK — make=VOLKSWAGEN, model=T-CROSS, source_url=https://www.motusvw.co.za/midrand/showroom/625-vwmdf423363/2/, image_urls count=1
[2026-07-24 20:49:38] [MotusApiImporter] After enrichFromDetailPage() — engine_capacity_cc=999, image_urls count=15
[2026-07-24 20:49:38] [MotusApiImporter] findExistingCar() -> EXISTING car id=1649
[2026-07-24 20:49:38] [MotusApiImporter] updateCar() completed for existing id=1649.
[2026-07-24 20:49:38] [MotusApiImporter] --- Processing row 58 (stock/sku: 1446410) ---
[2026-07-24 20:49:38] [MotusApiImporter] parseVehicle() OK — make=VOLKSWAGEN, model=TRANSPORTER, source_url=https://www.motusvw.co.za/midrand/showroom/625-vwmdf886408/4/, image_urls count=1
[2026-07-24 20:49:39] [MotusApiImporter] After enrichFromDetailPage() — engine_capacity_cc=1968, image_urls count=17
[2026-07-24 20:49:39] [MotusApiImporter] findExistingCar() -> EXISTING car id=1650
[2026-07-24 20:49:39] [MotusApiImporter] updateCar() completed for existing id=1650.
[2026-07-24 20:49:39] [MotusApiImporter] --- Processing row 59 (stock/sku: 1445899) ---
[2026-07-24 20:49:39] [MotusApiImporter] parseVehicle() OK — make=VOLKSWAGEN, model=TRANSPORTER, source_url=https://www.motusvw.co.za/midrand/showroom/625-vwmdf893863/1/, image_urls count=1
[2026-07-24 20:49:40] [MotusApiImporter] After enrichFromDetailPage() — engine_capacity_cc=1968, image_urls count=19
[2026-07-24 20:49:40] [MotusApiImporter] findExistingCar() -> EXISTING car id=1651
[2026-07-24 20:49:40] [MotusApiImporter] updateCar() completed for existing id=1651.
[2026-07-24 20:49:40] [MotusApiImporter] --- Processing row 60 (stock/sku: 1446142) ---
[2026-07-24 20:49:40] [MotusApiImporter] parseVehicle() OK — make=BMW, model=4 SERIES, source_url=https://www.motusvw.co.za/midrand/showroom/625-vwmdf890748/1/, image_urls count=1
[2026-07-24 20:49:41] [MotusApiImporter] After enrichFromDetailPage() — engine_capacity_cc=2998, image_urls count=24
[2026-07-24 20:49:41] [MotusApiImporter] findExistingCar() -> EXISTING car id=1652
[2026-07-24 20:49:41] [MotusApiImporter] updateCar() completed for existing id=1652.
[2026-07-24 20:49:41] [MotusApiImporter] --- Processing row 61 (stock/sku: 1446010) ---
[2026-07-24 20:49:41] [MotusApiImporter] parseVehicle() OK — make=JAGUAR, model=F-PACE, source_url=https://www.motusvw.co.za/midrand/showroom/625-vwmdf892204/1/, image_urls count=1
[2026-07-24 20:49:43] [MotusApiImporter] After enrichFromDetailPage() — engine_capacity_cc=1997, image_urls count=20
[2026-07-24 20:49:43] [MotusApiImporter] findExistingCar() -> EXISTING car id=1653
[2026-07-24 20:49:43] [MotusApiImporter] updateCar() completed for existing id=1653.
[2026-07-24 20:49:43] [MotusApiImporter] --- Processing row 62 (stock/sku: 1448883) ---
[2026-07-24 20:49:43] [MotusApiImporter] parseVehicle() OK — make=KIA, model=RIO, source_url=https://www.motusvw.co.za/midrand/showroom/625-vwmvusc894215/1/, image_urls count=1
[2026-07-24 20:49:43] [MotusApiImporter] After enrichFromDetailPage() — engine_capacity_cc=1396, image_urls count=16
[2026-07-24 20:49:43] [MotusApiImporter] findExistingCar() -> EXISTING car id=1654
[2026-07-24 20:49:43] [MotusApiImporter] updateCar() completed for existing id=1654.
[2026-07-24 20:49:43] [MotusApiImporter] --- Processing row 63 (stock/sku: 1445715) ---
[2026-07-24 20:49:43] [MotusApiImporter] parseVehicle() OK — make=RENAULT, model=CLIO, source_url=https://www.motusvw.co.za/midrand/showroom/625-vwmdf896334/1/, image_urls count=1
[2026-07-24 20:49:45] [MotusApiImporter] After enrichFromDetailPage() — engine_capacity_cc=999, image_urls count=24
[2026-07-24 20:49:45] [MotusApiImporter] findExistingCar() -> EXISTING car id=1655
[2026-07-24 20:49:45] [MotusApiImporter] updateCar() completed for existing id=1655.
[2026-07-24 20:49:45] [MotusApiImporter] --- Processing row 64 (stock/sku: 1445883) ---
[2026-07-24 20:49:45] [MotusApiImporter] parseVehicle() OK — make=VOLKSWAGEN, model=POLO VIVO, source_url=https://www.motusvw.co.za/midrand/showroom/625-vwmdf894125/2/, image_urls count=1
[2026-07-24 20:49:46] [MotusApiImporter] After enrichFromDetailPage() — engine_capacity_cc=1398, image_urls count=17
[2026-07-24 20:49:46] [MotusApiImporter] findExistingCar() -> EXISTING car id=1656
[2026-07-24 20:49:46] [MotusApiImporter] updateCar() completed for existing id=1656.
[2026-07-24 20:49:46] [MotusApiImporter] --- Processing row 65 (stock/sku: 1445714) ---
[2026-07-24 20:49:46] [MotusApiImporter] parseVehicle() OK — make=VOLKSWAGEN, model=POLO VIVO, source_url=https://www.motusvw.co.za/midrand/showroom/625-vwmdf896260/1/, image_urls count=1
[2026-07-24 20:49:47] [MotusApiImporter] After enrichFromDetailPage() — engine_capacity_cc=1398, image_urls count=24
[2026-07-24 20:49:47] [MotusApiImporter] findExistingCar() -> EXISTING car id=1657
[2026-07-24 20:49:47] [MotusApiImporter] updateCar() completed for existing id=1657.
[2026-07-24 20:49:47] [MotusApiImporter] --- Processing row 66 (stock/sku: 1446735) ---
[2026-07-24 20:49:47] [MotusApiImporter] parseVehicle() OK — make=VOLKSWAGEN, model=TAIGO, source_url=https://www.motusvw.co.za/midrand/showroom/625-vwmdf861673/2/, image_urls count=1
[2026-07-24 20:49:48] [MotusApiImporter] After enrichFromDetailPage() — engine_capacity_cc=999, image_urls count=17
[2026-07-24 20:49:48] [MotusApiImporter] findExistingCar() -> EXISTING car id=1658
[2026-07-24 20:49:48] [MotusApiImporter] updateCar() completed for existing id=1658.
[2026-07-24 20:49:48] [MotusApiImporter] --- Processing row 67 (stock/sku: 1445959) ---
[2026-07-24 20:49:48] [MotusApiImporter] parseVehicle() OK — make=VOLKSWAGEN, model=TRANSPORTER, source_url=https://www.motusvw.co.za/midrand/showroom/625-vwmdf425954/1/, image_urls count=1
[2026-07-24 20:49:50] [MotusApiImporter] After enrichFromDetailPage() — engine_capacity_cc=1968, image_urls count=18
[2026-07-24 20:49:50] [MotusApiImporter] findExistingCar() -> EXISTING car id=1659
[2026-07-24 20:49:50] [MotusApiImporter] updateCar() completed for existing id=1659.
[2026-07-24 20:49:50] [MotusApiImporter] --- Processing row 68 (stock/sku: 1446051) ---
[2026-07-24 20:49:50] [MotusApiImporter] parseVehicle() OK — make=VOLKSWAGEN, model=AMAROK, source_url=https://www.motusvw.co.za/midrand/showroom/625-vwmdf891606/1/, image_urls count=1
[2026-07-24 20:49:50] [MotusApiImporter] Skipped detail-page fetch for stock #1446051 — time budget already exhausted.
[2026-07-24 20:49:50] [MotusApiImporter] After enrichFromDetailPage() — engine_capacity_cc=NULL, image_urls count=1
[2026-07-24 20:49:50] [MotusApiImporter] findExistingCar() -> EXISTING car id=1660
[2026-07-24 20:49:50] [MotusApiImporter] updateCar() completed for existing id=1660.
[2026-07-24 20:49:50] [MotusApiImporter] --- Processing row 69 (stock/sku: 1446086) ---
[2026-07-24 20:49:50] [MotusApiImporter] parseVehicle() OK — make=VOLKSWAGEN, model=POLO, source_url=https://www.motusvw.co.za/midrand/showroom/625-vwmdf891191/1/, image_urls count=1
[2026-07-24 20:49:50] [MotusApiImporter] Skipped detail-page fetch for stock #1446086 — time budget already exhausted.
[2026-07-24 20:49:50] [MotusApiImporter] After enrichFromDetailPage() — engine_capacity_cc=NULL, image_urls count=1
[2026-07-24 20:49:50] [MotusApiImporter] findExistingCar() -> EXISTING car id=1661
[2026-07-24 20:49:50] [MotusApiImporter] updateCar() completed for existing id=1661.
[2026-07-24 20:49:50] [MotusApiImporter] --- Processing row 70 (stock/sku: 1446654) ---
[2026-07-24 20:49:50] [MotusApiImporter] parseVehicle() OK — make=AUDI, model=Q2, source_url=https://www.motusvw.co.za/midrand/showroom/625-vwmdf872129/1/, image_urls count=1
[2026-07-24 20:49:50] [MotusApiImporter] Skipped detail-page fetch for stock #1446654 — time budget already exhausted.
[2026-07-24 20:49:50] [MotusApiImporter] After enrichFromDetailPage() — engine_capacity_cc=NULL, image_urls count=1
[2026-07-24 20:49:50] [MotusApiImporter] findExistingCar() -> EXISTING car id=1662
[2026-07-24 20:49:50] [MotusApiImporter] updateCar() completed for existing id=1662.
[2026-07-24 20:49:50] [MotusApiImporter] --- Processing row 71 (stock/sku: 1449184) ---
[2026-07-24 20:49:50] [MotusApiImporter] parseVehicle() OK — make=FORD, model=RANGER, source_url=https://www.motusvw.co.za/midrand/showroom/625-vwmdf895758/1/, image_urls count=1
[2026-07-24 20:49:50] [MotusApiImporter] Skipped detail-page fetch for stock #1449184 — time budget already exhausted.
[2026-07-24 20:49:50] [MotusApiImporter] After enrichFromDetailPage() — engine_capacity_cc=NULL, image_urls count=1
[2026-07-24 20:49:50] [MotusApiImporter] findExistingCar() -> EXISTING car id=1663
[2026-07-24 20:49:50] [MotusApiImporter] updateCar() completed for existing id=1663.
[2026-07-24 20:49:50] [MotusApiImporter] --- Processing row 72 (stock/sku: 1448032) ---
[2026-07-24 20:49:50] [MotusApiImporter] parseVehicle() OK — make=HYUNDAI, model=GRAND CRETA, source_url=https://www.motusvw.co.za/midrand/showroom/625-vwmvusc853094/1/, image_urls count=1
[2026-07-24 20:49:50] [MotusApiImporter] Skipped detail-page fetch for stock #1448032 — time budget already exhausted.
[2026-07-24 20:49:50] [MotusApiImporter] After enrichFromDetailPage() — engine_capacity_cc=NULL, image_urls count=1
[2026-07-24 20:49:50] [MotusApiImporter] findExistingCar() -> EXISTING car id=1664
[2026-07-24 20:49:50] [MotusApiImporter] updateCar() completed for existing id=1664.
[2026-07-24 20:49:50] [MotusApiImporter] --- Processing row 73 (stock/sku: 1446809) ---
[2026-07-24 20:49:50] [MotusApiImporter] parseVehicle() OK — make=KIA, model=PICANTO, source_url=https://www.motusvw.co.za/midrand/showroom/625-vwmdf894445/1/, image_urls count=1
[2026-07-24 20:49:50] [MotusApiImporter] Skipped detail-page fetch for stock #1446809 — time budget already exhausted.
[2026-07-24 20:49:50] [MotusApiImporter] After enrichFromDetailPage() — engine_capacity_cc=NULL, image_urls count=1
[2026-07-24 20:49:50] [MotusApiImporter] findExistingCar() -> EXISTING car id=1665
[2026-07-24 20:49:50] [MotusApiImporter] updateCar() completed for existing id=1665.
[2026-07-24 20:49:50] [MotusApiImporter] --- Processing row 74 (stock/sku: 1446810) ---
[2026-07-24 20:49:50] [MotusApiImporter] parseVehicle() OK — make=NISSAN, model=MAGNITE, source_url=https://www.motusvw.co.za/midrand/showroom/625-vwmdf894838/1/, image_urls count=1
[2026-07-24 20:49:50] [MotusApiImporter] Skipped detail-page fetch for stock #1446810 — time budget already exhausted.
[2026-07-24 20:49:50] [MotusApiImporter] After enrichFromDetailPage() — engine_capacity_cc=NULL, image_urls count=1
[2026-07-24 20:49:50] [MotusApiImporter] findExistingCar() -> EXISTING car id=1666
[2026-07-24 20:49:50] [MotusApiImporter] updateCar() completed for existing id=1666.
[2026-07-24 20:49:50] [MotusApiImporter] --- Processing row 75 (stock/sku: 1446523) ---
[2026-07-24 20:49:50] [MotusApiImporter] parseVehicle() OK — make=TOYOTA, model=COROLLA CROSS, source_url=https://www.motusvw.co.za/midrand/showroom/625-bm037used896315/1/, image_urls count=1
[2026-07-24 20:49:50] [MotusApiImporter] Skipped detail-page fetch for stock #1446523 — time budget already exhausted.
[2026-07-24 20:49:50] [MotusApiImporter] After enrichFromDetailPage() — engine_capacity_cc=NULL, image_urls count=1
[2026-07-24 20:49:50] [MotusApiImporter] findExistingCar() -> EXISTING car id=1667
[2026-07-24 20:49:50] [MotusApiImporter] updateCar() completed for existing id=1667.
[2026-07-24 20:49:50] [MotusApiImporter] --- Processing row 76 (stock/sku: 1445994) ---
[2026-07-24 20:49:50] [MotusApiImporter] parseVehicle() OK — make=TOYOTA, model=HILUX, source_url=https://www.motusvw.co.za/midrand/showroom/625-vwmdf892356/1/, image_urls count=1
[2026-07-24 20:49:50] [MotusApiImporter] Skipped detail-page fetch for stock #1445994 — time budget already exhausted.
[2026-07-24 20:49:50] [MotusApiImporter] After enrichFromDetailPage() — engine_capacity_cc=NULL, image_urls count=1
[2026-07-24 20:49:50] [MotusApiImporter] findExistingCar() -> EXISTING car id=1668
[2026-07-24 20:49:50] [MotusApiImporter] updateCar() completed for existing id=1668.
[2026-07-24 20:49:50] [MotusApiImporter] --- Processing row 77 (stock/sku: 1446028) ---
[2026-07-24 20:49:50] [MotusApiImporter] parseVehicle() OK — make=VOLKSWAGEN, model=AMAROK, source_url=https://www.motusvw.co.za/midrand/showroom/625-vwmdf850170/1/, image_urls count=1
[2026-07-24 20:49:50] [MotusApiImporter] Skipped detail-page fetch for stock #1446028 — time budget already exhausted.
[2026-07-24 20:49:50] [MotusApiImporter] After enrichFromDetailPage() — engine_capacity_cc=NULL, image_urls count=1
[2026-07-24 20:49:50] [MotusApiImporter] findExistingCar() -> EXISTING car id=1669
[2026-07-24 20:49:50] [MotusApiImporter] updateCar() completed for existing id=1669.
[2026-07-24 20:49:50] [MotusApiImporter] --- Processing row 78 (stock/sku: 1445881) ---
[2026-07-24 20:49:50] [MotusApiImporter] parseVehicle() OK — make=VOLKSWAGEN, model=POLO, source_url=https://www.motusvw.co.za/midrand/showroom/625-vwmdf894037/1/, image_urls count=1
[2026-07-24 20:49:50] [MotusApiImporter] Skipped detail-page fetch for stock #1445881 — time budget already exhausted.
[2026-07-24 20:49:50] [MotusApiImporter] After enrichFromDetailPage() — engine_capacity_cc=NULL, image_urls count=1
[2026-07-24 20:49:50] [MotusApiImporter] findExistingCar() -> EXISTING car id=1670
[2026-07-24 20:49:50] [MotusApiImporter] updateCar() completed for existing id=1670.
[2026-07-24 20:49:50] [MotusApiImporter] --- Processing row 79 (stock/sku: 1446323) ---
[2026-07-24 20:49:50] [MotusApiImporter] parseVehicle() OK — make=VOLKSWAGEN, model=POLO, source_url=https://www.motusvw.co.za/midrand/showroom/625-vwmdf888345/1/, image_urls count=1
[2026-07-24 20:49:50] [MotusApiImporter] Skipped detail-page fetch for stock #1446323 — time budget already exhausted.
[2026-07-24 20:49:50] [MotusApiImporter] After enrichFromDetailPage() — engine_capacity_cc=NULL, image_urls count=1
[2026-07-24 20:49:50] [MotusApiImporter] findExistingCar() -> EXISTING car id=1671
[2026-07-24 20:49:50] [MotusApiImporter] updateCar() completed for existing id=1671.
[2026-07-24 20:49:50] [MotusApiImporter] --- Processing row 80 (stock/sku: 1446790) ---
[2026-07-24 20:49:50] [MotusApiImporter] parseVehicle() OK — make=VOLKSWAGEN, model=T-CROSS, source_url=https://www.motusvw.co.za/midrand/showroom/625-vwmdf839567/1/, image_urls count=1
[2026-07-24 20:49:50] [MotusApiImporter] Skipped detail-page fetch for stock #1446790 — time budget already exhausted.
[2026-07-24 20:49:50] [MotusApiImporter] After enrichFromDetailPage() — engine_capacity_cc=NULL, image_urls count=1
[2026-07-24 20:49:50] [MotusApiImporter] findExistingCar() -> EXISTING car id=1672
[2026-07-24 20:49:50] [MotusApiImporter] updateCar() completed for existing id=1672.
[2026-07-24 20:49:50] [MotusApiImporter] --- Processing row 81 (stock/sku: 1446786) ---
[2026-07-24 20:49:50] [MotusApiImporter] parseVehicle() OK — make=VOLKSWAGEN, model=T-CROSS, source_url=https://www.motusvw.co.za/midrand/showroom/625-vwmdf843717/8/, image_urls count=1
[2026-07-24 20:49:50] [MotusApiImporter] Skipped detail-page fetch for stock #1446786 — time budget already exhausted.
[2026-07-24 20:49:50] [MotusApiImporter] After enrichFromDetailPage() — engine_capacity_cc=NULL, image_urls count=1
[2026-07-24 20:49:50] [MotusApiImporter] findExistingCar() -> EXISTING car id=1673
[2026-07-24 20:49:50] [MotusApiImporter] updateCar() completed for existing id=1673.
[2026-07-24 20:49:50] [MotusApiImporter] --- Processing row 82 (stock/sku: 1445882) ---
[2026-07-24 20:49:50] [MotusApiImporter] parseVehicle() OK — make=VOLKSWAGEN, model=T-ROC, source_url=https://www.motusvw.co.za/midrand/showroom/625-vwmdf894108/1/, image_urls count=1
[2026-07-24 20:49:50] [MotusApiImporter] Skipped detail-page fetch for stock #1445882 — time budget already exhausted.
[2026-07-24 20:49:50] [MotusApiImporter] After enrichFromDetailPage() — engine_capacity_cc=NULL, image_urls count=1
[2026-07-24 20:49:50] [MotusApiImporter] findExistingCar() -> EXISTING car id=1674
[2026-07-24 20:49:50] [MotusApiImporter] updateCar() completed for existing id=1674.
[2026-07-24 20:49:50] [MotusApiImporter] --- Processing row 83 (stock/sku: 1445751) ---
[2026-07-24 20:49:50] [MotusApiImporter] parseVehicle() OK — make=VOLKSWAGEN, model=TAIGO, source_url=https://www.motusvw.co.za/midrand/showroom/625-vwmdf874038/1/, image_urls count=1
[2026-07-24 20:49:50] [MotusApiImporter] Skipped detail-page fetch for stock #1445751 — time budget already exhausted.
[2026-07-24 20:49:50] [MotusApiImporter] After enrichFromDetailPage() — engine_capacity_cc=NULL, image_urls count=1
[2026-07-24 20:49:50] [MotusApiImporter] findExistingCar() -> EXISTING car id=1675
[2026-07-24 20:49:50] [MotusApiImporter] updateCar() completed for existing id=1675.
[2026-07-24 20:49:50] [MotusApiImporter] --- Processing row 84 (stock/sku: 1446249) ---
[2026-07-24 20:49:50] [MotusApiImporter] parseVehicle() OK — make=SUZUKI, model=SWIFT, source_url=https://www.motusvw.co.za/midrand/showroom/625-vwmdf889410/1/, image_urls count=1
[2026-07-24 20:49:50] [MotusApiImporter] Skipped detail-page fetch for stock #1446249 — time budget already exhausted.
[2026-07-24 20:49:50] [MotusApiImporter] After enrichFromDetailPage() — engine_capacity_cc=NULL, image_urls count=1
[2026-07-24 20:49:50] [MotusApiImporter] findExistingCar() -> EXISTING car id=1676
[2026-07-24 20:49:50] [MotusApiImporter] updateCar() completed for existing id=1676.
[2026-07-24 20:49:50] [MotusApiImporter] --- Processing row 85 (stock/sku: 1445799) ---
[2026-07-24 20:49:50] [MotusApiImporter] parseVehicle() OK — make=SUZUKI, model=SWIFT, source_url=https://www.motusvw.co.za/midrand/showroom/625-vwmdf895482/1/, image_urls count=1
[2026-07-24 20:49:50] [MotusApiImporter] Skipped detail-page fetch for stock #1445799 — time budget already exhausted.
[2026-07-24 20:49:50] [MotusApiImporter] After enrichFromDetailPage() — engine_capacity_cc=NULL, image_urls count=1
[2026-07-24 20:49:50] [MotusApiImporter] findExistingCar() -> EXISTING car id=1677
[2026-07-24 20:49:50] [MotusApiImporter] updateCar() completed for existing id=1677.
[2026-07-24 20:49:50] [MotusApiImporter] --- Processing row 86 (stock/sku: 1445871) ---
[2026-07-24 20:49:50] [MotusApiImporter] parseVehicle() OK — make=SUZUKI, model=SWIFT, source_url=https://www.motusvw.co.za/midrand/showroom/625-vwmdf894155/1/, image_urls count=1
[2026-07-24 20:49:50] [MotusApiImporter] Skipped detail-page fetch for stock #1445871 — time budget already exhausted.
[2026-07-24 20:49:50] [MotusApiImporter] After enrichFromDetailPage() — engine_capacity_cc=NULL, image_urls count=1
[2026-07-24 20:49:50] [MotusApiImporter] findExistingCar() -> EXISTING car id=1678
[2026-07-24 20:49:50] [MotusApiImporter] updateCar() completed for existing id=1678.
[2026-07-24 20:49:50] [MotusApiImporter] --- Processing row 87 (stock/sku: 1445800) ---
[2026-07-24 20:49:50] [MotusApiImporter] parseVehicle() OK — make=SUZUKI, model=SWIFT, source_url=https://www.motusvw.co.za/midrand/showroom/625-vwmdf895483/1/, image_urls count=1
[2026-07-24 20:49:50] [MotusApiImporter] Skipped detail-page fetch for stock #1445800 — time budget already exhausted.
[2026-07-24 20:49:50] [MotusApiImporter] After enrichFromDetailPage() — engine_capacity_cc=NULL, image_urls count=1
[2026-07-24 20:49:50] [MotusApiImporter] findExistingCar() -> EXISTING car id=1679
[2026-07-24 20:49:50] [MotusApiImporter] updateCar() completed for existing id=1679.
[2026-07-24 20:49:50] [MotusApiImporter] --- Processing row 88 (stock/sku: 1446293) ---
[2026-07-24 20:49:50] [MotusApiImporter] parseVehicle() OK — make=TOYOTA, model=STARLET, source_url=https://www.motusvw.co.za/midrand/showroom/625-vwmdf888699/1/, image_urls count=1
[2026-07-24 20:49:50] [MotusApiImporter] Skipped detail-page fetch for stock #1446293 — time budget already exhausted.
[2026-07-24 20:49:50] [MotusApiImporter] After enrichFromDetailPage() — engine_capacity_cc=NULL, image_urls count=1
[2026-07-24 20:49:50] [MotusApiImporter] findExistingCar() -> EXISTING car id=1680
[2026-07-24 20:49:50] [MotusApiImporter] updateCar() completed for existing id=1680.
[2026-07-24 20:49:50] [MotusApiImporter] --- Processing row 89 (stock/sku: 1446743) ---
[2026-07-24 20:49:50] [MotusApiImporter] parseVehicle() OK — make=VOLKSWAGEN, model=AMAROK, source_url=https://www.motusvw.co.za/midrand/showroom/625-vwmdf861452/1/, image_urls count=1
[2026-07-24 20:49:50] [MotusApiImporter] Skipped detail-page fetch for stock #1446743 — time budget already exhausted.
[2026-07-24 20:49:50] [MotusApiImporter] After enrichFromDetailPage() — engine_capacity_cc=NULL, image_urls count=1
[2026-07-24 20:49:50] [MotusApiImporter] findExistingCar() -> EXISTING car id=1681
[2026-07-24 20:49:50] [MotusApiImporter] updateCar() completed for existing id=1681.
[2026-07-24 20:49:50] [MotusApiImporter] --- Processing row 90 (stock/sku: 1446558) ---
[2026-07-24 20:49:50] [MotusApiImporter] parseVehicle() OK — make=VOLKSWAGEN, model=POLO, source_url=https://www.motusvw.co.za/midrand/showroom/625-vwmdf876638/1/, image_urls count=1
[2026-07-24 20:49:50] [MotusApiImporter] Skipped detail-page fetch for stock #1446558 — time budget already exhausted.
[2026-07-24 20:49:50] [MotusApiImporter] After enrichFromDetailPage() — engine_capacity_cc=NULL, image_urls count=1
[2026-07-24 20:49:50] [MotusApiImporter] findExistingCar() -> EXISTING car id=1682
[2026-07-24 20:49:50] [MotusApiImporter] updateCar() completed for existing id=1682.
[2026-07-24 20:49:50] [MotusApiImporter] --- Processing row 91 (stock/sku: 1446729) ---
[2026-07-24 20:49:50] [MotusApiImporter] parseVehicle() OK — make=VOLKSWAGEN, model=POLO, source_url=https://www.motusvw.co.za/midrand/showroom/625-vwmdf864742/3/, image_urls count=1
[2026-07-24 20:49:50] [MotusApiImporter] Skipped detail-page fetch for stock #1446729 — time budget already exhausted.
[2026-07-24 20:49:50] [MotusApiImporter] After enrichFromDetailPage() — engine_capacity_cc=NULL, image_urls count=1
[2026-07-24 20:49:50] [MotusApiImporter] findExistingCar() -> EXISTING car id=1683
[2026-07-24 20:49:50] [MotusApiImporter] updateCar() completed for existing id=1683.
[2026-07-24 20:49:50] [MotusApiImporter] --- Processing row 92 (stock/sku: 1446763) ---
[2026-07-24 20:49:50] [MotusApiImporter] parseVehicle() OK — make=VOLKSWAGEN, model=POLO VIVO, source_url=https://www.motusvw.co.za/midrand/showroom/625-vwmdf858161/1/, image_urls count=1
[2026-07-24 20:49:50] [MotusApiImporter] Skipped detail-page fetch for stock #1446763 — time budget already exhausted.
[2026-07-24 20:49:50] [MotusApiImporter] After enrichFromDetailPage() — engine_capacity_cc=NULL, image_urls count=1
[2026-07-24 20:49:50] [MotusApiImporter] findExistingCar() -> EXISTING car id=1684
[2026-07-24 20:49:50] [MotusApiImporter] updateCar() completed for existing id=1684.
[2026-07-24 20:49:50] [MotusApiImporter] --- Processing row 93 (stock/sku: 1446755) ---
[2026-07-24 20:49:50] [MotusApiImporter] parseVehicle() OK — make=VOLKSWAGEN, model=POLO VIVO, source_url=https://www.motusvw.co.za/midrand/showroom/625-vwmdf859179/4/, image_urls count=1
[2026-07-24 20:49:50] [MotusApiImporter] Skipped detail-page fetch for stock #1446755 — time budget already exhausted.
[2026-07-24 20:49:50] [MotusApiImporter] After enrichFromDetailPage() — engine_capacity_cc=NULL, image_urls count=1
[2026-07-24 20:49:50] [MotusApiImporter] findExistingCar() -> EXISTING car id=1685
[2026-07-24 20:49:50] [MotusApiImporter] updateCar() completed for existing id=1685.
[2026-07-24 20:49:50] [MotusApiImporter] --- Processing row 94 (stock/sku: 1446746) ---
[2026-07-24 20:49:50] [MotusApiImporter] parseVehicle() OK — make=VOLKSWAGEN, model=POLO VIVO, source_url=https://www.motusvw.co.za/midrand/showroom/625-vwmdf860907/1/, image_urls count=1
[2026-07-24 20:49:50] [MotusApiImporter] Skipped detail-page fetch for stock #1446746 — time budget already exhausted.
[2026-07-24 20:49:50] [MotusApiImporter] After enrichFromDetailPage() — engine_capacity_cc=NULL, image_urls count=1
[2026-07-24 20:49:50] [MotusApiImporter] findExistingCar() -> EXISTING car id=1686
[2026-07-24 20:49:50] [MotusApiImporter] updateCar() completed for existing id=1686.
[2026-07-24 20:49:50] [MotusApiImporter] --- Processing row 95 (stock/sku: 1446711) ---
[2026-07-24 20:49:50] [MotusApiImporter] parseVehicle() OK — make=VOLKSWAGEN, model=POLO VIVO, source_url=https://www.motusvw.co.za/midrand/showroom/625-vwmdf868173/2/, image_urls count=1
[2026-07-24 20:49:50] [MotusApiImporter] Skipped detail-page fetch for stock #1446711 — time budget already exhausted.
[2026-07-24 20:49:50] [MotusApiImporter] After enrichFromDetailPage() — engine_capacity_cc=NULL, image_urls count=1
[2026-07-24 20:49:50] [MotusApiImporter] findExistingCar() -> EXISTING car id=1687
[2026-07-24 20:49:50] [MotusApiImporter] updateCar() completed for existing id=1687.
[2026-07-24 20:49:50] [MotusApiImporter] --- Processing row 96 (stock/sku: 1446694) ---
[2026-07-24 20:49:50] [MotusApiImporter] parseVehicle() OK — make=VOLKSWAGEN, model=POLO VIVO, source_url=https://www.motusvw.co.za/midrand/showroom/625-vwmdf869665/2/, image_urls count=1
[2026-07-24 20:49:50] [MotusApiImporter] Skipped detail-page fetch for stock #1446694 — time budget already exhausted.
[2026-07-24 20:49:50] [MotusApiImporter] After enrichFromDetailPage() — engine_capacity_cc=NULL, image_urls count=1
[2026-07-24 20:49:50] [MotusApiImporter] findExistingCar() -> EXISTING car id=1688
[2026-07-24 20:49:50] [MotusApiImporter] updateCar() completed for existing id=1688.
[2026-07-24 20:49:50] [MotusApiImporter] --- Processing row 97 (stock/sku: 1446751) ---
[2026-07-24 20:49:50] [MotusApiImporter] parseVehicle() OK — make=VOLKSWAGEN, model=T-CROSS, source_url=https://www.motusvw.co.za/midrand/showroom/625-vwmdf860129/3/, image_urls count=1
[2026-07-24 20:49:50] [MotusApiImporter] Skipped detail-page fetch for stock #1446751 — time budget already exhausted.
[2026-07-24 20:49:50] [MotusApiImporter] After enrichFromDetailPage() — engine_capacity_cc=NULL, image_urls count=1
[2026-07-24 20:49:50] [MotusApiImporter] findExistingCar() -> EXISTING car id=1689
[2026-07-24 20:49:50] [MotusApiImporter] updateCar() completed for existing id=1689.
[2026-07-24 20:49:50] [MotusApiImporter] --- Processing row 98 (stock/sku: 1446720) ---
[2026-07-24 20:49:50] [MotusApiImporter] parseVehicle() OK — make=VOLKSWAGEN, model=TAIGO, source_url=https://www.motusvw.co.za/midrand/showroom/625-vwmdf859177/2/, image_urls count=1
[2026-07-24 20:49:50] [MotusApiImporter] Skipped detail-page fetch for stock #1446720 — time budget already exhausted.
[2026-07-24 20:49:50] [MotusApiImporter] After enrichFromDetailPage() — engine_capacity_cc=NULL, image_urls count=1
[2026-07-24 20:49:50] [MotusApiImporter] findExistingCar() -> EXISTING car id=1690
[2026-07-24 20:49:50] [MotusApiImporter] updateCar() completed for existing id=1690.
[2026-07-24 20:49:50] [MotusApiImporter] --- Processing row 99 (stock/sku: 1446118) ---
[2026-07-24 20:49:50] [MotusApiImporter] parseVehicle() OK — make=MG, model=HS, source_url=https://www.motusvw.co.za/midrand/showroom/625-vwmdf890989/1/, image_urls count=1
[2026-07-24 20:49:50] [MotusApiImporter] Skipped detail-page fetch for stock #1446118 — time budget already exhausted.
[2026-07-24 20:49:50] [MotusApiImporter] After enrichFromDetailPage() — engine_capacity_cc=NULL, image_urls count=1
[2026-07-24 20:49:50] [MotusApiImporter] findExistingCar() -> EXISTING car id=1691
[2026-07-24 20:49:50] [MotusApiImporter] updateCar() completed for existing id=1691.
[2026-07-24 20:49:50] [MotusApiImporter] --- Processing row 100 (stock/sku: 1446119) ---
[2026-07-24 20:49:50] [MotusApiImporter] parseVehicle() OK — make=MG, model=MG3, source_url=https://www.motusvw.co.za/midrand/showroom/625-vwmdf890997/1/, image_urls count=1
[2026-07-24 20:49:50] [MotusApiImporter] Skipped detail-page fetch for stock #1446119 — time budget already exhausted.
[2026-07-24 20:49:50] [MotusApiImporter] After enrichFromDetailPage() — engine_capacity_cc=NULL, image_urls count=1
[2026-07-24 20:49:50] [MotusApiImporter] findExistingCar() -> EXISTING car id=1692
[2026-07-24 20:49:50] [MotusApiImporter] updateCar() completed for existing id=1692.
[2026-07-24 20:49:50] [MotusApiImporter] --- Processing row 101 (stock/sku: 1446188) ---
[2026-07-24 20:49:50] [MotusApiImporter] parseVehicle() OK — make=TATA, model=TIAGO, source_url=https://www.motusvw.co.za/midrand/showroom/625-vwmdf891531/1/, image_urls count=1
[2026-07-24 20:49:50] [MotusApiImporter] Skipped detail-page fetch for stock #1446188 — time budget already exhausted.
[2026-07-24 20:49:50] [MotusApiImporter] After enrichFromDetailPage() — engine_capacity_cc=NULL, image_urls count=1
[2026-07-24 20:49:50] [MotusApiImporter] findExistingCar() -> EXISTING car id=1693
[2026-07-24 20:49:50] [MotusApiImporter] updateCar() completed for existing id=1693.
[2026-07-24 20:49:50] [MotusApiImporter] --- Processing row 102 (stock/sku: 1446482) ---
[2026-07-24 20:49:50] [MotusApiImporter] parseVehicle() OK — make=VOLKSWAGEN, model=AMAROK, source_url=https://www.motusvw.co.za/midrand/showroom/625-vwmdf885078/1/, image_urls count=1
[2026-07-24 20:49:50] [MotusApiImporter] Skipped detail-page fetch for stock #1446482 — time budget already exhausted.
[2026-07-24 20:49:50] [MotusApiImporter] After enrichFromDetailPage() — engine_capacity_cc=NULL, image_urls count=1
[2026-07-24 20:49:50] [MotusApiImporter] findExistingCar() -> EXISTING car id=1694
[2026-07-24 20:49:50] [MotusApiImporter] updateCar() completed for existing id=1694.
[2026-07-24 20:49:50] [MotusApiImporter] --- Processing row 103 (stock/sku: 1446648) ---
[2026-07-24 20:49:50] [MotusApiImporter] parseVehicle() OK — make=VOLKSWAGEN, model=CADDY, source_url=https://www.motusvw.co.za/midrand/showroom/625-vwmdf872377/1/, image_urls count=1
[2026-07-24 20:49:50] [MotusApiImporter] Skipped detail-page fetch for stock #1446648 — time budget already exhausted.
[2026-07-24 20:49:50] [MotusApiImporter] After enrichFromDetailPage() — engine_capacity_cc=NULL, image_urls count=1
[2026-07-24 20:49:50] [MotusApiImporter] findExistingCar() -> EXISTING car id=1695
[2026-07-24 20:49:50] [MotusApiImporter] updateCar() completed for existing id=1695.
[2026-07-24 20:49:50] [MotusApiImporter] --- Processing row 104 (stock/sku: 1445922) ---
[2026-07-24 20:49:50] [MotusApiImporter] parseVehicle() OK — make=VOLKSWAGEN, model=POLO VIVO, source_url=https://www.motusvw.co.za/midrand/showroom/625-vwmdf893350/1/, image_urls count=1
[2026-07-24 20:49:50] [MotusApiImporter] Skipped detail-page fetch for stock #1445922 — time budget already exhausted.
[2026-07-24 20:49:50] [MotusApiImporter] After enrichFromDetailPage() — engine_capacity_cc=NULL, image_urls count=1
[2026-07-24 20:49:50] [MotusApiImporter] findExistingCar() -> EXISTING car id=1696
[2026-07-24 20:49:50] [MotusApiImporter] updateCar() completed for existing id=1696.
[2026-07-24 20:49:50] [MotusApiImporter] --- Processing row 105 (stock/sku: 1446628) ---
[2026-07-24 20:49:50] [MotusApiImporter] parseVehicle() OK — make=VOLKSWAGEN, model=POLO VIVO, source_url=https://www.motusvw.co.za/midrand/showroom/625-vwmdf873548/2/, image_urls count=1
[2026-07-24 20:49:50] [MotusApiImporter] Skipped detail-page fetch for stock #1446628 — time budget already exhausted.
[2026-07-24 20:49:50] [MotusApiImporter] After enrichFromDetailPage() — engine_capacity_cc=NULL, image_urls count=1
[2026-07-24 20:49:50] [MotusApiImporter] findExistingCar() -> EXISTING car id=1697
[2026-07-24 20:49:50] [MotusApiImporter] updateCar() completed for existing id=1697.
[2026-07-24 20:49:50] [MotusApiImporter] --- Processing row 106 (stock/sku: 1446506) ---
[2026-07-24 20:49:50] [MotusApiImporter] parseVehicle() OK — make=VOLKSWAGEN, model=POLO VIVO, source_url=https://www.motusvw.co.za/midrand/showroom/625-vwmdf884657/2/, image_urls count=1
[2026-07-24 20:49:50] [MotusApiImporter] Skipped detail-page fetch for stock #1446506 — time budget already exhausted.
[2026-07-24 20:49:50] [MotusApiImporter] After enrichFromDetailPage() — engine_capacity_cc=NULL, image_urls count=1
[2026-07-24 20:49:50] [MotusApiImporter] findExistingCar() -> EXISTING car id=1698
[2026-07-24 20:49:50] [MotusApiImporter] updateCar() completed for existing id=1698.
[2026-07-24 20:49:50] [MotusApiImporter] --- Processing row 107 (stock/sku: 1446432) ---
[2026-07-24 20:49:50] [MotusApiImporter] parseVehicle() OK — make=VOLKSWAGEN, model=POLO VIVO, source_url=https://www.motusvw.co.za/midrand/showroom/625-vwmdf886086/1/, image_urls count=1
[2026-07-24 20:49:50] [MotusApiImporter] Skipped detail-page fetch for stock #1446432 — time budget already exhausted.
[2026-07-24 20:49:50] [MotusApiImporter] After enrichFromDetailPage() — engine_capacity_cc=NULL, image_urls count=1
[2026-07-24 20:49:50] [MotusApiImporter] findExistingCar() -> EXISTING car id=1699
[2026-07-24 20:49:50] [MotusApiImporter] updateCar() completed for existing id=1699.
[2026-07-24 20:49:50] [MotusApiImporter] --- Processing row 108 (stock/sku: 1446409) ---
[2026-07-24 20:49:50] [MotusApiImporter] parseVehicle() OK — make=VOLKSWAGEN, model=POLO VIVO, source_url=https://www.motusvw.co.za/midrand/showroom/625-vwmdf886385/1/, image_urls count=1
[2026-07-24 20:49:50] [MotusApiImporter] Skipped detail-page fetch for stock #1446409 — time budget already exhausted.
[2026-07-24 20:49:50] [MotusApiImporter] After enrichFromDetailPage() — engine_capacity_cc=NULL, image_urls count=1
[2026-07-24 20:49:50] [MotusApiImporter] findExistingCar() -> EXISTING car id=1700
[2026-07-24 20:49:50] [MotusApiImporter] updateCar() completed for existing id=1700.
[2026-07-24 20:49:50] [MotusApiImporter] --- Processing row 109 (stock/sku: 1446322) ---
[2026-07-24 20:49:50] [MotusApiImporter] parseVehicle() OK — make=VOLKSWAGEN, model=POLO VIVO, source_url=https://www.motusvw.co.za/midrand/showroom/625-vwmdf888339/1/, image_urls count=1
[2026-07-24 20:49:50] [MotusApiImporter] Skipped detail-page fetch for stock #1446322 — time budget already exhausted.
[2026-07-24 20:49:50] [MotusApiImporter] After enrichFromDetailPage() — engine_capacity_cc=NULL, image_urls count=1
[2026-07-24 20:49:50] [MotusApiImporter] findExistingCar() -> EXISTING car id=1701
[2026-07-24 20:49:50] [MotusApiImporter] updateCar() completed for existing id=1701.
[2026-07-24 20:49:50] [MotusApiImporter] --- Processing row 110 (stock/sku: 1446321) ---
[2026-07-24 20:49:50] [MotusApiImporter] parseVehicle() OK — make=VOLKSWAGEN, model=POLO VIVO, source_url=https://www.motusvw.co.za/midrand/showroom/625-vwmdf888337/1/, image_urls count=1
[2026-07-24 20:49:50] [MotusApiImporter] Skipped detail-page fetch for stock #1446321 — time budget already exhausted.
[2026-07-24 20:49:50] [MotusApiImporter] After enrichFromDetailPage() — engine_capacity_cc=NULL, image_urls count=1
[2026-07-24 20:49:50] [MotusApiImporter] findExistingCar() -> EXISTING car id=1702
[2026-07-24 20:49:50] [MotusApiImporter] updateCar() completed for existing id=1702.
[2026-07-24 20:49:50] [MotusApiImporter] --- Processing row 111 (stock/sku: 1446314) ---
[2026-07-24 20:49:50] [MotusApiImporter] parseVehicle() OK — make=VOLKSWAGEN, model=POLO VIVO, source_url=https://www.motusvw.co.za/midrand/showroom/625-vwmdf888462/1/, image_urls count=1
[2026-07-24 20:49:50] [MotusApiImporter] Skipped detail-page fetch for stock #1446314 — time budget already exhausted.
[2026-07-24 20:49:50] [MotusApiImporter] After enrichFromDetailPage() — engine_capacity_cc=NULL, image_urls count=1
[2026-07-24 20:49:50] [MotusApiImporter] findExistingCar() -> EXISTING car id=1703
[2026-07-24 20:49:50] [MotusApiImporter] updateCar() completed for existing id=1703.
[2026-07-24 20:49:50] [MotusApiImporter] --- Processing row 112 (stock/sku: 1446181) ---
[2026-07-24 20:49:50] [MotusApiImporter] parseVehicle() OK — make=VOLKSWAGEN, model=POLO VIVO, source_url=https://www.motusvw.co.za/midrand/showroom/625-vwmdf890179/3/, image_urls count=1
[2026-07-24 20:49:50] [MotusApiImporter] Skipped detail-page fetch for stock #1446181 — time budget already exhausted.
[2026-07-24 20:49:50] [MotusApiImporter] After enrichFromDetailPage() — engine_capacity_cc=NULL, image_urls count=1
[2026-07-24 20:49:50] [MotusApiImporter] findExistingCar() -> EXISTING car id=1704
[2026-07-24 20:49:50] [MotusApiImporter] updateCar() completed for existing id=1704.
[2026-07-24 20:49:50] [MotusApiImporter] --- Processing row 113 (stock/sku: 1449179) ---
[2026-07-24 20:49:50] [MotusApiImporter] parseVehicle() OK — make=VOLKSWAGEN, model=POLO VIVO, source_url=https://www.motusvw.co.za/midrand/showroom/625-vwmdf875858/2/, image_urls count=1
[2026-07-24 20:49:50] [MotusApiImporter] Skipped detail-page fetch for stock #1449179 — time budget already exhausted.
[2026-07-24 20:49:50] [MotusApiImporter] After enrichFromDetailPage() — engine_capacity_cc=NULL, image_urls count=1
[2026-07-24 20:49:50] [MotusApiImporter] findExistingCar() -> EXISTING car id=1705
[2026-07-24 20:49:50] [MotusApiImporter] updateCar() completed for existing id=1705.
[2026-07-24 20:49:50] [MotusApiImporter] --- Processing row 114 (stock/sku: 1446179) ---
[2026-07-24 20:49:50] [MotusApiImporter] parseVehicle() OK — make=VOLKSWAGEN, model=POLO VIVO, source_url=https://www.motusvw.co.za/midrand/showroom/625-vwmdf890169/1/, image_urls count=1
[2026-07-24 20:49:50] [MotusApiImporter] Skipped detail-page fetch for stock #1446179 — time budget already exhausted.
[2026-07-24 20:49:50] [MotusApiImporter] After enrichFromDetailPage() — engine_capacity_cc=NULL, image_urls count=1
[2026-07-24 20:49:50] [MotusApiImporter] findExistingCar() -> EXISTING car id=1706
[2026-07-24 20:49:50] [MotusApiImporter] updateCar() completed for existing id=1706.
[2026-07-24 20:49:50] [MotusApiImporter] --- Processing row 115 (stock/sku: 1446333) ---
[2026-07-24 20:49:50] [MotusApiImporter] parseVehicle() OK — make=VOLKSWAGEN, model=POLO VIVO, source_url=https://www.motusvw.co.za/midrand/showroom/625-vwmdf888093/1/, image_urls count=1
[2026-07-24 20:49:50] [MotusApiImporter] Skipped detail-page fetch for stock #1446333 — time budget already exhausted.
[2026-07-24 20:49:50] [MotusApiImporter] After enrichFromDetailPage() — engine_capacity_cc=NULL, image_urls count=1
[2026-07-24 20:49:50] [MotusApiImporter] findExistingCar() -> EXISTING car id=1707
[2026-07-24 20:49:50] [MotusApiImporter] updateCar() completed for existing id=1707.
[2026-07-24 20:49:50] [MotusApiImporter] --- Processing row 116 (stock/sku: 1446180) ---
[2026-07-24 20:49:50] [MotusApiImporter] parseVehicle() OK — make=VOLKSWAGEN, model=POLO VIVO, source_url=https://www.motusvw.co.za/midrand/showroom/625-vwmdf890170/1/, image_urls count=1
[2026-07-24 20:49:50] [MotusApiImporter] Skipped detail-page fetch for stock #1446180 — time budget already exhausted.
[2026-07-24 20:49:50] [MotusApiImporter] After enrichFromDetailPage() — engine_capacity_cc=NULL, image_urls count=1
[2026-07-24 20:49:50] [MotusApiImporter] findExistingCar() -> EXISTING car id=1708
[2026-07-24 20:49:50] [MotusApiImporter] updateCar() completed for existing id=1708.
[2026-07-24 20:49:50] [MotusApiImporter] --- Processing row 117 (stock/sku: 1446261) ---
[2026-07-24 20:49:50] [MotusApiImporter] parseVehicle() OK — make=VOLKSWAGEN, model=POLO VIVO, source_url=https://www.motusvw.co.za/midrand/showroom/625-vwmdf889143/1/, image_urls count=1
[2026-07-24 20:49:50] [MotusApiImporter] Skipped detail-page fetch for stock #1446261 — time budget already exhausted.
[2026-07-24 20:49:50] [MotusApiImporter] After enrichFromDetailPage() — engine_capacity_cc=NULL, image_urls count=1
[2026-07-24 20:49:50] [MotusApiImporter] findExistingCar() -> EXISTING car id=1709
[2026-07-24 20:49:50] [MotusApiImporter] updateCar() completed for existing id=1709.
[2026-07-24 20:49:50] [MotusApiImporter] --- Processing row 118 (stock/sku: 1446533) ---
[2026-07-24 20:49:50] [MotusApiImporter] parseVehicle() OK — make=VOLKSWAGEN, model=T-CROSS, source_url=https://www.motusvw.co.za/midrand/showroom/625-vwmdf883411/2/, image_urls count=1
[2026-07-24 20:49:50] [MotusApiImporter] Skipped detail-page fetch for stock #1446533 — time budget already exhausted.
[2026-07-24 20:49:50] [MotusApiImporter] After enrichFromDetailPage() — engine_capacity_cc=NULL, image_urls count=1
[2026-07-24 20:49:50] [MotusApiImporter] findExistingCar() -> EXISTING car id=1710
[2026-07-24 20:49:50] [MotusApiImporter] updateCar() completed for existing id=1710.
[2026-07-24 20:49:50] [MotusApiImporter] --- Processing row 119 (stock/sku: 1446610) ---
[2026-07-24 20:49:50] [MotusApiImporter] parseVehicle() OK — make=VOLKSWAGEN, model=TRANSPORTER, source_url=https://www.motusvw.co.za/midrand/showroom/625-vwmdf875570/1/, image_urls count=1
[2026-07-24 20:49:50] [MotusApiImporter] Skipped detail-page fetch for stock #1446610 — time budget already exhausted.
[2026-07-24 20:49:50] [MotusApiImporter] After enrichFromDetailPage() — engine_capacity_cc=NULL, image_urls count=1
[2026-07-24 20:49:50] [MotusApiImporter] findExistingCar() -> EXISTING car id=1711
[2026-07-24 20:49:50] [MotusApiImporter] updateCar() completed for existing id=1711.
[2026-07-24 20:49:50] [MotusApiImporter] sync() FINISHED — {"imported":0,"updated":120,"skipped":0,"failed":0}
[2026-07-24 20:50:10] [MotusApiImporter] sync() STARTED — dealerId=14, sourceRef=https://www.motusvw.co.za/midrand/showroom/
[2026-07-24 20:50:10] [MotusApiImporter] Time budget: 35s, dealerNameFilter="Motus VW Midrand"
[2026-07-24 20:50:11] [MotusApiImporter] crawlDealership() returned 120 row(s) before dealer-name filtering.
[2026-07-24 20:50:11] [MotusApiImporter] After filterByDealerName(): 120 row(s) remain.
[2026-07-24 20:50:11] [MotusApiImporter] 71 vehicle(s) already enriched for this dealer — their detail-page fetch will be skipped this run.
[2026-07-24 20:50:11] [MotusApiImporter] --- Processing row 0 (stock/sku: 1446776) ---
[2026-07-24 20:50:11] [MotusApiImporter] parseVehicle() OK — make=VOLKSWAGEN, model=POLO, source_url=https://www.motusvw.co.za/midrand/showroom/625-vwmdf852273/5/, image_urls count=1
[2026-07-24 20:50:11] [MotusApiImporter] Stock #1446776 already enriched from a previous run — skipping detail-page fetch to save budget for un-enriched vehicles.
[2026-07-24 20:50:11] [MotusApiImporter] findExistingCar() -> EXISTING car id=1592
[2026-07-24 20:50:11] [MotusApiImporter] updateCar() completed for existing id=1592 (enrichment columns left untouched).
[2026-07-24 20:50:11] [MotusApiImporter] --- Processing row 1 (stock/sku: 1446299) ---
[2026-07-24 20:50:11] [MotusApiImporter] parseVehicle() OK — make=VOLKSWAGEN, model=GOLF 8, source_url=https://www.motusvw.co.za/midrand/showroom/625-vwmdf888609/1/, image_urls count=1
[2026-07-24 20:50:11] [MotusApiImporter] Stock #1446299 already enriched from a previous run — skipping detail-page fetch to save budget for un-enriched vehicles.
[2026-07-24 20:50:11] [MotusApiImporter] findExistingCar() -> EXISTING car id=1593
[2026-07-24 20:50:11] [MotusApiImporter] updateCar() completed for existing id=1593 (enrichment columns left untouched).
[2026-07-24 20:50:11] [MotusApiImporter] --- Processing row 2 (stock/sku: 1446532) ---
[2026-07-24 20:50:11] [MotusApiImporter] parseVehicle() OK — make=VOLKSWAGEN, model=POLO, source_url=https://www.motusvw.co.za/midrand/showroom/625-vwmdf883395/1/, image_urls count=1
[2026-07-24 20:50:11] [MotusApiImporter] Stock #1446532 already enriched from a previous run — skipping detail-page fetch to save budget for un-enriched vehicles.
[2026-07-24 20:50:11] [MotusApiImporter] findExistingCar() -> EXISTING car id=1594
[2026-07-24 20:50:11] [MotusApiImporter] updateCar() completed for existing id=1594 (enrichment columns left untouched).
[2026-07-24 20:50:11] [MotusApiImporter] --- Processing row 3 (stock/sku: 1446295) ---
[2026-07-24 20:50:11] [MotusApiImporter] parseVehicle() OK — make=VOLKSWAGEN, model=POLO, source_url=https://www.motusvw.co.za/midrand/showroom/625-vwmdf888735/1/, image_urls count=1
[2026-07-24 20:50:11] [MotusApiImporter] Stock #1446295 already enriched from a previous run — skipping detail-page fetch to save budget for un-enriched vehicles.
[2026-07-24 20:50:11] [MotusApiImporter] findExistingCar() -> EXISTING car id=1595
[2026-07-24 20:50:11] [MotusApiImporter] updateCar() completed for existing id=1595 (enrichment columns left untouched).
[2026-07-24 20:50:11] [MotusApiImporter] --- Processing row 4 (stock/sku: 1446601) ---
[2026-07-24 20:50:11] [MotusApiImporter] parseVehicle() OK — make=VOLKSWAGEN, model=POLO, source_url=https://www.motusvw.co.za/midrand/showroom/625-bm030used887224/1/, image_urls count=1
[2026-07-24 20:50:11] [MotusApiImporter] Stock #1446601 already enriched from a previous run — skipping detail-page fetch to save budget for un-enriched vehicles.
[2026-07-24 20:50:11] [MotusApiImporter] findExistingCar() -> EXISTING car id=1596
[2026-07-24 20:50:11] [MotusApiImporter] updateCar() completed for existing id=1596 (enrichment columns left untouched).
[2026-07-24 20:50:11] [MotusApiImporter] --- Processing row 5 (stock/sku: 1446065) ---
[2026-07-24 20:50:11] [MotusApiImporter] parseVehicle() OK — make=VOLKSWAGEN, model=POLO, source_url=https://www.motusvw.co.za/midrand/showroom/625-vwmdf890975/1/, image_urls count=1
[2026-07-24 20:50:11] [MotusApiImporter] Stock #1446065 already enriched from a previous run — skipping detail-page fetch to save budget for un-enriched vehicles.
[2026-07-24 20:50:11] [MotusApiImporter] findExistingCar() -> EXISTING car id=1597
[2026-07-24 20:50:11] [MotusApiImporter] updateCar() completed for existing id=1597 (enrichment columns left untouched).
[2026-07-24 20:50:11] [MotusApiImporter] --- Processing row 6 (stock/sku: 1446370) ---
[2026-07-24 20:50:11] [MotusApiImporter] parseVehicle() OK — make=VOLKSWAGEN, model=POLO, source_url=https://www.motusvw.co.za/midrand/showroom/625-vwmdf887435/1/, image_urls count=1
[2026-07-24 20:50:11] [MotusApiImporter] Stock #1446370 already enriched from a previous run — skipping detail-page fetch to save budget for un-enriched vehicles.
[2026-07-24 20:50:11] [MotusApiImporter] findExistingCar() -> EXISTING car id=1598
[2026-07-24 20:50:11] [MotusApiImporter] updateCar() completed for existing id=1598 (enrichment columns left untouched).
[2026-07-24 20:50:11] [MotusApiImporter] --- Processing row 7 (stock/sku: 1446517) ---
[2026-07-24 20:50:11] [MotusApiImporter] parseVehicle() OK — make=VOLKSWAGEN, model=POLO VIVO, source_url=https://www.motusvw.co.za/midrand/showroom/625-vwmdf884987/1/, image_urls count=1
[2026-07-24 20:50:11] [MotusApiImporter] Stock #1446517 already enriched from a previous run — skipping detail-page fetch to save budget for un-enriched vehicles.
[2026-07-24 20:50:11] [MotusApiImporter] findExistingCar() -> EXISTING car id=1599
[2026-07-24 20:50:11] [MotusApiImporter] updateCar() completed for existing id=1599 (enrichment columns left untouched).
[2026-07-24 20:50:11] [MotusApiImporter] --- Processing row 8 (stock/sku: 1446115) ---
[2026-07-24 20:50:11] [MotusApiImporter] parseVehicle() OK — make=VOLKSWAGEN, model=POLO VIVO, source_url=https://www.motusvw.co.za/midrand/showroom/625-vwmdf891042/2/, image_urls count=1
[2026-07-24 20:50:11] [MotusApiImporter] Stock #1446115 already enriched from a previous run — skipping detail-page fetch to save budget for un-enriched vehicles.
[2026-07-24 20:50:11] [MotusApiImporter] findExistingCar() -> EXISTING car id=1600
[2026-07-24 20:50:11] [MotusApiImporter] updateCar() completed for existing id=1600 (enrichment columns left untouched).
[2026-07-24 20:50:11] [MotusApiImporter] --- Processing row 9 (stock/sku: 1446589) ---
[2026-07-24 20:50:11] [MotusApiImporter] parseVehicle() OK — make=VOLKSWAGEN, model=POLO VIVO, source_url=https://www.motusvw.co.za/midrand/showroom/625-vwmdf875588/1/, image_urls count=1
[2026-07-24 20:50:11] [MotusApiImporter] Stock #1446589 already enriched from a previous run — skipping detail-page fetch to save budget for un-enriched vehicles.
[2026-07-24 20:50:11] [MotusApiImporter] findExistingCar() -> EXISTING car id=1601
[2026-07-24 20:50:11] [MotusApiImporter] updateCar() completed for existing id=1601 (enrichment columns left untouched).
[2026-07-24 20:50:11] [MotusApiImporter] --- Processing row 10 (stock/sku: 1446083) ---
[2026-07-24 20:50:11] [MotusApiImporter] parseVehicle() OK — make=VOLKSWAGEN, model=T-CROSS, source_url=https://www.motusvw.co.za/midrand/showroom/625-vwmdf891215/1/, image_urls count=1
[2026-07-24 20:50:11] [MotusApiImporter] Stock #1446083 already enriched from a previous run — skipping detail-page fetch to save budget for un-enriched vehicles.
[2026-07-24 20:50:11] [MotusApiImporter] findExistingCar() -> EXISTING car id=1602
[2026-07-24 20:50:11] [MotusApiImporter] updateCar() completed for existing id=1602 (enrichment columns left untouched).
[2026-07-24 20:50:11] [MotusApiImporter] --- Processing row 11 (stock/sku: 1446395) ---
[2026-07-24 20:50:11] [MotusApiImporter] parseVehicle() OK — make=VOLKSWAGEN, model=T-CROSS, source_url=https://www.motusvw.co.za/midrand/showroom/625-vwmdf886830/1/, image_urls count=1
[2026-07-24 20:50:11] [MotusApiImporter] Stock #1446395 already enriched from a previous run — skipping detail-page fetch to save budget for un-enriched vehicles.
[2026-07-24 20:50:11] [MotusApiImporter] findExistingCar() -> EXISTING car id=1603
[2026-07-24 20:50:11] [MotusApiImporter] updateCar() completed for existing id=1603 (enrichment columns left untouched).
[2026-07-24 20:50:11] [MotusApiImporter] --- Processing row 12 (stock/sku: 1446535) ---
[2026-07-24 20:50:11] [MotusApiImporter] parseVehicle() OK — make=VOLKSWAGEN, model=T-ROC, source_url=https://www.motusvw.co.za/midrand/showroom/625-vwmdf883338/1/, image_urls count=1
[2026-07-24 20:50:11] [MotusApiImporter] Stock #1446535 already enriched from a previous run — skipping detail-page fetch to save budget for un-enriched vehicles.
[2026-07-24 20:50:11] [MotusApiImporter] findExistingCar() -> EXISTING car id=1604
[2026-07-24 20:50:11] [MotusApiImporter] updateCar() completed for existing id=1604 (enrichment columns left untouched).
[2026-07-24 20:50:11] [MotusApiImporter] --- Processing row 13 (stock/sku: 1446315) ---
[2026-07-24 20:50:11] [MotusApiImporter] parseVehicle() OK — make=VOLKSWAGEN, model=T-ROC, source_url=https://www.motusvw.co.za/midrand/showroom/625-vwmdf888464/1/, image_urls count=1
[2026-07-24 20:50:11] [MotusApiImporter] Stock #1446315 already enriched from a previous run — skipping detail-page fetch to save budget for un-enriched vehicles.
[2026-07-24 20:50:11] [MotusApiImporter] findExistingCar() -> EXISTING car id=1605
[2026-07-24 20:50:11] [MotusApiImporter] updateCar() completed for existing id=1605 (enrichment columns left untouched).
[2026-07-24 20:50:11] [MotusApiImporter] --- Processing row 14 (stock/sku: 1446599) ---
[2026-07-24 20:50:11] [MotusApiImporter] parseVehicle() OK — make=VOLKSWAGEN, model=TIGUAN, source_url=https://www.motusvw.co.za/midrand/showroom/625-vwmdf875100/1/, image_urls count=1
[2026-07-24 20:50:11] [MotusApiImporter] Stock #1446599 already enriched from a previous run — skipping detail-page fetch to save budget for un-enriched vehicles.
[2026-07-24 20:50:11] [MotusApiImporter] findExistingCar() -> EXISTING car id=1606
[2026-07-24 20:50:11] [MotusApiImporter] updateCar() completed for existing id=1606 (enrichment columns left untouched).
[2026-07-24 20:50:11] [MotusApiImporter] --- Processing row 15 (stock/sku: 1446192) ---
[2026-07-24 20:50:11] [MotusApiImporter] parseVehicle() OK — make=VOLKSWAGEN, model=TIGUAN, source_url=https://www.motusvw.co.za/midrand/showroom/625-vwmdf890088/2/, image_urls count=1
[2026-07-24 20:50:11] [MotusApiImporter] Stock #1446192 already enriched from a previous run — skipping detail-page fetch to save budget for un-enriched vehicles.
[2026-07-24 20:50:11] [MotusApiImporter] findExistingCar() -> EXISTING car id=1607
[2026-07-24 20:50:11] [MotusApiImporter] updateCar() completed for existing id=1607 (enrichment columns left untouched).
[2026-07-24 20:50:11] [MotusApiImporter] --- Processing row 16 (stock/sku: 1446143) ---
[2026-07-24 20:50:11] [MotusApiImporter] parseVehicle() OK — make=VOLKSWAGEN, model=TIGUAN, source_url=https://www.motusvw.co.za/midrand/showroom/625-vwmdf890778/1/, image_urls count=1
[2026-07-24 20:50:11] [MotusApiImporter] Stock #1446143 already enriched from a previous run — skipping detail-page fetch to save budget for un-enriched vehicles.
[2026-07-24 20:50:11] [MotusApiImporter] findExistingCar() -> EXISTING car id=1608
[2026-07-24 20:50:11] [MotusApiImporter] updateCar() completed for existing id=1608 (enrichment columns left untouched).
[2026-07-24 20:50:11] [MotusApiImporter] --- Processing row 17 (stock/sku: 1446000) ---
[2026-07-24 20:50:11] [MotusApiImporter] parseVehicle() OK — make=VOLKSWAGEN, model=GOLF, source_url=https://www.motusvw.co.za/midrand/showroom/625-vwmdf892223/0/, image_urls count=1
[2026-07-24 20:50:11] [MotusApiImporter] Stock #1446000 already enriched from a previous run — skipping detail-page fetch to save budget for un-enriched vehicles.
[2026-07-24 20:50:11] [MotusApiImporter] findExistingCar() -> EXISTING car id=1609
[2026-07-24 20:50:11] [MotusApiImporter] updateCar() completed for existing id=1609 (enrichment columns left untouched).
[2026-07-24 20:50:11] [MotusApiImporter] --- Processing row 18 (stock/sku: 1445980) ---
[2026-07-24 20:50:11] [MotusApiImporter] parseVehicle() OK — make=VOLKSWAGEN, model=GOLF 8, source_url=https://www.motusvw.co.za/midrand/showroom/625-vwmdf892557/0/, image_urls count=1
[2026-07-24 20:50:11] [MotusApiImporter] Stock #1445980 already enriched from a previous run — skipping detail-page fetch to save budget for un-enriched vehicles.
[2026-07-24 20:50:11] [MotusApiImporter] findExistingCar() -> EXISTING car id=1610
[2026-07-24 20:50:11] [MotusApiImporter] updateCar() completed for existing id=1610 (enrichment columns left untouched).
[2026-07-24 20:50:11] [MotusApiImporter] --- Processing row 19 (stock/sku: 1446122) ---
[2026-07-24 20:50:11] [MotusApiImporter] parseVehicle() OK — make=VOLKSWAGEN, model=GOLF 8, source_url=https://www.motusvw.co.za/midrand/showroom/625-vwmdf890926/0/, image_urls count=1
[2026-07-24 20:50:11] [MotusApiImporter] Stock #1446122 already enriched from a previous run — skipping detail-page fetch to save budget for un-enriched vehicles.
[2026-07-24 20:50:11] [MotusApiImporter] findExistingCar() -> EXISTING car id=1611
[2026-07-24 20:50:11] [MotusApiImporter] updateCar() completed for existing id=1611 (enrichment columns left untouched).
[2026-07-24 20:50:11] [MotusApiImporter] --- Processing row 20 (stock/sku: 1446022) ---
[2026-07-24 20:50:11] [MotusApiImporter] parseVehicle() OK — make=VOLKSWAGEN, model=GOLF 8, source_url=https://www.motusvw.co.za/midrand/showroom/625-vwmdf892077/0/, image_urls count=1
[2026-07-24 20:50:11] [MotusApiImporter] Stock #1446022 already enriched from a previous run — skipping detail-page fetch to save budget for un-enriched vehicles.
[2026-07-24 20:50:11] [MotusApiImporter] findExistingCar() -> EXISTING car id=1612
[2026-07-24 20:50:11] [MotusApiImporter] updateCar() completed for existing id=1612 (enrichment columns left untouched).
[2026-07-24 20:50:11] [MotusApiImporter] --- Processing row 21 (stock/sku: 1446049) ---
[2026-07-24 20:50:11] [MotusApiImporter] parseVehicle() OK — make=VOLKSWAGEN, model=GOLF 8, source_url=https://www.motusvw.co.za/midrand/showroom/625-vwmdf892214/0/, image_urls count=1
[2026-07-24 20:50:11] [MotusApiImporter] Stock #1446049 already enriched from a previous run — skipping detail-page fetch to save budget for un-enriched vehicles.
[2026-07-24 20:50:11] [MotusApiImporter] findExistingCar() -> EXISTING car id=1613
[2026-07-24 20:50:11] [MotusApiImporter] updateCar() completed for existing id=1613 (enrichment columns left untouched).
[2026-07-24 20:50:11] [MotusApiImporter] --- Processing row 22 (stock/sku: 1446001) ---
[2026-07-24 20:50:11] [MotusApiImporter] parseVehicle() OK — make=VOLKSWAGEN, model=GOLF 8, source_url=https://www.motusvw.co.za/midrand/showroom/625-vwmdf892266/0/, image_urls count=1
[2026-07-24 20:50:11] [MotusApiImporter] Stock #1446001 already enriched from a previous run — skipping detail-page fetch to save budget for un-enriched vehicles.
[2026-07-24 20:50:11] [MotusApiImporter] findExistingCar() -> EXISTING car id=1614
[2026-07-24 20:50:11] [MotusApiImporter] updateCar() completed for existing id=1614 (enrichment columns left untouched).
[2026-07-24 20:50:11] [MotusApiImporter] --- Processing row 23 (stock/sku: 1446356) ---
[2026-07-24 20:50:11] [MotusApiImporter] parseVehicle() OK — make=VOLKSWAGEN, model=POLO, source_url=https://www.motusvw.co.za/midrand/showroom/625-vwmdf887866/0/, image_urls count=1
[2026-07-24 20:50:11] [MotusApiImporter] Stock #1446356 already enriched from a previous run — skipping detail-page fetch to save budget for un-enriched vehicles.
[2026-07-24 20:50:11] [MotusApiImporter] findExistingCar() -> EXISTING car id=1615
[2026-07-24 20:50:11] [MotusApiImporter] updateCar() completed for existing id=1615 (enrichment columns left untouched).
[2026-07-24 20:50:11] [MotusApiImporter] --- Processing row 24 (stock/sku: 1446129) ---
[2026-07-24 20:50:11] [MotusApiImporter] parseVehicle() OK — make=VOLKSWAGEN, model=POLO, source_url=https://www.motusvw.co.za/midrand/showroom/625-vwmdf890824/0/, image_urls count=1
[2026-07-24 20:50:11] [MotusApiImporter] Stock #1446129 already enriched from a previous run — skipping detail-page fetch to save budget for un-enriched vehicles.
[2026-07-24 20:50:11] [MotusApiImporter] findExistingCar() -> EXISTING car id=1616
[2026-07-24 20:50:11] [MotusApiImporter] updateCar() completed for existing id=1616 (enrichment columns left untouched).
[2026-07-24 20:50:11] [MotusApiImporter] --- Processing row 25 (stock/sku: 1445964) ---
[2026-07-24 20:50:11] [MotusApiImporter] parseVehicle() OK — make=VOLKSWAGEN, model=POLO, source_url=https://www.motusvw.co.za/midrand/showroom/625-vwmdf892733/0/, image_urls count=1
[2026-07-24 20:50:11] [MotusApiImporter] Stock #1445964 already enriched from a previous run — skipping detail-page fetch to save budget for un-enriched vehicles.
[2026-07-24 20:50:11] [MotusApiImporter] findExistingCar() -> EXISTING car id=1617
[2026-07-24 20:50:11] [MotusApiImporter] updateCar() completed for existing id=1617 (enrichment columns left untouched).
[2026-07-24 20:50:11] [MotusApiImporter] --- Processing row 26 (stock/sku: 1446127) ---
[2026-07-24 20:50:11] [MotusApiImporter] parseVehicle() OK — make=VOLKSWAGEN, model=POLO, source_url=https://www.motusvw.co.za/midrand/showroom/625-vwmdf890793/0/, image_urls count=1
[2026-07-24 20:50:11] [MotusApiImporter] Stock #1446127 already enriched from a previous run — skipping detail-page fetch to save budget for un-enriched vehicles.
[2026-07-24 20:50:11] [MotusApiImporter] findExistingCar() -> EXISTING car id=1618
[2026-07-24 20:50:11] [MotusApiImporter] updateCar() completed for existing id=1618 (enrichment columns left untouched).
[2026-07-24 20:50:11] [MotusApiImporter] --- Processing row 27 (stock/sku: 1446009) ---
[2026-07-24 20:50:11] [MotusApiImporter] parseVehicle() OK — make=VOLKSWAGEN, model=POLO, source_url=https://www.motusvw.co.za/midrand/showroom/625-vwmdf892148/0/, image_urls count=1
[2026-07-24 20:50:11] [MotusApiImporter] Stock #1446009 already enriched from a previous run — skipping detail-page fetch to save budget for un-enriched vehicles.
[2026-07-24 20:50:11] [MotusApiImporter] findExistingCar() -> EXISTING car id=1619
[2026-07-24 20:50:11] [MotusApiImporter] updateCar() completed for existing id=1619 (enrichment columns left untouched).
[2026-07-24 20:50:11] [MotusApiImporter] --- Processing row 28 (stock/sku: 1445944) ---
[2026-07-24 20:50:11] [MotusApiImporter] parseVehicle() OK — make=VOLKSWAGEN, model=POLO, source_url=https://www.motusvw.co.za/midrand/showroom/625-vwmdf893079/0/, image_urls count=1
[2026-07-24 20:50:11] [MotusApiImporter] Stock #1445944 already enriched from a previous run — skipping detail-page fetch to save budget for un-enriched vehicles.
[2026-07-24 20:50:11] [MotusApiImporter] findExistingCar() -> EXISTING car id=1620
[2026-07-24 20:50:11] [MotusApiImporter] updateCar() completed for existing id=1620 (enrichment columns left untouched).
[2026-07-24 20:50:11] [MotusApiImporter] --- Processing row 29 (stock/sku: 1445929) ---
[2026-07-24 20:50:11] [MotusApiImporter] parseVehicle() OK — make=VOLKSWAGEN, model=POLO, source_url=https://www.motusvw.co.za/midrand/showroom/625-vwmdf893255/0/, image_urls count=1
[2026-07-24 20:50:11] [MotusApiImporter] Stock #1445929 already enriched from a previous run — skipping detail-page fetch to save budget for un-enriched vehicles.
[2026-07-24 20:50:11] [MotusApiImporter] findExistingCar() -> EXISTING car id=1621
[2026-07-24 20:50:11] [MotusApiImporter] updateCar() completed for existing id=1621 (enrichment columns left untouched).
[2026-07-24 20:50:11] [MotusApiImporter] --- Processing row 30 (stock/sku: 1445930) ---
[2026-07-24 20:50:11] [MotusApiImporter] parseVehicle() OK — make=VOLKSWAGEN, model=POLO, source_url=https://www.motusvw.co.za/midrand/showroom/625-vwmdf893267/0/, image_urls count=1
[2026-07-24 20:50:11] [MotusApiImporter] Stock #1445930 already enriched from a previous run — skipping detail-page fetch to save budget for un-enriched vehicles.
[2026-07-24 20:50:11] [MotusApiImporter] findExistingCar() -> EXISTING car id=1622
[2026-07-24 20:50:11] [MotusApiImporter] updateCar() completed for existing id=1622 (enrichment columns left untouched).
[2026-07-24 20:50:11] [MotusApiImporter] --- Processing row 31 (stock/sku: 1446008) ---
[2026-07-24 20:50:11] [MotusApiImporter] parseVehicle() OK — make=VOLKSWAGEN, model=POLO, source_url=https://www.motusvw.co.za/midrand/showroom/625-vwmdf892145/0/, image_urls count=1
[2026-07-24 20:50:11] [MotusApiImporter] Stock #1446008 already enriched from a previous run — skipping detail-page fetch to save budget for un-enriched vehicles.
[2026-07-24 20:50:11] [MotusApiImporter] findExistingCar() -> EXISTING car id=1623
[2026-07-24 20:50:11] [MotusApiImporter] updateCar() completed for existing id=1623 (enrichment columns left untouched).
[2026-07-24 20:50:11] [MotusApiImporter] --- Processing row 32 (stock/sku: 1445928) ---
[2026-07-24 20:50:11] [MotusApiImporter] parseVehicle() OK — make=VOLKSWAGEN, model=POLO, source_url=https://www.motusvw.co.za/midrand/showroom/625-vwmdf893252/0/, image_urls count=1
[2026-07-24 20:50:11] [MotusApiImporter] Stock #1445928 already enriched from a previous run — skipping detail-page fetch to save budget for un-enriched vehicles.
[2026-07-24 20:50:11] [MotusApiImporter] findExistingCar() -> EXISTING car id=1624
[2026-07-24 20:50:11] [MotusApiImporter] updateCar() completed for existing id=1624 (enrichment columns left untouched).
[2026-07-24 20:50:11] [MotusApiImporter] --- Processing row 33 (stock/sku: 1445915) ---
[2026-07-24 20:50:11] [MotusApiImporter] parseVehicle() OK — make=VOLKSWAGEN, model=POLO, source_url=https://www.motusvw.co.za/midrand/showroom/625-vwmdf893516/0/, image_urls count=1
[2026-07-24 20:50:11] [MotusApiImporter] Stock #1445915 already enriched from a previous run — skipping detail-page fetch to save budget for un-enriched vehicles.
[2026-07-24 20:50:11] [MotusApiImporter] findExistingCar() -> EXISTING car id=1625
[2026-07-24 20:50:11] [MotusApiImporter] updateCar() completed for existing id=1625 (enrichment columns left untouched).
[2026-07-24 20:50:11] [MotusApiImporter] --- Processing row 34 (stock/sku: 1445966) ---
[2026-07-24 20:50:11] [MotusApiImporter] parseVehicle() OK — make=VOLKSWAGEN, model=POLO, source_url=https://www.motusvw.co.za/midrand/showroom/625-vwmdf892527/0/, image_urls count=1
[2026-07-24 20:50:11] [MotusApiImporter] Stock #1445966 already enriched from a previous run — skipping detail-page fetch to save budget for un-enriched vehicles.
[2026-07-24 20:50:11] [MotusApiImporter] findExistingCar() -> EXISTING car id=1626
[2026-07-24 20:50:11] [MotusApiImporter] updateCar() completed for existing id=1626 (enrichment columns left untouched).
[2026-07-24 20:50:11] [MotusApiImporter] --- Processing row 35 (stock/sku: 1445835) ---
[2026-07-24 20:50:11] [MotusApiImporter] parseVehicle() OK — make=VOLKSWAGEN, model=POLO, source_url=https://www.motusvw.co.za/midrand/showroom/625-vwmdf894547/0/, image_urls count=1
[2026-07-24 20:50:11] [MotusApiImporter] Stock #1445835 already enriched from a previous run — skipping detail-page fetch to save budget for un-enriched vehicles.
[2026-07-24 20:50:11] [MotusApiImporter] findExistingCar() -> EXISTING car id=1627
[2026-07-24 20:50:11] [MotusApiImporter] updateCar() completed for existing id=1627 (enrichment columns left untouched).
[2026-07-24 20:50:11] [MotusApiImporter] --- Processing row 36 (stock/sku: 1445857) ---
[2026-07-24 20:50:11] [MotusApiImporter] parseVehicle() OK — make=VOLKSWAGEN, model=POLO VIVO, source_url=https://www.motusvw.co.za/midrand/showroom/625-vwmdf894310/0/, image_urls count=1
[2026-07-24 20:50:11] [MotusApiImporter] Stock #1445857 already enriched from a previous run — skipping detail-page fetch to save budget for un-enriched vehicles.
[2026-07-24 20:50:11] [MotusApiImporter] findExistingCar() -> EXISTING car id=1628
[2026-07-24 20:50:11] [MotusApiImporter] updateCar() completed for existing id=1628 (enrichment columns left untouched).
[2026-07-24 20:50:11] [MotusApiImporter] --- Processing row 37 (stock/sku: 1445858) ---
[2026-07-24 20:50:11] [MotusApiImporter] parseVehicle() OK — make=VOLKSWAGEN, model=POLO VIVO, source_url=https://www.motusvw.co.za/midrand/showroom/625-vwmdf894316/0/, image_urls count=1
[2026-07-24 20:50:11] [MotusApiImporter] Stock #1445858 already enriched from a previous run — skipping detail-page fetch to save budget for un-enriched vehicles.
[2026-07-24 20:50:11] [MotusApiImporter] findExistingCar() -> EXISTING car id=1629
[2026-07-24 20:50:11] [MotusApiImporter] updateCar() completed for existing id=1629 (enrichment columns left untouched).
[2026-07-24 20:50:11] [MotusApiImporter] --- Processing row 38 (stock/sku: 1446130) ---
[2026-07-24 20:50:11] [MotusApiImporter] parseVehicle() OK — make=VOLKSWAGEN, model=POLO VIVO, source_url=https://www.motusvw.co.za/midrand/showroom/625-vwmdf890905/0/, image_urls count=1
[2026-07-24 20:50:11] [MotusApiImporter] Stock #1446130 already enriched from a previous run — skipping detail-page fetch to save budget for un-enriched vehicles.
[2026-07-24 20:50:11] [MotusApiImporter] findExistingCar() -> EXISTING car id=1630
[2026-07-24 20:50:11] [MotusApiImporter] updateCar() completed for existing id=1630 (enrichment columns left untouched).
[2026-07-24 20:50:11] [MotusApiImporter] --- Processing row 39 (stock/sku: 1445963) ---
[2026-07-24 20:50:11] [MotusApiImporter] parseVehicle() OK — make=VOLKSWAGEN, model=T-CROSS, source_url=https://www.motusvw.co.za/midrand/showroom/625-vwmdf892729/0/, image_urls count=1
[2026-07-24 20:50:11] [MotusApiImporter] Stock #1445963 already enriched from a previous run — skipping detail-page fetch to save budget for un-enriched vehicles.
[2026-07-24 20:50:11] [MotusApiImporter] findExistingCar() -> EXISTING car id=1631
[2026-07-24 20:50:11] [MotusApiImporter] updateCar() completed for existing id=1631 (enrichment columns left untouched).
[2026-07-24 20:50:11] [MotusApiImporter] --- Processing row 40 (stock/sku: 1445833) ---
[2026-07-24 20:50:11] [MotusApiImporter] parseVehicle() OK — make=VOLKSWAGEN, model=T-CROSS, source_url=https://www.motusvw.co.za/midrand/showroom/625-vwmdf895060/0/, image_urls count=1
[2026-07-24 20:50:11] [MotusApiImporter] Stock #1445833 already enriched from a previous run — skipping detail-page fetch to save budget for un-enriched vehicles.
[2026-07-24 20:50:11] [MotusApiImporter] findExistingCar() -> EXISTING car id=1632
[2026-07-24 20:50:11] [MotusApiImporter] updateCar() completed for existing id=1632 (enrichment columns left untouched).
[2026-07-24 20:50:11] [MotusApiImporter] --- Processing row 41 (stock/sku: 1445916) ---
[2026-07-24 20:50:11] [MotusApiImporter] parseVehicle() OK — make=VOLKSWAGEN, model=T-CROSS, source_url=https://www.motusvw.co.za/midrand/showroom/625-vwmdf893597/0/, image_urls count=1
[2026-07-24 20:50:11] [MotusApiImporter] Stock #1445916 already enriched from a previous run — skipping detail-page fetch to save budget for un-enriched vehicles.
[2026-07-24 20:50:11] [MotusApiImporter] findExistingCar() -> EXISTING car id=1633
[2026-07-24 20:50:11] [MotusApiImporter] updateCar() completed for existing id=1633 (enrichment columns left untouched).
[2026-07-24 20:50:11] [MotusApiImporter] --- Processing row 42 (stock/sku: 1445895) ---
[2026-07-24 20:50:11] [MotusApiImporter] parseVehicle() OK — make=VOLKSWAGEN, model=T-CROSS, source_url=https://www.motusvw.co.za/midrand/showroom/625-vwmdf894000/0/, image_urls count=1
[2026-07-24 20:50:11] [MotusApiImporter] Stock #1445895 already enriched from a previous run — skipping detail-page fetch to save budget for un-enriched vehicles.
[2026-07-24 20:50:11] [MotusApiImporter] findExistingCar() -> EXISTING car id=1634
[2026-07-24 20:50:11] [MotusApiImporter] updateCar() completed for existing id=1634 (enrichment columns left untouched).
[2026-07-24 20:50:11] [MotusApiImporter] --- Processing row 43 (stock/sku: 1445907) ---
[2026-07-24 20:50:11] [MotusApiImporter] parseVehicle() OK — make=VOLKSWAGEN, model=TIGUAN, source_url=https://www.motusvw.co.za/midrand/showroom/625-vwmdf893709/0/, image_urls count=1
[2026-07-24 20:50:11] [MotusApiImporter] Stock #1445907 already enriched from a previous run — skipping detail-page fetch to save budget for un-enriched vehicles.
[2026-07-24 20:50:11] [MotusApiImporter] findExistingCar() -> EXISTING car id=1635
[2026-07-24 20:50:11] [MotusApiImporter] updateCar() completed for existing id=1635 (enrichment columns left untouched).
[2026-07-24 20:50:11] [MotusApiImporter] --- Processing row 44 (stock/sku: 1446283) ---
[2026-07-24 20:50:11] [MotusApiImporter] parseVehicle() OK — make=VOLKSWAGEN, model=TIGUAN, source_url=https://www.motusvw.co.za/midrand/showroom/625-vwmdf888104/0/, image_urls count=1
[2026-07-24 20:50:11] [MotusApiImporter] Stock #1446283 already enriched from a previous run — skipping detail-page fetch to save budget for un-enriched vehicles.
[2026-07-24 20:50:11] [MotusApiImporter] findExistingCar() -> EXISTING car id=1636
[2026-07-24 20:50:11] [MotusApiImporter] updateCar() completed for existing id=1636 (enrichment columns left untouched).
[2026-07-24 20:50:11] [MotusApiImporter] --- Processing row 45 (stock/sku: 1446223) ---
[2026-07-24 20:50:11] [MotusApiImporter] parseVehicle() OK — make=JEEP, model=RENEGADE, source_url=https://www.motusvw.co.za/midrand/showroom/625-vwmdf889687/1/, image_urls count=1
[2026-07-24 20:50:11] [MotusApiImporter] Stock #1446223 already enriched from a previous run — skipping detail-page fetch to save budget for un-enriched vehicles.
[2026-07-24 20:50:11] [MotusApiImporter] findExistingCar() -> EXISTING car id=1637
[2026-07-24 20:50:11] [MotusApiImporter] updateCar() completed for existing id=1637 (enrichment columns left untouched).
[2026-07-24 20:50:11] [MotusApiImporter] --- Processing row 46 (stock/sku: 1445923) ---
[2026-07-24 20:50:11] [MotusApiImporter] parseVehicle() OK — make=BMW, model=2 SERIES, source_url=https://www.motusvw.co.za/midrand/showroom/625-vwmdf893379/1/, image_urls count=1
[2026-07-24 20:50:11] [MotusApiImporter] Stock #1445923 already enriched from a previous run — skipping detail-page fetch to save budget for un-enriched vehicles.
[2026-07-24 20:50:11] [MotusApiImporter] findExistingCar() -> EXISTING car id=1638
[2026-07-24 20:50:11] [MotusApiImporter] updateCar() completed for existing id=1638 (enrichment columns left untouched).
[2026-07-24 20:50:11] [MotusApiImporter] --- Processing row 47 (stock/sku: 1445943) ---
[2026-07-24 20:50:11] [MotusApiImporter] parseVehicle() OK — make=FORD, model=ECOSPORT, source_url=https://www.motusvw.co.za/midrand/showroom/625-vwmdf893075/1/, image_urls count=1
[2026-07-24 20:50:11] [MotusApiImporter] Stock #1445943 already enriched from a previous run — skipping detail-page fetch to save budget for un-enriched vehicles.
[2026-07-24 20:50:11] [MotusApiImporter] findExistingCar() -> EXISTING car id=1639
[2026-07-24 20:50:11] [MotusApiImporter] updateCar() completed for existing id=1639 (enrichment columns left untouched).
[2026-07-24 20:50:11] [MotusApiImporter] --- Processing row 48 (stock/sku: 1446850) ---
[2026-07-24 20:50:11] [MotusApiImporter] parseVehicle() OK — make=VOLKSWAGEN, model=POLO, source_url=https://www.motusvw.co.za/midrand/showroom/625-vwmdf258260/1/, image_urls count=1
[2026-07-24 20:50:11] [MotusApiImporter] Stock #1446850 already enriched from a previous run — skipping detail-page fetch to save budget for un-enriched vehicles.
[2026-07-24 20:50:11] [MotusApiImporter] findExistingCar() -> EXISTING car id=1640
[2026-07-24 20:50:11] [MotusApiImporter] updateCar() completed for existing id=1640 (enrichment columns left untouched).
[2026-07-24 20:50:11] [MotusApiImporter] --- Processing row 49 (stock/sku: 1446505) ---
[2026-07-24 20:50:11] [MotusApiImporter] parseVehicle() OK — make=VOLKSWAGEN, model=POLO VIVO, source_url=https://www.motusvw.co.za/midrand/showroom/625-vwmdf608385/2/, image_urls count=1
[2026-07-24 20:50:11] [MotusApiImporter] Stock #1446505 already enriched from a previous run — skipping detail-page fetch to save budget for un-enriched vehicles.
[2026-07-24 20:50:11] [MotusApiImporter] findExistingCar() -> EXISTING car id=1641
[2026-07-24 20:50:11] [MotusApiImporter] updateCar() completed for existing id=1641 (enrichment columns left untouched).
[2026-07-24 20:50:11] [MotusApiImporter] --- Processing row 50 (stock/sku: 1446800) ---
[2026-07-24 20:50:11] [MotusApiImporter] parseVehicle() OK — make=VOLKSWAGEN, model=TIGUAN, source_url=https://www.motusvw.co.za/midrand/showroom/625-vwmdf829969/1/, image_urls count=1
[2026-07-24 20:50:11] [MotusApiImporter] Stock #1446800 already enriched from a previous run — skipping detail-page fetch to save budget for un-enriched vehicles.
[2026-07-24 20:50:11] [MotusApiImporter] findExistingCar() -> EXISTING car id=1642
[2026-07-24 20:50:11] [MotusApiImporter] updateCar() completed for existing id=1642 (enrichment columns left untouched).
[2026-07-24 20:50:11] [MotusApiImporter] --- Processing row 51 (stock/sku: 1446792) ---
[2026-07-24 20:50:11] [MotusApiImporter] parseVehicle() OK — make=VOLKSWAGEN, model=TIGUAN ALLSPACE, source_url=https://www.motusvw.co.za/midrand/showroom/625-vwmdf838290/1/, image_urls count=1
[2026-07-24 20:50:11] [MotusApiImporter] Stock #1446792 already enriched from a previous run — skipping detail-page fetch to save budget for un-enriched vehicles.
[2026-07-24 20:50:11] [MotusApiImporter] findExistingCar() -> EXISTING car id=1643
[2026-07-24 20:50:11] [MotusApiImporter] updateCar() completed for existing id=1643 (enrichment columns left untouched).
[2026-07-24 20:50:11] [MotusApiImporter] --- Processing row 52 (stock/sku: 1449899) ---
[2026-07-24 20:50:11] [MotusApiImporter] parseVehicle() OK — make=VOLKSWAGEN, model=POLO VIVO, source_url=https://www.motusvw.co.za/midrand/showroom/625-vwmdf896660/1/, image_urls count=1
[2026-07-24 20:50:11] [MotusApiImporter] Stock #1449899 already enriched from a previous run — skipping detail-page fetch to save budget for un-enriched vehicles.
[2026-07-24 20:50:11] [MotusApiImporter] findExistingCar() -> EXISTING car id=1644
[2026-07-24 20:50:11] [MotusApiImporter] updateCar() completed for existing id=1644 (enrichment columns left untouched).
[2026-07-24 20:50:11] [MotusApiImporter] --- Processing row 53 (stock/sku: 1446153) ---
[2026-07-24 20:50:11] [MotusApiImporter] parseVehicle() OK — make=VOLKSWAGEN, model=TIGUAN, source_url=https://www.motusvw.co.za/midrand/showroom/625-vwmdf762579/1/, image_urls count=1
[2026-07-24 20:50:11] [MotusApiImporter] Stock #1446153 already enriched from a previous run — skipping detail-page fetch to save budget for un-enriched vehicles.
[2026-07-24 20:50:11] [MotusApiImporter] findExistingCar() -> EXISTING car id=1645
[2026-07-24 20:50:11] [MotusApiImporter] updateCar() completed for existing id=1645 (enrichment columns left untouched).
[2026-07-24 20:50:11] [MotusApiImporter] --- Processing row 54 (stock/sku: 1446811) ---
[2026-07-24 20:50:11] [MotusApiImporter] parseVehicle() OK — make=FORD, model=ECOSPORT, source_url=https://www.motusvw.co.za/midrand/showroom/625-vwmdf889981/1/, image_urls count=1
[2026-07-24 20:50:11] [MotusApiImporter] Stock #1446811 already enriched from a previous run — skipping detail-page fetch to save budget for un-enriched vehicles.
[2026-07-24 20:50:11] [MotusApiImporter] findExistingCar() -> EXISTING car id=1646
[2026-07-24 20:50:11] [MotusApiImporter] updateCar() completed for existing id=1646 (enrichment columns left untouched).
[2026-07-24 20:50:11] [MotusApiImporter] --- Processing row 55 (stock/sku: 1445937) ---
[2026-07-24 20:50:11] [MotusApiImporter] parseVehicle() OK — make=FORD, model=FIGO, source_url=https://www.motusvw.co.za/midrand/showroom/625-vwmdf893195/1/, image_urls count=1
[2026-07-24 20:50:11] [MotusApiImporter] Stock #1445937 already enriched from a previous run — skipping detail-page fetch to save budget for un-enriched vehicles.
[2026-07-24 20:50:11] [MotusApiImporter] findExistingCar() -> EXISTING car id=1647
[2026-07-24 20:50:11] [MotusApiImporter] updateCar() completed for existing id=1647 (enrichment columns left untouched).
[2026-07-24 20:50:11] [MotusApiImporter] --- Processing row 56 (stock/sku: 1446382) ---
[2026-07-24 20:50:11] [MotusApiImporter] parseVehicle() OK — make=VOLKSWAGEN, model=AMAROK, source_url=https://www.motusvw.co.za/midrand/showroom/625-vwmdf421690/1/, image_urls count=1
[2026-07-24 20:50:11] [MotusApiImporter] Stock #1446382 already enriched from a previous run — skipping detail-page fetch to save budget for un-enriched vehicles.
[2026-07-24 20:50:11] [MotusApiImporter] findExistingCar() -> EXISTING car id=1648
[2026-07-24 20:50:11] [MotusApiImporter] updateCar() completed for existing id=1648 (enrichment columns left untouched).
[2026-07-24 20:50:11] [MotusApiImporter] --- Processing row 57 (stock/sku: 1446801) ---
[2026-07-24 20:50:11] [MotusApiImporter] parseVehicle() OK — make=VOLKSWAGEN, model=T-CROSS, source_url=https://www.motusvw.co.za/midrand/showroom/625-vwmdf423363/2/, image_urls count=1
[2026-07-24 20:50:11] [MotusApiImporter] Stock #1446801 already enriched from a previous run — skipping detail-page fetch to save budget for un-enriched vehicles.
[2026-07-24 20:50:11] [MotusApiImporter] findExistingCar() -> EXISTING car id=1649
[2026-07-24 20:50:11] [MotusApiImporter] updateCar() completed for existing id=1649 (enrichment columns left untouched).
[2026-07-24 20:50:11] [MotusApiImporter] --- Processing row 58 (stock/sku: 1446410) ---
[2026-07-24 20:50:11] [MotusApiImporter] parseVehicle() OK — make=VOLKSWAGEN, model=TRANSPORTER, source_url=https://www.motusvw.co.za/midrand/showroom/625-vwmdf886408/4/, image_urls count=1
[2026-07-24 20:50:11] [MotusApiImporter] Stock #1446410 already enriched from a previous run — skipping detail-page fetch to save budget for un-enriched vehicles.
[2026-07-24 20:50:11] [MotusApiImporter] findExistingCar() -> EXISTING car id=1650
[2026-07-24 20:50:11] [MotusApiImporter] updateCar() completed for existing id=1650 (enrichment columns left untouched).
[2026-07-24 20:50:11] [MotusApiImporter] --- Processing row 59 (stock/sku: 1445899) ---
[2026-07-24 20:50:11] [MotusApiImporter] parseVehicle() OK — make=VOLKSWAGEN, model=TRANSPORTER, source_url=https://www.motusvw.co.za/midrand/showroom/625-vwmdf893863/1/, image_urls count=1
[2026-07-24 20:50:11] [MotusApiImporter] Stock #1445899 already enriched from a previous run — skipping detail-page fetch to save budget for un-enriched vehicles.
[2026-07-24 20:50:11] [MotusApiImporter] findExistingCar() -> EXISTING car id=1651
[2026-07-24 20:50:11] [MotusApiImporter] updateCar() completed for existing id=1651 (enrichment columns left untouched).
[2026-07-24 20:50:11] [MotusApiImporter] --- Processing row 60 (stock/sku: 1446142) ---
[2026-07-24 20:50:11] [MotusApiImporter] parseVehicle() OK — make=BMW, model=4 SERIES, source_url=https://www.motusvw.co.za/midrand/showroom/625-vwmdf890748/1/, image_urls count=1
[2026-07-24 20:50:11] [MotusApiImporter] Stock #1446142 already enriched from a previous run — skipping detail-page fetch to save budget for un-enriched vehicles.
[2026-07-24 20:50:11] [MotusApiImporter] findExistingCar() -> EXISTING car id=1652
[2026-07-24 20:50:11] [MotusApiImporter] updateCar() completed for existing id=1652 (enrichment columns left untouched).
[2026-07-24 20:50:11] [MotusApiImporter] --- Processing row 61 (stock/sku: 1446010) ---
[2026-07-24 20:50:11] [MotusApiImporter] parseVehicle() OK — make=JAGUAR, model=F-PACE, source_url=https://www.motusvw.co.za/midrand/showroom/625-vwmdf892204/1/, image_urls count=1
[2026-07-24 20:50:11] [MotusApiImporter] Stock #1446010 already enriched from a previous run — skipping detail-page fetch to save budget for un-enriched vehicles.
[2026-07-24 20:50:11] [MotusApiImporter] findExistingCar() -> EXISTING car id=1653
[2026-07-24 20:50:11] [MotusApiImporter] updateCar() completed for existing id=1653 (enrichment columns left untouched).
[2026-07-24 20:50:11] [MotusApiImporter] --- Processing row 62 (stock/sku: 1448883) ---
[2026-07-24 20:50:11] [MotusApiImporter] parseVehicle() OK — make=KIA, model=RIO, source_url=https://www.motusvw.co.za/midrand/showroom/625-vwmvusc894215/1/, image_urls count=1
[2026-07-24 20:50:11] [MotusApiImporter] Stock #1448883 already enriched from a previous run — skipping detail-page fetch to save budget for un-enriched vehicles.
[2026-07-24 20:50:11] [MotusApiImporter] findExistingCar() -> EXISTING car id=1654
[2026-07-24 20:50:11] [MotusApiImporter] updateCar() completed for existing id=1654 (enrichment columns left untouched).
[2026-07-24 20:50:11] [MotusApiImporter] --- Processing row 63 (stock/sku: 1445715) ---
[2026-07-24 20:50:11] [MotusApiImporter] parseVehicle() OK — make=RENAULT, model=CLIO, source_url=https://www.motusvw.co.za/midrand/showroom/625-vwmdf896334/1/, image_urls count=1
[2026-07-24 20:50:11] [MotusApiImporter] Stock #1445715 already enriched from a previous run — skipping detail-page fetch to save budget for un-enriched vehicles.
[2026-07-24 20:50:11] [MotusApiImporter] findExistingCar() -> EXISTING car id=1655
[2026-07-24 20:50:11] [MotusApiImporter] updateCar() completed for existing id=1655 (enrichment columns left untouched).
[2026-07-24 20:50:11] [MotusApiImporter] --- Processing row 64 (stock/sku: 1445883) ---
[2026-07-24 20:50:11] [MotusApiImporter] parseVehicle() OK — make=VOLKSWAGEN, model=POLO VIVO, source_url=https://www.motusvw.co.za/midrand/showroom/625-vwmdf894125/2/, image_urls count=1
[2026-07-24 20:50:11] [MotusApiImporter] Stock #1445883 already enriched from a previous run — skipping detail-page fetch to save budget for un-enriched vehicles.
[2026-07-24 20:50:11] [MotusApiImporter] findExistingCar() -> EXISTING car id=1656
[2026-07-24 20:50:11] [MotusApiImporter] updateCar() completed for existing id=1656 (enrichment columns left untouched).
[2026-07-24 20:50:11] [MotusApiImporter] --- Processing row 65 (stock/sku: 1445714) ---
[2026-07-24 20:50:11] [MotusApiImporter] parseVehicle() OK — make=VOLKSWAGEN, model=POLO VIVO, source_url=https://www.motusvw.co.za/midrand/showroom/625-vwmdf896260/1/, image_urls count=1
[2026-07-24 20:50:11] [MotusApiImporter] Stock #1445714 already enriched from a previous run — skipping detail-page fetch to save budget for un-enriched vehicles.
[2026-07-24 20:50:11] [MotusApiImporter] findExistingCar() -> EXISTING car id=1657
[2026-07-24 20:50:11] [MotusApiImporter] updateCar() completed for existing id=1657 (enrichment columns left untouched).
[2026-07-24 20:50:11] [MotusApiImporter] --- Processing row 66 (stock/sku: 1446735) ---
[2026-07-24 20:50:11] [MotusApiImporter] parseVehicle() OK — make=VOLKSWAGEN, model=TAIGO, source_url=https://www.motusvw.co.za/midrand/showroom/625-vwmdf861673/2/, image_urls count=1
[2026-07-24 20:50:11] [MotusApiImporter] Stock #1446735 already enriched from a previous run — skipping detail-page fetch to save budget for un-enriched vehicles.
[2026-07-24 20:50:11] [MotusApiImporter] findExistingCar() -> EXISTING car id=1658
[2026-07-24 20:50:11] [MotusApiImporter] updateCar() completed for existing id=1658 (enrichment columns left untouched).
[2026-07-24 20:50:11] [MotusApiImporter] --- Processing row 67 (stock/sku: 1445959) ---
[2026-07-24 20:50:11] [MotusApiImporter] parseVehicle() OK — make=VOLKSWAGEN, model=TRANSPORTER, source_url=https://www.motusvw.co.za/midrand/showroom/625-vwmdf425954/1/, image_urls count=1
[2026-07-24 20:50:11] [MotusApiImporter] Stock #1445959 already enriched from a previous run — skipping detail-page fetch to save budget for un-enriched vehicles.
[2026-07-24 20:50:11] [MotusApiImporter] findExistingCar() -> EXISTING car id=1659
[2026-07-24 20:50:11] [MotusApiImporter] updateCar() completed for existing id=1659 (enrichment columns left untouched).
[2026-07-24 20:50:11] [MotusApiImporter] --- Processing row 68 (stock/sku: 1446051) ---
[2026-07-24 20:50:11] [MotusApiImporter] parseVehicle() OK — make=VOLKSWAGEN, model=AMAROK, source_url=https://www.motusvw.co.za/midrand/showroom/625-vwmdf891606/1/, image_urls count=1
[2026-07-24 20:50:13] [MotusApiImporter] After enrichFromDetailPage() — engine_capacity_cc=2993, image_urls count=17
[2026-07-24 20:50:13] [MotusApiImporter] findExistingCar() -> EXISTING car id=1660
[2026-07-24 20:50:13] [MotusApiImporter] updateCar() completed for existing id=1660.
[2026-07-24 20:50:13] [MotusApiImporter] --- Processing row 69 (stock/sku: 1446086) ---
[2026-07-24 20:50:13] [MotusApiImporter] parseVehicle() OK — make=VOLKSWAGEN, model=POLO, source_url=https://www.motusvw.co.za/midrand/showroom/625-vwmdf891191/1/, image_urls count=1
[2026-07-24 20:50:14] [MotusApiImporter] After enrichFromDetailPage() — engine_capacity_cc=999, image_urls count=18
[2026-07-24 20:50:14] [MotusApiImporter] findExistingCar() -> EXISTING car id=1661
[2026-07-24 20:50:14] [MotusApiImporter] updateCar() completed for existing id=1661.
[2026-07-24 20:50:14] [MotusApiImporter] --- Processing row 70 (stock/sku: 1446654) ---
[2026-07-24 20:50:14] [MotusApiImporter] parseVehicle() OK — make=AUDI, model=Q2, source_url=https://www.motusvw.co.za/midrand/showroom/625-vwmdf872129/1/, image_urls count=1
[2026-07-24 20:50:15] [MotusApiImporter] After enrichFromDetailPage() — engine_capacity_cc=1395, image_urls count=20
[2026-07-24 20:50:15] [MotusApiImporter] findExistingCar() -> EXISTING car id=1662
[2026-07-24 20:50:15] [MotusApiImporter] updateCar() completed for existing id=1662.
[2026-07-24 20:50:15] [MotusApiImporter] --- Processing row 71 (stock/sku: 1449184) ---
[2026-07-24 20:50:15] [MotusApiImporter] parseVehicle() OK — make=FORD, model=RANGER, source_url=https://www.motusvw.co.za/midrand/showroom/625-vwmdf895758/1/, image_urls count=1
[2026-07-24 20:50:17] [MotusApiImporter] After enrichFromDetailPage() — engine_capacity_cc=1996, image_urls count=24
[2026-07-24 20:50:17] [MotusApiImporter] findExistingCar() -> EXISTING car id=1663
[2026-07-24 20:50:17] [MotusApiImporter] updateCar() completed for existing id=1663.
[2026-07-24 20:50:17] [MotusApiImporter] --- Processing row 72 (stock/sku: 1448032) ---
[2026-07-24 20:50:17] [MotusApiImporter] parseVehicle() OK — make=HYUNDAI, model=GRAND CRETA, source_url=https://www.motusvw.co.za/midrand/showroom/625-vwmvusc853094/1/, image_urls count=1
[2026-07-24 20:50:19] [MotusApiImporter] After enrichFromDetailPage() — engine_capacity_cc=1999, image_urls count=18
[2026-07-24 20:50:19] [MotusApiImporter] findExistingCar() -> EXISTING car id=1664
[2026-07-24 20:50:19] [MotusApiImporter] updateCar() completed for existing id=1664.
[2026-07-24 20:50:19] [MotusApiImporter] --- Processing row 73 (stock/sku: 1446809) ---
[2026-07-24 20:50:19] [MotusApiImporter] parseVehicle() OK — make=KIA, model=PICANTO, source_url=https://www.motusvw.co.za/midrand/showroom/625-vwmdf894445/1/, image_urls count=1
[2026-07-24 20:50:20] [MotusApiImporter] After enrichFromDetailPage() — engine_capacity_cc=998, image_urls count=15
[2026-07-24 20:50:20] [MotusApiImporter] findExistingCar() -> EXISTING car id=1665
[2026-07-24 20:50:20] [MotusApiImporter] updateCar() completed for existing id=1665.
[2026-07-24 20:50:20] [MotusApiImporter] --- Processing row 74 (stock/sku: 1446810) ---
[2026-07-24 20:50:20] [MotusApiImporter] parseVehicle() OK — make=NISSAN, model=MAGNITE, source_url=https://www.motusvw.co.za/midrand/showroom/625-vwmdf894838/1/, image_urls count=1
[2026-07-24 20:50:22] [MotusApiImporter] After enrichFromDetailPage() — engine_capacity_cc=999, image_urls count=17
[2026-07-24 20:50:22] [MotusApiImporter] findExistingCar() -> EXISTING car id=1666
[2026-07-24 20:50:22] [MotusApiImporter] updateCar() completed for existing id=1666.
[2026-07-24 20:50:22] [MotusApiImporter] --- Processing row 75 (stock/sku: 1446523) ---
[2026-07-24 20:50:22] [MotusApiImporter] parseVehicle() OK — make=TOYOTA, model=COROLLA CROSS, source_url=https://www.motusvw.co.za/midrand/showroom/625-bm037used896315/1/, image_urls count=1
[2026-07-24 20:50:23] [MotusApiImporter] After enrichFromDetailPage() — engine_capacity_cc=1798, image_urls count=23
[2026-07-24 20:50:23] [MotusApiImporter] findExistingCar() -> EXISTING car id=1667
[2026-07-24 20:50:23] [MotusApiImporter] updateCar() completed for existing id=1667.
[2026-07-24 20:50:23] [MotusApiImporter] --- Processing row 76 (stock/sku: 1445994) ---
[2026-07-24 20:50:23] [MotusApiImporter] parseVehicle() OK — make=TOYOTA, model=HILUX, source_url=https://www.motusvw.co.za/midrand/showroom/625-vwmdf892356/1/, image_urls count=1
[2026-07-24 20:50:25] [MotusApiImporter] After enrichFromDetailPage() — engine_capacity_cc=2755, image_urls count=16
[2026-07-24 20:50:25] [MotusApiImporter] findExistingCar() -> EXISTING car id=1668
[2026-07-24 20:50:25] [MotusApiImporter] updateCar() completed for existing id=1668.
[2026-07-24 20:50:25] [MotusApiImporter] --- Processing row 77 (stock/sku: 1446028) ---
[2026-07-24 20:50:25] [MotusApiImporter] parseVehicle() OK — make=VOLKSWAGEN, model=AMAROK, source_url=https://www.motusvw.co.za/midrand/showroom/625-vwmdf850170/1/, image_urls count=1
[2026-07-24 20:50:27] [MotusApiImporter] After enrichFromDetailPage() — engine_capacity_cc=2993, image_urls count=14
[2026-07-24 20:50:27] [MotusApiImporter] findExistingCar() -> EXISTING car id=1669
[2026-07-24 20:50:27] [MotusApiImporter] updateCar() completed for existing id=1669.
[2026-07-24 20:50:27] [MotusApiImporter] --- Processing row 78 (stock/sku: 1445881) ---
[2026-07-24 20:50:27] [MotusApiImporter] parseVehicle() OK — make=VOLKSWAGEN, model=POLO, source_url=https://www.motusvw.co.za/midrand/showroom/625-vwmdf894037/1/, image_urls count=1
[2026-07-24 20:50:28] [MotusApiImporter] After enrichFromDetailPage() — engine_capacity_cc=1598, image_urls count=17
[2026-07-24 20:50:28] [MotusApiImporter] findExistingCar() -> EXISTING car id=1670
[2026-07-24 20:50:28] [MotusApiImporter] updateCar() completed for existing id=1670.
[2026-07-24 20:50:28] [MotusApiImporter] --- Processing row 79 (stock/sku: 1446323) ---
[2026-07-24 20:50:28] [MotusApiImporter] parseVehicle() OK — make=VOLKSWAGEN, model=POLO, source_url=https://www.motusvw.co.za/midrand/showroom/625-vwmdf888345/1/, image_urls count=1
[2026-07-24 20:50:29] [MotusApiImporter] After enrichFromDetailPage() — engine_capacity_cc=999, image_urls count=17
[2026-07-24 20:50:29] [MotusApiImporter] findExistingCar() -> EXISTING car id=1671
[2026-07-24 20:50:29] [MotusApiImporter] updateCar() completed for existing id=1671.
[2026-07-24 20:50:29] [MotusApiImporter] --- Processing row 80 (stock/sku: 1446790) ---
[2026-07-24 20:50:29] [MotusApiImporter] parseVehicle() OK — make=VOLKSWAGEN, model=T-CROSS, source_url=https://www.motusvw.co.za/midrand/showroom/625-vwmdf839567/1/, image_urls count=1
[2026-07-24 20:50:30] [MotusApiImporter] After enrichFromDetailPage() — engine_capacity_cc=999, image_urls count=16
[2026-07-24 20:50:30] [MotusApiImporter] findExistingCar() -> EXISTING car id=1672
[2026-07-24 20:50:30] [MotusApiImporter] updateCar() completed for existing id=1672.
[2026-07-24 20:50:30] [MotusApiImporter] --- Processing row 81 (stock/sku: 1446786) ---
[2026-07-24 20:50:30] [MotusApiImporter] parseVehicle() OK — make=VOLKSWAGEN, model=T-CROSS, source_url=https://www.motusvw.co.za/midrand/showroom/625-vwmdf843717/8/, image_urls count=1
[2026-07-24 20:50:31] [MotusApiImporter] After enrichFromDetailPage() — engine_capacity_cc=999, image_urls count=16
[2026-07-24 20:50:31] [MotusApiImporter] findExistingCar() -> EXISTING car id=1673
[2026-07-24 20:50:31] [MotusApiImporter] updateCar() completed for existing id=1673.
[2026-07-24 20:50:31] [MotusApiImporter] --- Processing row 82 (stock/sku: 1445882) ---
[2026-07-24 20:50:31] [MotusApiImporter] parseVehicle() OK — make=VOLKSWAGEN, model=T-ROC, source_url=https://www.motusvw.co.za/midrand/showroom/625-vwmdf894108/1/, image_urls count=1
[2026-07-24 20:50:33] [MotusApiImporter] After enrichFromDetailPage() — engine_capacity_cc=1984, image_urls count=19
[2026-07-24 20:50:33] [MotusApiImporter] findExistingCar() -> EXISTING car id=1674
[2026-07-24 20:50:33] [MotusApiImporter] updateCar() completed for existing id=1674.
[2026-07-24 20:50:33] [MotusApiImporter] --- Processing row 83 (stock/sku: 1445751) ---
[2026-07-24 20:50:33] [MotusApiImporter] parseVehicle() OK — make=VOLKSWAGEN, model=TAIGO, source_url=https://www.motusvw.co.za/midrand/showroom/625-vwmdf874038/1/, image_urls count=1
[2026-07-24 20:50:33] [MotusApiImporter] After enrichFromDetailPage() — engine_capacity_cc=999, image_urls count=24
[2026-07-24 20:50:33] [MotusApiImporter] findExistingCar() -> EXISTING car id=1675
[2026-07-24 20:50:33] [MotusApiImporter] updateCar() completed for existing id=1675.
[2026-07-24 20:50:33] [MotusApiImporter] --- Processing row 84 (stock/sku: 1446249) ---
[2026-07-24 20:50:33] [MotusApiImporter] parseVehicle() OK — make=SUZUKI, model=SWIFT, source_url=https://www.motusvw.co.za/midrand/showroom/625-vwmdf889410/1/, image_urls count=1
[2026-07-24 20:50:35] [MotusApiImporter] After enrichFromDetailPage() — engine_capacity_cc=1197, image_urls count=18
[2026-07-24 20:50:35] [MotusApiImporter] findExistingCar() -> EXISTING car id=1676
[2026-07-24 20:50:35] [MotusApiImporter] updateCar() completed for existing id=1676.
[2026-07-24 20:50:35] [MotusApiImporter] --- Processing row 85 (stock/sku: 1445799) ---
[2026-07-24 20:50:35] [MotusApiImporter] parseVehicle() OK — make=SUZUKI, model=SWIFT, source_url=https://www.motusvw.co.za/midrand/showroom/625-vwmdf895482/1/, image_urls count=1
[2026-07-24 20:50:37] [MotusApiImporter] After enrichFromDetailPage() — engine_capacity_cc=1197, image_urls count=14
[2026-07-24 20:50:37] [MotusApiImporter] findExistingCar() -> EXISTING car id=1677
[2026-07-24 20:50:37] [MotusApiImporter] updateCar() completed for existing id=1677.
[2026-07-24 20:50:37] [MotusApiImporter] --- Processing row 86 (stock/sku: 1445871) ---
[2026-07-24 20:50:37] [MotusApiImporter] parseVehicle() OK — make=SUZUKI, model=SWIFT, source_url=https://www.motusvw.co.za/midrand/showroom/625-vwmdf894155/1/, image_urls count=1
[2026-07-24 20:50:39] [MotusApiImporter] After enrichFromDetailPage() — engine_capacity_cc=1197, image_urls count=17
[2026-07-24 20:50:39] [MotusApiImporter] findExistingCar() -> EXISTING car id=1678
[2026-07-24 20:50:39] [MotusApiImporter] updateCar() completed for existing id=1678.
[2026-07-24 20:50:39] [MotusApiImporter] --- Processing row 87 (stock/sku: 1445800) ---
[2026-07-24 20:50:39] [MotusApiImporter] parseVehicle() OK — make=SUZUKI, model=SWIFT, source_url=https://www.motusvw.co.za/midrand/showroom/625-vwmdf895483/1/, image_urls count=1
[2026-07-24 20:50:40] [MotusApiImporter] After enrichFromDetailPage() — engine_capacity_cc=1197, image_urls count=15
[2026-07-24 20:50:40] [MotusApiImporter] findExistingCar() -> EXISTING car id=1679
[2026-07-24 20:50:40] [MotusApiImporter] updateCar() completed for existing id=1679.
[2026-07-24 20:50:40] [MotusApiImporter] --- Processing row 88 (stock/sku: 1446293) ---
[2026-07-24 20:50:40] [MotusApiImporter] parseVehicle() OK — make=TOYOTA, model=STARLET, source_url=https://www.motusvw.co.za/midrand/showroom/625-vwmdf888699/1/, image_urls count=1
[2026-07-24 20:50:42] [MotusApiImporter] After enrichFromDetailPage() — engine_capacity_cc=1462, image_urls count=18
[2026-07-24 20:50:42] [MotusApiImporter] findExistingCar() -> EXISTING car id=1680
[2026-07-24 20:50:42] [MotusApiImporter] updateCar() completed for existing id=1680.
[2026-07-24 20:50:42] [MotusApiImporter] --- Processing row 89 (stock/sku: 1446743) ---
[2026-07-24 20:50:42] [MotusApiImporter] parseVehicle() OK — make=VOLKSWAGEN, model=AMAROK, source_url=https://www.motusvw.co.za/midrand/showroom/625-vwmdf861452/1/, image_urls count=1
[2026-07-24 20:50:44] [MotusApiImporter] After enrichFromDetailPage() — engine_capacity_cc=2993, image_urls count=16
[2026-07-24 20:50:44] [MotusApiImporter] findExistingCar() -> EXISTING car id=1681
[2026-07-24 20:50:44] [MotusApiImporter] updateCar() completed for existing id=1681.
[2026-07-24 20:50:44] [MotusApiImporter] --- Processing row 90 (stock/sku: 1446558) ---
[2026-07-24 20:50:44] [MotusApiImporter] parseVehicle() OK — make=VOLKSWAGEN, model=POLO, source_url=https://www.motusvw.co.za/midrand/showroom/625-vwmdf876638/1/, image_urls count=1
[2026-07-24 20:50:45] [MotusApiImporter] After enrichFromDetailPage() — engine_capacity_cc=999, image_urls count=17
[2026-07-24 20:50:45] [MotusApiImporter] findExistingCar() -> EXISTING car id=1682
[2026-07-24 20:50:45] [MotusApiImporter] updateCar() completed for existing id=1682.
[2026-07-24 20:50:45] [MotusApiImporter] --- Processing row 91 (stock/sku: 1446729) ---
[2026-07-24 20:50:45] [MotusApiImporter] parseVehicle() OK — make=VOLKSWAGEN, model=POLO, source_url=https://www.motusvw.co.za/midrand/showroom/625-vwmdf864742/3/, image_urls count=1
[2026-07-24 20:50:45] [MotusApiImporter] Skipped detail-page fetch for stock #1446729 — time budget already exhausted.
[2026-07-24 20:50:45] [MotusApiImporter] After enrichFromDetailPage() — engine_capacity_cc=NULL, image_urls count=1
[2026-07-24 20:50:45] [MotusApiImporter] findExistingCar() -> EXISTING car id=1683
[2026-07-24 20:50:45] [MotusApiImporter] updateCar() completed for existing id=1683.
[2026-07-24 20:50:45] [MotusApiImporter] --- Processing row 92 (stock/sku: 1446763) ---
[2026-07-24 20:50:45] [MotusApiImporter] parseVehicle() OK — make=VOLKSWAGEN, model=POLO VIVO, source_url=https://www.motusvw.co.za/midrand/showroom/625-vwmdf858161/1/, image_urls count=1
[2026-07-24 20:50:45] [MotusApiImporter] Skipped detail-page fetch for stock #1446763 — time budget already exhausted.
[2026-07-24 20:50:45] [MotusApiImporter] After enrichFromDetailPage() — engine_capacity_cc=NULL, image_urls count=1
[2026-07-24 20:50:45] [MotusApiImporter] findExistingCar() -> EXISTING car id=1684
[2026-07-24 20:50:45] [MotusApiImporter] updateCar() completed for existing id=1684.
[2026-07-24 20:50:45] [MotusApiImporter] --- Processing row 93 (stock/sku: 1446755) ---
[2026-07-24 20:50:45] [MotusApiImporter] parseVehicle() OK — make=VOLKSWAGEN, model=POLO VIVO, source_url=https://www.motusvw.co.za/midrand/showroom/625-vwmdf859179/4/, image_urls count=1
[2026-07-24 20:50:45] [MotusApiImporter] Skipped detail-page fetch for stock #1446755 — time budget already exhausted.
[2026-07-24 20:50:45] [MotusApiImporter] After enrichFromDetailPage() — engine_capacity_cc=NULL, image_urls count=1
[2026-07-24 20:50:45] [MotusApiImporter] findExistingCar() -> EXISTING car id=1685
[2026-07-24 20:50:45] [MotusApiImporter] updateCar() completed for existing id=1685.
[2026-07-24 20:50:45] [MotusApiImporter] --- Processing row 94 (stock/sku: 1446746) ---
[2026-07-24 20:50:45] [MotusApiImporter] parseVehicle() OK — make=VOLKSWAGEN, model=POLO VIVO, source_url=https://www.motusvw.co.za/midrand/showroom/625-vwmdf860907/1/, image_urls count=1
[2026-07-24 20:50:45] [MotusApiImporter] Skipped detail-page fetch for stock #1446746 — time budget already exhausted.
[2026-07-24 20:50:45] [MotusApiImporter] After enrichFromDetailPage() — engine_capacity_cc=NULL, image_urls count=1
[2026-07-24 20:50:45] [MotusApiImporter] findExistingCar() -> EXISTING car id=1686
[2026-07-24 20:50:45] [MotusApiImporter] updateCar() completed for existing id=1686.
[2026-07-24 20:50:45] [MotusApiImporter] --- Processing row 95 (stock/sku: 1446711) ---
[2026-07-24 20:50:45] [MotusApiImporter] parseVehicle() OK — make=VOLKSWAGEN, model=POLO VIVO, source_url=https://www.motusvw.co.za/midrand/showroom/625-vwmdf868173/2/, image_urls count=1
[2026-07-24 20:50:45] [MotusApiImporter] Skipped detail-page fetch for stock #1446711 — time budget already exhausted.
[2026-07-24 20:50:45] [MotusApiImporter] After enrichFromDetailPage() — engine_capacity_cc=NULL, image_urls count=1
[2026-07-24 20:50:45] [MotusApiImporter] findExistingCar() -> EXISTING car id=1687
[2026-07-24 20:50:45] [MotusApiImporter] updateCar() completed for existing id=1687.
[2026-07-24 20:50:45] [MotusApiImporter] --- Processing row 96 (stock/sku: 1446694) ---
[2026-07-24 20:50:45] [MotusApiImporter] parseVehicle() OK — make=VOLKSWAGEN, model=POLO VIVO, source_url=https://www.motusvw.co.za/midrand/showroom/625-vwmdf869665/2/, image_urls count=1
[2026-07-24 20:50:45] [MotusApiImporter] Skipped detail-page fetch for stock #1446694 — time budget already exhausted.
[2026-07-24 20:50:45] [MotusApiImporter] After enrichFromDetailPage() — engine_capacity_cc=NULL, image_urls count=1
[2026-07-24 20:50:45] [MotusApiImporter] findExistingCar() -> EXISTING car id=1688
[2026-07-24 20:50:45] [MotusApiImporter] updateCar() completed for existing id=1688.
[2026-07-24 20:50:45] [MotusApiImporter] --- Processing row 97 (stock/sku: 1446751) ---
[2026-07-24 20:50:45] [MotusApiImporter] parseVehicle() OK — make=VOLKSWAGEN, model=T-CROSS, source_url=https://www.motusvw.co.za/midrand/showroom/625-vwmdf860129/3/, image_urls count=1
[2026-07-24 20:50:45] [MotusApiImporter] Skipped detail-page fetch for stock #1446751 — time budget already exhausted.
[2026-07-24 20:50:45] [MotusApiImporter] After enrichFromDetailPage() — engine_capacity_cc=NULL, image_urls count=1
[2026-07-24 20:50:45] [MotusApiImporter] findExistingCar() -> EXISTING car id=1689
[2026-07-24 20:50:45] [MotusApiImporter] updateCar() completed for existing id=1689.
[2026-07-24 20:50:45] [MotusApiImporter] --- Processing row 98 (stock/sku: 1446720) ---
[2026-07-24 20:50:45] [MotusApiImporter] parseVehicle() OK — make=VOLKSWAGEN, model=TAIGO, source_url=https://www.motusvw.co.za/midrand/showroom/625-vwmdf859177/2/, image_urls count=1
[2026-07-24 20:50:45] [MotusApiImporter] Skipped detail-page fetch for stock #1446720 — time budget already exhausted.
[2026-07-24 20:50:45] [MotusApiImporter] After enrichFromDetailPage() — engine_capacity_cc=NULL, image_urls count=1
[2026-07-24 20:50:45] [MotusApiImporter] findExistingCar() -> EXISTING car id=1690
[2026-07-24 20:50:45] [MotusApiImporter] updateCar() completed for existing id=1690.
[2026-07-24 20:50:45] [MotusApiImporter] --- Processing row 99 (stock/sku: 1446118) ---
[2026-07-24 20:50:45] [MotusApiImporter] parseVehicle() OK — make=MG, model=HS, source_url=https://www.motusvw.co.za/midrand/showroom/625-vwmdf890989/1/, image_urls count=1
[2026-07-24 20:50:45] [MotusApiImporter] Skipped detail-page fetch for stock #1446118 — time budget already exhausted.
[2026-07-24 20:50:45] [MotusApiImporter] After enrichFromDetailPage() — engine_capacity_cc=NULL, image_urls count=1
[2026-07-24 20:50:45] [MotusApiImporter] findExistingCar() -> EXISTING car id=1691
[2026-07-24 20:50:45] [MotusApiImporter] updateCar() completed for existing id=1691.
[2026-07-24 20:50:45] [MotusApiImporter] --- Processing row 100 (stock/sku: 1446119) ---
[2026-07-24 20:50:45] [MotusApiImporter] parseVehicle() OK — make=MG, model=MG3, source_url=https://www.motusvw.co.za/midrand/showroom/625-vwmdf890997/1/, image_urls count=1
[2026-07-24 20:50:45] [MotusApiImporter] Skipped detail-page fetch for stock #1446119 — time budget already exhausted.
[2026-07-24 20:50:45] [MotusApiImporter] After enrichFromDetailPage() — engine_capacity_cc=NULL, image_urls count=1
[2026-07-24 20:50:45] [MotusApiImporter] findExistingCar() -> EXISTING car id=1692
[2026-07-24 20:50:45] [MotusApiImporter] updateCar() completed for existing id=1692.
[2026-07-24 20:50:45] [MotusApiImporter] --- Processing row 101 (stock/sku: 1446188) ---
[2026-07-24 20:50:45] [MotusApiImporter] parseVehicle() OK — make=TATA, model=TIAGO, source_url=https://www.motusvw.co.za/midrand/showroom/625-vwmdf891531/1/, image_urls count=1
[2026-07-24 20:50:45] [MotusApiImporter] Skipped detail-page fetch for stock #1446188 — time budget already exhausted.
[2026-07-24 20:50:45] [MotusApiImporter] After enrichFromDetailPage() — engine_capacity_cc=NULL, image_urls count=1
[2026-07-24 20:50:45] [MotusApiImporter] findExistingCar() -> EXISTING car id=1693
[2026-07-24 20:50:45] [MotusApiImporter] updateCar() completed for existing id=1693.
[2026-07-24 20:50:45] [MotusApiImporter] --- Processing row 102 (stock/sku: 1446482) ---
[2026-07-24 20:50:45] [MotusApiImporter] parseVehicle() OK — make=VOLKSWAGEN, model=AMAROK, source_url=https://www.motusvw.co.za/midrand/showroom/625-vwmdf885078/1/, image_urls count=1
[2026-07-24 20:50:45] [MotusApiImporter] Skipped detail-page fetch for stock #1446482 — time budget already exhausted.
[2026-07-24 20:50:45] [MotusApiImporter] After enrichFromDetailPage() — engine_capacity_cc=NULL, image_urls count=1
[2026-07-24 20:50:45] [MotusApiImporter] findExistingCar() -> EXISTING car id=1694
[2026-07-24 20:50:45] [MotusApiImporter] updateCar() completed for existing id=1694.
[2026-07-24 20:50:45] [MotusApiImporter] --- Processing row 103 (stock/sku: 1446648) ---
[2026-07-24 20:50:45] [MotusApiImporter] parseVehicle() OK — make=VOLKSWAGEN, model=CADDY, source_url=https://www.motusvw.co.za/midrand/showroom/625-vwmdf872377/1/, image_urls count=1
[2026-07-24 20:50:45] [MotusApiImporter] Skipped detail-page fetch for stock #1446648 — time budget already exhausted.
[2026-07-24 20:50:45] [MotusApiImporter] After enrichFromDetailPage() — engine_capacity_cc=NULL, image_urls count=1
[2026-07-24 20:50:45] [MotusApiImporter] findExistingCar() -> EXISTING car id=1695
[2026-07-24 20:50:45] [MotusApiImporter] updateCar() completed for existing id=1695.
[2026-07-24 20:50:45] [MotusApiImporter] --- Processing row 104 (stock/sku: 1445922) ---
[2026-07-24 20:50:45] [MotusApiImporter] parseVehicle() OK — make=VOLKSWAGEN, model=POLO VIVO, source_url=https://www.motusvw.co.za/midrand/showroom/625-vwmdf893350/1/, image_urls count=1
[2026-07-24 20:50:45] [MotusApiImporter] Skipped detail-page fetch for stock #1445922 — time budget already exhausted.
[2026-07-24 20:50:45] [MotusApiImporter] After enrichFromDetailPage() — engine_capacity_cc=NULL, image_urls count=1
[2026-07-24 20:50:45] [MotusApiImporter] findExistingCar() -> EXISTING car id=1696
[2026-07-24 20:50:45] [MotusApiImporter] updateCar() completed for existing id=1696.
[2026-07-24 20:50:45] [MotusApiImporter] --- Processing row 105 (stock/sku: 1446628) ---
[2026-07-24 20:50:45] [MotusApiImporter] parseVehicle() OK — make=VOLKSWAGEN, model=POLO VIVO, source_url=https://www.motusvw.co.za/midrand/showroom/625-vwmdf873548/2/, image_urls count=1
[2026-07-24 20:50:45] [MotusApiImporter] Skipped detail-page fetch for stock #1446628 — time budget already exhausted.
[2026-07-24 20:50:45] [MotusApiImporter] After enrichFromDetailPage() — engine_capacity_cc=NULL, image_urls count=1
[2026-07-24 20:50:45] [MotusApiImporter] findExistingCar() -> EXISTING car id=1697
[2026-07-24 20:50:45] [MotusApiImporter] updateCar() completed for existing id=1697.
[2026-07-24 20:50:45] [MotusApiImporter] --- Processing row 106 (stock/sku: 1446506) ---
[2026-07-24 20:50:45] [MotusApiImporter] parseVehicle() OK — make=VOLKSWAGEN, model=POLO VIVO, source_url=https://www.motusvw.co.za/midrand/showroom/625-vwmdf884657/2/, image_urls count=1
[2026-07-24 20:50:45] [MotusApiImporter] Skipped detail-page fetch for stock #1446506 — time budget already exhausted.
[2026-07-24 20:50:45] [MotusApiImporter] After enrichFromDetailPage() — engine_capacity_cc=NULL, image_urls count=1
[2026-07-24 20:50:45] [MotusApiImporter] findExistingCar() -> EXISTING car id=1698
[2026-07-24 20:50:45] [MotusApiImporter] updateCar() completed for existing id=1698.
[2026-07-24 20:50:45] [MotusApiImporter] --- Processing row 107 (stock/sku: 1446432) ---
[2026-07-24 20:50:45] [MotusApiImporter] parseVehicle() OK — make=VOLKSWAGEN, model=POLO VIVO, source_url=https://www.motusvw.co.za/midrand/showroom/625-vwmdf886086/1/, image_urls count=1
[2026-07-24 20:50:45] [MotusApiImporter] Skipped detail-page fetch for stock #1446432 — time budget already exhausted.
[2026-07-24 20:50:45] [MotusApiImporter] After enrichFromDetailPage() — engine_capacity_cc=NULL, image_urls count=1
[2026-07-24 20:50:45] [MotusApiImporter] findExistingCar() -> EXISTING car id=1699
[2026-07-24 20:50:45] [MotusApiImporter] updateCar() completed for existing id=1699.
[2026-07-24 20:50:45] [MotusApiImporter] --- Processing row 108 (stock/sku: 1446409) ---
[2026-07-24 20:50:45] [MotusApiImporter] parseVehicle() OK — make=VOLKSWAGEN, model=POLO VIVO, source_url=https://www.motusvw.co.za/midrand/showroom/625-vwmdf886385/1/, image_urls count=1
[2026-07-24 20:50:45] [MotusApiImporter] Skipped detail-page fetch for stock #1446409 — time budget already exhausted.
[2026-07-24 20:50:45] [MotusApiImporter] After enrichFromDetailPage() — engine_capacity_cc=NULL, image_urls count=1
[2026-07-24 20:50:45] [MotusApiImporter] findExistingCar() -> EXISTING car id=1700
[2026-07-24 20:50:45] [MotusApiImporter] updateCar() completed for existing id=1700.
[2026-07-24 20:50:45] [MotusApiImporter] --- Processing row 109 (stock/sku: 1446322) ---
[2026-07-24 20:50:45] [MotusApiImporter] parseVehicle() OK — make=VOLKSWAGEN, model=POLO VIVO, source_url=https://www.motusvw.co.za/midrand/showroom/625-vwmdf888339/1/, image_urls count=1
[2026-07-24 20:50:45] [MotusApiImporter] Skipped detail-page fetch for stock #1446322 — time budget already exhausted.
[2026-07-24 20:50:45] [MotusApiImporter] After enrichFromDetailPage() — engine_capacity_cc=NULL, image_urls count=1
[2026-07-24 20:50:45] [MotusApiImporter] findExistingCar() -> EXISTING car id=1701
[2026-07-24 20:50:45] [MotusApiImporter] updateCar() completed for existing id=1701.
[2026-07-24 20:50:45] [MotusApiImporter] --- Processing row 110 (stock/sku: 1446321) ---
[2026-07-24 20:50:45] [MotusApiImporter] parseVehicle() OK — make=VOLKSWAGEN, model=POLO VIVO, source_url=https://www.motusvw.co.za/midrand/showroom/625-vwmdf888337/1/, image_urls count=1
[2026-07-24 20:50:45] [MotusApiImporter] Skipped detail-page fetch for stock #1446321 — time budget already exhausted.
[2026-07-24 20:50:45] [MotusApiImporter] After enrichFromDetailPage() — engine_capacity_cc=NULL, image_urls count=1
[2026-07-24 20:50:45] [MotusApiImporter] findExistingCar() -> EXISTING car id=1702
[2026-07-24 20:50:45] [MotusApiImporter] updateCar() completed for existing id=1702.
[2026-07-24 20:50:45] [MotusApiImporter] --- Processing row 111 (stock/sku: 1446314) ---
[2026-07-24 20:50:45] [MotusApiImporter] parseVehicle() OK — make=VOLKSWAGEN, model=POLO VIVO, source_url=https://www.motusvw.co.za/midrand/showroom/625-vwmdf888462/1/, image_urls count=1
[2026-07-24 20:50:45] [MotusApiImporter] Skipped detail-page fetch for stock #1446314 — time budget already exhausted.
[2026-07-24 20:50:45] [MotusApiImporter] After enrichFromDetailPage() — engine_capacity_cc=NULL, image_urls count=1
[2026-07-24 20:50:45] [MotusApiImporter] findExistingCar() -> EXISTING car id=1703
[2026-07-24 20:50:45] [MotusApiImporter] updateCar() completed for existing id=1703.
[2026-07-24 20:50:45] [MotusApiImporter] --- Processing row 112 (stock/sku: 1446181) ---
[2026-07-24 20:50:45] [MotusApiImporter] parseVehicle() OK — make=VOLKSWAGEN, model=POLO VIVO, source_url=https://www.motusvw.co.za/midrand/showroom/625-vwmdf890179/3/, image_urls count=1
[2026-07-24 20:50:45] [MotusApiImporter] Skipped detail-page fetch for stock #1446181 — time budget already exhausted.
[2026-07-24 20:50:45] [MotusApiImporter] After enrichFromDetailPage() — engine_capacity_cc=NULL, image_urls count=1
[2026-07-24 20:50:45] [MotusApiImporter] findExistingCar() -> EXISTING car id=1704
[2026-07-24 20:50:45] [MotusApiImporter] updateCar() completed for existing id=1704.
[2026-07-24 20:50:45] [MotusApiImporter] --- Processing row 113 (stock/sku: 1449179) ---
[2026-07-24 20:50:45] [MotusApiImporter] parseVehicle() OK — make=VOLKSWAGEN, model=POLO VIVO, source_url=https://www.motusvw.co.za/midrand/showroom/625-vwmdf875858/2/, image_urls count=1
[2026-07-24 20:50:45] [MotusApiImporter] Skipped detail-page fetch for stock #1449179 — time budget already exhausted.
[2026-07-24 20:50:45] [MotusApiImporter] After enrichFromDetailPage() — engine_capacity_cc=NULL, image_urls count=1
[2026-07-24 20:50:45] [MotusApiImporter] findExistingCar() -> EXISTING car id=1705
[2026-07-24 20:50:45] [MotusApiImporter] updateCar() completed for existing id=1705.
[2026-07-24 20:50:45] [MotusApiImporter] --- Processing row 114 (stock/sku: 1446179) ---
[2026-07-24 20:50:45] [MotusApiImporter] parseVehicle() OK — make=VOLKSWAGEN, model=POLO VIVO, source_url=https://www.motusvw.co.za/midrand/showroom/625-vwmdf890169/1/, image_urls count=1
[2026-07-24 20:50:45] [MotusApiImporter] Skipped detail-page fetch for stock #1446179 — time budget already exhausted.
[2026-07-24 20:50:45] [MotusApiImporter] After enrichFromDetailPage() — engine_capacity_cc=NULL, image_urls count=1
[2026-07-24 20:50:45] [MotusApiImporter] findExistingCar() -> EXISTING car id=1706
[2026-07-24 20:50:45] [MotusApiImporter] updateCar() completed for existing id=1706.
[2026-07-24 20:50:45] [MotusApiImporter] --- Processing row 115 (stock/sku: 1446333) ---
[2026-07-24 20:50:45] [MotusApiImporter] parseVehicle() OK — make=VOLKSWAGEN, model=POLO VIVO, source_url=https://www.motusvw.co.za/midrand/showroom/625-vwmdf888093/1/, image_urls count=1
[2026-07-24 20:50:45] [MotusApiImporter] Skipped detail-page fetch for stock #1446333 — time budget already exhausted.
[2026-07-24 20:50:45] [MotusApiImporter] After enrichFromDetailPage() — engine_capacity_cc=NULL, image_urls count=1
[2026-07-24 20:50:45] [MotusApiImporter] findExistingCar() -> EXISTING car id=1707
[2026-07-24 20:50:45] [MotusApiImporter] updateCar() completed for existing id=1707.
[2026-07-24 20:50:45] [MotusApiImporter] --- Processing row 116 (stock/sku: 1446180) ---
[2026-07-24 20:50:45] [MotusApiImporter] parseVehicle() OK — make=VOLKSWAGEN, model=POLO VIVO, source_url=https://www.motusvw.co.za/midrand/showroom/625-vwmdf890170/1/, image_urls count=1
[2026-07-24 20:50:45] [MotusApiImporter] Skipped detail-page fetch for stock #1446180 — time budget already exhausted.
[2026-07-24 20:50:45] [MotusApiImporter] After enrichFromDetailPage() — engine_capacity_cc=NULL, image_urls count=1
[2026-07-24 20:50:45] [MotusApiImporter] findExistingCar() -> EXISTING car id=1708
[2026-07-24 20:50:45] [MotusApiImporter] updateCar() completed for existing id=1708.
[2026-07-24 20:50:45] [MotusApiImporter] --- Processing row 117 (stock/sku: 1446261) ---
[2026-07-24 20:50:45] [MotusApiImporter] parseVehicle() OK — make=VOLKSWAGEN, model=POLO VIVO, source_url=https://www.motusvw.co.za/midrand/showroom/625-vwmdf889143/1/, image_urls count=1
[2026-07-24 20:50:45] [MotusApiImporter] Skipped detail-page fetch for stock #1446261 — time budget already exhausted.
[2026-07-24 20:50:45] [MotusApiImporter] After enrichFromDetailPage() — engine_capacity_cc=NULL, image_urls count=1
[2026-07-24 20:50:45] [MotusApiImporter] findExistingCar() -> EXISTING car id=1709
[2026-07-24 20:50:45] [MotusApiImporter] updateCar() completed for existing id=1709.
[2026-07-24 20:50:45] [MotusApiImporter] --- Processing row 118 (stock/sku: 1446533) ---
[2026-07-24 20:50:45] [MotusApiImporter] parseVehicle() OK — make=VOLKSWAGEN, model=T-CROSS, source_url=https://www.motusvw.co.za/midrand/showroom/625-vwmdf883411/2/, image_urls count=1
[2026-07-24 20:50:45] [MotusApiImporter] Skipped detail-page fetch for stock #1446533 — time budget already exhausted.
[2026-07-24 20:50:45] [MotusApiImporter] After enrichFromDetailPage() — engine_capacity_cc=NULL, image_urls count=1
[2026-07-24 20:50:45] [MotusApiImporter] findExistingCar() -> EXISTING car id=1710
[2026-07-24 20:50:45] [MotusApiImporter] updateCar() completed for existing id=1710.
[2026-07-24 20:50:45] [MotusApiImporter] --- Processing row 119 (stock/sku: 1446610) ---
[2026-07-24 20:50:45] [MotusApiImporter] parseVehicle() OK — make=VOLKSWAGEN, model=TRANSPORTER, source_url=https://www.motusvw.co.za/midrand/showroom/625-vwmdf875570/1/, image_urls count=1
[2026-07-24 20:50:45] [MotusApiImporter] Skipped detail-page fetch for stock #1446610 — time budget already exhausted.
[2026-07-24 20:50:45] [MotusApiImporter] After enrichFromDetailPage() — engine_capacity_cc=NULL, image_urls count=1
[2026-07-24 20:50:45] [MotusApiImporter] findExistingCar() -> EXISTING car id=1711
[2026-07-24 20:50:45] [MotusApiImporter] updateCar() completed for existing id=1711.
[2026-07-24 20:50:45] [MotusApiImporter] sync() FINISHED — {"imported":0,"updated":120,"skipped":0,"failed":0}
[2026-07-24 20:51:07] [MotusApiImporter] sync() STARTED — dealerId=14, sourceRef=https://www.motusvw.co.za/midrand/showroom/
[2026-07-24 20:51:07] [MotusApiImporter] Time budget: 35s, dealerNameFilter="Motus VW Midrand"
[2026-07-24 20:51:08] [MotusApiImporter] crawlDealership() returned 120 row(s) before dealer-name filtering.
[2026-07-24 20:51:08] [MotusApiImporter] After filterByDealerName(): 120 row(s) remain.
[2026-07-24 20:51:08] [MotusApiImporter] 94 vehicle(s) already enriched for this dealer — their detail-page fetch will be skipped this run.
[2026-07-24 20:51:08] [MotusApiImporter] --- Processing row 0 (stock/sku: 1446776) ---
[2026-07-24 20:51:08] [MotusApiImporter] parseVehicle() OK — make=VOLKSWAGEN, model=POLO, source_url=https://www.motusvw.co.za/midrand/showroom/625-vwmdf852273/5/, image_urls count=1
[2026-07-24 20:51:08] [MotusApiImporter] Stock #1446776 already enriched from a previous run — skipping detail-page fetch to save budget for un-enriched vehicles.
[2026-07-24 20:51:08] [MotusApiImporter] findExistingCar() -> EXISTING car id=1592
[2026-07-24 20:51:08] [MotusApiImporter] updateCar() completed for existing id=1592 (enrichment columns left untouched).
[2026-07-24 20:51:08] [MotusApiImporter] --- Processing row 1 (stock/sku: 1446299) ---
[2026-07-24 20:51:08] [MotusApiImporter] parseVehicle() OK — make=VOLKSWAGEN, model=GOLF 8, source_url=https://www.motusvw.co.za/midrand/showroom/625-vwmdf888609/1/, image_urls count=1
[2026-07-24 20:51:08] [MotusApiImporter] Stock #1446299 already enriched from a previous run — skipping detail-page fetch to save budget for un-enriched vehicles.
[2026-07-24 20:51:08] [MotusApiImporter] findExistingCar() -> EXISTING car id=1593
[2026-07-24 20:51:08] [MotusApiImporter] updateCar() completed for existing id=1593 (enrichment columns left untouched).
[2026-07-24 20:51:08] [MotusApiImporter] --- Processing row 2 (stock/sku: 1446532) ---
[2026-07-24 20:51:08] [MotusApiImporter] parseVehicle() OK — make=VOLKSWAGEN, model=POLO, source_url=https://www.motusvw.co.za/midrand/showroom/625-vwmdf883395/1/, image_urls count=1
[2026-07-24 20:51:08] [MotusApiImporter] Stock #1446532 already enriched from a previous run — skipping detail-page fetch to save budget for un-enriched vehicles.
[2026-07-24 20:51:08] [MotusApiImporter] findExistingCar() -> EXISTING car id=1594
[2026-07-24 20:51:08] [MotusApiImporter] updateCar() completed for existing id=1594 (enrichment columns left untouched).
[2026-07-24 20:51:08] [MotusApiImporter] --- Processing row 3 (stock/sku: 1446295) ---
[2026-07-24 20:51:08] [MotusApiImporter] parseVehicle() OK — make=VOLKSWAGEN, model=POLO, source_url=https://www.motusvw.co.za/midrand/showroom/625-vwmdf888735/1/, image_urls count=1
[2026-07-24 20:51:08] [MotusApiImporter] Stock #1446295 already enriched from a previous run — skipping detail-page fetch to save budget for un-enriched vehicles.
[2026-07-24 20:51:08] [MotusApiImporter] findExistingCar() -> EXISTING car id=1595
[2026-07-24 20:51:08] [MotusApiImporter] updateCar() completed for existing id=1595 (enrichment columns left untouched).
[2026-07-24 20:51:08] [MotusApiImporter] --- Processing row 4 (stock/sku: 1446601) ---
[2026-07-24 20:51:08] [MotusApiImporter] parseVehicle() OK — make=VOLKSWAGEN, model=POLO, source_url=https://www.motusvw.co.za/midrand/showroom/625-bm030used887224/1/, image_urls count=1
[2026-07-24 20:51:08] [MotusApiImporter] Stock #1446601 already enriched from a previous run — skipping detail-page fetch to save budget for un-enriched vehicles.
[2026-07-24 20:51:08] [MotusApiImporter] findExistingCar() -> EXISTING car id=1596
[2026-07-24 20:51:08] [MotusApiImporter] updateCar() completed for existing id=1596 (enrichment columns left untouched).
[2026-07-24 20:51:08] [MotusApiImporter] --- Processing row 5 (stock/sku: 1446065) ---
[2026-07-24 20:51:08] [MotusApiImporter] parseVehicle() OK — make=VOLKSWAGEN, model=POLO, source_url=https://www.motusvw.co.za/midrand/showroom/625-vwmdf890975/1/, image_urls count=1
[2026-07-24 20:51:08] [MotusApiImporter] Stock #1446065 already enriched from a previous run — skipping detail-page fetch to save budget for un-enriched vehicles.
[2026-07-24 20:51:08] [MotusApiImporter] findExistingCar() -> EXISTING car id=1597
[2026-07-24 20:51:08] [MotusApiImporter] updateCar() completed for existing id=1597 (enrichment columns left untouched).
[2026-07-24 20:51:08] [MotusApiImporter] --- Processing row 6 (stock/sku: 1446370) ---
[2026-07-24 20:51:08] [MotusApiImporter] parseVehicle() OK — make=VOLKSWAGEN, model=POLO, source_url=https://www.motusvw.co.za/midrand/showroom/625-vwmdf887435/1/, image_urls count=1
[2026-07-24 20:51:08] [MotusApiImporter] Stock #1446370 already enriched from a previous run — skipping detail-page fetch to save budget for un-enriched vehicles.
[2026-07-24 20:51:08] [MotusApiImporter] findExistingCar() -> EXISTING car id=1598
[2026-07-24 20:51:08] [MotusApiImporter] updateCar() completed for existing id=1598 (enrichment columns left untouched).
[2026-07-24 20:51:08] [MotusApiImporter] --- Processing row 7 (stock/sku: 1446517) ---
[2026-07-24 20:51:08] [MotusApiImporter] parseVehicle() OK — make=VOLKSWAGEN, model=POLO VIVO, source_url=https://www.motusvw.co.za/midrand/showroom/625-vwmdf884987/1/, image_urls count=1
[2026-07-24 20:51:08] [MotusApiImporter] Stock #1446517 already enriched from a previous run — skipping detail-page fetch to save budget for un-enriched vehicles.
[2026-07-24 20:51:08] [MotusApiImporter] findExistingCar() -> EXISTING car id=1599
[2026-07-24 20:51:08] [MotusApiImporter] updateCar() completed for existing id=1599 (enrichment columns left untouched).
[2026-07-24 20:51:08] [MotusApiImporter] --- Processing row 8 (stock/sku: 1446115) ---
[2026-07-24 20:51:08] [MotusApiImporter] parseVehicle() OK — make=VOLKSWAGEN, model=POLO VIVO, source_url=https://www.motusvw.co.za/midrand/showroom/625-vwmdf891042/2/, image_urls count=1
[2026-07-24 20:51:08] [MotusApiImporter] Stock #1446115 already enriched from a previous run — skipping detail-page fetch to save budget for un-enriched vehicles.
[2026-07-24 20:51:08] [MotusApiImporter] findExistingCar() -> EXISTING car id=1600
[2026-07-24 20:51:08] [MotusApiImporter] updateCar() completed for existing id=1600 (enrichment columns left untouched).
[2026-07-24 20:51:08] [MotusApiImporter] --- Processing row 9 (stock/sku: 1446589) ---
[2026-07-24 20:51:08] [MotusApiImporter] parseVehicle() OK — make=VOLKSWAGEN, model=POLO VIVO, source_url=https://www.motusvw.co.za/midrand/showroom/625-vwmdf875588/1/, image_urls count=1
[2026-07-24 20:51:08] [MotusApiImporter] Stock #1446589 already enriched from a previous run — skipping detail-page fetch to save budget for un-enriched vehicles.
[2026-07-24 20:51:08] [MotusApiImporter] findExistingCar() -> EXISTING car id=1601
[2026-07-24 20:51:08] [MotusApiImporter] updateCar() completed for existing id=1601 (enrichment columns left untouched).
[2026-07-24 20:51:08] [MotusApiImporter] --- Processing row 10 (stock/sku: 1446083) ---
[2026-07-24 20:51:08] [MotusApiImporter] parseVehicle() OK — make=VOLKSWAGEN, model=T-CROSS, source_url=https://www.motusvw.co.za/midrand/showroom/625-vwmdf891215/1/, image_urls count=1
[2026-07-24 20:51:08] [MotusApiImporter] Stock #1446083 already enriched from a previous run — skipping detail-page fetch to save budget for un-enriched vehicles.
[2026-07-24 20:51:08] [MotusApiImporter] findExistingCar() -> EXISTING car id=1602
[2026-07-24 20:51:08] [MotusApiImporter] updateCar() completed for existing id=1602 (enrichment columns left untouched).
[2026-07-24 20:51:08] [MotusApiImporter] --- Processing row 11 (stock/sku: 1446395) ---
[2026-07-24 20:51:08] [MotusApiImporter] parseVehicle() OK — make=VOLKSWAGEN, model=T-CROSS, source_url=https://www.motusvw.co.za/midrand/showroom/625-vwmdf886830/1/, image_urls count=1
[2026-07-24 20:51:08] [MotusApiImporter] Stock #1446395 already enriched from a previous run — skipping detail-page fetch to save budget for un-enriched vehicles.
[2026-07-24 20:51:08] [MotusApiImporter] findExistingCar() -> EXISTING car id=1603
[2026-07-24 20:51:08] [MotusApiImporter] updateCar() completed for existing id=1603 (enrichment columns left untouched).
[2026-07-24 20:51:08] [MotusApiImporter] --- Processing row 12 (stock/sku: 1446535) ---
[2026-07-24 20:51:08] [MotusApiImporter] parseVehicle() OK — make=VOLKSWAGEN, model=T-ROC, source_url=https://www.motusvw.co.za/midrand/showroom/625-vwmdf883338/1/, image_urls count=1
[2026-07-24 20:51:08] [MotusApiImporter] Stock #1446535 already enriched from a previous run — skipping detail-page fetch to save budget for un-enriched vehicles.
[2026-07-24 20:51:08] [MotusApiImporter] findExistingCar() -> EXISTING car id=1604
[2026-07-24 20:51:08] [MotusApiImporter] updateCar() completed for existing id=1604 (enrichment columns left untouched).
[2026-07-24 20:51:08] [MotusApiImporter] --- Processing row 13 (stock/sku: 1446315) ---
[2026-07-24 20:51:08] [MotusApiImporter] parseVehicle() OK — make=VOLKSWAGEN, model=T-ROC, source_url=https://www.motusvw.co.za/midrand/showroom/625-vwmdf888464/1/, image_urls count=1
[2026-07-24 20:51:08] [MotusApiImporter] Stock #1446315 already enriched from a previous run — skipping detail-page fetch to save budget for un-enriched vehicles.
[2026-07-24 20:51:08] [MotusApiImporter] findExistingCar() -> EXISTING car id=1605
[2026-07-24 20:51:08] [MotusApiImporter] updateCar() completed for existing id=1605 (enrichment columns left untouched).
[2026-07-24 20:51:08] [MotusApiImporter] --- Processing row 14 (stock/sku: 1446599) ---
[2026-07-24 20:51:08] [MotusApiImporter] parseVehicle() OK — make=VOLKSWAGEN, model=TIGUAN, source_url=https://www.motusvw.co.za/midrand/showroom/625-vwmdf875100/1/, image_urls count=1
[2026-07-24 20:51:08] [MotusApiImporter] Stock #1446599 already enriched from a previous run — skipping detail-page fetch to save budget for un-enriched vehicles.
[2026-07-24 20:51:08] [MotusApiImporter] findExistingCar() -> EXISTING car id=1606
[2026-07-24 20:51:08] [MotusApiImporter] updateCar() completed for existing id=1606 (enrichment columns left untouched).
[2026-07-24 20:51:08] [MotusApiImporter] --- Processing row 15 (stock/sku: 1446192) ---
[2026-07-24 20:51:08] [MotusApiImporter] parseVehicle() OK — make=VOLKSWAGEN, model=TIGUAN, source_url=https://www.motusvw.co.za/midrand/showroom/625-vwmdf890088/2/, image_urls count=1
[2026-07-24 20:51:08] [MotusApiImporter] Stock #1446192 already enriched from a previous run — skipping detail-page fetch to save budget for un-enriched vehicles.
[2026-07-24 20:51:08] [MotusApiImporter] findExistingCar() -> EXISTING car id=1607
[2026-07-24 20:51:08] [MotusApiImporter] updateCar() completed for existing id=1607 (enrichment columns left untouched).
[2026-07-24 20:51:08] [MotusApiImporter] --- Processing row 16 (stock/sku: 1446143) ---
[2026-07-24 20:51:08] [MotusApiImporter] parseVehicle() OK — make=VOLKSWAGEN, model=TIGUAN, source_url=https://www.motusvw.co.za/midrand/showroom/625-vwmdf890778/1/, image_urls count=1
[2026-07-24 20:51:08] [MotusApiImporter] Stock #1446143 already enriched from a previous run — skipping detail-page fetch to save budget for un-enriched vehicles.
[2026-07-24 20:51:08] [MotusApiImporter] findExistingCar() -> EXISTING car id=1608
[2026-07-24 20:51:08] [MotusApiImporter] updateCar() completed for existing id=1608 (enrichment columns left untouched).
[2026-07-24 20:51:08] [MotusApiImporter] --- Processing row 17 (stock/sku: 1446000) ---
[2026-07-24 20:51:08] [MotusApiImporter] parseVehicle() OK — make=VOLKSWAGEN, model=GOLF, source_url=https://www.motusvw.co.za/midrand/showroom/625-vwmdf892223/0/, image_urls count=1
[2026-07-24 20:51:08] [MotusApiImporter] Stock #1446000 already enriched from a previous run — skipping detail-page fetch to save budget for un-enriched vehicles.
[2026-07-24 20:51:08] [MotusApiImporter] findExistingCar() -> EXISTING car id=1609
[2026-07-24 20:51:08] [MotusApiImporter] updateCar() completed for existing id=1609 (enrichment columns left untouched).
[2026-07-24 20:51:08] [MotusApiImporter] --- Processing row 18 (stock/sku: 1445980) ---
[2026-07-24 20:51:08] [MotusApiImporter] parseVehicle() OK — make=VOLKSWAGEN, model=GOLF 8, source_url=https://www.motusvw.co.za/midrand/showroom/625-vwmdf892557/0/, image_urls count=1
[2026-07-24 20:51:08] [MotusApiImporter] Stock #1445980 already enriched from a previous run — skipping detail-page fetch to save budget for un-enriched vehicles.
[2026-07-24 20:51:08] [MotusApiImporter] findExistingCar() -> EXISTING car id=1610
[2026-07-24 20:51:08] [MotusApiImporter] updateCar() completed for existing id=1610 (enrichment columns left untouched).
[2026-07-24 20:51:08] [MotusApiImporter] --- Processing row 19 (stock/sku: 1446122) ---
[2026-07-24 20:51:08] [MotusApiImporter] parseVehicle() OK — make=VOLKSWAGEN, model=GOLF 8, source_url=https://www.motusvw.co.za/midrand/showroom/625-vwmdf890926/0/, image_urls count=1
[2026-07-24 20:51:08] [MotusApiImporter] Stock #1446122 already enriched from a previous run — skipping detail-page fetch to save budget for un-enriched vehicles.
[2026-07-24 20:51:08] [MotusApiImporter] findExistingCar() -> EXISTING car id=1611
[2026-07-24 20:51:08] [MotusApiImporter] updateCar() completed for existing id=1611 (enrichment columns left untouched).
[2026-07-24 20:51:08] [MotusApiImporter] --- Processing row 20 (stock/sku: 1446022) ---
[2026-07-24 20:51:08] [MotusApiImporter] parseVehicle() OK — make=VOLKSWAGEN, model=GOLF 8, source_url=https://www.motusvw.co.za/midrand/showroom/625-vwmdf892077/0/, image_urls count=1
[2026-07-24 20:51:08] [MotusApiImporter] Stock #1446022 already enriched from a previous run — skipping detail-page fetch to save budget for un-enriched vehicles.
[2026-07-24 20:51:08] [MotusApiImporter] findExistingCar() -> EXISTING car id=1612
[2026-07-24 20:51:08] [MotusApiImporter] updateCar() completed for existing id=1612 (enrichment columns left untouched).
[2026-07-24 20:51:08] [MotusApiImporter] --- Processing row 21 (stock/sku: 1446049) ---
[2026-07-24 20:51:08] [MotusApiImporter] parseVehicle() OK — make=VOLKSWAGEN, model=GOLF 8, source_url=https://www.motusvw.co.za/midrand/showroom/625-vwmdf892214/0/, image_urls count=1
[2026-07-24 20:51:08] [MotusApiImporter] Stock #1446049 already enriched from a previous run — skipping detail-page fetch to save budget for un-enriched vehicles.
[2026-07-24 20:51:08] [MotusApiImporter] findExistingCar() -> EXISTING car id=1613
[2026-07-24 20:51:08] [MotusApiImporter] updateCar() completed for existing id=1613 (enrichment columns left untouched).
[2026-07-24 20:51:08] [MotusApiImporter] --- Processing row 22 (stock/sku: 1446001) ---
[2026-07-24 20:51:08] [MotusApiImporter] parseVehicle() OK — make=VOLKSWAGEN, model=GOLF 8, source_url=https://www.motusvw.co.za/midrand/showroom/625-vwmdf892266/0/, image_urls count=1
[2026-07-24 20:51:08] [MotusApiImporter] Stock #1446001 already enriched from a previous run — skipping detail-page fetch to save budget for un-enriched vehicles.
[2026-07-24 20:51:08] [MotusApiImporter] findExistingCar() -> EXISTING car id=1614
[2026-07-24 20:51:08] [MotusApiImporter] updateCar() completed for existing id=1614 (enrichment columns left untouched).
[2026-07-24 20:51:08] [MotusApiImporter] --- Processing row 23 (stock/sku: 1446356) ---
[2026-07-24 20:51:08] [MotusApiImporter] parseVehicle() OK — make=VOLKSWAGEN, model=POLO, source_url=https://www.motusvw.co.za/midrand/showroom/625-vwmdf887866/0/, image_urls count=1
[2026-07-24 20:51:08] [MotusApiImporter] Stock #1446356 already enriched from a previous run — skipping detail-page fetch to save budget for un-enriched vehicles.
[2026-07-24 20:51:08] [MotusApiImporter] findExistingCar() -> EXISTING car id=1615
[2026-07-24 20:51:08] [MotusApiImporter] updateCar() completed for existing id=1615 (enrichment columns left untouched).
[2026-07-24 20:51:08] [MotusApiImporter] --- Processing row 24 (stock/sku: 1446129) ---
[2026-07-24 20:51:08] [MotusApiImporter] parseVehicle() OK — make=VOLKSWAGEN, model=POLO, source_url=https://www.motusvw.co.za/midrand/showroom/625-vwmdf890824/0/, image_urls count=1
[2026-07-24 20:51:08] [MotusApiImporter] Stock #1446129 already enriched from a previous run — skipping detail-page fetch to save budget for un-enriched vehicles.
[2026-07-24 20:51:08] [MotusApiImporter] findExistingCar() -> EXISTING car id=1616
[2026-07-24 20:51:08] [MotusApiImporter] updateCar() completed for existing id=1616 (enrichment columns left untouched).
[2026-07-24 20:51:08] [MotusApiImporter] --- Processing row 25 (stock/sku: 1445964) ---
[2026-07-24 20:51:08] [MotusApiImporter] parseVehicle() OK — make=VOLKSWAGEN, model=POLO, source_url=https://www.motusvw.co.za/midrand/showroom/625-vwmdf892733/0/, image_urls count=1
[2026-07-24 20:51:08] [MotusApiImporter] Stock #1445964 already enriched from a previous run — skipping detail-page fetch to save budget for un-enriched vehicles.
[2026-07-24 20:51:08] [MotusApiImporter] findExistingCar() -> EXISTING car id=1617
[2026-07-24 20:51:08] [MotusApiImporter] updateCar() completed for existing id=1617 (enrichment columns left untouched).
[2026-07-24 20:51:08] [MotusApiImporter] --- Processing row 26 (stock/sku: 1446127) ---
[2026-07-24 20:51:08] [MotusApiImporter] parseVehicle() OK — make=VOLKSWAGEN, model=POLO, source_url=https://www.motusvw.co.za/midrand/showroom/625-vwmdf890793/0/, image_urls count=1
[2026-07-24 20:51:08] [MotusApiImporter] Stock #1446127 already enriched from a previous run — skipping detail-page fetch to save budget for un-enriched vehicles.
[2026-07-24 20:51:08] [MotusApiImporter] findExistingCar() -> EXISTING car id=1618
[2026-07-24 20:51:08] [MotusApiImporter] updateCar() completed for existing id=1618 (enrichment columns left untouched).
[2026-07-24 20:51:08] [MotusApiImporter] --- Processing row 27 (stock/sku: 1446009) ---
[2026-07-24 20:51:08] [MotusApiImporter] parseVehicle() OK — make=VOLKSWAGEN, model=POLO, source_url=https://www.motusvw.co.za/midrand/showroom/625-vwmdf892148/0/, image_urls count=1
[2026-07-24 20:51:08] [MotusApiImporter] Stock #1446009 already enriched from a previous run — skipping detail-page fetch to save budget for un-enriched vehicles.
[2026-07-24 20:51:08] [MotusApiImporter] findExistingCar() -> EXISTING car id=1619
[2026-07-24 20:51:08] [MotusApiImporter] updateCar() completed for existing id=1619 (enrichment columns left untouched).
[2026-07-24 20:51:08] [MotusApiImporter] --- Processing row 28 (stock/sku: 1445944) ---
[2026-07-24 20:51:08] [MotusApiImporter] parseVehicle() OK — make=VOLKSWAGEN, model=POLO, source_url=https://www.motusvw.co.za/midrand/showroom/625-vwmdf893079/0/, image_urls count=1
[2026-07-24 20:51:08] [MotusApiImporter] Stock #1445944 already enriched from a previous run — skipping detail-page fetch to save budget for un-enriched vehicles.
[2026-07-24 20:51:08] [MotusApiImporter] findExistingCar() -> EXISTING car id=1620
[2026-07-24 20:51:08] [MotusApiImporter] updateCar() completed for existing id=1620 (enrichment columns left untouched).
[2026-07-24 20:51:08] [MotusApiImporter] --- Processing row 29 (stock/sku: 1445929) ---
[2026-07-24 20:51:08] [MotusApiImporter] parseVehicle() OK — make=VOLKSWAGEN, model=POLO, source_url=https://www.motusvw.co.za/midrand/showroom/625-vwmdf893255/0/, image_urls count=1
[2026-07-24 20:51:08] [MotusApiImporter] Stock #1445929 already enriched from a previous run — skipping detail-page fetch to save budget for un-enriched vehicles.
[2026-07-24 20:51:08] [MotusApiImporter] findExistingCar() -> EXISTING car id=1621
[2026-07-24 20:51:08] [MotusApiImporter] updateCar() completed for existing id=1621 (enrichment columns left untouched).
[2026-07-24 20:51:08] [MotusApiImporter] --- Processing row 30 (stock/sku: 1445930) ---
[2026-07-24 20:51:08] [MotusApiImporter] parseVehicle() OK — make=VOLKSWAGEN, model=POLO, source_url=https://www.motusvw.co.za/midrand/showroom/625-vwmdf893267/0/, image_urls count=1
[2026-07-24 20:51:08] [MotusApiImporter] Stock #1445930 already enriched from a previous run — skipping detail-page fetch to save budget for un-enriched vehicles.
[2026-07-24 20:51:08] [MotusApiImporter] findExistingCar() -> EXISTING car id=1622
[2026-07-24 20:51:08] [MotusApiImporter] updateCar() completed for existing id=1622 (enrichment columns left untouched).
[2026-07-24 20:51:08] [MotusApiImporter] --- Processing row 31 (stock/sku: 1446008) ---
[2026-07-24 20:51:08] [MotusApiImporter] parseVehicle() OK — make=VOLKSWAGEN, model=POLO, source_url=https://www.motusvw.co.za/midrand/showroom/625-vwmdf892145/0/, image_urls count=1
[2026-07-24 20:51:08] [MotusApiImporter] Stock #1446008 already enriched from a previous run — skipping detail-page fetch to save budget for un-enriched vehicles.
[2026-07-24 20:51:08] [MotusApiImporter] findExistingCar() -> EXISTING car id=1623
[2026-07-24 20:51:08] [MotusApiImporter] updateCar() completed for existing id=1623 (enrichment columns left untouched).
[2026-07-24 20:51:08] [MotusApiImporter] --- Processing row 32 (stock/sku: 1445928) ---
[2026-07-24 20:51:08] [MotusApiImporter] parseVehicle() OK — make=VOLKSWAGEN, model=POLO, source_url=https://www.motusvw.co.za/midrand/showroom/625-vwmdf893252/0/, image_urls count=1
[2026-07-24 20:51:08] [MotusApiImporter] Stock #1445928 already enriched from a previous run — skipping detail-page fetch to save budget for un-enriched vehicles.
[2026-07-24 20:51:08] [MotusApiImporter] findExistingCar() -> EXISTING car id=1624
[2026-07-24 20:51:08] [MotusApiImporter] updateCar() completed for existing id=1624 (enrichment columns left untouched).
[2026-07-24 20:51:08] [MotusApiImporter] --- Processing row 33 (stock/sku: 1445915) ---
[2026-07-24 20:51:08] [MotusApiImporter] parseVehicle() OK — make=VOLKSWAGEN, model=POLO, source_url=https://www.motusvw.co.za/midrand/showroom/625-vwmdf893516/0/, image_urls count=1
[2026-07-24 20:51:08] [MotusApiImporter] Stock #1445915 already enriched from a previous run — skipping detail-page fetch to save budget for un-enriched vehicles.
[2026-07-24 20:51:08] [MotusApiImporter] findExistingCar() -> EXISTING car id=1625
[2026-07-24 20:51:08] [MotusApiImporter] updateCar() completed for existing id=1625 (enrichment columns left untouched).
[2026-07-24 20:51:08] [MotusApiImporter] --- Processing row 34 (stock/sku: 1445966) ---
[2026-07-24 20:51:08] [MotusApiImporter] parseVehicle() OK — make=VOLKSWAGEN, model=POLO, source_url=https://www.motusvw.co.za/midrand/showroom/625-vwmdf892527/0/, image_urls count=1
[2026-07-24 20:51:08] [MotusApiImporter] Stock #1445966 already enriched from a previous run — skipping detail-page fetch to save budget for un-enriched vehicles.
[2026-07-24 20:51:08] [MotusApiImporter] findExistingCar() -> EXISTING car id=1626
[2026-07-24 20:51:08] [MotusApiImporter] updateCar() completed for existing id=1626 (enrichment columns left untouched).
[2026-07-24 20:51:08] [MotusApiImporter] --- Processing row 35 (stock/sku: 1445835) ---
[2026-07-24 20:51:08] [MotusApiImporter] parseVehicle() OK — make=VOLKSWAGEN, model=POLO, source_url=https://www.motusvw.co.za/midrand/showroom/625-vwmdf894547/0/, image_urls count=1
[2026-07-24 20:51:08] [MotusApiImporter] Stock #1445835 already enriched from a previous run — skipping detail-page fetch to save budget for un-enriched vehicles.
[2026-07-24 20:51:08] [MotusApiImporter] findExistingCar() -> EXISTING car id=1627
[2026-07-24 20:51:08] [MotusApiImporter] updateCar() completed for existing id=1627 (enrichment columns left untouched).
[2026-07-24 20:51:08] [MotusApiImporter] --- Processing row 36 (stock/sku: 1445857) ---
[2026-07-24 20:51:08] [MotusApiImporter] parseVehicle() OK — make=VOLKSWAGEN, model=POLO VIVO, source_url=https://www.motusvw.co.za/midrand/showroom/625-vwmdf894310/0/, image_urls count=1
[2026-07-24 20:51:08] [MotusApiImporter] Stock #1445857 already enriched from a previous run — skipping detail-page fetch to save budget for un-enriched vehicles.
[2026-07-24 20:51:08] [MotusApiImporter] findExistingCar() -> EXISTING car id=1628
[2026-07-24 20:51:08] [MotusApiImporter] updateCar() completed for existing id=1628 (enrichment columns left untouched).
[2026-07-24 20:51:08] [MotusApiImporter] --- Processing row 37 (stock/sku: 1445858) ---
[2026-07-24 20:51:08] [MotusApiImporter] parseVehicle() OK — make=VOLKSWAGEN, model=POLO VIVO, source_url=https://www.motusvw.co.za/midrand/showroom/625-vwmdf894316/0/, image_urls count=1
[2026-07-24 20:51:08] [MotusApiImporter] Stock #1445858 already enriched from a previous run — skipping detail-page fetch to save budget for un-enriched vehicles.
[2026-07-24 20:51:08] [MotusApiImporter] findExistingCar() -> EXISTING car id=1629
[2026-07-24 20:51:08] [MotusApiImporter] updateCar() completed for existing id=1629 (enrichment columns left untouched).
[2026-07-24 20:51:08] [MotusApiImporter] --- Processing row 38 (stock/sku: 1446130) ---
[2026-07-24 20:51:08] [MotusApiImporter] parseVehicle() OK — make=VOLKSWAGEN, model=POLO VIVO, source_url=https://www.motusvw.co.za/midrand/showroom/625-vwmdf890905/0/, image_urls count=1
[2026-07-24 20:51:08] [MotusApiImporter] Stock #1446130 already enriched from a previous run — skipping detail-page fetch to save budget for un-enriched vehicles.
[2026-07-24 20:51:08] [MotusApiImporter] findExistingCar() -> EXISTING car id=1630
[2026-07-24 20:51:08] [MotusApiImporter] updateCar() completed for existing id=1630 (enrichment columns left untouched).
[2026-07-24 20:51:08] [MotusApiImporter] --- Processing row 39 (stock/sku: 1445963) ---
[2026-07-24 20:51:08] [MotusApiImporter] parseVehicle() OK — make=VOLKSWAGEN, model=T-CROSS, source_url=https://www.motusvw.co.za/midrand/showroom/625-vwmdf892729/0/, image_urls count=1
[2026-07-24 20:51:08] [MotusApiImporter] Stock #1445963 already enriched from a previous run — skipping detail-page fetch to save budget for un-enriched vehicles.
[2026-07-24 20:51:08] [MotusApiImporter] findExistingCar() -> EXISTING car id=1631
[2026-07-24 20:51:08] [MotusApiImporter] updateCar() completed for existing id=1631 (enrichment columns left untouched).
[2026-07-24 20:51:08] [MotusApiImporter] --- Processing row 40 (stock/sku: 1445833) ---
[2026-07-24 20:51:08] [MotusApiImporter] parseVehicle() OK — make=VOLKSWAGEN, model=T-CROSS, source_url=https://www.motusvw.co.za/midrand/showroom/625-vwmdf895060/0/, image_urls count=1
[2026-07-24 20:51:08] [MotusApiImporter] Stock #1445833 already enriched from a previous run — skipping detail-page fetch to save budget for un-enriched vehicles.
[2026-07-24 20:51:08] [MotusApiImporter] findExistingCar() -> EXISTING car id=1632
[2026-07-24 20:51:08] [MotusApiImporter] updateCar() completed for existing id=1632 (enrichment columns left untouched).
[2026-07-24 20:51:08] [MotusApiImporter] --- Processing row 41 (stock/sku: 1445916) ---
[2026-07-24 20:51:08] [MotusApiImporter] parseVehicle() OK — make=VOLKSWAGEN, model=T-CROSS, source_url=https://www.motusvw.co.za/midrand/showroom/625-vwmdf893597/0/, image_urls count=1
[2026-07-24 20:51:08] [MotusApiImporter] Stock #1445916 already enriched from a previous run — skipping detail-page fetch to save budget for un-enriched vehicles.
[2026-07-24 20:51:08] [MotusApiImporter] findExistingCar() -> EXISTING car id=1633
[2026-07-24 20:51:08] [MotusApiImporter] updateCar() completed for existing id=1633 (enrichment columns left untouched).
[2026-07-24 20:51:08] [MotusApiImporter] --- Processing row 42 (stock/sku: 1445895) ---
[2026-07-24 20:51:08] [MotusApiImporter] parseVehicle() OK — make=VOLKSWAGEN, model=T-CROSS, source_url=https://www.motusvw.co.za/midrand/showroom/625-vwmdf894000/0/, image_urls count=1
[2026-07-24 20:51:08] [MotusApiImporter] Stock #1445895 already enriched from a previous run — skipping detail-page fetch to save budget for un-enriched vehicles.
[2026-07-24 20:51:08] [MotusApiImporter] findExistingCar() -> EXISTING car id=1634
[2026-07-24 20:51:08] [MotusApiImporter] updateCar() completed for existing id=1634 (enrichment columns left untouched).
[2026-07-24 20:51:08] [MotusApiImporter] --- Processing row 43 (stock/sku: 1445907) ---
[2026-07-24 20:51:08] [MotusApiImporter] parseVehicle() OK — make=VOLKSWAGEN, model=TIGUAN, source_url=https://www.motusvw.co.za/midrand/showroom/625-vwmdf893709/0/, image_urls count=1
[2026-07-24 20:51:08] [MotusApiImporter] Stock #1445907 already enriched from a previous run — skipping detail-page fetch to save budget for un-enriched vehicles.
[2026-07-24 20:51:08] [MotusApiImporter] findExistingCar() -> EXISTING car id=1635
[2026-07-24 20:51:08] [MotusApiImporter] updateCar() completed for existing id=1635 (enrichment columns left untouched).
[2026-07-24 20:51:08] [MotusApiImporter] --- Processing row 44 (stock/sku: 1446283) ---
[2026-07-24 20:51:08] [MotusApiImporter] parseVehicle() OK — make=VOLKSWAGEN, model=TIGUAN, source_url=https://www.motusvw.co.za/midrand/showroom/625-vwmdf888104/0/, image_urls count=1
[2026-07-24 20:51:08] [MotusApiImporter] Stock #1446283 already enriched from a previous run — skipping detail-page fetch to save budget for un-enriched vehicles.
[2026-07-24 20:51:08] [MotusApiImporter] findExistingCar() -> EXISTING car id=1636
[2026-07-24 20:51:08] [MotusApiImporter] updateCar() completed for existing id=1636 (enrichment columns left untouched).
[2026-07-24 20:51:08] [MotusApiImporter] --- Processing row 45 (stock/sku: 1446223) ---
[2026-07-24 20:51:08] [MotusApiImporter] parseVehicle() OK — make=JEEP, model=RENEGADE, source_url=https://www.motusvw.co.za/midrand/showroom/625-vwmdf889687/1/, image_urls count=1
[2026-07-24 20:51:08] [MotusApiImporter] Stock #1446223 already enriched from a previous run — skipping detail-page fetch to save budget for un-enriched vehicles.
[2026-07-24 20:51:08] [MotusApiImporter] findExistingCar() -> EXISTING car id=1637
[2026-07-24 20:51:08] [MotusApiImporter] updateCar() completed for existing id=1637 (enrichment columns left untouched).
[2026-07-24 20:51:08] [MotusApiImporter] --- Processing row 46 (stock/sku: 1445923) ---
[2026-07-24 20:51:08] [MotusApiImporter] parseVehicle() OK — make=BMW, model=2 SERIES, source_url=https://www.motusvw.co.za/midrand/showroom/625-vwmdf893379/1/, image_urls count=1
[2026-07-24 20:51:08] [MotusApiImporter] Stock #1445923 already enriched from a previous run — skipping detail-page fetch to save budget for un-enriched vehicles.
[2026-07-24 20:51:08] [MotusApiImporter] findExistingCar() -> EXISTING car id=1638
[2026-07-24 20:51:08] [MotusApiImporter] updateCar() completed for existing id=1638 (enrichment columns left untouched).
[2026-07-24 20:51:08] [MotusApiImporter] --- Processing row 47 (stock/sku: 1445943) ---
[2026-07-24 20:51:08] [MotusApiImporter] parseVehicle() OK — make=FORD, model=ECOSPORT, source_url=https://www.motusvw.co.za/midrand/showroom/625-vwmdf893075/1/, image_urls count=1
[2026-07-24 20:51:08] [MotusApiImporter] Stock #1445943 already enriched from a previous run — skipping detail-page fetch to save budget for un-enriched vehicles.
[2026-07-24 20:51:08] [MotusApiImporter] findExistingCar() -> EXISTING car id=1639
[2026-07-24 20:51:08] [MotusApiImporter] updateCar() completed for existing id=1639 (enrichment columns left untouched).
[2026-07-24 20:51:08] [MotusApiImporter] --- Processing row 48 (stock/sku: 1446850) ---
[2026-07-24 20:51:08] [MotusApiImporter] parseVehicle() OK — make=VOLKSWAGEN, model=POLO, source_url=https://www.motusvw.co.za/midrand/showroom/625-vwmdf258260/1/, image_urls count=1
[2026-07-24 20:51:08] [MotusApiImporter] Stock #1446850 already enriched from a previous run — skipping detail-page fetch to save budget for un-enriched vehicles.
[2026-07-24 20:51:08] [MotusApiImporter] findExistingCar() -> EXISTING car id=1640
[2026-07-24 20:51:08] [MotusApiImporter] updateCar() completed for existing id=1640 (enrichment columns left untouched).
[2026-07-24 20:51:08] [MotusApiImporter] --- Processing row 49 (stock/sku: 1446505) ---
[2026-07-24 20:51:08] [MotusApiImporter] parseVehicle() OK — make=VOLKSWAGEN, model=POLO VIVO, source_url=https://www.motusvw.co.za/midrand/showroom/625-vwmdf608385/2/, image_urls count=1
[2026-07-24 20:51:08] [MotusApiImporter] Stock #1446505 already enriched from a previous run — skipping detail-page fetch to save budget for un-enriched vehicles.
[2026-07-24 20:51:08] [MotusApiImporter] findExistingCar() -> EXISTING car id=1641
[2026-07-24 20:51:08] [MotusApiImporter] updateCar() completed for existing id=1641 (enrichment columns left untouched).
[2026-07-24 20:51:08] [MotusApiImporter] --- Processing row 50 (stock/sku: 1446800) ---
[2026-07-24 20:51:08] [MotusApiImporter] parseVehicle() OK — make=VOLKSWAGEN, model=TIGUAN, source_url=https://www.motusvw.co.za/midrand/showroom/625-vwmdf829969/1/, image_urls count=1
[2026-07-24 20:51:08] [MotusApiImporter] Stock #1446800 already enriched from a previous run — skipping detail-page fetch to save budget for un-enriched vehicles.
[2026-07-24 20:51:08] [MotusApiImporter] findExistingCar() -> EXISTING car id=1642
[2026-07-24 20:51:08] [MotusApiImporter] updateCar() completed for existing id=1642 (enrichment columns left untouched).
[2026-07-24 20:51:08] [MotusApiImporter] --- Processing row 51 (stock/sku: 1446792) ---
[2026-07-24 20:51:08] [MotusApiImporter] parseVehicle() OK — make=VOLKSWAGEN, model=TIGUAN ALLSPACE, source_url=https://www.motusvw.co.za/midrand/showroom/625-vwmdf838290/1/, image_urls count=1
[2026-07-24 20:51:08] [MotusApiImporter] Stock #1446792 already enriched from a previous run — skipping detail-page fetch to save budget for un-enriched vehicles.
[2026-07-24 20:51:08] [MotusApiImporter] findExistingCar() -> EXISTING car id=1643
[2026-07-24 20:51:08] [MotusApiImporter] updateCar() completed for existing id=1643 (enrichment columns left untouched).
[2026-07-24 20:51:08] [MotusApiImporter] --- Processing row 52 (stock/sku: 1449899) ---
[2026-07-24 20:51:08] [MotusApiImporter] parseVehicle() OK — make=VOLKSWAGEN, model=POLO VIVO, source_url=https://www.motusvw.co.za/midrand/showroom/625-vwmdf896660/1/, image_urls count=1
[2026-07-24 20:51:08] [MotusApiImporter] Stock #1449899 already enriched from a previous run — skipping detail-page fetch to save budget for un-enriched vehicles.
[2026-07-24 20:51:08] [MotusApiImporter] findExistingCar() -> EXISTING car id=1644
[2026-07-24 20:51:08] [MotusApiImporter] updateCar() completed for existing id=1644 (enrichment columns left untouched).
[2026-07-24 20:51:08] [MotusApiImporter] --- Processing row 53 (stock/sku: 1446153) ---
[2026-07-24 20:51:08] [MotusApiImporter] parseVehicle() OK — make=VOLKSWAGEN, model=TIGUAN, source_url=https://www.motusvw.co.za/midrand/showroom/625-vwmdf762579/1/, image_urls count=1
[2026-07-24 20:51:08] [MotusApiImporter] Stock #1446153 already enriched from a previous run — skipping detail-page fetch to save budget for un-enriched vehicles.
[2026-07-24 20:51:08] [MotusApiImporter] findExistingCar() -> EXISTING car id=1645
[2026-07-24 20:51:08] [MotusApiImporter] updateCar() completed for existing id=1645 (enrichment columns left untouched).
[2026-07-24 20:51:08] [MotusApiImporter] --- Processing row 54 (stock/sku: 1446811) ---
[2026-07-24 20:51:08] [MotusApiImporter] parseVehicle() OK — make=FORD, model=ECOSPORT, source_url=https://www.motusvw.co.za/midrand/showroom/625-vwmdf889981/1/, image_urls count=1
[2026-07-24 20:51:08] [MotusApiImporter] Stock #1446811 already enriched from a previous run — skipping detail-page fetch to save budget for un-enriched vehicles.
[2026-07-24 20:51:08] [MotusApiImporter] findExistingCar() -> EXISTING car id=1646
[2026-07-24 20:51:08] [MotusApiImporter] updateCar() completed for existing id=1646 (enrichment columns left untouched).
[2026-07-24 20:51:08] [MotusApiImporter] --- Processing row 55 (stock/sku: 1445937) ---
[2026-07-24 20:51:08] [MotusApiImporter] parseVehicle() OK — make=FORD, model=FIGO, source_url=https://www.motusvw.co.za/midrand/showroom/625-vwmdf893195/1/, image_urls count=1
[2026-07-24 20:51:08] [MotusApiImporter] Stock #1445937 already enriched from a previous run — skipping detail-page fetch to save budget for un-enriched vehicles.
[2026-07-24 20:51:08] [MotusApiImporter] findExistingCar() -> EXISTING car id=1647
[2026-07-24 20:51:08] [MotusApiImporter] updateCar() completed for existing id=1647 (enrichment columns left untouched).
[2026-07-24 20:51:08] [MotusApiImporter] --- Processing row 56 (stock/sku: 1446382) ---
[2026-07-24 20:51:08] [MotusApiImporter] parseVehicle() OK — make=VOLKSWAGEN, model=AMAROK, source_url=https://www.motusvw.co.za/midrand/showroom/625-vwmdf421690/1/, image_urls count=1
[2026-07-24 20:51:08] [MotusApiImporter] Stock #1446382 already enriched from a previous run — skipping detail-page fetch to save budget for un-enriched vehicles.
[2026-07-24 20:51:08] [MotusApiImporter] findExistingCar() -> EXISTING car id=1648
[2026-07-24 20:51:08] [MotusApiImporter] updateCar() completed for existing id=1648 (enrichment columns left untouched).
[2026-07-24 20:51:08] [MotusApiImporter] --- Processing row 57 (stock/sku: 1446801) ---
[2026-07-24 20:51:08] [MotusApiImporter] parseVehicle() OK — make=VOLKSWAGEN, model=T-CROSS, source_url=https://www.motusvw.co.za/midrand/showroom/625-vwmdf423363/2/, image_urls count=1
[2026-07-24 20:51:08] [MotusApiImporter] Stock #1446801 already enriched from a previous run — skipping detail-page fetch to save budget for un-enriched vehicles.
[2026-07-24 20:51:08] [MotusApiImporter] findExistingCar() -> EXISTING car id=1649
[2026-07-24 20:51:08] [MotusApiImporter] updateCar() completed for existing id=1649 (enrichment columns left untouched).
[2026-07-24 20:51:08] [MotusApiImporter] --- Processing row 58 (stock/sku: 1446410) ---
[2026-07-24 20:51:08] [MotusApiImporter] parseVehicle() OK — make=VOLKSWAGEN, model=TRANSPORTER, source_url=https://www.motusvw.co.za/midrand/showroom/625-vwmdf886408/4/, image_urls count=1
[2026-07-24 20:51:08] [MotusApiImporter] Stock #1446410 already enriched from a previous run — skipping detail-page fetch to save budget for un-enriched vehicles.
[2026-07-24 20:51:08] [MotusApiImporter] findExistingCar() -> EXISTING car id=1650
[2026-07-24 20:51:08] [MotusApiImporter] updateCar() completed for existing id=1650 (enrichment columns left untouched).
[2026-07-24 20:51:08] [MotusApiImporter] --- Processing row 59 (stock/sku: 1445899) ---
[2026-07-24 20:51:08] [MotusApiImporter] parseVehicle() OK — make=VOLKSWAGEN, model=TRANSPORTER, source_url=https://www.motusvw.co.za/midrand/showroom/625-vwmdf893863/1/, image_urls count=1
[2026-07-24 20:51:08] [MotusApiImporter] Stock #1445899 already enriched from a previous run — skipping detail-page fetch to save budget for un-enriched vehicles.
[2026-07-24 20:51:08] [MotusApiImporter] findExistingCar() -> EXISTING car id=1651
[2026-07-24 20:51:08] [MotusApiImporter] updateCar() completed for existing id=1651 (enrichment columns left untouched).
[2026-07-24 20:51:08] [MotusApiImporter] --- Processing row 60 (stock/sku: 1446142) ---
[2026-07-24 20:51:08] [MotusApiImporter] parseVehicle() OK — make=BMW, model=4 SERIES, source_url=https://www.motusvw.co.za/midrand/showroom/625-vwmdf890748/1/, image_urls count=1
[2026-07-24 20:51:08] [MotusApiImporter] Stock #1446142 already enriched from a previous run — skipping detail-page fetch to save budget for un-enriched vehicles.
[2026-07-24 20:51:08] [MotusApiImporter] findExistingCar() -> EXISTING car id=1652
[2026-07-24 20:51:08] [MotusApiImporter] updateCar() completed for existing id=1652 (enrichment columns left untouched).
[2026-07-24 20:51:08] [MotusApiImporter] --- Processing row 61 (stock/sku: 1446010) ---
[2026-07-24 20:51:08] [MotusApiImporter] parseVehicle() OK — make=JAGUAR, model=F-PACE, source_url=https://www.motusvw.co.za/midrand/showroom/625-vwmdf892204/1/, image_urls count=1
[2026-07-24 20:51:08] [MotusApiImporter] Stock #1446010 already enriched from a previous run — skipping detail-page fetch to save budget for un-enriched vehicles.
[2026-07-24 20:51:08] [MotusApiImporter] findExistingCar() -> EXISTING car id=1653
[2026-07-24 20:51:08] [MotusApiImporter] updateCar() completed for existing id=1653 (enrichment columns left untouched).
[2026-07-24 20:51:08] [MotusApiImporter] --- Processing row 62 (stock/sku: 1448883) ---
[2026-07-24 20:51:08] [MotusApiImporter] parseVehicle() OK — make=KIA, model=RIO, source_url=https://www.motusvw.co.za/midrand/showroom/625-vwmvusc894215/1/, image_urls count=1
[2026-07-24 20:51:08] [MotusApiImporter] Stock #1448883 already enriched from a previous run — skipping detail-page fetch to save budget for un-enriched vehicles.
[2026-07-24 20:51:08] [MotusApiImporter] findExistingCar() -> EXISTING car id=1654
[2026-07-24 20:51:08] [MotusApiImporter] updateCar() completed for existing id=1654 (enrichment columns left untouched).
[2026-07-24 20:51:08] [MotusApiImporter] --- Processing row 63 (stock/sku: 1445715) ---
[2026-07-24 20:51:08] [MotusApiImporter] parseVehicle() OK — make=RENAULT, model=CLIO, source_url=https://www.motusvw.co.za/midrand/showroom/625-vwmdf896334/1/, image_urls count=1
[2026-07-24 20:51:08] [MotusApiImporter] Stock #1445715 already enriched from a previous run — skipping detail-page fetch to save budget for un-enriched vehicles.
[2026-07-24 20:51:08] [MotusApiImporter] findExistingCar() -> EXISTING car id=1655
[2026-07-24 20:51:08] [MotusApiImporter] updateCar() completed for existing id=1655 (enrichment columns left untouched).
[2026-07-24 20:51:08] [MotusApiImporter] --- Processing row 64 (stock/sku: 1445883) ---
[2026-07-24 20:51:08] [MotusApiImporter] parseVehicle() OK — make=VOLKSWAGEN, model=POLO VIVO, source_url=https://www.motusvw.co.za/midrand/showroom/625-vwmdf894125/2/, image_urls count=1
[2026-07-24 20:51:08] [MotusApiImporter] Stock #1445883 already enriched from a previous run — skipping detail-page fetch to save budget for un-enriched vehicles.
[2026-07-24 20:51:08] [MotusApiImporter] findExistingCar() -> EXISTING car id=1656
[2026-07-24 20:51:08] [MotusApiImporter] updateCar() completed for existing id=1656 (enrichment columns left untouched).
[2026-07-24 20:51:08] [MotusApiImporter] --- Processing row 65 (stock/sku: 1445714) ---
[2026-07-24 20:51:08] [MotusApiImporter] parseVehicle() OK — make=VOLKSWAGEN, model=POLO VIVO, source_url=https://www.motusvw.co.za/midrand/showroom/625-vwmdf896260/1/, image_urls count=1
[2026-07-24 20:51:08] [MotusApiImporter] Stock #1445714 already enriched from a previous run — skipping detail-page fetch to save budget for un-enriched vehicles.
[2026-07-24 20:51:09] [MotusApiImporter] findExistingCar() -> EXISTING car id=1657
[2026-07-24 20:51:09] [MotusApiImporter] updateCar() completed for existing id=1657 (enrichment columns left untouched).
[2026-07-24 20:51:09] [MotusApiImporter] --- Processing row 66 (stock/sku: 1446735) ---
[2026-07-24 20:51:09] [MotusApiImporter] parseVehicle() OK — make=VOLKSWAGEN, model=TAIGO, source_url=https://www.motusvw.co.za/midrand/showroom/625-vwmdf861673/2/, image_urls count=1
[2026-07-24 20:51:09] [MotusApiImporter] Stock #1446735 already enriched from a previous run — skipping detail-page fetch to save budget for un-enriched vehicles.
[2026-07-24 20:51:09] [MotusApiImporter] findExistingCar() -> EXISTING car id=1658
[2026-07-24 20:51:09] [MotusApiImporter] updateCar() completed for existing id=1658 (enrichment columns left untouched).
[2026-07-24 20:51:09] [MotusApiImporter] --- Processing row 67 (stock/sku: 1445959) ---
[2026-07-24 20:51:09] [MotusApiImporter] parseVehicle() OK — make=VOLKSWAGEN, model=TRANSPORTER, source_url=https://www.motusvw.co.za/midrand/showroom/625-vwmdf425954/1/, image_urls count=1
[2026-07-24 20:51:09] [MotusApiImporter] Stock #1445959 already enriched from a previous run — skipping detail-page fetch to save budget for un-enriched vehicles.
[2026-07-24 20:51:09] [MotusApiImporter] findExistingCar() -> EXISTING car id=1659
[2026-07-24 20:51:09] [MotusApiImporter] updateCar() completed for existing id=1659 (enrichment columns left untouched).
[2026-07-24 20:51:09] [MotusApiImporter] --- Processing row 68 (stock/sku: 1446051) ---
[2026-07-24 20:51:09] [MotusApiImporter] parseVehicle() OK — make=VOLKSWAGEN, model=AMAROK, source_url=https://www.motusvw.co.za/midrand/showroom/625-vwmdf891606/1/, image_urls count=1
[2026-07-24 20:51:09] [MotusApiImporter] Stock #1446051 already enriched from a previous run — skipping detail-page fetch to save budget for un-enriched vehicles.
[2026-07-24 20:51:09] [MotusApiImporter] findExistingCar() -> EXISTING car id=1660
[2026-07-24 20:51:09] [MotusApiImporter] updateCar() completed for existing id=1660 (enrichment columns left untouched).
[2026-07-24 20:51:09] [MotusApiImporter] --- Processing row 69 (stock/sku: 1446086) ---
[2026-07-24 20:51:09] [MotusApiImporter] parseVehicle() OK — make=VOLKSWAGEN, model=POLO, source_url=https://www.motusvw.co.za/midrand/showroom/625-vwmdf891191/1/, image_urls count=1
[2026-07-24 20:51:09] [MotusApiImporter] Stock #1446086 already enriched from a previous run — skipping detail-page fetch to save budget for un-enriched vehicles.
[2026-07-24 20:51:09] [MotusApiImporter] findExistingCar() -> EXISTING car id=1661
[2026-07-24 20:51:09] [MotusApiImporter] updateCar() completed for existing id=1661 (enrichment columns left untouched).
[2026-07-24 20:51:09] [MotusApiImporter] --- Processing row 70 (stock/sku: 1446654) ---
[2026-07-24 20:51:09] [MotusApiImporter] parseVehicle() OK — make=AUDI, model=Q2, source_url=https://www.motusvw.co.za/midrand/showroom/625-vwmdf872129/1/, image_urls count=1
[2026-07-24 20:51:09] [MotusApiImporter] Stock #1446654 already enriched from a previous run — skipping detail-page fetch to save budget for un-enriched vehicles.
[2026-07-24 20:51:09] [MotusApiImporter] findExistingCar() -> EXISTING car id=1662
[2026-07-24 20:51:09] [MotusApiImporter] updateCar() completed for existing id=1662 (enrichment columns left untouched).
[2026-07-24 20:51:09] [MotusApiImporter] --- Processing row 71 (stock/sku: 1449184) ---
[2026-07-24 20:51:09] [MotusApiImporter] parseVehicle() OK — make=FORD, model=RANGER, source_url=https://www.motusvw.co.za/midrand/showroom/625-vwmdf895758/1/, image_urls count=1
[2026-07-24 20:51:09] [MotusApiImporter] Stock #1449184 already enriched from a previous run — skipping detail-page fetch to save budget for un-enriched vehicles.
[2026-07-24 20:51:09] [MotusApiImporter] findExistingCar() -> EXISTING car id=1663
[2026-07-24 20:51:09] [MotusApiImporter] updateCar() completed for existing id=1663 (enrichment columns left untouched).
[2026-07-24 20:51:09] [MotusApiImporter] --- Processing row 72 (stock/sku: 1448032) ---
[2026-07-24 20:51:09] [MotusApiImporter] parseVehicle() OK — make=HYUNDAI, model=GRAND CRETA, source_url=https://www.motusvw.co.za/midrand/showroom/625-vwmvusc853094/1/, image_urls count=1
[2026-07-24 20:51:09] [MotusApiImporter] Stock #1448032 already enriched from a previous run — skipping detail-page fetch to save budget for un-enriched vehicles.
[2026-07-24 20:51:09] [MotusApiImporter] findExistingCar() -> EXISTING car id=1664
[2026-07-24 20:51:09] [MotusApiImporter] updateCar() completed for existing id=1664 (enrichment columns left untouched).
[2026-07-24 20:51:09] [MotusApiImporter] --- Processing row 73 (stock/sku: 1446809) ---
[2026-07-24 20:51:09] [MotusApiImporter] parseVehicle() OK — make=KIA, model=PICANTO, source_url=https://www.motusvw.co.za/midrand/showroom/625-vwmdf894445/1/, image_urls count=1
[2026-07-24 20:51:09] [MotusApiImporter] Stock #1446809 already enriched from a previous run — skipping detail-page fetch to save budget for un-enriched vehicles.
[2026-07-24 20:51:09] [MotusApiImporter] findExistingCar() -> EXISTING car id=1665
[2026-07-24 20:51:09] [MotusApiImporter] updateCar() completed for existing id=1665 (enrichment columns left untouched).
[2026-07-24 20:51:09] [MotusApiImporter] --- Processing row 74 (stock/sku: 1446810) ---
[2026-07-24 20:51:09] [MotusApiImporter] parseVehicle() OK — make=NISSAN, model=MAGNITE, source_url=https://www.motusvw.co.za/midrand/showroom/625-vwmdf894838/1/, image_urls count=1
[2026-07-24 20:51:09] [MotusApiImporter] Stock #1446810 already enriched from a previous run — skipping detail-page fetch to save budget for un-enriched vehicles.
[2026-07-24 20:51:09] [MotusApiImporter] findExistingCar() -> EXISTING car id=1666
[2026-07-24 20:51:09] [MotusApiImporter] updateCar() completed for existing id=1666 (enrichment columns left untouched).
[2026-07-24 20:51:09] [MotusApiImporter] --- Processing row 75 (stock/sku: 1446523) ---
[2026-07-24 20:51:09] [MotusApiImporter] parseVehicle() OK — make=TOYOTA, model=COROLLA CROSS, source_url=https://www.motusvw.co.za/midrand/showroom/625-bm037used896315/1/, image_urls count=1
[2026-07-24 20:51:09] [MotusApiImporter] Stock #1446523 already enriched from a previous run — skipping detail-page fetch to save budget for un-enriched vehicles.
[2026-07-24 20:51:09] [MotusApiImporter] findExistingCar() -> EXISTING car id=1667
[2026-07-24 20:51:09] [MotusApiImporter] updateCar() completed for existing id=1667 (enrichment columns left untouched).
[2026-07-24 20:51:09] [MotusApiImporter] --- Processing row 76 (stock/sku: 1445994) ---
[2026-07-24 20:51:09] [MotusApiImporter] parseVehicle() OK — make=TOYOTA, model=HILUX, source_url=https://www.motusvw.co.za/midrand/showroom/625-vwmdf892356/1/, image_urls count=1
[2026-07-24 20:51:09] [MotusApiImporter] Stock #1445994 already enriched from a previous run — skipping detail-page fetch to save budget for un-enriched vehicles.
[2026-07-24 20:51:09] [MotusApiImporter] findExistingCar() -> EXISTING car id=1668
[2026-07-24 20:51:09] [MotusApiImporter] updateCar() completed for existing id=1668 (enrichment columns left untouched).
[2026-07-24 20:51:09] [MotusApiImporter] --- Processing row 77 (stock/sku: 1446028) ---
[2026-07-24 20:51:09] [MotusApiImporter] parseVehicle() OK — make=VOLKSWAGEN, model=AMAROK, source_url=https://www.motusvw.co.za/midrand/showroom/625-vwmdf850170/1/, image_urls count=1
[2026-07-24 20:51:09] [MotusApiImporter] Stock #1446028 already enriched from a previous run — skipping detail-page fetch to save budget for un-enriched vehicles.
[2026-07-24 20:51:09] [MotusApiImporter] findExistingCar() -> EXISTING car id=1669
[2026-07-24 20:51:09] [MotusApiImporter] updateCar() completed for existing id=1669 (enrichment columns left untouched).
[2026-07-24 20:51:09] [MotusApiImporter] --- Processing row 78 (stock/sku: 1445881) ---
[2026-07-24 20:51:09] [MotusApiImporter] parseVehicle() OK — make=VOLKSWAGEN, model=POLO, source_url=https://www.motusvw.co.za/midrand/showroom/625-vwmdf894037/1/, image_urls count=1
[2026-07-24 20:51:09] [MotusApiImporter] Stock #1445881 already enriched from a previous run — skipping detail-page fetch to save budget for un-enriched vehicles.
[2026-07-24 20:51:09] [MotusApiImporter] findExistingCar() -> EXISTING car id=1670
[2026-07-24 20:51:09] [MotusApiImporter] updateCar() completed for existing id=1670 (enrichment columns left untouched).
[2026-07-24 20:51:09] [MotusApiImporter] --- Processing row 79 (stock/sku: 1446323) ---
[2026-07-24 20:51:09] [MotusApiImporter] parseVehicle() OK — make=VOLKSWAGEN, model=POLO, source_url=https://www.motusvw.co.za/midrand/showroom/625-vwmdf888345/1/, image_urls count=1
[2026-07-24 20:51:09] [MotusApiImporter] Stock #1446323 already enriched from a previous run — skipping detail-page fetch to save budget for un-enriched vehicles.
[2026-07-24 20:51:09] [MotusApiImporter] findExistingCar() -> EXISTING car id=1671
[2026-07-24 20:51:09] [MotusApiImporter] updateCar() completed for existing id=1671 (enrichment columns left untouched).
[2026-07-24 20:51:09] [MotusApiImporter] --- Processing row 80 (stock/sku: 1446790) ---
[2026-07-24 20:51:09] [MotusApiImporter] parseVehicle() OK — make=VOLKSWAGEN, model=T-CROSS, source_url=https://www.motusvw.co.za/midrand/showroom/625-vwmdf839567/1/, image_urls count=1
[2026-07-24 20:51:09] [MotusApiImporter] Stock #1446790 already enriched from a previous run — skipping detail-page fetch to save budget for un-enriched vehicles.
[2026-07-24 20:51:09] [MotusApiImporter] findExistingCar() -> EXISTING car id=1672
[2026-07-24 20:51:09] [MotusApiImporter] updateCar() completed for existing id=1672 (enrichment columns left untouched).
[2026-07-24 20:51:09] [MotusApiImporter] --- Processing row 81 (stock/sku: 1446786) ---
[2026-07-24 20:51:09] [MotusApiImporter] parseVehicle() OK — make=VOLKSWAGEN, model=T-CROSS, source_url=https://www.motusvw.co.za/midrand/showroom/625-vwmdf843717/8/, image_urls count=1
[2026-07-24 20:51:09] [MotusApiImporter] Stock #1446786 already enriched from a previous run — skipping detail-page fetch to save budget for un-enriched vehicles.
[2026-07-24 20:51:09] [MotusApiImporter] findExistingCar() -> EXISTING car id=1673
[2026-07-24 20:51:09] [MotusApiImporter] updateCar() completed for existing id=1673 (enrichment columns left untouched).
[2026-07-24 20:51:09] [MotusApiImporter] --- Processing row 82 (stock/sku: 1445882) ---
[2026-07-24 20:51:09] [MotusApiImporter] parseVehicle() OK — make=VOLKSWAGEN, model=T-ROC, source_url=https://www.motusvw.co.za/midrand/showroom/625-vwmdf894108/1/, image_urls count=1
[2026-07-24 20:51:09] [MotusApiImporter] Stock #1445882 already enriched from a previous run — skipping detail-page fetch to save budget for un-enriched vehicles.
[2026-07-24 20:51:09] [MotusApiImporter] findExistingCar() -> EXISTING car id=1674
[2026-07-24 20:51:09] [MotusApiImporter] updateCar() completed for existing id=1674 (enrichment columns left untouched).
[2026-07-24 20:51:09] [MotusApiImporter] --- Processing row 83 (stock/sku: 1445751) ---
[2026-07-24 20:51:09] [MotusApiImporter] parseVehicle() OK — make=VOLKSWAGEN, model=TAIGO, source_url=https://www.motusvw.co.za/midrand/showroom/625-vwmdf874038/1/, image_urls count=1
[2026-07-24 20:51:09] [MotusApiImporter] Stock #1445751 already enriched from a previous run — skipping detail-page fetch to save budget for un-enriched vehicles.
[2026-07-24 20:51:09] [MotusApiImporter] findExistingCar() -> EXISTING car id=1675
[2026-07-24 20:51:09] [MotusApiImporter] updateCar() completed for existing id=1675 (enrichment columns left untouched).
[2026-07-24 20:51:09] [MotusApiImporter] --- Processing row 84 (stock/sku: 1446249) ---
[2026-07-24 20:51:09] [MotusApiImporter] parseVehicle() OK — make=SUZUKI, model=SWIFT, source_url=https://www.motusvw.co.za/midrand/showroom/625-vwmdf889410/1/, image_urls count=1
[2026-07-24 20:51:09] [MotusApiImporter] Stock #1446249 already enriched from a previous run — skipping detail-page fetch to save budget for un-enriched vehicles.
[2026-07-24 20:51:09] [MotusApiImporter] findExistingCar() -> EXISTING car id=1676
[2026-07-24 20:51:09] [MotusApiImporter] updateCar() completed for existing id=1676 (enrichment columns left untouched).
[2026-07-24 20:51:09] [MotusApiImporter] --- Processing row 85 (stock/sku: 1445799) ---
[2026-07-24 20:51:09] [MotusApiImporter] parseVehicle() OK — make=SUZUKI, model=SWIFT, source_url=https://www.motusvw.co.za/midrand/showroom/625-vwmdf895482/1/, image_urls count=1
[2026-07-24 20:51:09] [MotusApiImporter] Stock #1445799 already enriched from a previous run — skipping detail-page fetch to save budget for un-enriched vehicles.
[2026-07-24 20:51:09] [MotusApiImporter] findExistingCar() -> EXISTING car id=1677
[2026-07-24 20:51:09] [MotusApiImporter] updateCar() completed for existing id=1677 (enrichment columns left untouched).
[2026-07-24 20:51:09] [MotusApiImporter] --- Processing row 86 (stock/sku: 1445871) ---
[2026-07-24 20:51:09] [MotusApiImporter] parseVehicle() OK — make=SUZUKI, model=SWIFT, source_url=https://www.motusvw.co.za/midrand/showroom/625-vwmdf894155/1/, image_urls count=1
[2026-07-24 20:51:09] [MotusApiImporter] Stock #1445871 already enriched from a previous run — skipping detail-page fetch to save budget for un-enriched vehicles.
[2026-07-24 20:51:09] [MotusApiImporter] findExistingCar() -> EXISTING car id=1678
[2026-07-24 20:51:09] [MotusApiImporter] updateCar() completed for existing id=1678 (enrichment columns left untouched).
[2026-07-24 20:51:09] [MotusApiImporter] --- Processing row 87 (stock/sku: 1445800) ---
[2026-07-24 20:51:09] [MotusApiImporter] parseVehicle() OK — make=SUZUKI, model=SWIFT, source_url=https://www.motusvw.co.za/midrand/showroom/625-vwmdf895483/1/, image_urls count=1
[2026-07-24 20:51:09] [MotusApiImporter] Stock #1445800 already enriched from a previous run — skipping detail-page fetch to save budget for un-enriched vehicles.
[2026-07-24 20:51:09] [MotusApiImporter] findExistingCar() -> EXISTING car id=1679
[2026-07-24 20:51:09] [MotusApiImporter] updateCar() completed for existing id=1679 (enrichment columns left untouched).
[2026-07-24 20:51:09] [MotusApiImporter] --- Processing row 88 (stock/sku: 1446293) ---
[2026-07-24 20:51:09] [MotusApiImporter] parseVehicle() OK — make=TOYOTA, model=STARLET, source_url=https://www.motusvw.co.za/midrand/showroom/625-vwmdf888699/1/, image_urls count=1
[2026-07-24 20:51:09] [MotusApiImporter] Stock #1446293 already enriched from a previous run — skipping detail-page fetch to save budget for un-enriched vehicles.
[2026-07-24 20:51:09] [MotusApiImporter] findExistingCar() -> EXISTING car id=1680
[2026-07-24 20:51:09] [MotusApiImporter] updateCar() completed for existing id=1680 (enrichment columns left untouched).
[2026-07-24 20:51:09] [MotusApiImporter] --- Processing row 89 (stock/sku: 1446743) ---
[2026-07-24 20:51:09] [MotusApiImporter] parseVehicle() OK — make=VOLKSWAGEN, model=AMAROK, source_url=https://www.motusvw.co.za/midrand/showroom/625-vwmdf861452/1/, image_urls count=1
[2026-07-24 20:51:09] [MotusApiImporter] Stock #1446743 already enriched from a previous run — skipping detail-page fetch to save budget for un-enriched vehicles.
[2026-07-24 20:51:09] [MotusApiImporter] findExistingCar() -> EXISTING car id=1681
[2026-07-24 20:51:09] [MotusApiImporter] updateCar() completed for existing id=1681 (enrichment columns left untouched).
[2026-07-24 20:51:09] [MotusApiImporter] --- Processing row 90 (stock/sku: 1446558) ---
[2026-07-24 20:51:09] [MotusApiImporter] parseVehicle() OK — make=VOLKSWAGEN, model=POLO, source_url=https://www.motusvw.co.za/midrand/showroom/625-vwmdf876638/1/, image_urls count=1
[2026-07-24 20:51:09] [MotusApiImporter] Stock #1446558 already enriched from a previous run — skipping detail-page fetch to save budget for un-enriched vehicles.
[2026-07-24 20:51:09] [MotusApiImporter] findExistingCar() -> EXISTING car id=1682
[2026-07-24 20:51:09] [MotusApiImporter] updateCar() completed for existing id=1682 (enrichment columns left untouched).
[2026-07-24 20:51:09] [MotusApiImporter] --- Processing row 91 (stock/sku: 1446729) ---
[2026-07-24 20:51:09] [MotusApiImporter] parseVehicle() OK — make=VOLKSWAGEN, model=POLO, source_url=https://www.motusvw.co.za/midrand/showroom/625-vwmdf864742/3/, image_urls count=1
[2026-07-24 20:51:10] [MotusApiImporter] After enrichFromDetailPage() — engine_capacity_cc=999, image_urls count=17
[2026-07-24 20:51:10] [MotusApiImporter] findExistingCar() -> EXISTING car id=1683
[2026-07-24 20:51:10] [MotusApiImporter] updateCar() completed for existing id=1683.
[2026-07-24 20:51:10] [MotusApiImporter] --- Processing row 92 (stock/sku: 1446763) ---
[2026-07-24 20:51:10] [MotusApiImporter] parseVehicle() OK — make=VOLKSWAGEN, model=POLO VIVO, source_url=https://www.motusvw.co.za/midrand/showroom/625-vwmdf858161/1/, image_urls count=1
[2026-07-24 20:51:11] [MotusApiImporter] After enrichFromDetailPage() — engine_capacity_cc=1398, image_urls count=18
[2026-07-24 20:51:11] [MotusApiImporter] findExistingCar() -> EXISTING car id=1684
[2026-07-24 20:51:11] [MotusApiImporter] updateCar() completed for existing id=1684.
[2026-07-24 20:51:11] [MotusApiImporter] --- Processing row 93 (stock/sku: 1446755) ---
[2026-07-24 20:51:11] [MotusApiImporter] parseVehicle() OK — make=VOLKSWAGEN, model=POLO VIVO, source_url=https://www.motusvw.co.za/midrand/showroom/625-vwmdf859179/4/, image_urls count=1
[2026-07-24 20:51:13] [MotusApiImporter] After enrichFromDetailPage() — engine_capacity_cc=1398, image_urls count=22
[2026-07-24 20:51:13] [MotusApiImporter] findExistingCar() -> EXISTING car id=1685
[2026-07-24 20:51:13] [MotusApiImporter] updateCar() completed for existing id=1685.
[2026-07-24 20:51:13] [MotusApiImporter] --- Processing row 94 (stock/sku: 1446746) ---
[2026-07-24 20:51:13] [MotusApiImporter] parseVehicle() OK — make=VOLKSWAGEN, model=POLO VIVO, source_url=https://www.motusvw.co.za/midrand/showroom/625-vwmdf860907/1/, image_urls count=1
[2026-07-24 20:51:14] [MotusApiImporter] After enrichFromDetailPage() — engine_capacity_cc=1398, image_urls count=15
[2026-07-24 20:51:14] [MotusApiImporter] findExistingCar() -> EXISTING car id=1686
[2026-07-24 20:51:14] [MotusApiImporter] updateCar() completed for existing id=1686.
[2026-07-24 20:51:14] [MotusApiImporter] --- Processing row 95 (stock/sku: 1446711) ---
[2026-07-24 20:51:14] [MotusApiImporter] parseVehicle() OK — make=VOLKSWAGEN, model=POLO VIVO, source_url=https://www.motusvw.co.za/midrand/showroom/625-vwmdf868173/2/, image_urls count=1
[2026-07-24 20:51:16] [MotusApiImporter] After enrichFromDetailPage() — engine_capacity_cc=1398, image_urls count=17
[2026-07-24 20:51:16] [MotusApiImporter] findExistingCar() -> EXISTING car id=1687
[2026-07-24 20:51:16] [MotusApiImporter] updateCar() completed for existing id=1687.
[2026-07-24 20:51:16] [MotusApiImporter] --- Processing row 96 (stock/sku: 1446694) ---
[2026-07-24 20:51:16] [MotusApiImporter] parseVehicle() OK — make=VOLKSWAGEN, model=POLO VIVO, source_url=https://www.motusvw.co.za/midrand/showroom/625-vwmdf869665/2/, image_urls count=1
[2026-07-24 20:51:17] [MotusApiImporter] After enrichFromDetailPage() — engine_capacity_cc=1398, image_urls count=12
[2026-07-24 20:51:17] [MotusApiImporter] findExistingCar() -> EXISTING car id=1688
[2026-07-24 20:51:17] [MotusApiImporter] updateCar() completed for existing id=1688.
[2026-07-24 20:51:17] [MotusApiImporter] --- Processing row 97 (stock/sku: 1446751) ---
[2026-07-24 20:51:17] [MotusApiImporter] parseVehicle() OK — make=VOLKSWAGEN, model=T-CROSS, source_url=https://www.motusvw.co.za/midrand/showroom/625-vwmdf860129/3/, image_urls count=1
[2026-07-24 20:51:19] [MotusApiImporter] After enrichFromDetailPage() — engine_capacity_cc=999, image_urls count=18
[2026-07-24 20:51:19] [MotusApiImporter] findExistingCar() -> EXISTING car id=1689
[2026-07-24 20:51:19] [MotusApiImporter] updateCar() completed for existing id=1689.
[2026-07-24 20:51:19] [MotusApiImporter] --- Processing row 98 (stock/sku: 1446720) ---
[2026-07-24 20:51:19] [MotusApiImporter] parseVehicle() OK — make=VOLKSWAGEN, model=TAIGO, source_url=https://www.motusvw.co.za/midrand/showroom/625-vwmdf859177/2/, image_urls count=1
[2026-07-24 20:51:20] [MotusApiImporter] After enrichFromDetailPage() — engine_capacity_cc=999, image_urls count=11
[2026-07-24 20:51:20] [MotusApiImporter] findExistingCar() -> EXISTING car id=1690
[2026-07-24 20:51:20] [MotusApiImporter] updateCar() completed for existing id=1690.
[2026-07-24 20:51:20] [MotusApiImporter] --- Processing row 99 (stock/sku: 1446118) ---
[2026-07-24 20:51:20] [MotusApiImporter] parseVehicle() OK — make=MG, model=HS, source_url=https://www.motusvw.co.za/midrand/showroom/625-vwmdf890989/1/, image_urls count=1
[2026-07-24 20:51:21] [MotusApiImporter] After enrichFromDetailPage() — engine_capacity_cc=1496, image_urls count=19
[2026-07-24 20:51:21] [MotusApiImporter] findExistingCar() -> EXISTING car id=1691
[2026-07-24 20:51:21] [MotusApiImporter] updateCar() completed for existing id=1691.
[2026-07-24 20:51:21] [MotusApiImporter] --- Processing row 100 (stock/sku: 1446119) ---
[2026-07-24 20:51:21] [MotusApiImporter] parseVehicle() OK — make=MG, model=MG3, source_url=https://www.motusvw.co.za/midrand/showroom/625-vwmdf890997/1/, image_urls count=1
[2026-07-24 20:51:22] [MotusApiImporter] After enrichFromDetailPage() — engine_capacity_cc=1495, image_urls count=20
[2026-07-24 20:51:22] [MotusApiImporter] findExistingCar() -> EXISTING car id=1692
[2026-07-24 20:51:22] [MotusApiImporter] updateCar() completed for existing id=1692.
[2026-07-24 20:51:22] [MotusApiImporter] --- Processing row 101 (stock/sku: 1446188) ---
[2026-07-24 20:51:22] [MotusApiImporter] parseVehicle() OK — make=TATA, model=TIAGO, source_url=https://www.motusvw.co.za/midrand/showroom/625-vwmdf891531/1/, image_urls count=1
[2026-07-24 20:51:24] [MotusApiImporter] After enrichFromDetailPage() — engine_capacity_cc=1199, image_urls count=19
[2026-07-24 20:51:24] [MotusApiImporter] findExistingCar() -> EXISTING car id=1693
[2026-07-24 20:51:24] [MotusApiImporter] updateCar() completed for existing id=1693.
[2026-07-24 20:51:24] [MotusApiImporter] --- Processing row 102 (stock/sku: 1446482) ---
[2026-07-24 20:51:24] [MotusApiImporter] parseVehicle() OK — make=VOLKSWAGEN, model=AMAROK, source_url=https://www.motusvw.co.za/midrand/showroom/625-vwmdf885078/1/, image_urls count=1
[2026-07-24 20:51:26] [MotusApiImporter] After enrichFromDetailPage() — engine_capacity_cc=2993, image_urls count=16
[2026-07-24 20:51:26] [MotusApiImporter] findExistingCar() -> EXISTING car id=1694
[2026-07-24 20:51:26] [MotusApiImporter] updateCar() completed for existing id=1694.
[2026-07-24 20:51:26] [MotusApiImporter] --- Processing row 103 (stock/sku: 1446648) ---
[2026-07-24 20:51:26] [MotusApiImporter] parseVehicle() OK — make=VOLKSWAGEN, model=CADDY, source_url=https://www.motusvw.co.za/midrand/showroom/625-vwmdf872377/1/, image_urls count=1
[2026-07-24 20:51:28] [MotusApiImporter] After enrichFromDetailPage() — engine_capacity_cc=1968, image_urls count=17
[2026-07-24 20:51:28] [MotusApiImporter] findExistingCar() -> EXISTING car id=1695
[2026-07-24 20:51:28] [MotusApiImporter] updateCar() completed for existing id=1695.
[2026-07-24 20:51:28] [MotusApiImporter] --- Processing row 104 (stock/sku: 1445922) ---
[2026-07-24 20:51:28] [MotusApiImporter] parseVehicle() OK — make=VOLKSWAGEN, model=POLO VIVO, source_url=https://www.motusvw.co.za/midrand/showroom/625-vwmdf893350/1/, image_urls count=1
[2026-07-24 20:51:29] [MotusApiImporter] After enrichFromDetailPage() — engine_capacity_cc=1398, image_urls count=20
[2026-07-24 20:51:29] [MotusApiImporter] findExistingCar() -> EXISTING car id=1696
[2026-07-24 20:51:29] [MotusApiImporter] updateCar() completed for existing id=1696.
[2026-07-24 20:51:29] [MotusApiImporter] --- Processing row 105 (stock/sku: 1446628) ---
[2026-07-24 20:51:29] [MotusApiImporter] parseVehicle() OK — make=VOLKSWAGEN, model=POLO VIVO, source_url=https://www.motusvw.co.za/midrand/showroom/625-vwmdf873548/2/, image_urls count=1
[2026-07-24 20:51:32] [MotusApiImporter] After enrichFromDetailPage() — engine_capacity_cc=1398, image_urls count=16
[2026-07-24 20:51:32] [MotusApiImporter] findExistingCar() -> EXISTING car id=1697
[2026-07-24 20:51:32] [MotusApiImporter] updateCar() completed for existing id=1697.
[2026-07-24 20:51:32] [MotusApiImporter] --- Processing row 106 (stock/sku: 1446506) ---
[2026-07-24 20:51:32] [MotusApiImporter] parseVehicle() OK — make=VOLKSWAGEN, model=POLO VIVO, source_url=https://www.motusvw.co.za/midrand/showroom/625-vwmdf884657/2/, image_urls count=1
[2026-07-24 20:51:33] [MotusApiImporter] After enrichFromDetailPage() — engine_capacity_cc=1398, image_urls count=18
[2026-07-24 20:51:33] [MotusApiImporter] findExistingCar() -> EXISTING car id=1698
[2026-07-24 20:51:33] [MotusApiImporter] updateCar() completed for existing id=1698.
[2026-07-24 20:51:33] [MotusApiImporter] --- Processing row 107 (stock/sku: 1446432) ---
[2026-07-24 20:51:33] [MotusApiImporter] parseVehicle() OK — make=VOLKSWAGEN, model=POLO VIVO, source_url=https://www.motusvw.co.za/midrand/showroom/625-vwmdf886086/1/, image_urls count=1
[2026-07-24 20:51:35] [MotusApiImporter] After enrichFromDetailPage() — engine_capacity_cc=1398, image_urls count=16
[2026-07-24 20:51:35] [MotusApiImporter] findExistingCar() -> EXISTING car id=1699
[2026-07-24 20:51:35] [MotusApiImporter] updateCar() completed for existing id=1699.
[2026-07-24 20:51:35] [MotusApiImporter] --- Processing row 108 (stock/sku: 1446409) ---
[2026-07-24 20:51:35] [MotusApiImporter] parseVehicle() OK — make=VOLKSWAGEN, model=POLO VIVO, source_url=https://www.motusvw.co.za/midrand/showroom/625-vwmdf886385/1/, image_urls count=1
[2026-07-24 20:51:36] [MotusApiImporter] After enrichFromDetailPage() — engine_capacity_cc=1398, image_urls count=17
[2026-07-24 20:51:36] [MotusApiImporter] findExistingCar() -> EXISTING car id=1700
[2026-07-24 20:51:36] [MotusApiImporter] updateCar() completed for existing id=1700.
[2026-07-24 20:51:36] [MotusApiImporter] --- Processing row 109 (stock/sku: 1446322) ---
[2026-07-24 20:51:36] [MotusApiImporter] parseVehicle() OK — make=VOLKSWAGEN, model=POLO VIVO, source_url=https://www.motusvw.co.za/midrand/showroom/625-vwmdf888339/1/, image_urls count=1
[2026-07-24 20:51:38] [MotusApiImporter] After enrichFromDetailPage() — engine_capacity_cc=1398, image_urls count=17
[2026-07-24 20:51:38] [MotusApiImporter] findExistingCar() -> EXISTING car id=1701
[2026-07-24 20:51:38] [MotusApiImporter] updateCar() completed for existing id=1701.
[2026-07-24 20:51:38] [MotusApiImporter] --- Processing row 110 (stock/sku: 1446321) ---
[2026-07-24 20:51:38] [MotusApiImporter] parseVehicle() OK — make=VOLKSWAGEN, model=POLO VIVO, source_url=https://www.motusvw.co.za/midrand/showroom/625-vwmdf888337/1/, image_urls count=1
[2026-07-24 20:51:39] [MotusApiImporter] After enrichFromDetailPage() — engine_capacity_cc=1598, image_urls count=17
[2026-07-24 20:51:39] [MotusApiImporter] findExistingCar() -> EXISTING car id=1702
[2026-07-24 20:51:39] [MotusApiImporter] updateCar() completed for existing id=1702.
[2026-07-24 20:51:39] [MotusApiImporter] --- Processing row 111 (stock/sku: 1446314) ---
[2026-07-24 20:51:39] [MotusApiImporter] parseVehicle() OK — make=VOLKSWAGEN, model=POLO VIVO, source_url=https://www.motusvw.co.za/midrand/showroom/625-vwmdf888462/1/, image_urls count=1
[2026-07-24 20:51:41] [MotusApiImporter] After enrichFromDetailPage() — engine_capacity_cc=1598, image_urls count=16
[2026-07-24 20:51:41] [MotusApiImporter] findExistingCar() -> EXISTING car id=1703
[2026-07-24 20:51:41] [MotusApiImporter] updateCar() completed for existing id=1703.
[2026-07-24 20:51:41] [MotusApiImporter] --- Processing row 112 (stock/sku: 1446181) ---
[2026-07-24 20:51:41] [MotusApiImporter] parseVehicle() OK — make=VOLKSWAGEN, model=POLO VIVO, source_url=https://www.motusvw.co.za/midrand/showroom/625-vwmdf890179/3/, image_urls count=1
[2026-07-24 20:51:48] [MotusApiImporter] After enrichFromDetailPage() — engine_capacity_cc=1598, image_urls count=18
[2026-07-24 20:51:48] [MotusApiImporter] findExistingCar() -> EXISTING car id=1704
[2026-07-24 20:51:48] [MotusApiImporter] updateCar() completed for existing id=1704.
[2026-07-24 20:51:48] [MotusApiImporter] --- Processing row 113 (stock/sku: 1449179) ---
[2026-07-24 20:51:48] [MotusApiImporter] parseVehicle() OK — make=VOLKSWAGEN, model=POLO VIVO, source_url=https://www.motusvw.co.za/midrand/showroom/625-vwmdf875858/2/, image_urls count=1
[2026-07-24 20:51:48] [MotusApiImporter] Skipped detail-page fetch for stock #1449179 — time budget already exhausted.
[2026-07-24 20:51:48] [MotusApiImporter] After enrichFromDetailPage() — engine_capacity_cc=NULL, image_urls count=1
[2026-07-24 20:51:48] [MotusApiImporter] findExistingCar() -> EXISTING car id=1705
[2026-07-24 20:51:48] [MotusApiImporter] updateCar() completed for existing id=1705.
[2026-07-24 20:51:48] [MotusApiImporter] --- Processing row 114 (stock/sku: 1446179) ---
[2026-07-24 20:51:48] [MotusApiImporter] parseVehicle() OK — make=VOLKSWAGEN, model=POLO VIVO, source_url=https://www.motusvw.co.za/midrand/showroom/625-vwmdf890169/1/, image_urls count=1
[2026-07-24 20:51:48] [MotusApiImporter] Skipped detail-page fetch for stock #1446179 — time budget already exhausted.
[2026-07-24 20:51:48] [MotusApiImporter] After enrichFromDetailPage() — engine_capacity_cc=NULL, image_urls count=1
[2026-07-24 20:51:48] [MotusApiImporter] findExistingCar() -> EXISTING car id=1706
[2026-07-24 20:51:48] [MotusApiImporter] updateCar() completed for existing id=1706.
[2026-07-24 20:51:48] [MotusApiImporter] --- Processing row 115 (stock/sku: 1446333) ---
[2026-07-24 20:51:48] [MotusApiImporter] parseVehicle() OK — make=VOLKSWAGEN, model=POLO VIVO, source_url=https://www.motusvw.co.za/midrand/showroom/625-vwmdf888093/1/, image_urls count=1
[2026-07-24 20:51:48] [MotusApiImporter] Skipped detail-page fetch for stock #1446333 — time budget already exhausted.
[2026-07-24 20:51:48] [MotusApiImporter] After enrichFromDetailPage() — engine_capacity_cc=NULL, image_urls count=1
[2026-07-24 20:51:48] [MotusApiImporter] findExistingCar() -> EXISTING car id=1707
[2026-07-24 20:51:48] [MotusApiImporter] updateCar() completed for existing id=1707.
[2026-07-24 20:51:48] [MotusApiImporter] --- Processing row 116 (stock/sku: 1446180) ---
[2026-07-24 20:51:48] [MotusApiImporter] parseVehicle() OK — make=VOLKSWAGEN, model=POLO VIVO, source_url=https://www.motusvw.co.za/midrand/showroom/625-vwmdf890170/1/, image_urls count=1
[2026-07-24 20:51:48] [MotusApiImporter] Skipped detail-page fetch for stock #1446180 — time budget already exhausted.
[2026-07-24 20:51:48] [MotusApiImporter] After enrichFromDetailPage() — engine_capacity_cc=NULL, image_urls count=1
[2026-07-24 20:51:48] [MotusApiImporter] findExistingCar() -> EXISTING car id=1708
[2026-07-24 20:51:48] [MotusApiImporter] updateCar() completed for existing id=1708.
[2026-07-24 20:51:48] [MotusApiImporter] --- Processing row 117 (stock/sku: 1446261) ---
[2026-07-24 20:51:48] [MotusApiImporter] parseVehicle() OK — make=VOLKSWAGEN, model=POLO VIVO, source_url=https://www.motusvw.co.za/midrand/showroom/625-vwmdf889143/1/, image_urls count=1
[2026-07-24 20:51:48] [MotusApiImporter] Skipped detail-page fetch for stock #1446261 — time budget already exhausted.
[2026-07-24 20:51:48] [MotusApiImporter] After enrichFromDetailPage() — engine_capacity_cc=NULL, image_urls count=1
[2026-07-24 20:51:48] [MotusApiImporter] findExistingCar() -> EXISTING car id=1709
[2026-07-24 20:51:48] [MotusApiImporter] updateCar() completed for existing id=1709.
[2026-07-24 20:51:48] [MotusApiImporter] --- Processing row 118 (stock/sku: 1446533) ---
[2026-07-24 20:51:48] [MotusApiImporter] parseVehicle() OK — make=VOLKSWAGEN, model=T-CROSS, source_url=https://www.motusvw.co.za/midrand/showroom/625-vwmdf883411/2/, image_urls count=1
[2026-07-24 20:51:48] [MotusApiImporter] Skipped detail-page fetch for stock #1446533 — time budget already exhausted.
[2026-07-24 20:51:48] [MotusApiImporter] After enrichFromDetailPage() — engine_capacity_cc=NULL, image_urls count=1
[2026-07-24 20:51:48] [MotusApiImporter] findExistingCar() -> EXISTING car id=1710
[2026-07-24 20:51:48] [MotusApiImporter] updateCar() completed for existing id=1710.
[2026-07-24 20:51:48] [MotusApiImporter] --- Processing row 119 (stock/sku: 1446610) ---
[2026-07-24 20:51:48] [MotusApiImporter] parseVehicle() OK — make=VOLKSWAGEN, model=TRANSPORTER, source_url=https://www.motusvw.co.za/midrand/showroom/625-vwmdf875570/1/, image_urls count=1
[2026-07-24 20:51:48] [MotusApiImporter] Skipped detail-page fetch for stock #1446610 — time budget already exhausted.
[2026-07-24 20:51:48] [MotusApiImporter] After enrichFromDetailPage() — engine_capacity_cc=NULL, image_urls count=1
[2026-07-24 20:51:48] [MotusApiImporter] findExistingCar() -> EXISTING car id=1711
[2026-07-24 20:51:48] [MotusApiImporter] updateCar() completed for existing id=1711.
[2026-07-24 20:51:48] [MotusApiImporter] sync() FINISHED — {"imported":0,"updated":120,"skipped":0,"failed":0}
[2026-07-24 21:01:22] [MotusApiImporter] sync() STARTED — dealerId=14, sourceRef=https://www.motusvw.co.za/midrand/showroom/625-vwmdf875570/1/
[2026-07-24 21:01:22] [MotusApiImporter] Time budget: 35s, dealerNameFilter="Motus VW Midrand"
[2026-07-24 21:01:23] [MotusApiImporter] crawlDealership() returned 1 row(s) before dealer-name filtering.
[2026-07-24 21:01:23] [MotusApiImporter] Single-detail-node mode — skipping dealer-name filter.
[2026-07-24 21:01:23] [MotusApiImporter] 0 vehicle(s) already enriched for this dealer — their detail-page fetch will be skipped this run.
[2026-07-24 21:01:23] [MotusApiImporter] --- Processing row 0 (stock/sku: VWM|DF|875570/1) ---
[2026-07-24 21:01:23] [MotusApiImporter] findExistingCar() -> no match, will INSERT
[2026-07-24 21:01:23] [MotusApiImporter] insertCar() completed.
[2026-07-24 21:01:23] [MotusApiImporter] sync() FINISHED — {"imported":1,"updated":0,"skipped":0,"failed":0}
[2026-07-24 21:08:12] [MotusApiImporter] sync() STARTED — dealerId=14, sourceRef=https://www.motusvw.co.za/midrand/showroom/625-vwmdf425954/1/
[2026-07-24 21:08:12] [MotusApiImporter] Time budget: 35s, dealerNameFilter="Motus VW Midrand"
[2026-07-24 21:08:14] [MotusApiImporter] crawlDealership() returned 1 row(s) before dealer-name filtering.
[2026-07-24 21:08:14] [MotusApiImporter] Single-detail-node mode — skipping dealer-name filter.
[2026-07-24 21:08:14] [MotusApiImporter] 1 vehicle(s) already enriched for this dealer — their detail-page fetch will be skipped this run.
[2026-07-24 21:08:14] [MotusApiImporter] --- Processing row 0 (stock/sku: VWM|DF|425954/1) ---
[2026-07-24 21:08:14] [MotusApiImporter] findExistingCar() -> no match, will INSERT
[2026-07-24 21:08:14] [MotusApiImporter] insertCar() completed.
[2026-07-24 21:08:14] [MotusApiImporter] sync() FINISHED — {"imported":1,"updated":0,"skipped":0,"failed":0}
[2026-07-25 12:15:21] [import-motus.php] UNCAUGHT Error: Call to undefined method MotusApiImporter::discover() in /home/u637509541/domains/salesdesk.co.za/public_html/app/dealer/import-motus.php:157
#0 {main}
